cell	genome	accession	phylum	refseq_annotation_release	query_gff3	query_gene_count	busco_complete_pct	busco_single_pct	busco_duplicated_pct	busco_fragmented_pct	busco_missing_pct	busco_n	ref_gff3	ref_gene_count	gffcompare_base_level_sensitivity	gffcompare_base_level_precision	gffcompare_exon_level_sensitivity	gffcompare_exon_level_precision	gffcompare_intron_level_sensitivity	gffcompare_intron_level_precision	gffcompare_intron_chain_level_sensitivity	gffcompare_intron_chain_level_precision	gffcompare_transcript_level_sensitivity	gffcompare_transcript_level_precision	gffcompare_locus_level_sensitivity	gffcompare_locus_level_precision	gffcompare_missed_exons_pct	gffcompare_novel_exons_pct	gffcompare_missed_introns_pct	gffcompare_novel_introns_pct	gffcompare_missed_loci_pct	gffcompare_novel_loci_pct	overlap_query_genes	overlap_ref_genes	overlap_query_genes_overlapping_ref	overlap_query_genes_overlap_same_strand	overlap_query_genes_overlap_opposite_strand	overlap_query_genes_no_overlap	overlap_ref_genes_not_recovered	compare_status
v1.8.17_conda	Allomyces_macrogynus_ATCC_38327	GCA_000151295.1	Blastocladiomycota	legacy	runs/v1.8.17_conda/genome_annotation/Allomyces_macrogynus_ATCC_38327/predict_results/Allomyces_macrogynus_ATCC_38327.gff3	17906	85.4	27.3	58.0	2.6	12.0	758	results/reference_annotations/.cache/GCA_000151295.1_A_macrogynus_V3_genomic.gff	19266	76.4	96.2	55.0	57.4	78.1	79.6	53.0	54.1	48.6	54.1	50.3	54.1	12.4	6.6	13.1	11.8	9.3	3.7	17906	19266	17332	17248	745	574	1681	compared
v1.8.17_conda	Aspergillus_clavatus_NRRL_1	GCF_000002715.2	Ascomycota	legacy	runs/v1.8.17_conda/genome_annotation/Aspergillus_clavatus_NRRL_1/predict_results/Aspergillus_clavatus_NRRL_1.gff3	8982	97.0	96.9	0.1	1.4	1.6	3546	results/reference_annotations/.cache/GCF_000002715.2_ASM271v1_genomic.gff	9352	96.0	98.3	81.0	82.5	83.8	84.5	65.9	66.4	67.7	70.5	67.7	70.5	7.1	4.3	8.0	6.7	5.6	1.4	8982	9352	8879	8855	30	103	502	compared
v1.8.17_conda	Aspergillus_fumigatus_Af293	GCF_000002655.1	Ascomycota	legacy	runs/v1.8.17_conda/genome_annotation/Aspergillus_fumigatus_Af293/predict_results/Aspergillus_fumigatus_Af293.gff3	10118	95.9	95.6	0.2	2.2	1.9	3546	results/reference_annotations/.cache/GCF_000002655.1_ASM265v1_genomic.gff	10085	73.5	96.9	51.9	54.8	76.3	83.0	53.7	55.6	52.4	52.2	52.5	52.2	13.6	6.7	18.6	10.6	7.0	5.3	10118	10085	9733	9579	249	385	613	compared
v1.8.17_conda	Batrachochytrium_dendrobatidis_JAM81	GCF_000203795.2	Chytridiomycota	legacy	runs/v1.8.17_conda/genome_annotation/Batrachochytrium_dendrobatidis_JAM81/predict_results/Batrachochytrium_dendrobatidis_JAM81.gff3	8424	88.4	86.8	1.6	3.2	8.4	758	results/reference_annotations/.cache/GCF_000203795.2_v1.1_genomic.gff	8386	90.5	83.8	72.0	67.7	82.5	76.3	43.3	41.6	44.0	43.8	44.1	43.8	7.5	13.6	9.5	15.1	6.1	6.6	8424	8386	8001	7884	230	423	442	compared
v1.8.17_conda	Blastomyces_dermatitidis_ER-3	GCF_000003525.1	Ascomycota	legacy	runs/v1.8.17_conda/genome_annotation/Blastomyces_dermatitidis_ER-3/predict_results/Blastomyces_dermatitidis_ER-3.gff3	8440	97.2	97.1	0.1	1.3	1.6	3546	results/reference_annotations/.cache/GCF_000003525.1_BD_ER3_V1_genomic.gff	9886	53.1	97.7	36.0	49.1	65.1	86.0	39.6	54.8	35.5	50.0	41.9	50.0	23.6	3.8	26.3	5.3	20.2	3.4	8440	9886	8237	8137	1798	203	1733	compared
v1.8.17_conda	Botrytis_cinerea_B05.10	GCF_000143535.2	Ascomycota	legacy	runs/v1.8.17_conda/genome_annotation/Botrytis_cinerea_B05.10/predict_results/Botrytis_cinerea_B05.10.gff3	12424	98.7	98.7	0.0	0.8	0.5	3234	results/reference_annotations/.cache/GCF_000143535.2_ASM14353v4_genomic.gff	11698	69.7	97.7	40.5	44.2	83.5	93.2	65.0	76.5	57.5	63.4	67.3	63.4	8.8	3.8	13.2	4.8	3.2	6.8	12424	11698	11660	11580	140	764	341	compared
v1.8.17_conda	Chaetomium_globosum_CBS_148.51	GCF_000143365.1	Ascomycota	legacy	runs/v1.8.17_conda/genome_annotation/Chaetomium_globosum_CBS_148.51/predict_results/Chaetomium_globosum_CBS_148.51.gff3	11567	83.0	82.8	0.1	9.8	7.2	3817	results/reference_annotations/.cache/GCF_000143365.1_ASM14336v1_genomic.gff	11222	82.8	91.3	48.9	54.4	50.7	60.6	30.9	33.4	35.8	34.7	35.8	34.7	23.1	13.3	32.1	15.2	13.2	8.3	11567	11222	10847	10615	281	720	1328	compared
v1.8.17_conda	Cokeromyces_recurvatus_NRRL_2243	GCF_025118155.1	Mucoromycota	legacy	runs/v1.8.17_conda/genome_annotation/Cokeromyces_recurvatus_NRRL_2243/predict_results/Cokeromyces_recurvatus_NRRL_2243.gff3	10658	95.1	93.9	1.2	1.0	4.0	2449	results/reference_annotations/.cache/GCF_025118155.1_Cokrec1_genomic.gff	11064	85.5	91.9	67.8	66.8	84.7	81.9	50.8	50.2	47.1	48.9	48.6	48.9	8.2	8.9	10.2	12.5	8.1	6.0	10658	11064	10091	10027	556	567	826	compared
v1.8.17_conda	Colletotrichum_graminicola_M1.001	GCF_000149035.1	Ascomycota	legacy	runs/v1.8.17_conda/genome_annotation/Colletotrichum_graminicola_M1.001/predict_results/Colletotrichum_graminicola_M1.001.gff3	12000	97.9	97.8	0.1	1.1	0.9	3817	results/reference_annotations/.cache/GCF_000149035.1_C_graminicola_M1_001_V1_genomic.gff	12398	93.9	95.9	78.4	80.0	83.9	85.0	70.3	69.6	67.7	70.0	67.7	70.0	9.2	6.3	10.8	9.3	8.3	5.2	12000	12398	11411	11373	56	589	983	compared
v1.8.17_conda	Cryptococcus_deneoformans_JEC21	GCF_000091045.1	Basidiomycota	legacy	runs/v1.8.17_conda/genome_annotation/Cryptococcus_deneoformans_JEC21/predict_results/Cryptococcus_deneoformans_JEC21.gff3	7064	97.1	96.7	0.3	1.4	1.6	4284	results/reference_annotations/.cache/GCF_000091045.1_ASM9104v1_genomic.gff	6766	78.7	97.9	74.3	78.4	90.6	96.9	66.4	68.3	66.5	65.9	68.8	65.9	7.0	2.2	8.2	2.1	2.7	5.0	7064	6766	6745	6705	653	319	138	compared
v1.8.17_conda	Cryptococcus_neoformans_H99	GCF_000149245.1	Basidiomycota	legacy	runs/v1.8.17_conda/genome_annotation/Cryptococcus_neoformans_H99/predict_results/Cryptococcus_neoformans_H99.gff3	7118	96.8	96.8	0.1	1.8	1.4	4284	results/reference_annotations/.cache/GCF_000149245.1_CNA3_genomic.gff	8334	67.9	99.1	64.1	75.1	84.4	97.7	53.2	68.3	51.1	65.9	56.3	65.9	13.7	0.7	13.8	0.9	17.1	0.9	7118	8334	7075	7054	1799	43	833	compared
v1.8.17_conda	Cystobasidium_minutum_MCA_4210	GCF_039999085.1	Basidiomycota	legacy	runs/v1.8.17_conda/genome_annotation/Cystobasidium_minutum_MCA_4210/predict_results/Cystobasidium_minutum_MCA_4210.gff3	7184	90.8	90.6	0.2	2.2	7.0	1764	results/reference_annotations/.cache/GCF_039999085.1_Rhomi1_genomic.gff	7855	81.2	91.7	66.9	70.4	82.6	86.2	46.9	50.0	45.5	49.8	46.2	49.8	10.1	5.5	9.1	7.1	7.7	2.8	7184	7855	6998	6977	381	186	570	compared
v1.8.17_conda	Dactylellina_haptotyla_CBS_200.50	GCF_000441935.1	Ascomycota	legacy	runs/v1.8.17_conda/genome_annotation/Dactylellina_haptotyla_CBS_200.50/predict_results/Dactylellina_haptotyla_CBS_200.50.gff3	10841	93.1	93.1	0.0	2.8	4.2	1706	results/reference_annotations/.cache/GCF_000441935.1_MHA_v2_genomic.gff	10959	93.0	98.8	81.4	83.3	84.5	86.9	67.1	65.6	67.8	68.6	67.8	68.6	7.5	3.7	7.4	5.4	6.0	2.3	10841	10959	10631	10593	58	210	623	compared
v1.8.17_conda	Drepanopeziza_brunnea_MB_m1	GCF_000298775.1	Ascomycota	legacy	runs/v1.8.17_conda/genome_annotation/Drepanopeziza_brunnea_MB_m1/predict_results/Drepanopeziza_brunnea_MB_m1.gff3	5437	38.0	38.0	0.1	9.9	52.1	3234	results/reference_annotations/.cache/GCF_000298775.1_ASM29877v1_genomic.gff	10025	41.9	98.3	21.9	56.3	24.1	73.9	14.8	32.7	16.2	29.9	16.2	29.9	64.3	3.8	70.7	10.9	49.8	3.5	5437	10025	5304	5250	56	133	4958	compared
v1.8.17_conda	Eremothecium_gossypii_ATCC_10895	GCF_000091025.4	Ascomycota	legacy	runs/v1.8.17_conda/genome_annotation/Eremothecium_gossypii_ATCC_10895/predict_results/Eremothecium_gossypii_ATCC_10895.gff3	4547	95.0	94.9	0.1	0.8	4.2	2137	results/reference_annotations/.cache/GCF_000091025.4_ASM9102v4_genomic.gff	5314	91.3	99.5	67.8	71.5	50.1	20.8	46.1	20.0	71.0	83.0	71.1	83.0	12.6	2.3	35.0	72.9	11.7	0.8	4547	5314	4525	4510	53	22	582	compared
v1.8.17_conda	Fusarium_oxysporum_4287	GCF_000149955.1	Ascomycota	legacy	runs/v1.8.17_conda/genome_annotation/Fusarium_oxysporum_4287/predict_results/Fusarium_oxysporum_4287.gff3	17398	92.4	91.7	0.8	4.4	3.1	3817	results/reference_annotations/.cache/GCF_000149955.1_ASM14995v2_genomic.gff	21344	59.2	97.2	35.2	49.5	65.3	84.0	39.7	62.0	36.7	58.6	47.8	58.6	24.3	3.8	28.8	9.6	22.3	2.7	17398	21344	17035	16930	2601	363	4440	compared
v1.8.17_conda	Fusarium_verticillioides_7600	GCF_000149555.1	Ascomycota	legacy	runs/v1.8.17_conda/genome_annotation/Fusarium_verticillioides_7600/predict_results/Fusarium_verticillioides_7600.gff3	15276	97.5	97.3	0.2	1.7	0.9	3817	results/reference_annotations/.cache/GCF_000149555.1_ASM14955v1_genomic.gff	16286	70.2	98.3	47.5	59.0	77.7	90.9	51.8	75.7	50.7	69.6	65.4	69.6	14.1	2.8	18.7	5.9	8.9	2.0	15276	16286	15063	14968	1951	213	1287	compared
v1.8.17_conda	Gaeumannomyces_tritici_R3-111a-1	GCF_000145635.1	Ascomycota	legacy	runs/v1.8.17_conda/genome_annotation/Gaeumannomyces_tritici_R3-111a-1/predict_results/Gaeumannomyces_tritici_R3-111a-1.gff3	11661	95.8	95.6	0.2	2.4	1.8	3817	results/reference_annotations/.cache/GCF_000145635.1_Gae_graminis_V2_genomic.gff	14669	64.4	97.7	33.2	43.2	64.5	85.0	50.7	64.4	44.5	57.1	45.3	57.1	27.4	3.8	30.6	8.6	24.3	2.4	11661	14669	11494	11346	1137	167	3340	compared
v1.8.17_conda	Kluyveromyces_lactis_NRRL_Y-1140	GCF_000002515.2	Ascomycota	legacy	runs/v1.8.17_conda/genome_annotation/Kluyveromyces_lactis_NRRL_Y-1140/predict_results/Kluyveromyces_lactis_NRRL_Y-1140.gff3	4998	96.4	96.3	0.1	1.0	2.5	2137	results/reference_annotations/.cache/GCF_000002515.2_ASM251v1_genomic.gff	5335	96.0	98.9	79.6	79.9	46.6	18.9	47.9	18.8	82.4	88.0	82.5	88.0	8.1	2.4	43.9	77.0	7.2	1.6	4998	5335	4926	4920	36	72	362	compared
v1.8.17_conda	Laccaria_bicolor_S238N-H82	GCF_000143565.1	Basidiomycota	legacy	runs/v1.8.17_conda/genome_annotation/Laccaria_bicolor_S238N-H82/predict_results/Laccaria_bicolor_S238N-H82.gff3	15722	89.5	87.8	1.7	2.9	7.6	2898	results/reference_annotations/.cache/GCF_000143565.1_V1.0_genomic.gff	18213	76.8	76.9	47.1	55.2	55.1	64.7	18.1	20.6	18.1	21.1	18.2	21.1	31.3	20.8	33.2	21.9	29.0	18.3	15722	18213	13157	12853	515	2565	5026	compared
v1.8.17_conda	Lachancea_thermotolerans_CBS_6340	GCF_000142805.1	Ascomycota	legacy	runs/v1.8.17_conda/genome_annotation/Lachancea_thermotolerans_CBS_6340/predict_results/Lachancea_thermotolerans_CBS_6340.gff3	5000	93.7	93.6	0.1	2.1	4.3	2137	results/reference_annotations/.cache/GCF_000142805.1_ASM14280v1_genomic.gff	5384	92.6	98.8	71.6	69.9	53.1	21.0	52.4	20.8	76.0	81.9	76.0	81.9	9.1	3.3	37.2	75.2	8.2	1.8	5000	5384	4921	4910	33	79	408	compared
v1.8.17_conda	Leptographium_clavigerum_kw1407	GCF_000143105.1	Ascomycota	legacy	runs/v1.8.17_conda/genome_annotation/Leptographium_clavigerum_kw1407/predict_results/Leptographium_clavigerum_kw1407.gff3	7933	89.4	89.2	0.1	3.1	7.5	3817	results/reference_annotations/.cache/GCF_000143105.1_Sanger-454-IlluminaPA_2.0_genomic.gff	8311	87.4	97.8	64.0	71.6	66.8	77.7	50.0	51.5	52.5	55.0	52.5	55.0	16.1	4.3	21.2	8.6	11.7	3.3	7933	8311	7700	7675	92	233	926	compared
v1.8.17_conda	Letharia_columbiana_WasteWater2	GCF_014066305.1	Ascomycota	legacy	runs/v1.8.17_conda/genome_annotation/Letharia_columbiana_WasteWater2/predict_results/Letharia_columbiana_WasteWater2.gff3	11539	92.6	89.6	3.0	2.7	4.7	1706	results/reference_annotations/.cache/GCF_014066305.1_Lecol_v1.0_genomic.gff	13385	91.6	96.1	64.8	72.1	70.7	76.8	47.0	50.1	47.5	55.1	47.5	55.1	16.0	6.4	18.1	11.9	12.1	3.1	11539	13385	11278	11192	163	261	1485	compared
v1.8.17_conda	Lipomyces_tetrasporus_NRRL_Y-64009	GCF_029532465.1	Ascomycota	legacy	runs/v1.8.17_conda/genome_annotation/Lipomyces_tetrasporus_NRRL_Y-64009/predict_results/Lipomyces_tetrasporus_NRRL_Y-64009.gff3	7979	88.5	87.6	1.0	5.1	6.4	2137	results/reference_annotations/.cache/GCF_029532465.1_Liptet1_genomic.gff	8094	78.9	95.9	49.8	53.4	80.6	88.9	65.2	68.0	58.0	58.8	58.7	58.8	11.3	4.3	16.1	7.4	6.8	4.5	7979	8094	7671	7623	244	308	521	compared
v1.8.17_conda	Malassezia_globosa_CBS_7966	GCF_000181695.2	Basidiomycota	legacy	runs/v1.8.17_conda/genome_annotation/Malassezia_globosa_CBS_7966/predict_results/Malassezia_globosa_CBS_7966.gff3	4410	82.3	82.2	0.1	4.3	13.5	1764	results/reference_annotations/.cache/GCF_000181695.2_ASM18169v2_genomic.gff	4278	94.7	89.4	49.9	36.9	64.2	31.9	37.6	17.4	46.4	45.0	46.4	45.0	9.1	26.9	24.3	60.7	4.8	10.3	4410	4278	3987	3956	97	423	160	compared
v1.8.17_conda	Malassezia_globosa_CBS_7966.stale_shallow_rnaseq_20260919																																							no_samples_row
v1.8.17_conda	Malassezia_sympodialis_ATCC_42132	GCF_000349305.1	Basidiomycota	legacy	runs/v1.8.17_conda/genome_annotation/Malassezia_sympodialis_ATCC_42132/predict_results/Malassezia_sympodialis_ATCC_42132.gff3	3939	75.2	75.2	0.0	5.2	19.7	1764	results/reference_annotations/.cache/GCF_000349305.1_ASM34930v2_genomic.gff	3318	90.1	83.7	36.2	33.1	34.5	32.2	22.0	22.7	36.4	32.5	36.4	32.5	17.1	23.4	47.5	48.9	8.8	16.4	3939	3318	3186	3155	130	753	217	compared
v1.8.17_conda	Mixia_osmundae_IAM_14324	GCF_000708205.1	Basidiomycota	legacy	runs/v1.8.17_conda/genome_annotation/Mixia_osmundae_IAM_14324/predict_results/Mixia_osmundae_IAM_14324.gff3	6341	88.3	87.4	0.9	3.1	8.6	1764	results/reference_annotations/.cache/GCF_000708205.1_Mixia_osmundae_v1.0_genomic.gff	6838	84.2	97.6	56.3	66.6	68.3	82.9	36.1	38.1	35.2	38.0	36.5	38.0	16.9	2.2	21.5	5.9	11.8	1.1	6341	6838	6290	6273	1166	51	747	compared
v1.8.17_conda	Morchella_importuna_M04M26	GCF_003444635.1	Ascomycota	legacy	runs/v1.8.17_conda/genome_annotation/Morchella_importuna_M04M26/predict_results/Morchella_importuna_M04M26.gff3	11907	94.1	93.0	1.1	3.4	2.5	1706	results/reference_annotations/.cache/GCF_003444635.1_ASM344463v2_genomic.gff	11642	91.9	91.0	67.1	76.7	71.5	86.7	53.7	54.9	53.8	52.6	53.9	52.6	18.2	9.2	24.4	8.5	11.8	13.1	11907	11642	10420	10349	121	1487	1277	compared
v1.8.17_conda	Morchella_sextelata_SCLS	GCF_020137385.1	Ascomycota	legacy	runs/v1.8.17_conda/genome_annotation/Morchella_sextelata_SCLS/predict_results/Morchella_sextelata_SCLS.gff3	12722	96.1	93.8	2.2	2.1	1.8	1706	results/reference_annotations/.cache/GCF_020137385.1_ASM2013738v1_genomic.gff	13182	82.7	92.2	67.2	76.7	71.9	85.5	57.3	57.8	53.5	55.4	53.5	55.4	19.4	10.0	23.8	9.4	17.7	13.6	12722	13182	11084	10994	111	1638	2241	compared
v1.8.17_conda	Mucor_mucedo_NRRL_3635	GCF_025094135.1	Mucoromycota	legacy	runs/v1.8.17_conda/genome_annotation/Mucor_mucedo_NRRL_3635/predict_results/Mucor_mucedo_NRRL_3635.gff3	15366	94.7	93.7	1.0	0.7	4.6	2449	results/reference_annotations/.cache/GCF_025094135.1_Mucmuc1_genomic.gff	14225	83.9	83.8	63.5	58.9	80.3	74.5	51.9	46.5	49.3	45.6	50.2	45.6	11.8	17.5	14.4	19.8	10.1	16.3	15366	14225	12993	12865	770	2373	1282	compared
v1.8.17_conda	Nakaseomyces_glabratus_CBS_138	GCF_000002545.3	Ascomycota	legacy	runs/v1.8.17_conda/genome_annotation/Nakaseomyces_glabratus_CBS_138/predict_results/Nakaseomyces_glabratus_CBS_138.gff3	5143	95.9	94.9	1.0	0.9	3.1	2137	results/reference_annotations/.cache/GCF_000002545.3_ASM254v2_genomic.gff	5458	96.3	98.8	78.3	75.3	26.4	6.5	25.1	6.8	80.8	85.8	80.9	85.8	6.3	4.9	53.9	88.2	5.2	1.1	5143	5458	5101	5084	28	42	268	compared
v1.8.17_conda	Orbilia_oligospora_ATCC_24927	GCF_000225545.1	Ascomycota	legacy	runs/v1.8.17_conda/genome_annotation/Orbilia_oligospora_ATCC_24927/predict_results/Orbilia_oligospora_ATCC_24927.gff3	11979	96.0	95.8	0.2	1.7	2.3	1706	results/reference_annotations/.cache/GCF_000225545.1_AOL24927_1.0_genomic.gff	11479	97.6	96.4	87.3	82.3	91.9	86.0	75.2	70.0	73.3	70.2	73.3	70.2	3.0	7.5	3.8	9.4	2.1	6.5	11979	11479	11227	11206	34	752	214	compared
v1.8.17_conda	Parastagonospora_nodorum_SN15	GCF_000146915.1	Ascomycota	legacy	runs/v1.8.17_conda/genome_annotation/Parastagonospora_nodorum_SN15/predict_results/Parastagonospora_nodorum_SN15.gff3	13872	90.2	90.0	0.2	5.8	4.0	3786	results/reference_annotations/.cache/GCF_000146915.1_ASM14691v2_genomic.gff	16087	86.4	90.3	39.9	46.7	47.5	55.7	26.2	33.0	30.5	35.5	30.6	35.5	22.7	12.4	34.5	20.5	19.8	3.6	13872	16087	13479	13359	397	393	2946	compared
v1.8.17_conda	Phycomyces_blakesleeanus_NRRL_1555_-	GCF_001638985.1	Mucoromycota	legacy	runs/v1.8.17_conda/genome_annotation/Phycomyces_blakesleeanus_NRRL_1555_-/predict_results/Phycomyces_blakesleeanus_NRRL_1555_-.gff3	15116	97.1	95.5	1.6	0.9	2.0	2449	results/reference_annotations/.cache/GCF_001638985.1_Phybl2_genomic.gff	16850	75.7	79.2	55.2	60.7	65.2	71.4	33.3	37.4	34.6	38.5	34.7	38.5	24.9	17.4	26.4	18.6	21.1	9.3	15116	16850	14089	13734	547	1027	3303	compared
v1.8.17_conda	Pneumocystis_murina_B123	GCF_000349005.2	Ascomycota	legacy	runs/v1.8.17_conda/genome_annotation/Pneumocystis_murina_B123/predict_results/Pneumocystis_murina_B123.gff3	3211	66.6	66.6	0.1	3.2	30.2	1706	results/reference_annotations/.cache/GCF_000349005.2_Pneumo_murina_B123_V4_genomic.gff	3675	87.8	98.6	71.7	69.5	81.9	77.1	31.6	35.6	32.6	37.3	32.7	37.3	8.9	5.6	8.5	13.9	8.5	0.6	3211	3675	3202	3192	239	9	250	compared
v1.8.17_conda	Protomyces_lactucae-debilis_12-1054	GCF_002105105.1	Ascomycota	legacy	runs/v1.8.17_conda/genome_annotation/Protomyces_lactucae-debilis_12-1054/predict_results/Protomyces_lactucae-debilis_12-1054.gff3	6413	81.2	81.1	0.2	3.2	15.6	1706	results/reference_annotations/.cache/GCF_002105105.1_Prola1_genomic.gff	6767	81.6	89.9	37.8	38.9	62.1	61.2	51.8	46.0	46.1	48.7	48.1	48.7	14.7	9.6	32.0	33.2	11.3	6.8	6413	6767	6091	5979	947	322	628	compared
v1.8.17_conda	Pseudogymnoascus_destructans_20631-21	GCF_000184105.1	Ascomycota	legacy	runs/v1.8.17_conda/genome_annotation/Pseudogymnoascus_destructans_20631-21/predict_results/Pseudogymnoascus_destructans_20631-21.gff3	9015	95.0	95.0	0.0	3.0	1.9	3234	results/reference_annotations/.cache/GCF_000184105.1_Geom_destructans_V1_genomic.gff	9223	71.2	96.4	41.8	45.0	78.2	86.4	63.1	64.1	54.7	56.4	55.1	56.4	14.2	6.1	17.8	9.2	11.6	6.7	9015	9223	8514	8415	647	501	964	compared
v1.8.17_conda	Pyrenophora_teres_0-1	GCF_000166005.1	Ascomycota	legacy	runs/v1.8.17_conda/genome_annotation/Pyrenophora_teres_0-1/predict_results/Pyrenophora_teres_0-1.gff3	7898	72.1	71.7	0.4	9.9	18.0	3786	results/reference_annotations/.cache/GCF_000166005.1_PyrTer_1.0_genomic.gff	11799	59.9	99.4	49.2	68.0	57.8	76.1	41.7	51.1	36.0	53.8	36.0	53.8	36.6	2.7	36.5	16.5	36.1	1.5	7898	11799	7794	7782	12	104	4251	compared
v1.8.17_conda	Pyrenophora_tritici-repentis_Pt-1C-BFP	GCF_000149985.1	Ascomycota	legacy	runs/v1.8.17_conda/genome_annotation/Pyrenophora_tritici-repentis_Pt-1C-BFP/predict_results/Pyrenophora_tritici-repentis_Pt-1C-BFP.gff3	11897	96.5	96.4	0.2	1.9	1.6	3786	results/reference_annotations/.cache/GCF_000149985.1_ASM14998v1_genomic.gff	12275	86.7	92.5	56.3	61.0	67.3	75.0	50.0	52.4	51.3	53.0	51.3	53.0	16.0	9.3	22.6	11.6	11.6	6.0	11897	12275	11255	11171	251	642	1351	compared
v1.8.17_conda	Pyricularia_oryzae_70-15	GCF_000002495.2	Ascomycota	legacy	runs/v1.8.17_conda/genome_annotation/Pyricularia_oryzae_70-15/predict_results/Pyricularia_oryzae_70-15.gff3	10891	97.4	97.1	0.2	1.2	1.4	3817	results/reference_annotations/.cache/GCF_000002495.2_MG8_genomic.gff	13053	67.4	97.8	34.5	44.6	64.2	85.9	50.3	65.4	48.1	59.0	49.1	59.0	25.0	3.1	28.3	5.3	19.2	2.1	10891	13053	10721	10582	902	170	2403	compared
v1.8.17_conda	Rhizopus_delemar_RA_99-880	GCF_000149305.1	Mucoromycota	legacy	runs/v1.8.17_conda/genome_annotation/Rhizopus_delemar_RA_99-880/predict_results/Rhizopus_delemar_RA_99-880.gff3	15303	91.5	84.5	7.0	4.7	3.7	2449	results/reference_annotations/.cache/GCF_000149305.1_RO3_genomic.gff	17702	76.6	81.2	54.5	53.9	64.5	60.0	25.8	27.5	27.0	31.2	27.0	31.2	20.4	22.4	21.9	24.9	24.0	10.6	15303	17702	13876	13691	251	1427	4061	compared
v1.8.17_conda	Rhizopus_microsporus_ATCC_52813	GCF_002708625.1	Mucoromycota	legacy	runs/v1.8.17_conda/genome_annotation/Rhizopus_microsporus_ATCC_52813/predict_results/Rhizopus_microsporus_ATCC_52813.gff3	10505	96.7	96.4	0.3	1.3	2.0	2449	results/reference_annotations/.cache/GCF_002708625.1_Rhimi1_1_genomic.gff	10958	85.6	90.7	71.8	69.0	88.2	82.5	56.4	54.0	50.9	53.1	52.3	53.1	7.3	9.0	7.9	13.7	8.9	6.5	10505	10958	9865	9820	521	640	918	compared
v1.8.17_conda	Rhodotorula_graminis_WP1	GCF_001329695.1	Basidiomycota	legacy	runs/v1.8.17_conda/genome_annotation/Rhodotorula_graminis_WP1/predict_results/Rhodotorula_graminis_WP1.gff3	7504	97.2	97.1	0.2	0.7	2.1	1764	results/reference_annotations/.cache/GCF_001329695.1_Rhoba1_1_genomic.gff	7373	92.0	86.8	80.5	74.3	89.9	82.0	49.8	48.0	50.0	49.2	50.3	49.2	3.2	9.4	3.9	12.0	1.7	3.6	7504	7373	7259	7234	211	245	111	compared
v1.8.17_conda	Rhodotorula_toruloides_NP11	GCF_000320785.1	Basidiomycota	legacy	runs/v1.8.17_conda/genome_annotation/Rhodotorula_toruloides_NP11/predict_results/Rhodotorula_toruloides_NP11.gff3	7781	96.7	96.5	0.2	1.5	1.8	1764	results/reference_annotations/.cache/GCF_000320785.1_RHOziaDV1.0_genomic.gff	8141	90.3	99.0	84.7	87.0	88.4	90.5	55.5	58.2	54.8	57.5	54.8	57.5	6.1	1.7	5.2	3.7	5.5	2.0	7781	8141	7617	7607	25	164	424	compared
v1.8.17_conda	Rhodotorula_toruloides_NP11.stale_rnaseq_20260920																																							no_samples_row
v1.8.17_conda	Saccharomyces_cerevisiae_S288C	GCF_000146045.2	Ascomycota	legacy	runs/v1.8.17_conda/genome_annotation/Saccharomyces_cerevisiae_S288C/predict_results/Saccharomyces_cerevisiae_S288C.gff3	5687	97.5	95.4	2.2	0.6	1.9	2137	results/reference_annotations/.cache/GCF_000146045.2_R64_genomic.gff	6459	92.6	99.7	80.8	91.8	53.5	58.4	53.9	56.6	83.4	95.0	84.8	95.0	12.5	0.9	42.6	37.3	10.6	0.3	5687	6459	5665	5659	63	22	677	compared
v1.8.17_conda	Schizophyllum_commune_H4-8	GCF_000143185.2	Basidiomycota	legacy	runs/v1.8.17_conda/genome_annotation/Schizophyllum_commune_H4-8/predict_results/Schizophyllum_commune_H4-8.gff3	12366	88.1	87.2	0.9	4.7	7.2	2898	results/reference_annotations/.cache/GCF_000143185.2_Schco3_genomic.gff	16466	63.1	94.6	53.6	67.6	68.9	85.7	33.3	39.7	30.4	40.5	31.6	40.5	25.4	4.2	25.5	7.2	26.6	2.1	12366	16466	12202	12120	773	164	4267	compared
v1.8.17_conda	Sclerotinia_sclerotiorum_1980	GCF_000146945.2	Ascomycota	legacy	runs/v1.8.17_conda/genome_annotation/Sclerotinia_sclerotiorum_1980/predict_results/Sclerotinia_sclerotiorum_1980.gff3	11074	94.9	94.9	0.0	2.2	2.8	3234	results/reference_annotations/.cache/GCF_000146945.2_ASM14694v2_genomic.gff	14710	86.9	90.9	51.7	66.7	55.9	71.0	36.6	47.1	37.1	49.3	37.1	49.3	29.3	10.3	32.1	10.0	29.0	4.5	11074	14710	10749	10574	291	325	3994	compared
v1.8.17_conda	Spizellomyces_punctatus_DAOM_BR117	GCF_000182565.1	Chytridiomycota	legacy	runs/v1.8.17_conda/genome_annotation/Spizellomyces_punctatus_DAOM_BR117/predict_results/Spizellomyces_punctatus_DAOM_BR117.gff3	8315	90.0	89.1	0.9	2.6	7.4	758	results/reference_annotations/.cache/GCF_000182565.1_S_punctatus_V1_genomic.gff	9164	76.0	97.8	61.9	70.7	78.2	89.5	38.9	44.7	39.5	45.8	41.6	45.8	13.5	2.0	14.1	3.5	9.8	1.8	8315	9164	8208	8167	1315	107	690	compared
v1.8.17_conda	Sporobolomyces_koalae_JCM15063	GCF_050403365.1	Basidiomycota	legacy	runs/v1.8.17_conda/genome_annotation/Sporobolomyces_koalae_JCM15063/predict_results/Sporobolomyces_koalae_JCM15063.gff3	6497	92.9	92.9	0.0	1.9	5.2	1764	results/reference_annotations/.cache/GCF_050403365.1_S_koalae_JCM15063v1_genomic.gff	6590	92.6	98.5	82.8	85.5	85.3	88.5	50.2	51.2	49.6	50.4	49.7	50.4	6.5	2.6	5.3	3.3	4.0	3.8	6497	6590	6253	6250	18	244	258	compared
v1.8.17_conda	Sporobolomyces_salmoneus_JCM6883	GCF_050403485.1	Basidiomycota	legacy	runs/v1.8.17_conda/genome_annotation/Sporobolomyces_salmoneus_JCM6883/predict_results/Sporobolomyces_salmoneus_JCM6883.gff3	7266	92.6	92.5	0.1	2.4	4.9	1764	results/reference_annotations/.cache/GCF_050403485.1_S_salmoneus_JCM6883v1_genomic.gff	7657	89.6	98.8	84.4	87.3	87.8	90.5	55.5	57.6	53.8	56.7	53.8	56.7	7.1	2.8	5.6	3.3	7.8	3.6	7266	7657	7013	7007	12	253	599	compared
v1.8.17_conda	Sugiyamaella_lignohabitans_CBS_10342	GCF_001640025.1	Ascomycota	legacy	runs/v1.8.17_conda/genome_annotation/Sugiyamaella_lignohabitans_CBS_10342/predict_results/Sugiyamaella_lignohabitans_CBS_10342.gff3	5892	92.7	92.2	0.5	2.3	4.9	2137	results/reference_annotations/.cache/GCF_001640025.1_ASM164002v2_genomic.gff	5341	94.9	84.1	54.3	32.0	26.3	1.6	22.5	1.7	56.4	51.1	56.4	51.1	5.5	40.7	25.4	95.1	4.2	17.7	5892	5341	4877	4853	115	1015	113	compared
v1.8.17_conda	Synchytrium_microbalum_JEL517	GCF_006535985.1	Chytridiomycota	legacy	runs/v1.8.17_conda/genome_annotation/Synchytrium_microbalum_JEL517/predict_results/Synchytrium_microbalum_JEL517.gff3	8944	86.8	85.6	1.2	3.0	10.2	758	results/reference_annotations/.cache/GCF_006535985.1_ASM653598v1_genomic.gff	6304	93.4	73.7	84.5	67.8	86.0	70.4	49.4	35.6	49.6	35.0	49.6	35.0	7.3	25.5	5.1	24.0	4.4	32.8	8944	6304	6025	6010	25	2919	270	compared
v1.8.17_conda	Talaromyces_marneffei_ATCC_18224	GCF_000001985.1	Ascomycota	legacy	runs/v1.8.17_conda/genome_annotation/Talaromyces_marneffei_ATCC_18224/predict_results/Talaromyces_marneffei_ATCC_18224.gff3	10132	97.6	97.3	0.3	1.3	1.1	3546	results/reference_annotations/.cache/GCF_000001985.1_JCVI-PMFA1-2.0_genomic.gff	10134	82.0	98.0	62.1	66.5	83.2	89.9	65.6	72.9	64.7	68.7	68.6	68.7	8.9	3.7	12.7	5.7	5.0	2.9	10132	10134	9883	9838	647	249	470	compared
v1.8.17_conda	Talaromyces_stipitatus_ATCC_10500	GCF_000003125.1	Ascomycota	legacy	runs/v1.8.17_conda/genome_annotation/Talaromyces_stipitatus_ATCC_10500/predict_results/Talaromyces_stipitatus_ATCC_10500.gff3	11383	98.0	97.6	0.5	0.7	1.2	3546	results/reference_annotations/.cache/GCF_000003125.1_JCVI-TSTA1-3.0_genomic.gff	12559	77.6	97.5	51.0	63.1	67.2	85.6	45.9	65.4	46.7	54.8	49.7	54.8	19.3	4.6	25.8	5.9	13.6	3.0	11383	12559	11085	11046	803	298	1680	compared
v1.8.17_conda	Tilletiaria_anomala_UBC_951	GCF_000711695.1	Basidiomycota	legacy	runs/v1.8.17_conda/genome_annotation/Tilletiaria_anomala_UBC_951/predict_results/Tilletiaria_anomala_UBC_951.gff3	6326	95.0	94.9	0.1	1.1	4.0	1764	results/reference_annotations/.cache/GCF_000711695.1_Tilletiaria_anomala_UBC_951_v1.0_genomic.gff	6868	82.0	91.9	54.7	58.0	85.1	89.4	68.0	70.6	59.6	64.8	61.0	64.8	9.9	5.0	11.9	7.5	11.4	5.0	6326	6868	6079	6008	718	247	717	compared
v1.8.17_conda	Tilletiopsis_washingtonensis_MCA_4186	GCF_003144115.1	Basidiomycota	legacy	runs/v1.8.17_conda/genome_annotation/Tilletiopsis_washingtonensis_MCA_4186/predict_results/Tilletiopsis_washingtonensis_MCA_4186.gff3	6495	92.0	91.8	0.2	1.8	6.2	1764	results/reference_annotations/.cache/GCF_003144115.1_Tilwa1_genomic.gff	7053	82.7	92.4	72.9	72.2	92.4	89.1	67.3	66.2	59.1	64.2	60.7	64.2	5.1	4.8	4.7	7.9	9.1	3.7	6495	7053	6342	6256	860	153	497	compared
v1.8.17_conda	Tremella_mesenterica_Fries	GCF_000271645.1	Basidiomycota	legacy	runs/v1.8.17_conda/genome_annotation/Tremella_mesenterica_Fries/predict_results/Tremella_mesenterica_Fries.gff3	7745	91.7	91.5	0.3	2.6	5.6	4284	results/reference_annotations/.cache/GCF_000271645.1_Treme1_genomic.gff	8291	85.3	85.6	67.3	69.4	76.4	78.2	32.4	34.4	32.7	35.0	32.7	35.0	12.1	11.3	13.4	11.3	13.2	6.9	7745	8291	7285	7210	172	460	1034	compared
v1.8.17_conda	Tricharina_praecox_CBS_144465	GCF_024521635.1	Ascomycota	legacy	runs/v1.8.17_conda/genome_annotation/Tricharina_praecox_CBS_144465/predict_results/Tricharina_praecox_CBS_144465.gff3	10391	95.1	92.8	2.3	1.5	3.4	1706	results/reference_annotations/.cache/GCF_024521635.1_Tripra1_genomic.gff	10716	77.1	90.6	50.6	53.2	79.1	83.8	60.1	59.8	53.0	54.7	54.3	54.7	13.6	9.1	16.5	11.3	12.3	10.1	10391	10716	9481	9342	300	910	1233	compared
v1.8.17_conda	Trichosporon_asahii_CBS_2479	GCF_000293215.1	Basidiomycota	legacy	runs/v1.8.17_conda/genome_annotation/Trichosporon_asahii_CBS_2479/predict_results/Trichosporon_asahii_CBS_2479.gff3	8888	89.2	88.4	0.8	3.5	7.3	4284	results/reference_annotations/.cache/GCF_000293215.1_Trichosporon_asahii_1_genomic.gff	8834	88.1	91.0	51.5	44.7	47.2	38.6	25.5	22.3	32.6	32.4	32.7	32.4	11.1	18.9	14.0	25.6	7.9	6.9	8888	8834	8357	8280	120	531	635	compared
v1.8.17_conda	Umbelopsis_ramanniana_AG	GCF_025399195.1	Mucoromycota	legacy	runs/v1.8.17_conda/genome_annotation/Umbelopsis_ramanniana_AG/predict_results/Umbelopsis_ramanniana_AG.gff3	9363	91.2	89.2	2.0	0.7	8.1	2449	results/reference_annotations/.cache/GCF_025399195.1_Umbra1_genomic.gff	10037	82.0	91.1	70.4	68.2	92.0	86.7	59.9	58.3	52.8	56.7	55.3	56.7	4.8	7.0	5.1	10.3	7.2	4.5	9363	10037	9008	8943	960	355	599	compared
v1.8.17_conda	Uncinocarpus_reesii_1704	GCF_000003515.1	Ascomycota	legacy	runs/v1.8.17_conda/genome_annotation/Uncinocarpus_reesii_1704/predict_results/Uncinocarpus_reesii_1704.gff3	7578	90.6	90.4	0.2	4.4	5.0	3546	results/reference_annotations/.cache/GCF_000003515.1_ASM351v2_genomic.gff	7855	93.8	92.2	63.9	64.2	67.3	66.6	41.1	42.9	44.5	46.1	44.5	46.1	12.8	12.9	17.4	15.9	9.5	4.4	7578	7855	7305	7245	88	273	685	compared
v1.8.17_conda	Wallemia_mellicola_CBS_633.66	GCF_000263375.1	Basidiomycota	legacy	runs/v1.8.17_conda/genome_annotation/Wallemia_mellicola_CBS_633.66/predict_results/Wallemia_mellicola_CBS_633.66.gff3	4936	86.0	85.7	0.3	2.5	11.5	1764	results/reference_annotations/.cache/GCF_000263375.1_Wallemia_sebi_v1.0_genomic.gff	5393	76.4	94.3	64.8	68.8	79.2	83.0	48.4	50.9	46.9	51.2	49.9	51.2	11.9	5.8	14.3	10.5	6.4	2.1	4936	5393	4863	4836	1408	73	265	compared
v1.8.17_conda	Yarrowia_lipolytica_CLIB122	GCF_000002525.2	Ascomycota	legacy	runs/v1.8.17_conda/genome_annotation/Yarrowia_lipolytica_CLIB122/predict_results/Yarrowia_lipolytica_CLIB122.gff3	6906	94.7	94.3	0.4	1.7	3.6	2137	results/reference_annotations/.cache/GCF_000002525.2_ASM252v1_genomic.gff	7139	94.3	97.5	70.6	69.2	57.7	44.6	52.2	42.3	75.0	77.7	75.2	77.7	8.3	10.0	35.8	50.3	6.2	3.8	6906	7139	6655	6647	10	251	443	compared
v1.8.17_conda	Zygosaccharomyces_rouxii_CBS_732	GCF_000026365.1	Ascomycota	legacy	runs/v1.8.17_conda/genome_annotation/Zygosaccharomyces_rouxii_CBS_732/predict_results/Zygosaccharomyces_rouxii_CBS_732.gff3	4958	95.6	95.4	0.2	0.8	3.6	2137	results/reference_annotations/.cache/GCF_000026365.1_ASM2636v1_genomic.gff	5323	95.8	99.3	76.9	75.4	45.0	14.2	45.4	14.1	79.4	85.3	79.4	85.3	7.2	2.0	43.2	82.1	6.5	1.1	4958	5323	4914	4904	49	44	310	compared
v1.8.17_conda	Zymoseptoria_tritici_IPO323	GCF_000219625.1	Ascomycota	legacy	runs/v1.8.17_conda/genome_annotation/Zymoseptoria_tritici_IPO323/predict_results/Zymoseptoria_tritici_IPO323.gff3	13101	96.6	96.6	0.0	1.5	1.9	3786	results/reference_annotations/.cache/GCF_000219625.1_MYCGR_v2.0_genomic.gff	10941	88.2	80.0	48.0	46.6	62.1	67.0	45.6	41.1	46.2	38.6	46.3	38.6	15.2	20.4	30.2	23.8	7.6	19.2	13101	10941	10917	10623	396	2184	689	compared
v1.9.0-rc1_conda	Allomyces_macrogynus_ATCC_38327	GCA_000151295.1	Blastocladiomycota	legacy	runs/v1.9.0-rc1_conda/genome_annotation/Allomyces_macrogynus_ATCC_38327/predict_results/Allomyces_macrogynus_ATCC_38327.gff3	17753	85.8	27.2	58.6	2.6	11.6	758	results/reference_annotations/.cache/GCA_000151295.1_A_macrogynus_V3_genomic.gff	19266	75.6	96.3	54.7	57.1	77.8	79.1	51.8	52.9	47.4	53.3	49.1	53.3	12.6	6.6	13.1	12.2	9.7	3.4	17753	19266	17226	17145	738	527	1767	compared
v1.9.0-rc1_conda	Aspergillus_clavatus_NRRL_1	GCF_000002715.2	Ascomycota	legacy	runs/v1.9.0-rc1_conda/genome_annotation/Aspergillus_clavatus_NRRL_1/predict_results/Aspergillus_clavatus_NRRL_1.gff3	8977	97.3	97.2	0.1	1.2	1.5	3546	results/reference_annotations/.cache/GCF_000002715.2_ASM271v1_genomic.gff	9352	96.4	98.2	82.5	83.5	85.2	85.0	67.0	68.3	69.4	72.3	69.4	72.3	6.3	4.4	6.8	6.4	5.1	1.4	8977	9352	8874	8854	27	103	459	compared
v1.9.0-rc1_conda	Aspergillus_fumigatus_Af293	GCF_000002655.1	Ascomycota	legacy	runs/v1.9.0-rc1_conda/genome_annotation/Aspergillus_fumigatus_Af293/predict_results/Aspergillus_fumigatus_Af293.gff3	9936	96.2	95.9	0.3	2.1	1.7	3546	results/reference_annotations/.cache/GCF_000002655.1_ASM265v1_genomic.gff	10085	73.6	97.1	52.3	55.4	76.8	82.9	54.2	55.9	52.7	53.5	52.9	53.5	13.2	6.4	17.9	10.5	7.0	4.2	9936	10085	9634	9516	210	302	622	compared
v1.9.0-rc1_conda	Batrachochytrium_dendrobatidis_JAM81	GCF_000203795.2	Chytridiomycota	legacy	runs/v1.9.0-rc1_conda/genome_annotation/Batrachochytrium_dendrobatidis_JAM81/predict_results/Batrachochytrium_dendrobatidis_JAM81.gff3	8309	89.6	88.0	1.6	2.5	7.9	758	results/reference_annotations/.cache/GCF_000203795.2_v1.1_genomic.gff	8386	90.6	83.9	72.5	68.0	83.2	76.4	43.7	42.1	44.0	44.5	44.1	44.5	7.2	13.6	9.0	15.1	6.2	6.0	8309	8386	7934	7822	228	375	448	compared
v1.9.0-rc1_conda	Blastomyces_dermatitidis_ER-3	GCF_000003525.1	Ascomycota	legacy	runs/v1.9.0-rc1_conda/genome_annotation/Blastomyces_dermatitidis_ER-3/predict_results/Blastomyces_dermatitidis_ER-3.gff3	8445	97.4	97.3	0.1	1.2	1.4	3546	results/reference_annotations/.cache/GCF_000003525.1_BD_ER3_V1_genomic.gff	9886	53.3	97.8	36.1	49.2	65.3	86.2	39.8	55.1	35.7	50.2	42.1	50.2	23.4	3.7	26.1	5.1	20.1	3.3	8445	9886	8243	8154	1792	202	1726	compared
v1.9.0-rc1_conda	Botrytis_cinerea_B05.10	GCF_000143535.2	Ascomycota	legacy	runs/v1.9.0-rc1_conda/genome_annotation/Botrytis_cinerea_B05.10/predict_results/Botrytis_cinerea_B05.10.gff3	12137	98.4	98.3	0.1	1.0	0.6	3234	results/reference_annotations/.cache/GCF_000143535.2_ASM14353v4_genomic.gff	11698	69.5	98.0	40.3	44.4	83.3	93.2	64.6	76.5	57.3	64.7	67.1	64.7	9.1	3.5	13.4	4.9	3.3	5.9	12137	11698	11477	11423	111	660	363	compared
v1.9.0-rc1_conda	Chaetomium_globosum_CBS_148.51	GCF_000143365.1	Ascomycota	legacy	runs/v1.9.0-rc1_conda/genome_annotation/Chaetomium_globosum_CBS_148.51/predict_results/Chaetomium_globosum_CBS_148.51.gff3	11278	82.3	82.2	0.1	10.3	7.4	3817	results/reference_annotations/.cache/GCF_000143365.1_ASM14336v1_genomic.gff	11222	82.4	91.8	49.0	55.2	50.7	60.9	31.0	33.8	36.0	35.9	36.1	35.9	23.4	12.8	32.3	14.9	13.4	6.7	11278	11222	10741	10531	262	537	1373	compared
v1.9.0-rc1_conda	Cokeromyces_recurvatus_NRRL_2243	GCF_025118155.1	Mucoromycota	legacy	runs/v1.9.0-rc1_conda/genome_annotation/Cokeromyces_recurvatus_NRRL_2243/predict_results/Cokeromyces_recurvatus_NRRL_2243.gff3	10658	95.3	94.0	1.3	1.0	3.7	2449	results/reference_annotations/.cache/GCF_025118155.1_Cokrec1_genomic.gff	11064	85.7	91.9	68.2	67.0	85.0	82.1	51.4	50.5	47.6	49.4	49.1	49.4	8.1	8.9	9.9	12.4	8.0	5.9	10658	11064	10092	10029	547	566	825	compared
v1.9.0-rc1_conda	Colletotrichum_graminicola_M1.001	GCF_000149035.1	Ascomycota	legacy	runs/v1.9.0-rc1_conda/genome_annotation/Colletotrichum_graminicola_M1.001/predict_results/Colletotrichum_graminicola_M1.001.gff3	11791	97.8	97.6	0.2	1.5	0.7	3817	results/reference_annotations/.cache/GCF_000149035.1_C_graminicola_M1_001_V1_genomic.gff	12398	93.8	96.4	78.3	80.7	83.7	85.2	70.0	69.7	67.7	71.2	67.8	71.2	9.3	5.7	10.8	9.0	8.4	3.7	11791	12398	11397	11360	57	394	988	compared
v1.9.0-rc1_conda	Cryptococcus_deneoformans_JEC21	GCF_000091045.1	Basidiomycota	legacy	runs/v1.9.0-rc1_conda/genome_annotation/Cryptococcus_deneoformans_JEC21/predict_results/Cryptococcus_deneoformans_JEC21.gff3	7024	96.5	96.1	0.3	1.9	1.6	4284	results/reference_annotations/.cache/GCF_000091045.1_ASM9104v1_genomic.gff	6766	78.4	97.9	73.6	77.8	90.0	96.4	64.7	66.3	64.9	64.7	67.1	64.7	7.4	2.4	8.6	2.5	2.8	4.7	7024	6766	6722	6688	640	302	146	compared
v1.9.0-rc1_conda	Cryptococcus_neoformans_H99	GCF_000149245.1	Basidiomycota	legacy	runs/v1.9.0-rc1_conda/genome_annotation/Cryptococcus_neoformans_H99/predict_results/Cryptococcus_neoformans_H99.gff3	7061	96.3	96.2	0.1	2.0	1.7	4284	results/reference_annotations/.cache/GCF_000149245.1_CNA3_genomic.gff	8334	67.8	99.1	64.1	75.0	84.4	97.5	52.3	67.2	50.3	65.5	55.5	65.5	13.7	0.7	13.6	1.0	17.3	0.8	7061	8334	7019	7001	1791	42	856	compared
v1.9.0-rc1_conda	Cystobasidium_minutum_MCA_4210	GCF_039999085.1	Basidiomycota	legacy	runs/v1.9.0-rc1_conda/genome_annotation/Cystobasidium_minutum_MCA_4210/predict_results/Cystobasidium_minutum_MCA_4210.gff3	7171	91.0	90.8	0.2	1.9	7.1	1764	results/reference_annotations/.cache/GCF_039999085.1_Rhomi1_genomic.gff	7855	81.4	91.7	67.3	70.6	83.1	86.5	47.4	50.8	46.1	50.6	46.8	50.6	9.9	5.5	8.9	7.1	7.6	2.8	7171	7855	6986	6965	383	185	566	compared
v1.9.0-rc1_conda	Dactylellina_haptotyla_CBS_200.50	GCF_000441935.1	Ascomycota	legacy	runs/v1.9.0-rc1_conda/genome_annotation/Dactylellina_haptotyla_CBS_200.50/predict_results/Dactylellina_haptotyla_CBS_200.50.gff3	10840	93.1	93.1	0.0	2.8	4.2	1706	results/reference_annotations/.cache/GCF_000441935.1_MHA_v2_genomic.gff	10959	93.1	98.8	81.5	83.3	84.6	86.8	67.0	65.6	67.9	68.6	67.9	68.6	7.4	3.7	7.3	5.5	5.9	2.3	10840	10959	10630	10592	58	210	614	compared
v1.9.0-rc1_conda	Drepanopeziza_brunnea_MB_m1	GCF_000298775.1	Ascomycota	legacy	runs/v1.9.0-rc1_conda/genome_annotation/Drepanopeziza_brunnea_MB_m1/predict_results/Drepanopeziza_brunnea_MB_m1.gff3	9419	98.5	98.4	0.1	0.9	0.6	3234	results/reference_annotations/.cache/GCF_000298775.1_ASM29877v1_genomic.gff	10025	89.8	98.0	65.1	78.4	65.9	83.9	52.4	57.6	55.8	59.3	55.8	59.3	20.8	4.1	25.3	5.1	11.7	3.0	9419	10025	9221	9135	97	198	1116	compared
v1.9.0-rc1_conda	Eremothecium_gossypii_ATCC_10895	GCF_000091025.4	Ascomycota	legacy	runs/v1.9.0-rc1_conda/genome_annotation/Eremothecium_gossypii_ATCC_10895/predict_results/Eremothecium_gossypii_ATCC_10895.gff3	4601	96.1	96.0	0.1	0.6	3.4	2137	results/reference_annotations/.cache/GCF_000091025.4_ASM9102v4_genomic.gff	5314	92.2	99.5	70.9	75.6	51.6	25.0	46.7	24.1	74.3	85.8	74.4	85.8	11.5	2.4	32.9	67.4	10.6	0.8	4601	5314	4579	4564	54	22	528	compared
v1.9.0-rc1_conda	Fusarium_oxysporum_4287	GCF_000149955.1	Ascomycota	legacy	runs/v1.9.0-rc1_conda/genome_annotation/Fusarium_oxysporum_4287/predict_results/Fusarium_oxysporum_4287.gff3	17298	92.2	91.4	0.8	4.5	3.2	3817	results/reference_annotations/.cache/GCF_000149955.1_ASM14995v2_genomic.gff	21344	59.2	97.2	35.5	50.0	65.8	84.3	39.9	62.8	37.0	59.4	48.2	59.4	24.1	3.8	28.4	9.5	22.4	2.6	17298	21344	16952	16852	2590	346	4463	compared
v1.9.0-rc1_conda	Fusarium_verticillioides_7600	GCF_000149555.1	Ascomycota	legacy	runs/v1.9.0-rc1_conda/genome_annotation/Fusarium_verticillioides_7600/predict_results/Fusarium_verticillioides_7600.gff3	15075	97.1	96.9	0.2	2.0	0.9	3817	results/reference_annotations/.cache/GCF_000149555.1_ASM14955v1_genomic.gff	16286	70.1	98.5	47.7	59.7	77.9	91.3	52.1	76.5	51.0	71.0	65.7	71.0	14.2	2.7	18.7	5.6	9.2	1.6	15075	16286	14912	14838	1905	163	1359	compared
v1.9.0-rc1_conda	Gaeumannomyces_tritici_R3-111a-1	GCF_000145635.1	Ascomycota	legacy	runs/v1.9.0-rc1_conda/genome_annotation/Gaeumannomyces_tritici_R3-111a-1/predict_results/Gaeumannomyces_tritici_R3-111a-1.gff3	11581	95.7	95.5	0.2	2.5	1.8	3817	results/reference_annotations/.cache/GCF_000145635.1_Gae_graminis_V2_genomic.gff	14669	64.4	97.8	33.4	43.6	64.8	85.3	51.0	64.8	44.8	57.7	45.5	57.7	27.3	3.8	30.4	8.4	24.3	2.1	11581	14669	11431	11299	1118	150	3358	compared
v1.9.0-rc1_conda	Kluyveromyces_lactis_NRRL_Y-1140	GCF_000002515.2	Ascomycota	legacy	runs/v1.9.0-rc1_conda/genome_annotation/Kluyveromyces_lactis_NRRL_Y-1140/predict_results/Kluyveromyces_lactis_NRRL_Y-1140.gff3	5014	97.1	97.0	0.1	0.9	2.0	2137	results/reference_annotations/.cache/GCF_000002515.2_ASM251v1_genomic.gff	5335	97.0	99.0	85.5	88.5	60.6	38.1	62.4	37.9	87.7	93.3	87.7	93.3	7.1	2.6	32.6	57.4	6.7	1.2	5014	5335	4957	4956	35	57	328	compared
v1.9.0-rc1_conda	Laccaria_bicolor_S238N-H82	GCF_000143565.1	Basidiomycota	legacy	runs/v1.9.0-rc1_conda/genome_annotation/Laccaria_bicolor_S238N-H82/predict_results/Laccaria_bicolor_S238N-H82.gff3	15721	90.2	88.5	1.7	2.4	7.3	2898	results/reference_annotations/.cache/GCF_000143565.1_V1.0_genomic.gff	18213	77.2	76.9	47.7	55.5	55.7	64.8	18.4	21.0	18.5	21.4	18.5	21.4	30.8	20.8	32.6	21.9	28.8	18.2	15721	18213	13160	12855	517	2561	4980	compared
v1.9.0-rc1_conda	Lachancea_thermotolerans_CBS_6340	GCF_000142805.1	Ascomycota	legacy	runs/v1.9.0-rc1_conda/genome_annotation/Lachancea_thermotolerans_CBS_6340/predict_results/Lachancea_thermotolerans_CBS_6340.gff3	5013	94.6	94.5	0.1	2.0	3.5	2137	results/reference_annotations/.cache/GCF_000142805.1_ASM14280v1_genomic.gff	5384	94.4	98.9	77.9	80.4	60.7	38.3	59.9	38.2	82.7	88.8	82.7	88.8	8.3	3.1	30.5	56.1	7.8	1.5	5013	5384	4946	4939	31	67	390	compared
v1.9.0-rc1_conda	Leptographium_clavigerum_kw1407	GCF_000143105.1	Ascomycota	legacy	runs/v1.9.0-rc1_conda/genome_annotation/Leptographium_clavigerum_kw1407/predict_results/Leptographium_clavigerum_kw1407.gff3	7926	89.7	89.5	0.2	3.0	7.3	3817	results/reference_annotations/.cache/GCF_000143105.1_Sanger-454-IlluminaPA_2.0_genomic.gff	8311	87.6	97.8	64.6	72.2	67.4	78.2	50.4	52.4	53.2	55.8	53.2	55.8	15.7	4.3	20.7	8.2	11.5	3.3	7926	8311	7695	7670	92	231	909	compared
v1.9.0-rc1_conda	Letharia_columbiana_WasteWater2	GCF_014066305.1	Ascomycota	legacy	runs/v1.9.0-rc1_conda/genome_annotation/Letharia_columbiana_WasteWater2/predict_results/Letharia_columbiana_WasteWater2.gff3	11527	93.3	90.2	3.0	2.5	4.3	1706	results/reference_annotations/.cache/GCF_014066305.1_Lecol_v1.0_genomic.gff	13385	92.0	96.1	65.7	72.7	71.7	77.3	47.8	51.3	48.4	56.3	48.4	56.3	15.5	6.4	17.3	11.6	11.8	3.0	11527	13385	11264	11187	155	263	1457	compared
v1.9.0-rc1_conda	Lipomyces_tetrasporus_NRRL_Y-64009	GCF_029532465.1	Ascomycota	legacy	runs/v1.9.0-rc1_conda/genome_annotation/Lipomyces_tetrasporus_NRRL_Y-64009/predict_results/Lipomyces_tetrasporus_NRRL_Y-64009.gff3	7873	88.7	87.7	1.0	5.2	6.1	2137	results/reference_annotations/.cache/GCF_029532465.1_Liptet1_genomic.gff	8094	78.9	96.2	50.1	53.7	81.2	88.9	65.6	68.1	58.4	60.0	59.0	60.0	11.0	4.1	15.5	7.5	6.9	3.5	7873	8094	7634	7597	232	239	541	compared
v1.9.0-rc1_conda	Malassezia_globosa_CBS_7966	GCF_000181695.2	Basidiomycota	legacy	runs/v1.9.0-rc1_conda/genome_annotation/Malassezia_globosa_CBS_7966/predict_results/Malassezia_globosa_CBS_7966.gff3	4382	82.5	82.5	0.1	4.3	13.2	1764	results/reference_annotations/.cache/GCF_000181695.2_ASM18169v2_genomic.gff	4278	95.1	89.6	51.7	39.0	63.9	32.9	38.6	18.5	49.5	48.3	49.5	48.3	9.0	26.7	23.8	59.1	4.6	9.2	4382	4278	3999	3977	78	383	169	compared
v1.9.0-rc1_conda	Malassezia_sympodialis_ATCC_42132	GCF_000349305.1	Basidiomycota	legacy	runs/v1.9.0-rc1_conda/genome_annotation/Malassezia_sympodialis_ATCC_42132/predict_results/Malassezia_sympodialis_ATCC_42132.gff3	4066	80.7	80.7	0.0	3.6	15.7	1764	results/reference_annotations/.cache/GCF_000349305.1_ASM34930v2_genomic.gff	3318	92.4	82.1	39.1	29.2	43.5	28.5	23.7	18.6	31.4	27.2	31.4	27.2	10.1	27.1	33.1	53.8	5.6	16.7	4066	3318	3260	3224	137	806	116	compared
v1.9.0-rc1_conda	Mixia_osmundae_IAM_14324	GCF_000708205.1	Basidiomycota	legacy	runs/v1.9.0-rc1_conda/genome_annotation/Mixia_osmundae_IAM_14324/predict_results/Mixia_osmundae_IAM_14324.gff3	6333	88.4	87.5	1.0	3.3	8.3	1764	results/reference_annotations/.cache/GCF_000708205.1_Mixia_osmundae_v1.0_genomic.gff	6838	84.4	97.6	56.9	67.1	69.0	83.4	36.6	38.9	35.8	38.6	37.1	38.6	16.6	2.2	21.0	5.8	11.6	1.1	6333	6838	6282	6265	1177	51	733	compared
v1.9.0-rc1_conda	Morchella_importuna_M04M26	GCF_003444635.1	Ascomycota	legacy	runs/v1.9.0-rc1_conda/genome_annotation/Morchella_importuna_M04M26/predict_results/Morchella_importuna_M04M26.gff3	11740	93.6	92.3	1.3	3.6	2.9	1706	results/reference_annotations/.cache/GCF_003444635.1_ASM344463v2_genomic.gff	11642	91.9	91.3	67.3	77.0	71.8	86.7	53.9	54.8	53.9	53.4	53.9	53.4	18.1	9.1	24.2	8.6	12.0	12.3	11740	11642	10365	10304	110	1375	1302	compared
v1.9.0-rc1_conda	Morchella_sextelata_SCLS	GCF_020137385.1	Ascomycota	legacy	runs/v1.9.0-rc1_conda/genome_annotation/Morchella_sextelata_SCLS/predict_results/Morchella_sextelata_SCLS.gff3	12362	96.5	94.1	2.4	1.9	1.6	1706	results/reference_annotations/.cache/GCF_020137385.1_ASM2013738v1_genomic.gff	13182	82.9	92.6	68.0	77.4	73.0	85.4	58.0	58.3	53.7	57.2	53.7	57.2	18.8	9.6	22.9	9.7	17.7	11.8	12362	13182	10988	10910	103	1374	2243	compared
v1.9.0-rc1_conda	Mucor_mucedo_NRRL_3635	GCF_025094135.1	Mucoromycota	legacy	runs/v1.9.0-rc1_conda/genome_annotation/Mucor_mucedo_NRRL_3635/predict_results/Mucor_mucedo_NRRL_3635.gff3	15318	94.7	93.8	1.0	0.7	4.5	2449	results/reference_annotations/.cache/GCF_025094135.1_Mucmuc1_genomic.gff	14225	84.0	83.7	63.6	58.9	80.4	74.4	51.9	46.5	49.1	45.6	50.1	45.6	11.8	17.5	14.3	19.9	10.2	16.3	15318	14225	12943	12820	758	2375	1297	compared
v1.9.0-rc1_conda	Nakaseomyces_glabratus_CBS_138	GCF_000002545.3	Ascomycota	legacy	runs/v1.9.0-rc1_conda/genome_annotation/Nakaseomyces_glabratus_CBS_138/predict_results/Nakaseomyces_glabratus_CBS_138.gff3	5157	96.6	95.6	1.0	0.8	2.6	2137	results/reference_annotations/.cache/GCF_000002545.3_ASM254v2_genomic.gff	5458	96.8	98.8	80.3	78.4	25.3	7.2	24.0	7.7	82.9	87.8	83.0	87.8	5.9	5.0	53.9	86.3	4.7	1.1	5157	5458	5116	5100	28	41	243	compared
v1.9.0-rc1_conda	Orbilia_oligospora_ATCC_24927	GCF_000225545.1	Ascomycota	legacy	runs/v1.9.0-rc1_conda/genome_annotation/Orbilia_oligospora_ATCC_24927/predict_results/Orbilia_oligospora_ATCC_24927.gff3	11788	95.9	95.7	0.2	1.8	2.3	1706	results/reference_annotations/.cache/GCF_000225545.1_AOL24927_1.0_genomic.gff	11479	97.7	96.8	87.4	82.9	92.2	86.4	75.8	70.6	73.7	71.8	73.7	71.8	3.0	7.1	3.7	9.2	2.2	5.1	11788	11479	11205	11184	32	583	225	compared
v1.9.0-rc1_conda	Parastagonospora_nodorum_SN15	GCF_000146915.1	Ascomycota	legacy	runs/v1.9.0-rc1_conda/genome_annotation/Parastagonospora_nodorum_SN15/predict_results/Parastagonospora_nodorum_SN15.gff3	13509	90.2	90.1	0.1	6.2	3.6	3786	results/reference_annotations/.cache/GCF_000146915.1_ASM14691v2_genomic.gff	16087	86.3	90.6	40.2	47.4	47.8	55.9	26.3	33.3	30.8	36.8	30.9	36.8	22.7	12.2	34.1	20.4	20.2	2.1	13509	16087	13286	13218	350	223	3046	compared
v1.9.0-rc1_conda	Phycomyces_blakesleeanus_NRRL_1555_-	GCF_001638985.1	Mucoromycota	legacy	runs/v1.9.0-rc1_conda/genome_annotation/Phycomyces_blakesleeanus_NRRL_1555_-/predict_results/Phycomyces_blakesleeanus_NRRL_1555_-.gff3	15068	96.9	95.2	1.7	1.0	2.1	2449	results/reference_annotations/.cache/GCF_001638985.1_Phybl2_genomic.gff	16850	75.9	79.3	55.3	60.7	65.2	71.3	33.3	37.4	34.5	38.6	34.7	38.6	24.7	17.3	26.2	18.6	21.0	8.9	15068	16850	14085	13739	541	983	3286	compared
v1.9.0-rc1_conda	Pneumocystis_murina_B123	GCF_000349005.2	Ascomycota	legacy	runs/v1.9.0-rc1_conda/genome_annotation/Pneumocystis_murina_B123/predict_results/Pneumocystis_murina_B123.gff3	3205	66.8	66.7	0.1	3.2	30.0	1706	results/reference_annotations/.cache/GCF_000349005.2_Pneumo_murina_B123_V4_genomic.gff	3675	87.9	98.6	71.9	69.6	82.0	77.1	31.5	35.6	32.6	37.4	32.7	37.4	8.9	5.7	8.5	14.0	8.4	0.7	3205	3675	3195	3185	242	10	247	compared
v1.9.0-rc1_conda	Protomyces_lactucae-debilis_12-1054	GCF_002105105.1	Ascomycota	legacy	runs/v1.9.0-rc1_conda/genome_annotation/Protomyces_lactucae-debilis_12-1054/predict_results/Protomyces_lactucae-debilis_12-1054.gff3	6233	81.5	81.3	0.2	2.9	15.7	1706	results/reference_annotations/.cache/GCF_002105105.1_Prola1_genomic.gff	6767	81.9	90.2	38.4	39.7	64.5	61.9	53.3	47.3	46.5	50.5	48.6	50.5	14.2	9.0	29.8	32.5	11.6	5.1	6233	6767	6005	5913	933	228	666	compared
v1.9.0-rc1_conda	Pseudogymnoascus_destructans_20631-21	GCF_000184105.1	Ascomycota	legacy	runs/v1.9.0-rc1_conda/genome_annotation/Pseudogymnoascus_destructans_20631-21/predict_results/Pseudogymnoascus_destructans_20631-21.gff3	8788	94.7	94.6	0.0	3.7	1.7	3234	results/reference_annotations/.cache/GCF_000184105.1_Geom_destructans_V1_genomic.gff	9223	70.9	96.7	42.2	45.7	78.8	86.7	63.8	64.7	55.1	58.3	55.5	58.3	14.2	5.8	17.4	9.1	11.9	5.7	8788	9223	8364	8290	609	424	1001	compared
v1.9.0-rc1_conda	Pyrenophora_teres_0-1	GCF_000166005.1	Ascomycota	legacy	runs/v1.9.0-rc1_conda/genome_annotation/Pyrenophora_teres_0-1/predict_results/Pyrenophora_teres_0-1.gff3	7496	67.1	66.8	0.3	10.8	22.1	3786	results/reference_annotations/.cache/GCF_000166005.1_PyrTer_1.0_genomic.gff	11799	55.6	99.4	45.9	66.3	54.5	74.7	38.5	49.1	32.8	51.6	32.8	51.6	39.8	2.8	39.6	17.6	39.4	1.6	7496	11799	7395	7378	18	101	4632	compared
v1.9.0-rc1_conda	Pyrenophora_tritici-repentis_Pt-1C-BFP	GCF_000149985.1	Ascomycota	legacy	runs/v1.9.0-rc1_conda/genome_annotation/Pyrenophora_tritici-repentis_Pt-1C-BFP/predict_results/Pyrenophora_tritici-repentis_Pt-1C-BFP.gff3	11660	96.3	96.1	0.2	2.1	1.6	3786	results/reference_annotations/.cache/GCF_000149985.1_ASM14998v1_genomic.gff	12275	86.6	92.8	56.6	61.8	67.6	75.3	50.1	52.9	51.5	54.4	51.5	54.4	16.0	8.8	22.3	11.3	11.9	4.8	11660	12275	11149	11081	231	511	1399	compared
v1.9.0-rc1_conda	Pyricularia_oryzae_70-15	GCF_000002495.2	Ascomycota	legacy	runs/v1.9.0-rc1_conda/genome_annotation/Pyricularia_oryzae_70-15/predict_results/Pyricularia_oryzae_70-15.gff3	10899	97.4	97.2	0.2	1.2	1.4	3817	results/reference_annotations/.cache/GCF_000002495.2_MG8_genomic.gff	13053	67.5	97.8	34.7	44.8	64.4	86.1	50.4	65.9	48.4	59.3	49.4	59.3	24.9	3.1	28.1	5.2	19.0	2.0	10899	13053	10730	10593	907	169	2390	compared
v1.9.0-rc1_conda	Rhizopus_delemar_RA_99-880	GCF_000149305.1	Mucoromycota	legacy	runs/v1.9.0-rc1_conda/genome_annotation/Rhizopus_delemar_RA_99-880/predict_results/Rhizopus_delemar_RA_99-880.gff3	15103	93.0	85.9	7.1	4.2	2.8	2449	results/reference_annotations/.cache/GCF_000149305.1_RO3_genomic.gff	17702	76.9	81.4	55.5	54.4	65.5	60.0	26.0	27.7	27.1	31.8	27.2	31.8	19.8	22.4	20.6	24.9	24.1	9.9	15103	17702	13771	13606	237	1332	4087	compared
v1.9.0-rc1_conda	Rhizopus_microsporus_ATCC_52813	GCF_002708625.1	Mucoromycota	legacy	runs/v1.9.0-rc1_conda/genome_annotation/Rhizopus_microsporus_ATCC_52813/predict_results/Rhizopus_microsporus_ATCC_52813.gff3	10422	97.0	96.7	0.4	1.0	2.0	2449	results/reference_annotations/.cache/GCF_002708625.1_Rhimi1_1_genomic.gff	10958	85.5	90.9	71.9	69.2	88.5	82.6	56.6	54.1	51.1	53.7	52.5	53.7	7.3	8.8	7.6	13.6	9.3	6.1	10422	10958	9832	9783	522	590	972	compared
v1.9.0-rc1_conda	Rhodotorula_graminis_WP1	GCF_001329695.1	Basidiomycota	legacy	runs/v1.9.0-rc1_conda/genome_annotation/Rhodotorula_graminis_WP1/predict_results/Rhodotorula_graminis_WP1.gff3	7469	97.2	97.1	0.2	0.6	2.2	1764	results/reference_annotations/.cache/GCF_001329695.1_Rhoba1_1_genomic.gff	7373	92.0	86.8	80.8	74.8	90.2	82.4	50.9	49.4	51.2	50.6	51.5	50.6	3.2	9.3	3.9	11.9	1.7	3.6	7469	7373	7228	7204	211	241	112	compared
v1.9.0-rc1_conda	Rhodotorula_toruloides_NP11	GCF_000320785.1	Basidiomycota	legacy	runs/v1.9.0-rc1_conda/genome_annotation/Rhodotorula_toruloides_NP11/predict_results/Rhodotorula_toruloides_NP11.gff3	7778	96.8	96.5	0.2	1.5	1.8	1764	results/reference_annotations/.cache/GCF_000320785.1_RHOziaDV1.0_genomic.gff	8141	90.3	99.0	85.0	87.3	88.6	90.7	56.0	58.9	55.4	58.2	55.4	58.2	6.0	1.7	5.1	3.6	5.4	2.0	7778	8141	7614	7604	25	164	422	compared
v1.9.0-rc1_conda	Saccharomyces_cerevisiae_S288C	GCF_000146045.2	Ascomycota	legacy	runs/v1.9.0-rc1_conda/genome_annotation/Saccharomyces_cerevisiae_S288C/predict_results/Saccharomyces_cerevisiae_S288C.gff3	5632	97.5	95.3	2.2	0.6	1.9	2137	results/reference_annotations/.cache/GCF_000146045.2_R64_genomic.gff	6459	92.5	99.8	80.8	92.5	58.0	61.4	58.6	59.6	83.1	95.5	84.4	95.5	13.0	0.9	37.3	33.5	11.4	0.1	5632	6459	5616	5614	60	16	730	compared
v1.9.0-rc1_conda	Schizophyllum_commune_H4-8	GCF_000143185.2	Basidiomycota	legacy	runs/v1.9.0-rc1_conda/genome_annotation/Schizophyllum_commune_H4-8/predict_results/Schizophyllum_commune_H4-8.gff3	11980	84.4	83.5	0.9	6.0	9.6	2898	results/reference_annotations/.cache/GCF_000143185.2_Schco3_genomic.gff	16466	60.6	94.5	49.7	66.8	64.3	85.8	30.8	38.0	28.2	38.8	29.4	38.8	29.6	4.1	30.3	6.9	29.2	2.2	11980	16466	11802	11728	713	178	4705	compared
v1.9.0-rc1_conda	Sclerotinia_sclerotiorum_1980	GCF_000146945.2	Ascomycota	legacy	runs/v1.9.0-rc1_conda/genome_annotation/Sclerotinia_sclerotiorum_1980/predict_results/Sclerotinia_sclerotiorum_1980.gff3	10883	95.1	95.0	0.0	2.4	2.6	3234	results/reference_annotations/.cache/GCF_000146945.2_ASM14694v2_genomic.gff	14710	86.9	91.1	51.9	67.1	56.3	70.9	36.7	47.1	37.0	50.1	37.0	50.1	29.2	10.1	31.8	10.1	29.2	3.5	10883	14710	10651	10502	267	232	4038	compared
v1.9.0-rc1_conda	Spizellomyces_punctatus_DAOM_BR117	GCF_000182565.1	Chytridiomycota	legacy	runs/v1.9.0-rc1_conda/genome_annotation/Spizellomyces_punctatus_DAOM_BR117/predict_results/Spizellomyces_punctatus_DAOM_BR117.gff3	8316	90.4	89.3	1.1	2.4	7.3	758	results/reference_annotations/.cache/GCF_000182565.1_S_punctatus_V1_genomic.gff	9164	76.3	97.8	62.6	71.2	79.0	89.9	39.7	45.9	40.4	46.8	42.5	46.8	13.0	2.0	13.4	3.5	9.5	1.8	8316	9164	8208	8166	1333	108	668	compared
v1.9.0-rc1_conda	Sporobolomyces_koalae_JCM15063	GCF_050403365.1	Basidiomycota	legacy	runs/v1.9.0-rc1_conda/genome_annotation/Sporobolomyces_koalae_JCM15063/predict_results/Sporobolomyces_koalae_JCM15063.gff3	6490	93.3	93.3	0.0	1.8	4.9	1764	results/reference_annotations/.cache/GCF_050403365.1_S_koalae_JCM15063v1_genomic.gff	6590	92.7	98.5	83.1	85.7	85.6	88.5	50.7	51.7	50.1	50.9	50.1	50.9	6.3	2.6	5.1	3.3	4.0	3.8	6490	6590	6246	6244	20	244	253	compared
v1.9.0-rc1_conda	Sporobolomyces_salmoneus_JCM6883	GCF_050403485.1	Basidiomycota	legacy	runs/v1.9.0-rc1_conda/genome_annotation/Sporobolomyces_salmoneus_JCM6883/predict_results/Sporobolomyces_salmoneus_JCM6883.gff3	7254	92.7	92.7	0.1	2.3	4.9	1764	results/reference_annotations/.cache/GCF_050403485.1_S_salmoneus_JCM6883v1_genomic.gff	7657	89.7	98.8	84.6	87.4	88.0	90.5	55.6	57.8	53.8	56.8	53.8	56.8	7.0	2.8	5.4	3.4	7.8	3.6	7254	7657	7000	6994	12	254	594	compared
v1.9.0-rc1_conda	Sugiyamaella_lignohabitans_CBS_10342	GCF_001640025.1	Ascomycota	legacy	runs/v1.9.0-rc1_conda/genome_annotation/Sugiyamaella_lignohabitans_CBS_10342/predict_results/Sugiyamaella_lignohabitans_CBS_10342.gff3	5923	93.4	92.9	0.5	2.2	4.3	2137	results/reference_annotations/.cache/GCF_001640025.1_ASM164002v2_genomic.gff	5341	95.4	84.1	55.5	32.7	26.3	1.6	23.0	1.8	57.6	52.0	57.6	52.0	4.9	40.8	25.4	95.0	3.6	17.6	5923	5341	4906	4884	114	1017	80	compared
v1.9.0-rc1_conda	Synchytrium_microbalum_JEL517	GCF_006535985.1	Chytridiomycota	legacy	runs/v1.9.0-rc1_conda/genome_annotation/Synchytrium_microbalum_JEL517/predict_results/Synchytrium_microbalum_JEL517.gff3	8922	86.7	85.5	1.2	3.3	10.0	758	results/reference_annotations/.cache/GCF_006535985.1_ASM653598v1_genomic.gff	6304	93.5	73.7	84.7	67.9	86.2	70.5	49.1	35.5	49.3	34.8	49.3	34.8	7.2	25.5	4.9	24.1	4.3	32.9	8922	6304	6006	5992	27	2916	261	compared
v1.9.0-rc1_conda	Talaromyces_marneffei_ATCC_18224	GCF_000001985.1	Ascomycota	legacy	runs/v1.9.0-rc1_conda/genome_annotation/Talaromyces_marneffei_ATCC_18224/predict_results/Talaromyces_marneffei_ATCC_18224.gff3	10022	97.2	96.8	0.3	1.5	1.4	3546	results/reference_annotations/.cache/GCF_000001985.1_JCVI-PMFA1-2.0_genomic.gff	10134	81.8	98.2	61.9	66.7	83.0	89.8	65.8	73.0	64.9	69.6	68.9	69.6	9.1	3.6	12.9	5.6	5.2	2.3	10022	10134	9826	9793	634	196	491	compared
v1.9.0-rc1_conda	Talaromyces_stipitatus_ATCC_10500	GCF_000003125.1	Ascomycota	legacy	runs/v1.9.0-rc1_conda/genome_annotation/Talaromyces_stipitatus_ATCC_10500/predict_results/Talaromyces_stipitatus_ATCC_10500.gff3	11377	98.1	97.6	0.5	0.8	1.2	3546	results/reference_annotations/.cache/GCF_000003125.1_JCVI-TSTA1-3.0_genomic.gff	12559	77.7	97.4	51.1	63.1	67.3	85.5	45.9	65.5	46.7	54.8	49.6	54.8	19.2	4.6	25.7	5.9	13.7	3.0	11377	12559	11078	11038	804	299	1681	compared
v1.9.0-rc1_conda	Tilletiaria_anomala_UBC_951	GCF_000711695.1	Basidiomycota	legacy	runs/v1.9.0-rc1_conda/genome_annotation/Tilletiaria_anomala_UBC_951/predict_results/Tilletiaria_anomala_UBC_951.gff3	6165	94.9	94.9	0.0	1.1	4.0	1764	results/reference_annotations/.cache/GCF_000711695.1_Tilletiaria_anomala_UBC_951_v1.0_genomic.gff	6868	81.6	92.3	54.6	58.6	84.7	89.3	67.7	70.4	59.5	66.3	60.8	66.3	10.3	4.5	12.1	7.4	11.9	3.5	6165	6868	6001	5948	676	164	766	compared
v1.9.0-rc1_conda	Tilletiopsis_washingtonensis_MCA_4186	GCF_003144115.1	Basidiomycota	legacy	runs/v1.9.0-rc1_conda/genome_annotation/Tilletiopsis_washingtonensis_MCA_4186/predict_results/Tilletiopsis_washingtonensis_MCA_4186.gff3	6410	91.7	91.6	0.2	2.0	6.2	1764	results/reference_annotations/.cache/GCF_003144115.1_Tilwa1_genomic.gff	7053	82.4	92.8	73.1	72.4	92.6	89.1	67.0	66.5	59.2	65.1	60.9	65.1	5.1	4.6	4.4	7.9	9.4	3.0	6410	7053	6289	6217	838	121	528	compared
v1.9.0-rc1_conda	Tremella_mesenterica_Fries	GCF_000271645.1	Basidiomycota	legacy	runs/v1.9.0-rc1_conda/genome_annotation/Tremella_mesenterica_Fries/predict_results/Tremella_mesenterica_Fries.gff3	7740	91.8	91.5	0.3	2.6	5.6	4284	results/reference_annotations/.cache/GCF_000271645.1_Treme1_genomic.gff	8291	85.3	85.6	67.4	69.5	76.6	78.3	32.7	34.7	32.9	35.3	33.0	35.3	12.0	11.3	13.3	11.3	13.1	6.9	7740	8291	7281	7205	173	459	1028	compared
v1.9.0-rc1_conda	Tricharina_praecox_CBS_144465	GCF_024521635.1	Ascomycota	legacy	runs/v1.9.0-rc1_conda/genome_annotation/Tricharina_praecox_CBS_144465/predict_results/Tricharina_praecox_CBS_144465.gff3	10223	95.1	92.8	2.3	1.3	3.6	1706	results/reference_annotations/.cache/GCF_024521635.1_Tripra1_genomic.gff	10716	77.1	90.9	51.0	53.8	79.6	84.0	60.5	60.4	53.5	56.1	54.8	56.1	13.4	8.8	16.0	11.2	12.7	9.3	10223	10716	9394	9270	288	829	1273	compared
v1.9.0-rc1_conda	Trichosporon_asahii_CBS_2479	GCF_000293215.1	Basidiomycota	legacy	runs/v1.9.0-rc1_conda/genome_annotation/Trichosporon_asahii_CBS_2479/predict_results/Trichosporon_asahii_CBS_2479.gff3	8878	88.5	87.7	0.8	4.2	7.3	4284	results/reference_annotations/.cache/GCF_000293215.1_Trichosporon_asahii_1_genomic.gff	8834	88.0	91.0	51.5	45.0	47.1	38.8	25.6	22.4	33.2	33.0	33.2	33.0	11.3	18.9	14.3	25.5	7.9	6.9	8878	8834	8349	8270	119	529	634	compared
v1.9.0-rc1_conda	Umbelopsis_ramanniana_AG	GCF_025399195.1	Mucoromycota	legacy	runs/v1.9.0-rc1_conda/genome_annotation/Umbelopsis_ramanniana_AG/predict_results/Umbelopsis_ramanniana_AG.gff3	9327	90.9	89.0	2.0	0.8	8.2	2449	results/reference_annotations/.cache/GCF_025399195.1_Umbra1_genomic.gff	10037	82.1	91.2	70.4	68.3	92.1	86.8	60.0	58.4	52.9	57.0	55.4	57.0	4.8	7.0	5.0	10.3	7.1	4.2	9327	10037	8991	8933	954	336	611	compared
v1.9.0-rc1_conda	Uncinocarpus_reesii_1704	GCF_000003515.1	Ascomycota	legacy	runs/v1.9.0-rc1_conda/genome_annotation/Uncinocarpus_reesii_1704/predict_results/Uncinocarpus_reesii_1704.gff3	7567	90.8	90.6	0.2	4.3	4.9	3546	results/reference_annotations/.cache/GCF_000003515.1_ASM351v2_genomic.gff	7855	93.8	92.2	64.1	64.3	67.5	66.6	41.1	43.1	44.6	46.3	44.6	46.3	12.7	13.0	17.2	15.9	9.5	4.4	7567	7855	7293	7232	90	274	686	compared
v1.9.0-rc1_conda	Wallemia_mellicola_CBS_633.66	GCF_000263375.1	Basidiomycota	legacy	runs/v1.9.0-rc1_conda/genome_annotation/Wallemia_mellicola_CBS_633.66/predict_results/Wallemia_mellicola_CBS_633.66.gff3	4947	86.2	85.9	0.3	2.5	11.3	1764	results/reference_annotations/.cache/GCF_000263375.1_Wallemia_sebi_v1.0_genomic.gff	5393	76.5	94.3	65.1	69.0	79.6	83.2	48.9	51.4	47.4	51.6	50.4	51.6	11.7	5.8	14.1	10.5	6.1	2.1	4947	5393	4875	4846	1409	72	252	compared
v1.9.0-rc1_conda	Yarrowia_lipolytica_CLIB122	GCF_000002525.2	Ascomycota	legacy	runs/v1.9.0-rc1_conda/genome_annotation/Yarrowia_lipolytica_CLIB122/predict_results/Yarrowia_lipolytica_CLIB122.gff3	6891	94.7	94.3	0.4	2.0	3.3	2137	results/reference_annotations/.cache/GCF_000002525.2_ASM252v1_genomic.gff	7139	94.5	97.6	72.1	72.5	56.8	49.7	51.8	47.7	77.2	80.2	77.5	80.2	8.6	9.2	37.4	45.2	6.4	3.5	6891	7139	6660	6652	10	231	453	compared
v1.9.0-rc1_conda	Zygosaccharomyces_rouxii_CBS_732	GCF_000026365.1	Ascomycota	legacy	runs/v1.9.0-rc1_conda/genome_annotation/Zygosaccharomyces_rouxii_CBS_732/predict_results/Zygosaccharomyces_rouxii_CBS_732.gff3	4988	97.0	96.8	0.2	0.7	2.3	2137	results/reference_annotations/.cache/GCF_000026365.1_ASM2636v1_genomic.gff	5323	96.9	99.4	84.2	86.9	53.2	30.4	53.7	30.4	86.6	92.4	86.6	92.4	6.6	2.1	36.4	63.6	6.2	0.8	4988	5323	4953	4950	45	35	298	compared
v1.9.0-rc1_conda	Zymoseptoria_tritici_IPO323	GCF_000219625.1	Ascomycota	legacy	runs/v1.9.0-rc1_conda/genome_annotation/Zymoseptoria_tritici_IPO323/predict_results/Zymoseptoria_tritici_IPO323.gff3	12491	97.1	97.1	0.0	1.4	1.4	3786	results/reference_annotations/.cache/GCF_000219625.1_MYCGR_v2.0_genomic.gff	10941	88.3	80.7	48.3	47.8	62.4	67.1	46.3	41.7	46.9	41.1	47.0	41.1	15.3	19.3	29.8	23.5	7.9	16.1	12491	10941	10735	10503	337	1756	753	compared
v1.9.0-rc1_conda_rust	Allomyces_macrogynus_ATCC_38327	GCA_000151295.1	Blastocladiomycota	legacy	runs/v1.9.0-rc1_conda_rust/genome_annotation/Allomyces_macrogynus_ATCC_38327/predict_results/Allomyces_macrogynus_ATCC_38327.gff3	17422	85.4	28.1	57.3	2.8	11.9	758	results/reference_annotations/.cache/GCA_000151295.1_A_macrogynus_V3_genomic.gff	19266	74.5	96.4	53.8	57.0	76.8	79.2	50.9	53.0	46.6	53.3	48.2	53.3	13.9	6.5	14.3	12.2	11.2	3.4	17422	19266	16915	16834	726	507	2048	compared
v1.9.0-rc1_conda_rust	Aspergillus_clavatus_NRRL_1	GCF_000002715.2	Ascomycota	legacy	runs/v1.9.0-rc1_conda_rust/genome_annotation/Aspergillus_clavatus_NRRL_1/predict_results/Aspergillus_clavatus_NRRL_1.gff3	8977	97.2	97.1	0.1	1.3	1.5	3546	results/reference_annotations/.cache/GCF_000002715.2_ASM271v1_genomic.gff	9352	96.4	98.2	82.5	83.5	85.2	85.0	67.0	68.2	69.4	72.3	69.4	72.3	6.3	4.5	6.9	6.5	5.1	1.4	8977	9352	8875	8855	27	102	458	compared
v1.9.0-rc1_conda_rust	Aspergillus_fumigatus_Af293	GCF_000002655.1	Ascomycota	legacy	runs/v1.9.0-rc1_conda_rust/genome_annotation/Aspergillus_fumigatus_Af293/predict_results/Aspergillus_fumigatus_Af293.gff3	9903	95.7	95.5	0.3	2.1	2.2	3546	results/reference_annotations/.cache/GCF_000002655.1_ASM265v1_genomic.gff	10085	73.3	97.1	52.1	55.4	76.4	82.9	54.0	56.0	52.6	53.5	52.7	53.5	13.6	6.4	18.4	10.5	7.4	4.3	9903	10085	9602	9484	208	301	661	compared
v1.9.0-rc1_conda_rust	Batrachochytrium_dendrobatidis_JAM81	GCF_000203795.2	Chytridiomycota	legacy	runs/v1.9.0-rc1_conda_rust/genome_annotation/Batrachochytrium_dendrobatidis_JAM81/predict_results/Batrachochytrium_dendrobatidis_JAM81.gff3	8285	89.6	88.1	1.5	2.8	7.7	758	results/reference_annotations/.cache/GCF_000203795.2_v1.1_genomic.gff	8386	90.6	83.9	72.2	67.9	82.8	76.3	43.6	42.1	44.0	44.5	44.0	44.5	7.4	13.5	9.2	15.1	6.3	6.0	8285	8386	7913	7805	223	372	463	compared
v1.9.0-rc1_conda_rust	Blastomyces_dermatitidis_ER-3	GCF_000003525.1	Ascomycota	legacy	runs/v1.9.0-rc1_conda_rust/genome_annotation/Blastomyces_dermatitidis_ER-3/predict_results/Blastomyces_dermatitidis_ER-3.gff3	8438	97.3	97.2	0.1	1.2	1.5	3546	results/reference_annotations/.cache/GCF_000003525.1_BD_ER3_V1_genomic.gff	9886	53.3	97.8	36.1	49.3	65.3	86.1	39.7	54.9	35.6	50.1	42.0	50.1	23.5	3.7	26.2	5.2	20.1	3.2	8438	9886	8238	8149	1788	200	1730	compared
v1.9.0-rc1_conda_rust	Botrytis_cinerea_B05.10	GCF_000143535.2	Ascomycota	legacy	runs/v1.9.0-rc1_conda_rust/genome_annotation/Botrytis_cinerea_B05.10/predict_results/Botrytis_cinerea_B05.10.gff3	12139	98.4	98.3	0.1	1.0	0.6	3234	results/reference_annotations/.cache/GCF_000143535.2_ASM14353v4_genomic.gff	11698	69.5	98.0	40.3	44.4	83.3	93.2	64.5	76.5	57.3	64.7	67.1	64.7	9.1	3.5	13.4	4.9	3.3	5.9	12139	11698	11478	11425	109	661	363	compared
v1.9.0-rc1_conda_rust	Chaetomium_globosum_CBS_148.51	GCF_000143365.1	Ascomycota	legacy	runs/v1.9.0-rc1_conda_rust/genome_annotation/Chaetomium_globosum_CBS_148.51/predict_results/Chaetomium_globosum_CBS_148.51.gff3	10375	88.1	87.9	0.2	6.4	5.5	3817	results/reference_annotations/.cache/GCF_000143365.1_ASM14336v1_genomic.gff	11222	82.9	93.3	50.0	55.6	51.4	58.0	30.4	33.3	34.9	37.7	34.9	37.7	22.9	11.4	27.2	15.5	14.8	4.4	10375	11222	10079	9919	229	296	1526	compared
v1.9.0-rc1_conda_rust	Cokeromyces_recurvatus_NRRL_2243	GCF_025118155.1	Mucoromycota	legacy	runs/v1.9.0-rc1_conda_rust/genome_annotation/Cokeromyces_recurvatus_NRRL_2243/predict_results/Cokeromyces_recurvatus_NRRL_2243.gff3	10662	95.3	93.9	1.3	1.0	3.7	2449	results/reference_annotations/.cache/GCF_025118155.1_Cokrec1_genomic.gff	11064	85.7	91.9	68.2	67.0	85.1	82.0	51.4	50.6	47.7	49.5	49.1	49.5	8.0	9.0	9.8	12.4	8.0	5.9	10662	11064	10098	10035	551	564	819	compared
v1.9.0-rc1_conda_rust	Colletotrichum_graminicola_M1.001	GCF_000149035.1	Ascomycota	legacy	runs/v1.9.0-rc1_conda_rust/genome_annotation/Colletotrichum_graminicola_M1.001/predict_results/Colletotrichum_graminicola_M1.001.gff3	11764	97.4	97.3	0.2	1.5	1.0	3817	results/reference_annotations/.cache/GCF_000149035.1_C_graminicola_M1_001_V1_genomic.gff	12398	93.6	96.4	78.1	80.6	83.5	85.1	69.8	69.5	67.5	71.1	67.5	71.1	9.6	5.7	11.0	9.0	8.6	3.7	11764	12398	11367	11330	58	397	1017	compared
v1.9.0-rc1_conda_rust	Cryptococcus_deneoformans_JEC21	GCF_000091045.1	Basidiomycota	legacy	runs/v1.9.0-rc1_conda_rust/genome_annotation/Cryptococcus_deneoformans_JEC21/predict_results/Cryptococcus_deneoformans_JEC21.gff3	7028	96.4	96.1	0.3	1.9	1.7	4284	results/reference_annotations/.cache/GCF_000091045.1_ASM9104v1_genomic.gff	6766	78.4	97.9	73.5	77.7	90.0	96.4	64.7	66.3	64.9	64.6	67.1	64.6	7.4	2.4	8.7	2.5	2.8	4.8	7028	6766	6726	6691	640	302	146	compared
v1.9.0-rc1_conda_rust	Cryptococcus_neoformans_H99	GCF_000149245.1	Basidiomycota	legacy	runs/v1.9.0-rc1_conda_rust/genome_annotation/Cryptococcus_neoformans_H99/predict_results/Cryptococcus_neoformans_H99.gff3	7054	96.1	96.1	0.1	2.1	1.8	4284	results/reference_annotations/.cache/GCF_000149245.1_CNA3_genomic.gff	8334	67.8	99.2	64.1	75.0	84.4	97.4	52.3	67.1	50.2	65.4	55.4	65.4	13.7	0.7	13.6	1.0	17.3	0.8	7054	8334	7012	6994	1785	42	855	compared
v1.9.0-rc1_conda_rust	Cystobasidium_minutum_MCA_4210	GCF_039999085.1	Basidiomycota	legacy	runs/v1.9.0-rc1_conda_rust/genome_annotation/Cystobasidium_minutum_MCA_4210/predict_results/Cystobasidium_minutum_MCA_4210.gff3	7166	91.0	90.8	0.2	1.9	7.1	1764	results/reference_annotations/.cache/GCF_039999085.1_Rhomi1_genomic.gff	7855	81.4	91.7	67.3	70.7	83.1	86.4	47.5	50.8	46.1	50.6	46.8	50.6	9.9	5.5	8.9	7.1	7.6	2.8	7166	7855	6981	6960	383	185	568	compared
v1.9.0-rc1_conda_rust	Dactylellina_haptotyla_CBS_200.50	GCF_000441935.1	Ascomycota	legacy	runs/v1.9.0-rc1_conda_rust/genome_annotation/Dactylellina_haptotyla_CBS_200.50/predict_results/Dactylellina_haptotyla_CBS_200.50.gff3	10837	93.0	93.0	0.0	2.8	4.3	1706	results/reference_annotations/.cache/GCF_000441935.1_MHA_v2_genomic.gff	10959	93.1	98.8	81.6	83.4	84.6	86.8	67.1	65.6	67.9	68.6	67.9	68.6	7.4	3.7	7.3	5.5	5.9	2.3	10837	10959	10629	10591	58	208	615	compared
v1.9.0-rc1_conda_rust	Drepanopeziza_brunnea_MB_m1	GCF_000298775.1	Ascomycota	legacy	runs/v1.9.0-rc1_conda_rust/genome_annotation/Drepanopeziza_brunnea_MB_m1/predict_results/Drepanopeziza_brunnea_MB_m1.gff3	9415	98.5	98.4	0.1	0.9	0.6	3234	results/reference_annotations/.cache/GCF_000298775.1_ASM29877v1_genomic.gff	10025	89.8	98.0	65.0	78.4	65.9	83.9	52.2	57.4	55.6	59.2	55.6	59.2	20.9	4.2	25.4	5.1	11.7	3.1	9415	10025	9216	9129	98	199	1118	compared
v1.9.0-rc1_conda_rust	Eremothecium_gossypii_ATCC_10895	GCF_000091025.4	Ascomycota	legacy	runs/v1.9.0-rc1_conda_rust/genome_annotation/Eremothecium_gossypii_ATCC_10895/predict_results/Eremothecium_gossypii_ATCC_10895.gff3	4598	96.1	96.0	0.1	0.6	3.3	2137	results/reference_annotations/.cache/GCF_000091025.4_ASM9102v4_genomic.gff	5314	92.2	99.5	70.8	75.6	52.2	25.0	47.3	24.1	74.2	85.8	74.3	85.8	11.5	2.4	32.3	67.4	10.7	0.8	4598	5314	4576	4561	55	22	528	compared
v1.9.0-rc1_conda_rust	Fusarium_oxysporum_4287	GCF_000149955.1	Ascomycota	legacy	runs/v1.9.0-rc1_conda_rust/genome_annotation/Fusarium_oxysporum_4287/predict_results/Fusarium_oxysporum_4287.gff3	17075	92.7	92.0	0.7	4.2	3.1	3817	results/reference_annotations/.cache/GCF_000149955.1_ASM14995v2_genomic.gff	21344	58.7	97.3	35.2	49.9	65.3	84.1	39.4	62.5	36.5	59.4	47.5	59.4	24.8	3.7	28.8	9.5	23.1	2.4	17075	21344	16744	16659	2576	331	4625	compared
v1.9.0-rc1_conda_rust	Fusarium_verticillioides_7600	GCF_000149555.1	Ascomycota	legacy	runs/v1.9.0-rc1_conda_rust/genome_annotation/Fusarium_verticillioides_7600/predict_results/Fusarium_verticillioides_7600.gff3	15075	97.1	97.0	0.2	1.9	0.9	3817	results/reference_annotations/.cache/GCF_000149555.1_ASM14955v1_genomic.gff	16286	70.1	98.5	47.8	59.7	77.9	91.3	52.1	76.5	51.0	71.0	65.8	71.0	14.2	2.7	18.6	5.6	9.1	1.5	15075	16286	14912	14841	1904	163	1353	compared
v1.9.0-rc1_conda_rust	Gaeumannomyces_tritici_R3-111a-1	GCF_000145635.1	Ascomycota	legacy	runs/v1.9.0-rc1_conda_rust/genome_annotation/Gaeumannomyces_tritici_R3-111a-1/predict_results/Gaeumannomyces_tritici_R3-111a-1.gff3	10985	93.3	93.1	0.2	2.2	4.5	3817	results/reference_annotations/.cache/GCF_000145635.1_Gae_graminis_V2_genomic.gff	14669	61.5	98.3	30.0	40.3	57.2	76.5	41.4	54.1	37.3	50.8	38.0	50.8	30.4	3.6	31.7	10.6	26.6	1.4	10985	14669	10897	10794	1058	88	3662	compared
v1.9.0-rc1_conda_rust	Kluyveromyces_lactis_NRRL_Y-1140	GCF_000002515.2	Ascomycota	legacy	runs/v1.9.0-rc1_conda_rust/genome_annotation/Kluyveromyces_lactis_NRRL_Y-1140/predict_results/Kluyveromyces_lactis_NRRL_Y-1140.gff3	5013	97.4	97.2	0.1	0.7	1.9	2137	results/reference_annotations/.cache/GCF_000002515.2_ASM251v1_genomic.gff	5335	97.0	99.0	85.6	88.8	59.7	37.9	61.5	37.9	87.7	93.4	87.8	93.4	7.2	2.8	33.0	57.2	6.7	1.2	5013	5335	4955	4954	35	58	331	compared
v1.9.0-rc1_conda_rust	Laccaria_bicolor_S238N-H82	GCF_000143565.1	Basidiomycota	legacy	runs/v1.9.0-rc1_conda_rust/genome_annotation/Laccaria_bicolor_S238N-H82/predict_results/Laccaria_bicolor_S238N-H82.gff3	15376	89.9	88.2	1.7	2.5	7.7	2898	results/reference_annotations/.cache/GCF_000143565.1_V1.0_genomic.gff	18213	76.0	77.1	47.0	55.7	54.9	65.1	18.0	21.0	18.0	21.4	18.1	21.4	31.9	20.6	33.6	21.7	30.1	18.1	15376	18213	12897	12599	510	2479	5222	compared
v1.9.0-rc1_conda_rust	Lachancea_thermotolerans_CBS_6340	GCF_000142805.1	Ascomycota	legacy	runs/v1.9.0-rc1_conda_rust/genome_annotation/Lachancea_thermotolerans_CBS_6340/predict_results/Lachancea_thermotolerans_CBS_6340.gff3	4656	88.1	88.0	0.1	2.6	9.4	2137	results/reference_annotations/.cache/GCF_000142805.1_ASM14280v1_genomic.gff	5384	86.7	98.9	66.6	67.9	61.0	21.6	59.9	21.2	68.9	79.6	68.9	79.6	14.5	4.9	31.1	75.6	14.3	1.6	4656	5384	4589	4580	39	67	732	compared
v1.9.0-rc1_conda_rust	Leptographium_clavigerum_kw1407	GCF_000143105.1	Ascomycota	legacy	runs/v1.9.0-rc1_conda_rust/genome_annotation/Leptographium_clavigerum_kw1407/predict_results/Leptographium_clavigerum_kw1407.gff3	7882	89.3	89.2	0.2	3.0	7.7	3817	results/reference_annotations/.cache/GCF_000143105.1_Sanger-454-IlluminaPA_2.0_genomic.gff	8311	87.1	97.8	64.2	72.2	67.1	78.2	50.1	52.3	52.9	55.8	52.9	55.8	16.2	4.3	21.1	8.2	12.0	3.3	7882	8311	7652	7626	94	230	946	compared
v1.9.0-rc1_conda_rust	Letharia_columbiana_WasteWater2	GCF_014066305.1	Ascomycota	legacy	runs/v1.9.0-rc1_conda_rust/genome_annotation/Letharia_columbiana_WasteWater2/predict_results/Letharia_columbiana_WasteWater2.gff3	11525	93.3	90.3	3.0	2.5	4.3	1706	results/reference_annotations/.cache/GCF_014066305.1_Lecol_v1.0_genomic.gff	13385	92.0	96.0	65.7	72.6	71.7	77.2	47.8	51.2	48.3	56.1	48.3	56.1	15.5	6.4	17.3	11.7	11.8	3.0	11525	13385	11261	11184	156	264	1457	compared
v1.9.0-rc1_conda_rust	Lipomyces_tetrasporus_NRRL_Y-64009	GCF_029532465.1	Ascomycota	legacy	runs/v1.9.0-rc1_conda_rust/genome_annotation/Lipomyces_tetrasporus_NRRL_Y-64009/predict_results/Lipomyces_tetrasporus_NRRL_Y-64009.gff3	7859	86.7	85.7	1.0	6.5	6.9	2137	results/reference_annotations/.cache/GCF_029532465.1_Liptet1_genomic.gff	8094	78.6	96.2	49.3	53.4	80.0	89.0	64.5	67.6	57.6	59.3	58.2	59.3	11.9	4.0	16.7	7.4	7.0	3.4	7859	8094	7625	7589	231	234	552	compared
v1.9.0-rc1_conda_rust	Malassezia_globosa_CBS_7966	GCF_000181695.2	Basidiomycota	legacy	runs/v1.9.0-rc1_conda_rust/genome_annotation/Malassezia_globosa_CBS_7966/predict_results/Malassezia_globosa_CBS_7966.gff3	4381	82.7	82.6	0.1	4.3	13.1	1764	results/reference_annotations/.cache/GCF_000181695.2_ASM18169v2_genomic.gff	4278	95.1	89.6	51.6	39.0	63.7	32.8	38.4	18.3	49.3	48.2	49.3	48.2	9.2	26.7	23.7	59.0	4.7	9.3	4381	4278	3995	3974	77	386	174	compared
v1.9.0-rc1_conda_rust	Malassezia_sympodialis_ATCC_42132	GCF_000349305.1	Basidiomycota	legacy	runs/v1.9.0-rc1_conda_rust/genome_annotation/Malassezia_sympodialis_ATCC_42132/predict_results/Malassezia_sympodialis_ATCC_42132.gff3	4053	80.7	80.7	0.0	3.6	15.8	1764	results/reference_annotations/.cache/GCF_000349305.1_ASM34930v2_genomic.gff	3318	92.4	82.1	39.2	29.3	43.5	28.5	23.8	18.7	31.6	27.4	31.6	27.4	10.1	27.1	32.8	53.5	5.7	16.6	4053	3318	3256	3221	139	797	119	compared
v1.9.0-rc1_conda_rust	Mixia_osmundae_IAM_14324	GCF_000708205.1	Basidiomycota	legacy	runs/v1.9.0-rc1_conda_rust/genome_annotation/Mixia_osmundae_IAM_14324/predict_results/Mixia_osmundae_IAM_14324.gff3	6316	88.5	87.5	1.0	3.1	8.4	1764	results/reference_annotations/.cache/GCF_000708205.1_Mixia_osmundae_v1.0_genomic.gff	6838	84.3	97.6	56.8	67.1	68.8	83.3	36.5	38.8	35.7	38.7	37.0	38.7	16.7	2.2	21.1	5.8	11.8	1.1	6316	6838	6264	6248	1175	52	744	compared
v1.9.0-rc1_conda_rust	Morchella_importuna_M04M26	GCF_003444635.1	Ascomycota	legacy	runs/v1.9.0-rc1_conda_rust/genome_annotation/Morchella_importuna_M04M26/predict_results/Morchella_importuna_M04M26.gff3	11755	93.7	92.4	1.3	3.5	2.8	1706	results/reference_annotations/.cache/GCF_003444635.1_ASM344463v2_genomic.gff	11642	91.9	91.2	67.4	77.0	71.8	86.6	53.9	54.8	54.0	53.4	54.0	53.4	18.1	9.2	24.2	8.6	12.0	12.4	11755	11642	10367	10305	111	1388	1299	compared
v1.9.0-rc1_conda_rust	Morchella_sextelata_SCLS	GCF_020137385.1	Ascomycota	legacy	runs/v1.9.0-rc1_conda_rust/genome_annotation/Morchella_sextelata_SCLS/predict_results/Morchella_sextelata_SCLS.gff3	12378	96.0	93.7	2.3	2.3	1.6	1706	results/reference_annotations/.cache/GCF_020137385.1_ASM2013738v1_genomic.gff	13182	82.8	92.8	67.7	77.6	72.4	85.7	57.8	58.1	53.7	57.2	53.7	57.2	19.0	9.3	23.4	9.3	17.8	11.5	12378	13182	11029	10952	100	1349	2253	compared
v1.9.0-rc1_conda_rust	Mucor_mucedo_NRRL_3635	GCF_025094135.1	Mucoromycota	legacy	runs/v1.9.0-rc1_conda_rust/genome_annotation/Mucor_mucedo_NRRL_3635/predict_results/Mucor_mucedo_NRRL_3635.gff3	15305	94.8	93.8	1.0	0.7	4.5	2449	results/reference_annotations/.cache/GCF_025094135.1_Mucmuc1_genomic.gff	14225	83.9	83.7	63.4	58.9	80.2	74.4	51.9	46.7	49.3	45.8	50.3	45.8	11.9	17.5	14.4	19.8	10.1	16.2	15305	14225	12941	12824	750	2364	1287	compared
v1.9.0-rc1_conda_rust	Nakaseomyces_glabratus_CBS_138	GCF_000002545.3	Ascomycota	legacy	runs/v1.9.0-rc1_conda_rust/genome_annotation/Nakaseomyces_glabratus_CBS_138/predict_results/Nakaseomyces_glabratus_CBS_138.gff3	5151	96.6	95.6	0.9	0.8	2.6	2137	results/reference_annotations/.cache/GCF_000002545.3_ASM254v2_genomic.gff	5458	96.7	98.8	80.1	78.1	25.3	7.2	24.0	7.6	82.7	87.7	82.7	87.7	5.9	5.0	53.9	86.3	4.7	1.1	5151	5458	5110	5094	29	41	243	compared
v1.9.0-rc1_conda_rust	Orbilia_oligospora_ATCC_24927	GCF_000225545.1	Ascomycota	legacy	runs/v1.9.0-rc1_conda_rust/genome_annotation/Orbilia_oligospora_ATCC_24927/predict_results/Orbilia_oligospora_ATCC_24927.gff3	11781	95.9	95.7	0.2	1.7	2.4	1706	results/reference_annotations/.cache/GCF_000225545.1_AOL24927_1.0_genomic.gff	11479	97.6	96.8	87.4	82.9	92.2	86.4	75.9	70.7	73.8	71.9	73.8	71.9	3.0	7.1	3.7	9.2	2.2	5.1	11781	11479	11200	11180	31	581	234	compared
v1.9.0-rc1_conda_rust	Parastagonospora_nodorum_SN15	GCF_000146915.1	Ascomycota	legacy	runs/v1.9.0-rc1_conda_rust/genome_annotation/Parastagonospora_nodorum_SN15/predict_results/Parastagonospora_nodorum_SN15.gff3	13489	90.2	90.0	0.1	6.1	3.7	3786	results/reference_annotations/.cache/GCF_000146915.1_ASM14691v2_genomic.gff	16087	86.2	90.6	40.2	47.4	47.7	55.8	26.3	33.4	30.8	36.8	30.8	36.8	22.8	12.2	34.2	20.4	20.4	2.1	13489	16087	13265	13197	349	224	3063	compared
v1.9.0-rc1_conda_rust	Phycomyces_blakesleeanus_NRRL_1555_-	GCF_001638985.1	Mucoromycota	legacy	runs/v1.9.0-rc1_conda_rust/genome_annotation/Phycomyces_blakesleeanus_NRRL_1555_-/predict_results/Phycomyces_blakesleeanus_NRRL_1555_-.gff3	15024	96.7	95.0	1.7	1.0	2.2	2449	results/reference_annotations/.cache/GCF_001638985.1_Phybl2_genomic.gff	16850	75.7	79.3	55.2	60.7	65.2	71.3	33.3	37.4	34.5	38.7	34.7	38.7	24.8	17.4	26.3	18.6	21.2	8.9	15024	16850	14052	13708	540	972	3305	compared
v1.9.0-rc1_conda_rust	Pneumocystis_murina_B123	GCF_000349005.2	Ascomycota	legacy	runs/v1.9.0-rc1_conda_rust/genome_annotation/Pneumocystis_murina_B123/predict_results/Pneumocystis_murina_B123.gff3	3204	67.0	66.9	0.1	3.2	29.8	1706	results/reference_annotations/.cache/GCF_000349005.2_Pneumo_murina_B123_V4_genomic.gff	3675	87.9	98.6	71.6	69.3	81.9	76.9	31.5	35.6	32.6	37.4	32.7	37.4	8.9	5.6	8.5	14.1	8.4	0.7	3204	3675	3194	3184	239	10	250	compared
v1.9.0-rc1_conda_rust	Protomyces_lactucae-debilis_12-1054	GCF_002105105.1	Ascomycota	legacy	runs/v1.9.0-rc1_conda_rust/genome_annotation/Protomyces_lactucae-debilis_12-1054/predict_results/Protomyces_lactucae-debilis_12-1054.gff3	6241	81.5	81.4	0.2	2.9	15.6	1706	results/reference_annotations/.cache/GCF_002105105.1_Prola1_genomic.gff	6767	81.8	90.2	38.0	39.5	63.9	62.5	54.1	48.2	47.0	51.0	49.0	51.0	14.6	8.7	30.4	31.9	11.8	5.3	6241	6767	5997	5911	927	244	677	compared
v1.9.0-rc1_conda_rust	Pseudogymnoascus_destructans_20631-21	GCF_000184105.1	Ascomycota	legacy	runs/v1.9.0-rc1_conda_rust/genome_annotation/Pseudogymnoascus_destructans_20631-21/predict_results/Pseudogymnoascus_destructans_20631-21.gff3	8654	93.6	93.6	0.0	3.3	3.1	3234	results/reference_annotations/.cache/GCF_000184105.1_Geom_destructans_V1_genomic.gff	9223	70.0	96.8	41.5	45.8	77.4	86.9	62.9	65.2	54.6	58.7	55.1	58.7	15.7	5.8	18.6	8.7	13.4	5.9	8654	9223	8230	8149	621	424	1126	compared
v1.9.0-rc1_conda_rust	Pyrenophora_teres_0-1	GCF_000166005.1	Ascomycota	legacy	runs/v1.9.0-rc1_conda_rust/genome_annotation/Pyrenophora_teres_0-1/predict_results/Pyrenophora_teres_0-1.gff3	7512	67.8	67.4	0.4	10.3	21.8	3786	results/reference_annotations/.cache/GCF_000166005.1_PyrTer_1.0_genomic.gff	11799	56.1	99.4	46.2	66.4	54.8	74.7	38.8	49.3	33.0	51.8	33.0	51.8	39.6	2.8	39.2	17.5	39.2	1.5	7512	11799	7412	7396	17	100	4609	compared
v1.9.0-rc1_conda_rust	Pyrenophora_tritici-repentis_Pt-1C-BFP	GCF_000149985.1	Ascomycota	legacy	runs/v1.9.0-rc1_conda_rust/genome_annotation/Pyrenophora_tritici-repentis_Pt-1C-BFP/predict_results/Pyrenophora_tritici-repentis_Pt-1C-BFP.gff3	11612	96.0	95.9	0.2	2.1	1.8	3786	results/reference_annotations/.cache/GCF_000149985.1_ASM14998v1_genomic.gff	12275	86.3	92.9	56.4	61.9	67.3	75.4	50.0	53.0	51.4	54.4	51.4	54.4	16.3	8.8	22.6	11.2	12.1	4.8	11612	12275	11110	11042	232	502	1433	compared
v1.9.0-rc1_conda_rust	Pyricularia_oryzae_70-15	GCF_000002495.2	Ascomycota	legacy	runs/v1.9.0-rc1_conda_rust/genome_annotation/Pyricularia_oryzae_70-15/predict_results/Pyricularia_oryzae_70-15.gff3	10898	97.5	97.2	0.2	1.2	1.4	3817	results/reference_annotations/.cache/GCF_000002495.2_MG8_genomic.gff	13053	67.5	97.8	34.6	44.7	64.4	86.1	50.4	65.8	48.4	59.3	49.4	59.3	24.9	3.1	28.1	5.2	19.0	2.0	10898	13053	10729	10591	907	169	2390	compared
v1.9.0-rc1_conda_rust	Rhizopus_delemar_RA_99-880	GCF_000149305.1	Mucoromycota	legacy	runs/v1.9.0-rc1_conda_rust/genome_annotation/Rhizopus_delemar_RA_99-880/predict_results/Rhizopus_delemar_RA_99-880.gff3	15018	92.8	85.8	7.0	4.0	3.2	2449	results/reference_annotations/.cache/GCF_000149305.1_RO3_genomic.gff	17702	76.7	81.4	55.3	54.4	65.3	60.0	25.9	27.6	26.9	31.7	26.9	31.7	20.1	22.3	20.8	24.9	24.4	9.9	15018	17702	13707	13537	244	1311	4147	compared
v1.9.0-rc1_conda_rust	Rhizopus_microsporus_ATCC_52813	GCF_002708625.1	Mucoromycota	legacy	runs/v1.9.0-rc1_conda_rust/genome_annotation/Rhizopus_microsporus_ATCC_52813/predict_results/Rhizopus_microsporus_ATCC_52813.gff3	10351	96.6	96.3	0.3	1.1	2.3	2449	results/reference_annotations/.cache/GCF_002708625.1_Rhimi1_1_genomic.gff	10958	85.2	90.9	71.6	69.2	88.1	82.6	56.3	54.1	50.8	53.8	52.2	53.8	7.7	8.8	7.9	13.6	9.8	6.1	10351	10958	9771	9725	519	580	1018	compared
v1.9.0-rc1_conda_rust	Rhodotorula_graminis_WP1	GCF_001329695.1	Basidiomycota	legacy	runs/v1.9.0-rc1_conda_rust/genome_annotation/Rhodotorula_graminis_WP1/predict_results/Rhodotorula_graminis_WP1.gff3	7456	97.1	96.9	0.2	0.6	2.4	1764	results/reference_annotations/.cache/GCF_001329695.1_Rhoba1_1_genomic.gff	7373	91.8	86.8	80.6	74.8	89.9	82.5	50.8	49.4	51.1	50.5	51.4	50.5	3.5	9.2	4.2	11.9	2.0	3.6	7456	7373	7218	7192	211	238	129	compared
v1.9.0-rc1_conda_rust	Rhodotorula_toruloides_NP11	GCF_000320785.1	Basidiomycota	legacy	runs/v1.9.0-rc1_conda_rust/genome_annotation/Rhodotorula_toruloides_NP11/predict_results/Rhodotorula_toruloides_NP11.gff3	7771	96.8	96.5	0.2	1.5	1.8	1764	results/reference_annotations/.cache/GCF_000320785.1_RHOziaDV1.0_genomic.gff	8141	90.4	99.0	85.1	87.5	88.7	90.8	56.3	59.2	55.6	58.5	55.6	58.5	6.0	1.6	5.1	3.6	5.4	2.0	7771	8141	7608	7598	25	163	421	compared
v1.9.0-rc1_conda_rust	Saccharomyces_cerevisiae_S288C	GCF_000146045.2	Ascomycota	legacy	runs/v1.9.0-rc1_conda_rust/genome_annotation/Saccharomyces_cerevisiae_S288C/predict_results/Saccharomyces_cerevisiae_S288C.gff3	5678	97.6	95.5	2.2	0.7	1.7	2137	results/reference_annotations/.cache/GCF_000146045.2_R64_genomic.gff	6459	92.4	99.7	81.5	93.2	57.1	68.5	56.9	67.7	83.9	95.7	85.3	95.7	12.6	0.8	38.9	26.5	10.9	0.2	5678	6459	5661	5656	64	17	696	compared
v1.9.0-rc1_conda_rust	Schizophyllum_commune_H4-8	GCF_000143185.2	Basidiomycota	legacy	runs/v1.9.0-rc1_conda_rust/genome_annotation/Schizophyllum_commune_H4-8/predict_results/Schizophyllum_commune_H4-8.gff3	11891	84.6	83.7	0.9	5.6	9.8	2898	results/reference_annotations/.cache/GCF_000143185.2_Schco3_genomic.gff	16466	60.3	94.5	49.6	66.9	64.2	86.0	30.6	38.0	28.2	39.0	29.3	39.0	29.9	4.1	30.5	6.9	29.6	2.1	11891	16466	11723	11651	703	168	4777	compared
v1.9.0-rc1_conda_rust	Sclerotinia_sclerotiorum_1980	GCF_000146945.2	Ascomycota	legacy	runs/v1.9.0-rc1_conda_rust/genome_annotation/Sclerotinia_sclerotiorum_1980/predict_results/Sclerotinia_sclerotiorum_1980.gff3	10837	94.8	94.8	0.0	2.4	2.8	3234	results/reference_annotations/.cache/GCF_000146945.2_ASM14694v2_genomic.gff	14710	86.9	91.2	51.9	67.5	56.0	71.1	36.5	47.2	37.1	50.4	37.1	50.4	29.3	9.9	31.9	9.8	29.4	3.3	10837	14710	10625	10477	260	212	4085	compared
v1.9.0-rc1_conda_rust	Spizellomyces_punctatus_DAOM_BR117	GCF_000182565.1	Chytridiomycota	legacy	runs/v1.9.0-rc1_conda_rust/genome_annotation/Spizellomyces_punctatus_DAOM_BR117/predict_results/Spizellomyces_punctatus_DAOM_BR117.gff3	8304	90.2	89.2	1.1	2.5	7.3	758	results/reference_annotations/.cache/GCF_000182565.1_S_punctatus_V1_genomic.gff	9164	76.1	97.9	62.5	71.2	78.9	89.9	39.7	45.9	40.4	46.9	42.5	46.9	13.1	1.9	13.5	3.5	9.6	1.8	8304	9164	8196	8154	1331	108	683	compared
v1.9.0-rc1_conda_rust	Sporobolomyces_koalae_JCM15063	GCF_050403365.1	Basidiomycota	legacy	runs/v1.9.0-rc1_conda_rust/genome_annotation/Sporobolomyces_koalae_JCM15063/predict_results/Sporobolomyces_koalae_JCM15063.gff3	6488	93.2	93.2	0.0	1.8	5.0	1764	results/reference_annotations/.cache/GCF_050403365.1_S_koalae_JCM15063v1_genomic.gff	6590	92.7	98.5	83.1	85.7	85.6	88.5	50.7	51.8	50.1	50.9	50.1	50.9	6.3	2.6	5.1	3.3	4.0	3.8	6488	6590	6244	6242	20	244	253	compared
v1.9.0-rc1_conda_rust	Sporobolomyces_salmoneus_JCM6883	GCF_050403485.1	Basidiomycota	legacy	runs/v1.9.0-rc1_conda_rust/genome_annotation/Sporobolomyces_salmoneus_JCM6883/predict_results/Sporobolomyces_salmoneus_JCM6883.gff3	7262	92.6	92.6	0.1	2.4	5.0	1764	results/reference_annotations/.cache/GCF_050403485.1_S_salmoneus_JCM6883v1_genomic.gff	7657	89.7	98.8	84.6	87.4	87.9	90.5	55.7	57.8	53.9	56.8	53.9	56.8	7.0	2.8	5.4	3.4	7.8	3.6	7262	7657	7008	7002	12	254	594	compared
v1.9.0-rc1_conda_rust	Sugiyamaella_lignohabitans_CBS_10342	GCF_001640025.1	Ascomycota	legacy	runs/v1.9.0-rc1_conda_rust/genome_annotation/Sugiyamaella_lignohabitans_CBS_10342/predict_results/Sugiyamaella_lignohabitans_CBS_10342.gff3	5920	93.5	93.0	0.5	2.2	4.3	2137	results/reference_annotations/.cache/GCF_001640025.1_ASM164002v2_genomic.gff	5341	95.4	84.1	55.4	32.5	25.8	1.5	23.0	1.8	57.6	51.9	57.6	51.9	4.9	41.0	25.4	95.0	3.5	17.6	5920	5341	4903	4880	115	1017	79	compared
v1.9.0-rc1_conda_rust	Synchytrium_microbalum_JEL517	GCF_006535985.1	Chytridiomycota	legacy	runs/v1.9.0-rc1_conda_rust/genome_annotation/Synchytrium_microbalum_JEL517/predict_results/Synchytrium_microbalum_JEL517.gff3	8917	86.7	85.5	1.2	2.9	10.4	758	results/reference_annotations/.cache/GCF_006535985.1_ASM653598v1_genomic.gff	6304	93.4	73.7	84.6	67.8	86.1	70.4	49.0	35.5	49.3	34.8	49.3	34.8	7.3	25.5	4.9	24.1	4.3	32.8	8917	6304	6012	5997	30	2905	258	compared
v1.9.0-rc1_conda_rust	Talaromyces_marneffei_ATCC_18224	GCF_000001985.1	Ascomycota	legacy	runs/v1.9.0-rc1_conda_rust/genome_annotation/Talaromyces_marneffei_ATCC_18224/predict_results/Talaromyces_marneffei_ATCC_18224.gff3	10016	97.2	96.8	0.3	1.5	1.4	3546	results/reference_annotations/.cache/GCF_000001985.1_JCVI-PMFA1-2.0_genomic.gff	10134	81.8	98.2	61.9	66.6	82.9	89.8	65.7	72.8	64.8	69.5	68.7	69.5	9.2	3.6	13.0	5.7	5.3	2.3	10016	10134	9821	9786	633	195	497	compared
v1.9.0-rc1_conda_rust	Talaromyces_stipitatus_ATCC_10500	GCF_000003125.1	Ascomycota	legacy	runs/v1.9.0-rc1_conda_rust/genome_annotation/Talaromyces_stipitatus_ATCC_10500/predict_results/Talaromyces_stipitatus_ATCC_10500.gff3	11370	98.1	97.6	0.5	0.7	1.2	3546	results/reference_annotations/.cache/GCF_000003125.1_JCVI-TSTA1-3.0_genomic.gff	12559	77.6	97.4	51.1	63.2	67.3	85.6	45.9	65.6	46.7	54.9	49.7	54.9	19.2	4.6	25.7	5.9	13.7	3.0	11370	12559	11071	11031	803	299	1689	compared
v1.9.0-rc1_conda_rust	Tilletiaria_anomala_UBC_951	GCF_000711695.1	Basidiomycota	legacy	runs/v1.9.0-rc1_conda_rust/genome_annotation/Tilletiaria_anomala_UBC_951/predict_results/Tilletiaria_anomala_UBC_951.gff3	6160	94.7	94.7	0.0	1.2	4.1	1764	results/reference_annotations/.cache/GCF_000711695.1_Tilletiaria_anomala_UBC_951_v1.0_genomic.gff	6868	81.5	92.3	54.6	58.5	84.6	89.2	67.7	70.3	59.4	66.2	60.7	66.2	10.4	4.5	12.1	7.5	12.0	3.5	6160	6868	5997	5944	674	163	769	compared
v1.9.0-rc1_conda_rust	Tilletiopsis_washingtonensis_MCA_4186	GCF_003144115.1	Basidiomycota	legacy	runs/v1.9.0-rc1_conda_rust/genome_annotation/Tilletiopsis_washingtonensis_MCA_4186/predict_results/Tilletiopsis_washingtonensis_MCA_4186.gff3	6396	91.6	91.4	0.2	2.0	6.4	1764	results/reference_annotations/.cache/GCF_003144115.1_Tilwa1_genomic.gff	7053	82.4	92.7	73.1	72.4	92.6	89.1	67.0	66.6	59.2	65.3	60.8	65.3	5.1	4.6	4.4	7.9	9.5	3.0	6396	7053	6274	6203	836	122	530	compared
v1.9.0-rc1_conda_rust	Tremella_mesenterica_Fries	GCF_000271645.1	Basidiomycota	legacy	runs/v1.9.0-rc1_conda_rust/genome_annotation/Tremella_mesenterica_Fries/predict_results/Tremella_mesenterica_Fries.gff3	7687	91.4	91.2	0.3	2.6	6.0	4284	results/reference_annotations/.cache/GCF_000271645.1_Treme1_genomic.gff	8291	84.9	85.6	67.1	69.5	76.2	78.3	32.4	34.7	32.7	35.3	32.8	35.3	12.5	11.3	13.8	11.3	13.6	6.9	7687	8291	7232	7156	173	455	1071	compared
v1.9.0-rc1_conda_rust	Tricharina_praecox_CBS_144465	GCF_024521635.1	Ascomycota	legacy	runs/v1.9.0-rc1_conda_rust/genome_annotation/Tricharina_praecox_CBS_144465/predict_results/Tricharina_praecox_CBS_144465.gff3	10214	95.2	92.8	2.3	1.3	3.5	1706	results/reference_annotations/.cache/GCF_024521635.1_Tripra1_genomic.gff	10716	77.1	90.9	51.1	53.8	79.7	84.0	60.7	60.5	53.6	56.2	54.9	56.2	13.3	8.8	16.0	11.2	12.7	9.3	10214	10716	9386	9265	286	828	1279	compared
v1.9.0-rc1_conda_rust	Trichosporon_asahii_CBS_2479	GCF_000293215.1	Basidiomycota	legacy	runs/v1.9.0-rc1_conda_rust/genome_annotation/Trichosporon_asahii_CBS_2479/predict_results/Trichosporon_asahii_CBS_2479.gff3	8577	88.4	87.7	0.7	3.3	8.3	4284	results/reference_annotations/.cache/GCF_000293215.1_Trichosporon_asahii_1_genomic.gff	8834	86.2	91.5	50.7	44.0	46.7	37.6	25.2	22.4	32.7	33.7	32.7	33.7	12.3	19.1	13.0	27.1	8.8	6.2	8577	8834	8107	8046	104	470	720	compared
v1.9.0-rc1_conda_rust	Umbelopsis_ramanniana_AG	GCF_025399195.1	Mucoromycota	legacy	runs/v1.9.0-rc1_conda_rust/genome_annotation/Umbelopsis_ramanniana_AG/predict_results/Umbelopsis_ramanniana_AG.gff3	9329	90.8	88.9	2.0	0.9	8.3	2449	results/reference_annotations/.cache/GCF_025399195.1_Umbra1_genomic.gff	10037	82.0	91.2	70.1	68.2	91.8	86.8	59.4	58.2	52.5	56.6	55.0	56.6	5.0	7.0	5.3	10.2	7.1	4.3	9329	10037	8984	8927	939	345	605	compared
v1.9.0-rc1_conda_rust	Uncinocarpus_reesii_1704	GCF_000003515.1	Ascomycota	legacy	runs/v1.9.0-rc1_conda_rust/genome_annotation/Uncinocarpus_reesii_1704/predict_results/Uncinocarpus_reesii_1704.gff3	7554	90.8	90.6	0.2	4.3	4.9	3546	results/reference_annotations/.cache/GCF_000003515.1_ASM351v2_genomic.gff	7855	93.8	92.2	64.1	64.3	67.5	66.6	41.3	43.2	44.6	46.4	44.6	46.4	12.8	13.0	17.2	15.9	9.5	4.4	7554	7855	7282	7221	90	272	689	compared
v1.9.0-rc1_conda_rust	Wallemia_mellicola_CBS_633.66	GCF_000263375.1	Basidiomycota	legacy	runs/v1.9.0-rc1_conda_rust/genome_annotation/Wallemia_mellicola_CBS_633.66/predict_results/Wallemia_mellicola_CBS_633.66.gff3	4931	86.3	86.1	0.3	2.5	11.2	1764	results/reference_annotations/.cache/GCF_000263375.1_Wallemia_sebi_v1.0_genomic.gff	5393	76.5	94.3	65.0	68.9	79.5	83.1	48.6	51.3	47.1	51.5	50.1	51.5	11.7	5.7	14.1	10.5	6.2	2.0	4931	5393	4861	4833	1414	70	254	compared
v1.9.0-rc1_conda_rust	Yarrowia_lipolytica_CLIB122	GCF_000002525.2	Ascomycota	legacy	runs/v1.9.0-rc1_conda_rust/genome_annotation/Yarrowia_lipolytica_CLIB122/predict_results/Yarrowia_lipolytica_CLIB122.gff3	6885	94.9	94.4	0.4	1.8	3.3	2137	results/reference_annotations/.cache/GCF_000002525.2_ASM252v1_genomic.gff	7139	94.6	97.6	72.1	72.4	56.7	49.2	51.6	47.3	77.1	80.1	77.4	80.1	8.6	9.4	37.4	45.6	6.4	3.5	6885	7139	6653	6646	9	232	455	compared
v1.9.0-rc1_conda_rust	Zygosaccharomyces_rouxii_CBS_732	GCF_000026365.1	Ascomycota	legacy	runs/v1.9.0-rc1_conda_rust/genome_annotation/Zygosaccharomyces_rouxii_CBS_732/predict_results/Zygosaccharomyces_rouxii_CBS_732.gff3	4993	97.1	97.0	0.2	0.6	2.3	2137	results/reference_annotations/.cache/GCF_000026365.1_ASM2636v1_genomic.gff	5323	96.7	99.4	85.3	88.8	55.0	36.4	55.6	36.5	87.6	93.4	87.6	93.4	6.8	2.0	36.4	57.8	6.5	0.9	4993	5323	4956	4949	48	37	309	compared
v1.9.0-rc1_conda_rust	Zymoseptoria_tritici_IPO323	GCF_000219625.1	Ascomycota	legacy	runs/v1.9.0-rc1_conda_rust/genome_annotation/Zymoseptoria_tritici_IPO323/predict_results/Zymoseptoria_tritici_IPO323.gff3	12493	97.1	97.1	0.0	1.4	1.5	3786	results/reference_annotations/.cache/GCF_000219625.1_MYCGR_v2.0_genomic.gff	10941	88.4	80.7	48.4	47.8	62.4	67.2	46.3	41.9	46.9	41.1	47.0	41.1	15.2	19.3	29.7	23.5	7.9	16.1	12493	10941	10734	10500	340	1759	748	compared
v1.9.0-rc1_container	Allomyces_macrogynus_ATCC_38327	GCA_000151295.1	Blastocladiomycota	legacy	runs/v1.9.0-rc1_container/genome_annotation/Allomyces_macrogynus_ATCC_38327/predict_results/Allomyces_macrogynus_ATCC_38327.gff3	17765	85.8	27.2	58.6	2.8	11.5	758	results/reference_annotations/.cache/GCA_000151295.1_A_macrogynus_V3_genomic.gff	19266	75.8	96.3	54.8	57.1	78.0	79.1	52.0	53.0	47.5	53.4	49.2	53.4	12.5	6.6	12.9	12.2	9.6	3.4	17765	19266	17235	17154	740	530	1746	compared
v1.9.0-rc1_container	Aspergillus_clavatus_NRRL_1	GCF_000002715.2	Ascomycota	legacy	runs/v1.9.0-rc1_container/genome_annotation/Aspergillus_clavatus_NRRL_1/predict_results/Aspergillus_clavatus_NRRL_1.gff3	8975	97.2	97.2	0.1	1.3	1.5	3546	results/reference_annotations/.cache/GCF_000002715.2_ASM271v1_genomic.gff	9352	96.4	98.2	82.4	83.4	85.1	84.9	66.9	68.1	69.3	72.2	69.3	72.2	6.3	4.4	6.9	6.4	5.1	1.4	8975	9352	8872	8852	28	103	459	compared
v1.9.0-rc1_container	Aspergillus_fumigatus_Af293	GCF_000002655.1	Ascomycota	legacy	runs/v1.9.0-rc1_container/genome_annotation/Aspergillus_fumigatus_Af293/predict_results/Aspergillus_fumigatus_Af293.gff3	9948	96.2	96.0	0.2	2.1	1.7	3546	results/reference_annotations/.cache/GCF_000002655.1_ASM265v1_genomic.gff	10085	73.6	97.1	52.2	55.2	76.7	82.8	54.1	55.6	52.5	53.3	52.7	53.3	13.2	6.5	18.0	10.7	7.0	4.3	9948	10085	9643	9521	210	305	627	compared
v1.9.0-rc1_container	Batrachochytrium_dendrobatidis_JAM81	GCF_000203795.2	Chytridiomycota	legacy	runs/v1.9.0-rc1_container/genome_annotation/Batrachochytrium_dendrobatidis_JAM81/predict_results/Batrachochytrium_dendrobatidis_JAM81.gff3	8287	90.2	88.5	1.7	2.2	7.5	758	results/reference_annotations/.cache/GCF_000203795.2_v1.1_genomic.gff	8386	90.6	83.9	72.3	68.1	82.9	76.5	43.7	42.3	44.0	44.6	44.1	44.6	7.4	13.4	9.1	14.9	6.3	5.9	8287	8386	7922	7812	220	365	464	compared
v1.9.0-rc1_container	Blastomyces_dermatitidis_ER-3	GCF_000003525.1	Ascomycota	legacy	runs/v1.9.0-rc1_container/genome_annotation/Blastomyces_dermatitidis_ER-3/predict_results/Blastomyces_dermatitidis_ER-3.gff3	8444	97.4	97.3	0.1	1.2	1.4	3546	results/reference_annotations/.cache/GCF_000003525.1_BD_ER3_V1_genomic.gff	9886	53.3	97.8	36.1	49.2	65.3	86.1	39.8	54.9	35.6	50.0	42.0	50.0	23.4	3.7	26.2	5.2	20.1	3.3	8444	9886	8242	8153	1791	202	1726	compared
v1.9.0-rc1_container	Botrytis_cinerea_B05.10	GCF_000143535.2	Ascomycota	legacy	runs/v1.9.0-rc1_container/genome_annotation/Botrytis_cinerea_B05.10/predict_results/Botrytis_cinerea_B05.10.gff3	12145	98.3	98.3	0.1	1.1	0.6	3234	results/reference_annotations/.cache/GCF_000143535.2_ASM14353v4_genomic.gff	11698	69.5	97.9	40.3	44.4	83.3	93.2	64.5	76.4	57.3	64.6	67.1	64.6	9.1	3.5	13.5	4.9	3.3	5.9	12145	11698	11479	11428	108	666	362	compared
v1.9.0-rc1_container	Chaetomium_globosum_CBS_148.51	GCF_000143365.1	Ascomycota	legacy	runs/v1.9.0-rc1_container/genome_annotation/Chaetomium_globosum_CBS_148.51/predict_results/Chaetomium_globosum_CBS_148.51.gff3	11275	82.3	82.1	0.1	10.4	7.3	3817	results/reference_annotations/.cache/GCF_000143365.1_ASM14336v1_genomic.gff	11222	82.5	91.8	49.0	55.2	50.7	61.0	30.8	33.6	35.9	35.7	35.9	35.7	23.4	12.8	32.2	14.8	13.4	6.6	11275	11222	10742	10532	263	533	1366	compared
v1.9.0-rc1_container	Cokeromyces_recurvatus_NRRL_2243	GCF_025118155.1	Mucoromycota	legacy	runs/v1.9.0-rc1_container/genome_annotation/Cokeromyces_recurvatus_NRRL_2243/predict_results/Cokeromyces_recurvatus_NRRL_2243.gff3	10649	95.1	93.8	1.3	1.1	3.8	2449	results/reference_annotations/.cache/GCF_025118155.1_Cokrec1_genomic.gff	11064	85.6	91.9	68.1	67.0	84.9	82.0	51.4	50.6	47.7	49.6	49.1	49.6	8.1	8.9	9.9	12.4	8.0	5.9	10649	11064	10083	10022	545	566	823	compared
v1.9.0-rc1_container	Colletotrichum_graminicola_M1.001	GCF_000149035.1	Ascomycota	legacy	runs/v1.9.0-rc1_container/genome_annotation/Colletotrichum_graminicola_M1.001/predict_results/Colletotrichum_graminicola_M1.001.gff3	11806	97.9	97.7	0.2	1.4	0.7	3817	results/reference_annotations/.cache/GCF_000149035.1_C_graminicola_M1_001_V1_genomic.gff	12398	93.8	96.4	78.4	80.7	83.7	85.2	70.1	69.7	67.8	71.3	67.9	71.3	9.3	5.7	10.9	9.0	8.4	3.7	11806	12398	11408	11370	57	398	987	compared
v1.9.0-rc1_container	Cryptococcus_deneoformans_JEC21	GCF_000091045.1	Basidiomycota	legacy	runs/v1.9.0-rc1_container/genome_annotation/Cryptococcus_deneoformans_JEC21/predict_results/Cryptococcus_deneoformans_JEC21.gff3	7031	96.3	96.0	0.3	2.0	1.7	4284	results/reference_annotations/.cache/GCF_000091045.1_ASM9104v1_genomic.gff	6766	78.4	97.8	73.4	77.7	89.8	96.3	64.5	66.1	64.7	64.4	66.8	64.4	7.5	2.4	8.8	2.5	2.8	4.8	7031	6766	6730	6693	636	301	144	compared
v1.9.0-rc1_container	Cryptococcus_neoformans_H99	GCF_000149245.1	Basidiomycota	legacy	runs/v1.9.0-rc1_container/genome_annotation/Cryptococcus_neoformans_H99/predict_results/Cryptococcus_neoformans_H99.gff3	7061	96.1	96.0	0.1	2.1	1.8	4284	results/reference_annotations/.cache/GCF_000149245.1_CNA3_genomic.gff	8334	67.8	99.1	64.1	75.0	84.4	97.5	52.2	66.9	50.2	65.3	55.3	65.3	13.7	0.7	13.7	1.1	17.2	0.8	7061	8334	7020	7004	1789	41	853	compared
v1.9.0-rc1_container	Cystobasidium_minutum_MCA_4210	GCF_039999085.1	Basidiomycota	legacy	runs/v1.9.0-rc1_container/genome_annotation/Cystobasidium_minutum_MCA_4210/predict_results/Cystobasidium_minutum_MCA_4210.gff3	7168	90.9	90.7	0.2	1.9	7.2	1764	results/reference_annotations/.cache/GCF_039999085.1_Rhomi1_genomic.gff	7855	81.4	91.7	67.3	70.6	83.1	86.4	47.3	50.7	46.0	50.4	46.7	50.4	9.9	5.5	8.9	7.1	7.6	2.8	7168	7855	6983	6962	383	185	565	compared
v1.9.0-rc1_container	Dactylellina_haptotyla_CBS_200.50	GCF_000441935.1	Ascomycota	legacy	runs/v1.9.0-rc1_container/genome_annotation/Dactylellina_haptotyla_CBS_200.50/predict_results/Dactylellina_haptotyla_CBS_200.50.gff3	10842	93.1	93.1	0.0	2.8	4.2	1706	results/reference_annotations/.cache/GCF_000441935.1_MHA_v2_genomic.gff	10959	93.1	98.8	81.5	83.3	84.5	86.8	66.9	65.5	67.8	68.5	67.8	68.5	7.4	3.8	7.3	5.4	5.9	2.3	10842	10959	10632	10594	58	210	614	compared
v1.9.0-rc1_container	Drepanopeziza_brunnea_MB_m1	GCF_000298775.1	Ascomycota	legacy	runs/v1.9.0-rc1_container/genome_annotation/Drepanopeziza_brunnea_MB_m1/predict_results/Drepanopeziza_brunnea_MB_m1.gff3	9416	98.5	98.4	0.1	0.9	0.6	3234	results/reference_annotations/.cache/GCF_000298775.1_ASM29877v1_genomic.gff	10025	89.8	98.0	65.0	78.4	65.9	83.9	52.3	57.5	55.6	59.2	55.6	59.2	20.8	4.2	25.4	5.1	11.7	3.0	9416	10025	9218	9132	97	198	1117	compared
v1.9.0-rc1_container	Eremothecium_gossypii_ATCC_10895	GCF_000091025.4	Ascomycota	legacy	runs/v1.9.0-rc1_container/genome_annotation/Eremothecium_gossypii_ATCC_10895/predict_results/Eremothecium_gossypii_ATCC_10895.gff3	4597	96.0	95.9	0.1	0.6	3.4	2137	results/reference_annotations/.cache/GCF_000091025.4_ASM9102v4_genomic.gff	5314	92.2	99.5	70.8	75.4	52.5	25.0	47.6	24.2	74.1	85.7	74.2	85.7	11.5	2.4	32.6	67.8	10.6	0.8	4597	5314	4575	4560	54	22	528	compared
v1.9.0-rc1_container	Fusarium_oxysporum_4287	GCF_000149955.1	Ascomycota	legacy	runs/v1.9.0-rc1_container/genome_annotation/Fusarium_oxysporum_4287/predict_results/Fusarium_oxysporum_4287.gff3	17130	92.7	92.0	0.7	4.3	3.0	3817	results/reference_annotations/.cache/GCF_000149955.1_ASM14995v2_genomic.gff	21344	58.7	97.3	35.2	49.9	65.3	84.1	39.5	62.6	36.6	59.3	47.6	59.3	24.6	3.7	28.7	9.5	23.0	2.5	17130	21344	16801	16708	2579	329	4584	compared
v1.9.0-rc1_container	Fusarium_verticillioides_7600	GCF_000149555.1	Ascomycota	legacy	runs/v1.9.0-rc1_container/genome_annotation/Fusarium_verticillioides_7600/predict_results/Fusarium_verticillioides_7600.gff3	15067	97.1	96.9	0.2	2.0	1.0	3817	results/reference_annotations/.cache/GCF_000149555.1_ASM14955v1_genomic.gff	16286	70.1	98.5	47.8	59.8	77.9	91.3	52.1	76.6	51.0	71.0	65.8	71.0	14.2	2.6	18.6	5.5	9.2	1.5	15067	16286	14907	14835	1904	160	1362	compared
v1.9.0-rc1_container	Gaeumannomyces_tritici_R3-111a-1	GCF_000145635.1	Ascomycota	legacy	runs/v1.9.0-rc1_container/genome_annotation/Gaeumannomyces_tritici_R3-111a-1/predict_results/Gaeumannomyces_tritici_R3-111a-1.gff3	11573	95.6	95.4	0.2	2.8	1.6	3817	results/reference_annotations/.cache/GCF_000145635.1_Gae_graminis_V2_genomic.gff	14669	64.4	97.9	33.2	43.4	64.4	84.9	50.6	64.6	44.5	57.4	45.2	57.4	27.4	3.7	30.5	8.5	24.4	2.0	11573	14669	11434	11301	1115	139	3372	compared
v1.9.0-rc1_container	Kluyveromyces_lactis_NRRL_Y-1140	GCF_000002515.2	Ascomycota	legacy	runs/v1.9.0-rc1_container/genome_annotation/Kluyveromyces_lactis_NRRL_Y-1140/predict_results/Kluyveromyces_lactis_NRRL_Y-1140.gff3	5010	97.2	97.1	0.1	0.8	2.0	2137	results/reference_annotations/.cache/GCF_000002515.2_ASM251v1_genomic.gff	5335	97.0	99.0	85.6	89.0	60.2	39.5	62.0	39.3	87.9	93.6	88.0	93.6	7.2	2.6	33.0	56.1	6.7	1.1	5010	5335	4954	4953	36	56	330	compared
v1.9.0-rc1_container	Laccaria_bicolor_S238N-H82	GCF_000143565.1	Basidiomycota	legacy	runs/v1.9.0-rc1_container/genome_annotation/Laccaria_bicolor_S238N-H82/predict_results/Laccaria_bicolor_S238N-H82.gff3	15716	90.1	88.4	1.7	2.5	7.4	2898	results/reference_annotations/.cache/GCF_000143565.1_V1.0_genomic.gff	18213	77.2	76.9	47.7	55.4	55.7	64.8	18.4	21.0	18.4	21.4	18.5	21.4	30.8	20.8	32.6	21.9	28.8	18.2	15716	18213	13154	12849	517	2562	4980	compared
v1.9.0-rc1_container	Lachancea_thermotolerans_CBS_6340	GCF_000142805.1	Ascomycota	legacy	runs/v1.9.0-rc1_container/genome_annotation/Lachancea_thermotolerans_CBS_6340/predict_results/Lachancea_thermotolerans_CBS_6340.gff3	4651	87.8	87.7	0.1	2.6	9.5	2137	results/reference_annotations/.cache/GCF_000142805.1_ASM14280v1_genomic.gff	5384	86.5	98.8	66.4	67.7	60.7	21.5	59.6	21.1	68.7	79.5	68.7	79.5	14.6	5.0	31.1	75.6	14.4	1.7	4651	5384	4584	4574	40	67	739	compared
v1.9.0-rc1_container	Leptographium_clavigerum_kw1407	GCF_000143105.1	Ascomycota	legacy	runs/v1.9.0-rc1_container/genome_annotation/Leptographium_clavigerum_kw1407/predict_results/Leptographium_clavigerum_kw1407.gff3	7924	89.7	89.6	0.2	3.0	7.3	3817	results/reference_annotations/.cache/GCF_000143105.1_Sanger-454-IlluminaPA_2.0_genomic.gff	8311	87.6	97.8	64.6	72.2	67.5	78.2	50.5	52.4	53.2	55.8	53.2	55.8	15.7	4.3	20.7	8.3	11.5	3.3	7924	8311	7692	7667	92	232	909	compared
v1.9.0-rc1_container	Letharia_columbiana_WasteWater2	GCF_014066305.1	Ascomycota	legacy	runs/v1.9.0-rc1_container/genome_annotation/Letharia_columbiana_WasteWater2/predict_results/Letharia_columbiana_WasteWater2.gff3	11529	93.2	90.2	3.0	2.5	4.3	1706	results/reference_annotations/.cache/GCF_014066305.1_Lecol_v1.0_genomic.gff	13385	91.9	96.1	65.7	72.6	71.7	77.3	47.8	51.2	48.3	56.1	48.3	56.1	15.5	6.4	17.3	11.7	11.8	3.0	11529	13385	11267	11189	157	262	1456	compared
v1.9.0-rc1_container	Lipomyces_tetrasporus_NRRL_Y-64009	GCF_029532465.1	Ascomycota	legacy	runs/v1.9.0-rc1_container/genome_annotation/Lipomyces_tetrasporus_NRRL_Y-64009/predict_results/Lipomyces_tetrasporus_NRRL_Y-64009.gff3	7868	86.8	85.8	1.0	5.9	7.3	2137	results/reference_annotations/.cache/GCF_029532465.1_Liptet1_genomic.gff	8094	78.6	96.2	49.2	53.3	80.0	88.9	64.5	67.4	57.5	59.2	58.2	59.2	11.8	4.0	16.7	7.4	6.9	3.4	7868	8094	7636	7599	232	232	544	compared
v1.9.0-rc1_container	Malassezia_globosa_CBS_7966	GCF_000181695.2	Basidiomycota	legacy	runs/v1.9.0-rc1_container/genome_annotation/Malassezia_globosa_CBS_7966/predict_results/Malassezia_globosa_CBS_7966.gff3	4381	82.5	82.4	0.1	4.3	13.2	1764	results/reference_annotations/.cache/GCF_000181695.2_ASM18169v2_genomic.gff	4278	94.9	89.6	51.7	39.2	63.4	32.9	38.0	18.2	49.3	48.1	49.3	48.1	9.4	26.8	24.1	59.2	4.8	9.3	4381	4278	3996	3974	80	385	174	compared
v1.9.0-rc1_container	Malassezia_sympodialis_ATCC_42132	GCF_000349305.1	Basidiomycota	legacy	runs/v1.9.0-rc1_container/genome_annotation/Malassezia_sympodialis_ATCC_42132/predict_results/Malassezia_sympodialis_ATCC_42132.gff3	4050	80.6	80.6	0.0	3.6	15.8	1764	results/reference_annotations/.cache/GCF_000349305.1_ASM34930v2_genomic.gff	3318	92.7	82.2	39.1	29.1	43.4	28.3	24.3	19.0	31.4	27.2	31.4	27.2	9.9	27.1	32.7	53.7	5.5	16.5	4050	3318	3253	3216	140	797	114	compared
v1.9.0-rc1_container	Mixia_osmundae_IAM_14324	GCF_000708205.1	Basidiomycota	legacy	runs/v1.9.0-rc1_container/genome_annotation/Mixia_osmundae_IAM_14324/predict_results/Mixia_osmundae_IAM_14324.gff3	6337	88.5	87.5	1.0	3.2	8.3	1764	results/reference_annotations/.cache/GCF_000708205.1_Mixia_osmundae_v1.0_genomic.gff	6838	84.4	97.6	56.9	67.0	69.0	83.3	36.6	38.8	35.8	38.6	37.1	38.6	16.5	2.2	20.9	5.8	11.6	1.1	6337	6838	6285	6268	1179	52	731	compared
v1.9.0-rc1_container	Morchella_importuna_M04M26	GCF_003444635.1	Ascomycota	legacy	runs/v1.9.0-rc1_container/genome_annotation/Morchella_importuna_M04M26/predict_results/Morchella_importuna_M04M26.gff3	11756	93.6	92.4	1.2	3.5	2.9	1706	results/reference_annotations/.cache/GCF_003444635.1_ASM344463v2_genomic.gff	11642	91.9	91.2	67.5	77.0	72.0	86.6	53.9	54.8	54.0	53.5	54.1	53.5	18.0	9.2	24.0	8.7	12.0	12.5	11756	11642	10363	10301	111	1393	1298	compared
v1.9.0-rc1_container	Morchella_sextelata_SCLS	GCF_020137385.1	Ascomycota	legacy	runs/v1.9.0-rc1_container/genome_annotation/Morchella_sextelata_SCLS/predict_results/Morchella_sextelata_SCLS.gff3	12392	95.7	93.6	2.2	2.7	1.6	1706	results/reference_annotations/.cache/GCF_020137385.1_ASM2013738v1_genomic.gff	13182	82.8	92.8	67.4	77.4	72.0	85.5	57.4	57.6	53.3	56.7	53.3	56.7	19.2	9.3	23.7	9.3	17.9	11.6	12392	13182	11037	10954	108	1355	2257	compared
v1.9.0-rc1_container	Mucor_mucedo_NRRL_3635	GCF_025094135.1	Mucoromycota	legacy	runs/v1.9.0-rc1_container/genome_annotation/Mucor_mucedo_NRRL_3635/predict_results/Mucor_mucedo_NRRL_3635.gff3	15338	94.8	93.8	1.0	0.7	4.5	2449	results/reference_annotations/.cache/GCF_025094135.1_Mucmuc1_genomic.gff	14225	84.0	83.7	63.6	58.9	80.3	74.4	52.1	46.7	49.4	45.8	50.3	45.8	11.8	17.5	14.4	19.9	10.1	16.3	15338	14225	12962	12843	755	2376	1295	compared
v1.9.0-rc1_container	Nakaseomyces_glabratus_CBS_138	GCF_000002545.3	Ascomycota	legacy	runs/v1.9.0-rc1_container/genome_annotation/Nakaseomyces_glabratus_CBS_138/predict_results/Nakaseomyces_glabratus_CBS_138.gff3	5154	96.5	95.6	1.0	0.8	2.6	2137	results/reference_annotations/.cache/GCF_000002545.3_ASM254v2_genomic.gff	5458	96.7	98.8	80.2	78.2	25.3	7.2	24.0	7.6	82.8	87.7	82.8	87.7	5.9	5.0	53.9	86.6	4.7	1.1	5154	5458	5113	5097	29	41	243	compared
v1.9.0-rc1_container	Orbilia_oligospora_ATCC_24927	GCF_000225545.1	Ascomycota	legacy	runs/v1.9.0-rc1_container/genome_annotation/Orbilia_oligospora_ATCC_24927/predict_results/Orbilia_oligospora_ATCC_24927.gff3	11793	96.0	95.8	0.2	1.6	2.4	1706	results/reference_annotations/.cache/GCF_000225545.1_AOL24927_1.0_genomic.gff	11479	97.6	96.8	87.3	82.9	92.1	86.4	75.8	70.5	73.7	71.7	73.7	71.7	3.1	7.1	3.8	9.2	2.2	5.2	11793	11479	11198	11179	30	595	230	compared
v1.9.0-rc1_container	Parastagonospora_nodorum_SN15	GCF_000146915.1	Ascomycota	legacy	runs/v1.9.0-rc1_container/genome_annotation/Parastagonospora_nodorum_SN15/predict_results/Parastagonospora_nodorum_SN15.gff3	13502	90.3	90.1	0.1	6.1	3.6	3786	results/reference_annotations/.cache/GCF_000146915.1_ASM14691v2_genomic.gff	16087	86.3	90.6	40.2	47.4	47.8	55.9	26.4	33.4	30.8	36.8	30.8	36.8	22.7	12.1	34.1	20.3	20.2	2.0	13502	16087	13281	13212	350	221	3044	compared
v1.9.0-rc1_container	Phycomyces_blakesleeanus_NRRL_1555_-	GCF_001638985.1	Mucoromycota	legacy	runs/v1.9.0-rc1_container/genome_annotation/Phycomyces_blakesleeanus_NRRL_1555_-/predict_results/Phycomyces_blakesleeanus_NRRL_1555_-.gff3	15059	96.5	94.7	1.8	1.2	2.3	2449	results/reference_annotations/.cache/GCF_001638985.1_Phybl2_genomic.gff	16850	75.8	79.3	55.2	60.7	65.1	71.3	33.1	37.2	34.4	38.5	34.6	38.5	24.8	17.3	26.3	18.5	21.0	8.9	15059	16850	14084	13735	543	975	3289	compared
v1.9.0-rc1_container	Pneumocystis_murina_B123	GCF_000349005.2	Ascomycota	legacy	runs/v1.9.0-rc1_container/genome_annotation/Pneumocystis_murina_B123/predict_results/Pneumocystis_murina_B123.gff3	3206	66.9	66.8	0.1	3.2	29.9	1706	results/reference_annotations/.cache/GCF_000349005.2_Pneumo_murina_B123_V4_genomic.gff	3675	87.9	98.6	71.6	69.3	81.9	76.8	31.1	35.1	32.1	36.8	32.2	36.8	8.9	5.7	8.5	14.2	8.4	0.7	3206	3675	3196	3186	241	10	247	compared
v1.9.0-rc1_container	Protomyces_lactucae-debilis_12-1054	GCF_002105105.1	Ascomycota	legacy	runs/v1.9.0-rc1_container/genome_annotation/Protomyces_lactucae-debilis_12-1054/predict_results/Protomyces_lactucae-debilis_12-1054.gff3	6234	81.6	81.5	0.1	2.8	15.7	1706	results/reference_annotations/.cache/GCF_002105105.1_Prola1_genomic.gff	6767	81.8	90.2	37.7	39.1	63.8	61.8	54.1	47.7	46.7	50.7	48.7	50.7	14.6	8.8	30.2	32.3	12.0	5.3	6234	6767	5990	5905	934	244	679	compared
v1.9.0-rc1_container	Pseudogymnoascus_destructans_20631-21	GCF_000184105.1	Ascomycota	legacy	runs/v1.9.0-rc1_container/genome_annotation/Pseudogymnoascus_destructans_20631-21/predict_results/Pseudogymnoascus_destructans_20631-21.gff3	8821	95.0	95.0	0.0	3.3	1.7	3234	results/reference_annotations/.cache/GCF_000184105.1_Geom_destructans_V1_genomic.gff	9223	71.0	96.7	42.4	45.9	78.9	87.0	64.1	65.2	55.6	58.7	56.1	58.7	14.0	5.8	17.1	8.7	11.9	5.9	8821	9223	8387	8306	621	434	993	compared
v1.9.0-rc1_container	Pyrenophora_teres_0-1	GCF_000166005.1	Ascomycota	legacy	runs/v1.9.0-rc1_container/genome_annotation/Pyrenophora_teres_0-1/predict_results/Pyrenophora_teres_0-1.gff3	7523	67.8	67.5	0.4	10.4	21.8	3786	results/reference_annotations/.cache/GCF_000166005.1_PyrTer_1.0_genomic.gff	11799	56.1	99.4	46.2	66.6	54.8	74.9	38.8	49.5	33.1	52.0	33.1	52.0	39.6	2.8	39.2	17.4	39.1	1.5	7523	11799	7423	7407	17	100	4601	compared
v1.9.0-rc1_container	Pyrenophora_tritici-repentis_Pt-1C-BFP	GCF_000149985.1	Ascomycota	legacy	runs/v1.9.0-rc1_container/genome_annotation/Pyrenophora_tritici-repentis_Pt-1C-BFP/predict_results/Pyrenophora_tritici-repentis_Pt-1C-BFP.gff3	11664	96.2	96.1	0.2	2.1	1.6	3786	results/reference_annotations/.cache/GCF_000149985.1_ASM14998v1_genomic.gff	12275	86.6	92.8	56.6	61.8	67.5	75.2	50.1	52.9	51.6	54.4	51.6	54.4	16.0	8.9	22.3	11.2	11.8	4.8	11664	12275	11157	11088	233	507	1396	compared
v1.9.0-rc1_container	Pyricularia_oryzae_70-15	GCF_000002495.2	Ascomycota	legacy	runs/v1.9.0-rc1_container/genome_annotation/Pyricularia_oryzae_70-15/predict_results/Pyricularia_oryzae_70-15.gff3	10902	97.4	97.2	0.2	1.2	1.4	3817	results/reference_annotations/.cache/GCF_000002495.2_MG8_genomic.gff	13053	67.5	97.8	34.6	44.8	64.4	86.2	50.4	65.8	48.4	59.3	49.4	59.3	24.9	3.1	28.1	5.1	19.0	2.0	10902	13053	10733	10596	907	169	2391	compared
v1.9.0-rc1_container	Rhizopus_delemar_RA_99-880	GCF_000149305.1	Mucoromycota	legacy	runs/v1.9.0-rc1_container/genome_annotation/Rhizopus_delemar_RA_99-880/predict_results/Rhizopus_delemar_RA_99-880.gff3	15105	93.4	86.3	7.1	3.9	2.7	2449	results/reference_annotations/.cache/GCF_000149305.1_RO3_genomic.gff	17702	76.9	81.4	55.4	54.4	65.5	60.0	26.1	27.8	27.2	31.9	27.2	31.9	19.8	22.3	20.6	24.9	24.1	10.0	15105	17702	13764	13601	238	1341	4101	compared
v1.9.0-rc1_container	Rhizopus_microsporus_ATCC_52813	GCF_002708625.1	Mucoromycota	legacy	runs/v1.9.0-rc1_container/genome_annotation/Rhizopus_microsporus_ATCC_52813/predict_results/Rhizopus_microsporus_ATCC_52813.gff3	10402	97.0	96.6	0.4	1.1	1.9	2449	results/reference_annotations/.cache/GCF_002708625.1_Rhimi1_1_genomic.gff	10958	85.5	90.9	72.0	69.2	88.5	82.6	56.7	54.2	51.0	53.8	52.5	53.8	7.3	8.8	7.5	13.6	9.3	6.0	10402	10958	9820	9775	517	582	967	compared
v1.9.0-rc1_container	Rhodotorula_graminis_WP1	GCF_001329695.1	Basidiomycota	legacy	runs/v1.9.0-rc1_container/genome_annotation/Rhodotorula_graminis_WP1/predict_results/Rhodotorula_graminis_WP1.gff3	7475	97.3	97.1	0.2	0.6	2.2	1764	results/reference_annotations/.cache/GCF_001329695.1_Rhoba1_1_genomic.gff	7373	92.0	86.8	80.8	74.7	90.2	82.4	51.0	49.5	51.3	50.6	51.6	50.6	3.2	9.3	3.9	11.9	1.7	3.6	7475	7373	7234	7209	211	241	110	compared
v1.9.0-rc1_container	Rhodotorula_toruloides_NP11	GCF_000320785.1	Basidiomycota	legacy	runs/v1.9.0-rc1_container/genome_annotation/Rhodotorula_toruloides_NP11/predict_results/Rhodotorula_toruloides_NP11.gff3	7774	96.8	96.6	0.2	1.5	1.6	1764	results/reference_annotations/.cache/GCF_000320785.1_RHOziaDV1.0_genomic.gff	8141	90.4	99.0	85.0	87.3	88.6	90.7	56.1	58.9	55.3	58.2	55.3	58.2	6.0	1.7	5.1	3.6	5.4	2.0	7774	8141	7610	7600	25	164	421	compared
v1.9.0-rc1_container	Saccharomyces_cerevisiae_S288C	GCF_000146045.2	Ascomycota	legacy	runs/v1.9.0-rc1_container/genome_annotation/Saccharomyces_cerevisiae_S288C/predict_results/Saccharomyces_cerevisiae_S288C.gff3	5676	97.6	95.5	2.2	0.7	1.7	2137	results/reference_annotations/.cache/GCF_000146045.2_R64_genomic.gff	6459	92.5	99.7	81.6	93.3	57.1	67.5	56.9	67.0	83.9	95.8	85.3	95.8	12.6	0.9	38.9	27.5	10.9	0.2	5676	6459	5659	5653	65	17	698	compared
v1.9.0-rc1_container	Schizophyllum_commune_H4-8	GCF_000143185.2	Basidiomycota	legacy	runs/v1.9.0-rc1_container/genome_annotation/Schizophyllum_commune_H4-8/predict_results/Schizophyllum_commune_H4-8.gff3	11888	84.2	83.4	0.8	6.0	9.8	2898	results/reference_annotations/.cache/GCF_000143185.2_Schco3_genomic.gff	16466	60.2	94.5	49.5	66.9	64.1	86.0	30.7	38.1	28.2	39.1	29.4	39.1	30.0	4.1	30.5	6.9	29.6	2.1	11888	16466	11719	11648	698	169	4782	compared
v1.9.0-rc1_container	Sclerotinia_sclerotiorum_1980	GCF_000146945.2	Ascomycota	legacy	runs/v1.9.0-rc1_container/genome_annotation/Sclerotinia_sclerotiorum_1980/predict_results/Sclerotinia_sclerotiorum_1980.gff3	10856	94.9	94.8	0.0	2.4	2.7	3234	results/reference_annotations/.cache/GCF_000146945.2_ASM14694v2_genomic.gff	14710	86.9	91.2	51.9	67.3	56.1	71.0	36.6	47.2	37.1	50.3	37.1	50.3	29.3	9.9	31.8	9.9	29.3	3.4	10856	14710	10637	10491	260	219	4068	compared
v1.9.0-rc1_container	Spizellomyces_punctatus_DAOM_BR117	GCF_000182565.1	Chytridiomycota	legacy	runs/v1.9.0-rc1_container/genome_annotation/Spizellomyces_punctatus_DAOM_BR117/predict_results/Spizellomyces_punctatus_DAOM_BR117.gff3	8324	90.2	89.2	1.1	2.5	7.3	758	results/reference_annotations/.cache/GCF_000182565.1_S_punctatus_V1_genomic.gff	9164	76.3	97.8	62.7	71.2	79.1	90.0	39.9	46.0	40.6	47.0	42.7	47.0	13.0	2.0	13.4	3.5	9.5	1.8	8324	9164	8216	8174	1334	108	668	compared
v1.9.0-rc1_container	Sporobolomyces_koalae_JCM15063	GCF_050403365.1	Basidiomycota	legacy	runs/v1.9.0-rc1_container/genome_annotation/Sporobolomyces_koalae_JCM15063/predict_results/Sporobolomyces_koalae_JCM15063.gff3	6489	93.3	93.3	0.0	1.8	5.0	1764	results/reference_annotations/.cache/GCF_050403365.1_S_koalae_JCM15063v1_genomic.gff	6590	92.7	98.5	83.1	85.7	85.6	88.5	50.6	51.6	50.0	50.7	50.0	50.7	6.3	2.6	5.1	3.3	4.0	3.8	6489	6590	6245	6243	20	244	252	compared
v1.9.0-rc1_container	Sporobolomyces_salmoneus_JCM6883	GCF_050403485.1	Basidiomycota	legacy	runs/v1.9.0-rc1_container/genome_annotation/Sporobolomyces_salmoneus_JCM6883/predict_results/Sporobolomyces_salmoneus_JCM6883.gff3	7256	92.5	92.5	0.1	2.4	5.0	1764	results/reference_annotations/.cache/GCF_050403485.1_S_salmoneus_JCM6883v1_genomic.gff	7657	89.7	98.8	84.6	87.4	87.9	90.5	55.8	58.0	54.0	56.9	54.0	56.9	7.0	2.8	5.4	3.4	7.8	3.6	7256	7657	7002	6996	12	254	594	compared
v1.9.0-rc1_container	Sugiyamaella_lignohabitans_CBS_10342	GCF_001640025.1	Ascomycota	legacy	runs/v1.9.0-rc1_container/genome_annotation/Sugiyamaella_lignohabitans_CBS_10342/predict_results/Sugiyamaella_lignohabitans_CBS_10342.gff3	5924	93.5	93.0	0.5	2.2	4.3	2137	results/reference_annotations/.cache/GCF_001640025.1_ASM164002v2_genomic.gff	5341	95.4	84.1	55.5	32.7	26.3	1.6	23.0	1.8	57.7	52.0	57.7	52.0	4.9	40.9	25.4	95.0	3.6	17.6	5924	5341	4905	4883	114	1019	80	compared
v1.9.0-rc1_container	Synchytrium_microbalum_JEL517	GCF_006535985.1	Chytridiomycota	legacy	runs/v1.9.0-rc1_container/genome_annotation/Synchytrium_microbalum_JEL517/predict_results/Synchytrium_microbalum_JEL517.gff3	8929	86.5	85.4	1.2	3.2	10.3	758	results/reference_annotations/.cache/GCF_006535985.1_ASM653598v1_genomic.gff	6304	93.5	73.7	84.7	67.8	86.1	70.4	49.1	35.5	49.4	34.9	49.4	34.9	7.3	25.5	4.9	24.0	4.3	32.9	8929	6304	6011	5996	29	2918	259	compared
v1.9.0-rc1_container	Talaromyces_marneffei_ATCC_18224	GCF_000001985.1	Ascomycota	legacy	runs/v1.9.0-rc1_container/genome_annotation/Talaromyces_marneffei_ATCC_18224/predict_results/Talaromyces_marneffei_ATCC_18224.gff3	10025	97.2	96.9	0.3	1.5	1.3	3546	results/reference_annotations/.cache/GCF_000001985.1_JCVI-PMFA1-2.0_genomic.gff	10134	81.8	98.2	61.9	66.7	82.9	89.8	65.7	72.9	65.0	69.7	69.0	69.7	9.1	3.6	12.9	5.6	5.2	2.3	10025	10134	9829	9799	626	196	489	compared
v1.9.0-rc1_container	Talaromyces_stipitatus_ATCC_10500	GCF_000003125.1	Ascomycota	legacy	runs/v1.9.0-rc1_container/genome_annotation/Talaromyces_stipitatus_ATCC_10500/predict_results/Talaromyces_stipitatus_ATCC_10500.gff3	11373	98.1	97.6	0.5	0.8	1.2	3546	results/reference_annotations/.cache/GCF_000003125.1_JCVI-TSTA1-3.0_genomic.gff	12559	77.6	97.4	51.1	63.1	67.3	85.6	45.9	65.6	46.7	54.8	49.6	54.8	19.2	4.6	25.7	5.9	13.6	3.0	11373	12559	11074	11034	804	299	1679	compared
v1.9.0-rc1_container	Tilletiaria_anomala_UBC_951	GCF_000711695.1	Basidiomycota	legacy	runs/v1.9.0-rc1_container/genome_annotation/Tilletiaria_anomala_UBC_951/predict_results/Tilletiaria_anomala_UBC_951.gff3	6172	94.8	94.8	0.0	1.1	4.1	1764	results/reference_annotations/.cache/GCF_000711695.1_Tilletiaria_anomala_UBC_951_v1.0_genomic.gff	6868	81.6	92.3	54.6	58.5	84.7	89.2	67.6	70.2	59.3	66.0	60.7	66.0	10.3	4.5	12.1	7.4	11.9	3.5	6172	6868	6006	5953	678	166	765	compared
v1.9.0-rc1_container	Tilletiopsis_washingtonensis_MCA_4186	GCF_003144115.1	Basidiomycota	legacy	runs/v1.9.0-rc1_container/genome_annotation/Tilletiopsis_washingtonensis_MCA_4186/predict_results/Tilletiopsis_washingtonensis_MCA_4186.gff3	6423	91.6	91.4	0.2	2.0	6.5	1764	results/reference_annotations/.cache/GCF_003144115.1_Tilwa1_genomic.gff	7053	82.4	92.7	73.1	72.3	92.6	89.0	67.0	66.3	59.1	64.9	60.8	64.9	5.0	4.7	4.4	8.0	9.3	3.0	6423	7053	6298	6228	838	125	519	compared
v1.9.0-rc1_container	Tremella_mesenterica_Fries	GCF_000271645.1	Basidiomycota	legacy	runs/v1.9.0-rc1_container/genome_annotation/Tremella_mesenterica_Fries/predict_results/Tremella_mesenterica_Fries.gff3	7742	91.8	91.5	0.3	2.6	5.6	4284	results/reference_annotations/.cache/GCF_000271645.1_Treme1_genomic.gff	8291	85.3	85.6	67.4	69.5	76.6	78.3	32.5	34.6	32.8	35.1	32.8	35.1	12.0	11.3	13.3	11.3	13.1	6.9	7742	8291	7283	7207	174	459	1028	compared
v1.9.0-rc1_container	Tricharina_praecox_CBS_144465	GCF_024521635.1	Ascomycota	legacy	runs/v1.9.0-rc1_container/genome_annotation/Tricharina_praecox_CBS_144465/predict_results/Tricharina_praecox_CBS_144465.gff3	10223	95.0	92.6	2.4	1.3	3.7	1706	results/reference_annotations/.cache/GCF_024521635.1_Tripra1_genomic.gff	10716	77.1	91.0	51.2	53.8	79.8	84.0	60.8	60.5	53.6	56.2	54.9	56.2	13.3	8.8	15.9	11.1	12.6	9.3	10223	10716	9396	9273	287	827	1270	compared
v1.9.0-rc1_container	Trichosporon_asahii_CBS_2479	GCF_000293215.1	Basidiomycota	legacy	runs/v1.9.0-rc1_container/genome_annotation/Trichosporon_asahii_CBS_2479/predict_results/Trichosporon_asahii_CBS_2479.gff3	8872	88.7	88.0	0.7	4.1	7.2	4284	results/reference_annotations/.cache/GCF_000293215.1_Trichosporon_asahii_1_genomic.gff	8834	88.0	91.0	51.5	45.0	47.2	38.8	25.7	22.5	33.2	33.1	33.2	33.1	11.4	19.0	14.2	25.6	8.0	6.8	8872	8834	8347	8268	120	525	639	compared
v1.9.0-rc1_container	Umbelopsis_ramanniana_AG	GCF_025399195.1	Mucoromycota	legacy	runs/v1.9.0-rc1_container/genome_annotation/Umbelopsis_ramanniana_AG/predict_results/Umbelopsis_ramanniana_AG.gff3	9331	90.9	89.0	2.0	0.7	8.3	2449	results/reference_annotations/.cache/GCF_025399195.1_Umbra1_genomic.gff	10037	82.1	91.2	70.3	68.3	91.9	86.8	59.6	58.2	52.6	56.6	55.1	56.6	4.9	7.0	5.2	10.2	7.1	4.3	9331	10037	8987	8928	942	344	612	compared
v1.9.0-rc1_container	Uncinocarpus_reesii_1704	GCF_000003515.1	Ascomycota	legacy	runs/v1.9.0-rc1_container/genome_annotation/Uncinocarpus_reesii_1704/predict_results/Uncinocarpus_reesii_1704.gff3	7569	90.9	90.7	0.2	4.2	4.9	3546	results/reference_annotations/.cache/GCF_000003515.1_ASM351v2_genomic.gff	7855	93.8	92.2	64.1	64.3	67.5	66.7	41.3	43.3	44.7	46.4	44.7	46.4	12.7	13.0	17.1	15.9	9.5	4.4	7569	7855	7296	7234	90	273	685	compared
v1.9.0-rc1_container	Wallemia_mellicola_CBS_633.66	GCF_000263375.1	Basidiomycota	legacy	runs/v1.9.0-rc1_container/genome_annotation/Wallemia_mellicola_CBS_633.66/predict_results/Wallemia_mellicola_CBS_633.66.gff3	4939	86.5	86.2	0.3	2.4	11.1	1764	results/reference_annotations/.cache/GCF_000263375.1_Wallemia_sebi_v1.0_genomic.gff	5393	76.5	94.3	65.1	68.9	79.6	83.1	48.9	51.5	47.4	51.7	50.4	51.7	11.7	5.8	14.1	10.5	6.2	2.1	4939	5393	4867	4838	1415	72	252	compared
v1.9.0-rc1_container	Yarrowia_lipolytica_CLIB122	GCF_000002525.2	Ascomycota	legacy	runs/v1.9.0-rc1_container/genome_annotation/Yarrowia_lipolytica_CLIB122/predict_results/Yarrowia_lipolytica_CLIB122.gff3	6885	94.8	94.3	0.4	1.9	3.3	2137	results/reference_annotations/.cache/GCF_000002525.2_ASM252v1_genomic.gff	7139	94.5	97.6	72.0	72.5	56.4	49.3	51.5	47.4	77.1	80.1	77.4	80.1	8.7	9.2	37.7	45.5	6.4	3.4	6885	7139	6657	6649	10	228	452	compared
v1.9.0-rc1_container	Zygosaccharomyces_rouxii_CBS_732	GCF_000026365.1	Ascomycota	legacy	runs/v1.9.0-rc1_container/genome_annotation/Zygosaccharomyces_rouxii_CBS_732/predict_results/Zygosaccharomyces_rouxii_CBS_732.gff3	4996	97.2	97.0	0.2	0.6	2.2	2137	results/reference_annotations/.cache/GCF_000026365.1_ASM2636v1_genomic.gff	5323	96.7	99.3	85.0	88.1	55.9	35.0	56.5	35.0	87.3	93.0	87.3	93.0	6.7	2.0	35.5	59.5	6.4	0.9	4996	5323	4959	4952	48	37	304	compared
v1.9.0-rc1_container	Zymoseptoria_tritici_IPO323	GCF_000219625.1	Ascomycota	legacy	runs/v1.9.0-rc1_container/genome_annotation/Zymoseptoria_tritici_IPO323/predict_results/Zymoseptoria_tritici_IPO323.gff3	12486	97.3	97.2	0.1	1.3	1.4	3786	results/reference_annotations/.cache/GCF_000219625.1_MYCGR_v2.0_genomic.gff	10941	88.3	80.7	48.4	47.9	62.4	67.2	46.4	42.0	47.0	41.2	47.1	41.2	15.2	19.4	29.7	23.4	7.9	16.1	12486	10941	10730	10498	336	1756	754	compared
v1.9.0-rc1_container_rust	Allomyces_macrogynus_ATCC_38327	GCA_000151295.1	Blastocladiomycota	legacy	runs/v1.9.0-rc1_container_rust/genome_annotation/Allomyces_macrogynus_ATCC_38327/predict_results/Allomyces_macrogynus_ATCC_38327.gff3	17453	85.1	28.1	57.0	2.9	12.0	758	results/reference_annotations/.cache/GCA_000151295.1_A_macrogynus_V3_genomic.gff	19266	74.9	96.4	54.0	57.1	77.0	79.2	51.1	53.0	46.7	53.4	48.4	53.4	13.6	6.5	14.1	12.2	10.9	3.3	17453	19266	16952	16872	729	501	1983	compared
v1.9.0-rc1_container_rust	Aspergillus_clavatus_NRRL_1	GCF_000002715.2	Ascomycota	legacy	runs/v1.9.0-rc1_container_rust/genome_annotation/Aspergillus_clavatus_NRRL_1/predict_results/Aspergillus_clavatus_NRRL_1.gff3	8979	97.2	97.2	0.1	1.3	1.5	3546	results/reference_annotations/.cache/GCF_000002715.2_ASM271v1_genomic.gff	9352	96.5	98.2	82.5	83.5	85.2	85.0	67.0	68.2	69.4	72.3	69.4	72.3	6.3	4.5	6.8	6.4	5.1	1.4	8979	9352	8876	8856	28	103	459	compared
v1.9.0-rc1_container_rust	Aspergillus_fumigatus_Af293	GCF_000002655.1	Ascomycota	legacy	runs/v1.9.0-rc1_container_rust/genome_annotation/Aspergillus_fumigatus_Af293/predict_results/Aspergillus_fumigatus_Af293.gff3	9896	95.7	95.5	0.2	2.1	2.2	3546	results/reference_annotations/.cache/GCF_000002655.1_ASM265v1_genomic.gff	10085	73.4	97.2	52.0	55.2	76.4	82.7	53.9	55.7	52.5	53.5	52.6	53.5	13.6	6.5	18.3	10.7	7.4	4.3	9896	10085	9594	9473	209	302	666	compared
v1.9.0-rc1_container_rust	Batrachochytrium_dendrobatidis_JAM81	GCF_000203795.2	Chytridiomycota	legacy	runs/v1.9.0-rc1_container_rust/genome_annotation/Batrachochytrium_dendrobatidis_JAM81/predict_results/Batrachochytrium_dendrobatidis_JAM81.gff3	8272	89.8	88.1	1.7	2.6	7.5	758	results/reference_annotations/.cache/GCF_000203795.2_v1.1_genomic.gff	8386	90.6	83.9	72.3	68.0	82.9	76.4	43.8	42.4	44.2	44.8	44.2	44.8	7.4	13.4	9.2	15.0	6.3	5.8	8272	8386	7912	7804	219	360	462	compared
v1.9.0-rc1_container_rust	Blastomyces_dermatitidis_ER-3	GCF_000003525.1	Ascomycota	legacy	runs/v1.9.0-rc1_container_rust/genome_annotation/Blastomyces_dermatitidis_ER-3/predict_results/Blastomyces_dermatitidis_ER-3.gff3	8437	97.3	97.2	0.1	1.2	1.5	3546	results/reference_annotations/.cache/GCF_000003525.1_BD_ER3_V1_genomic.gff	9886	53.3	97.8	36.1	49.2	65.2	86.1	39.7	55.0	35.6	50.1	42.0	50.1	23.5	3.7	26.2	5.2	20.1	3.3	8437	9886	8236	8147	1789	201	1731	compared
v1.9.0-rc1_container_rust	Botrytis_cinerea_B05.10	GCF_000143535.2	Ascomycota	legacy	runs/v1.9.0-rc1_container_rust/genome_annotation/Botrytis_cinerea_B05.10/predict_results/Botrytis_cinerea_B05.10.gff3	12139	98.2	98.2	0.1	1.1	0.6	3234	results/reference_annotations/.cache/GCF_000143535.2_ASM14353v4_genomic.gff	11698	69.5	98.0	40.3	44.4	83.3	93.2	64.5	76.5	57.3	64.6	67.1	64.6	9.1	3.5	13.4	4.8	3.3	5.9	12139	11698	11477	11426	109	662	363	compared
v1.9.0-rc1_container_rust	Chaetomium_globosum_CBS_148.51	GCF_000143365.1	Ascomycota	legacy	runs/v1.9.0-rc1_container_rust/genome_annotation/Chaetomium_globosum_CBS_148.51/predict_results/Chaetomium_globosum_CBS_148.51.gff3	11238	82.2	82.1	0.1	10.2	7.5	3817	results/reference_annotations/.cache/GCF_000143365.1_ASM14336v1_genomic.gff	11222	82.3	91.8	48.8	55.1	50.5	60.9	30.8	33.6	35.7	35.7	35.7	35.7	23.7	12.9	32.4	14.8	13.6	6.7	11238	11222	10705	10491	268	533	1390	compared
v1.9.0-rc1_container_rust	Cokeromyces_recurvatus_NRRL_2243	GCF_025118155.1	Mucoromycota	legacy	runs/v1.9.0-rc1_container_rust/genome_annotation/Cokeromyces_recurvatus_NRRL_2243/predict_results/Cokeromyces_recurvatus_NRRL_2243.gff3	10664	95.1	93.8	1.3	1.2	3.8	2449	results/reference_annotations/.cache/GCF_025118155.1_Cokrec1_genomic.gff	11064	85.7	92.0	68.2	67.0	85.0	82.0	51.4	50.5	47.7	49.5	49.2	49.5	8.0	9.0	9.9	12.4	8.0	5.9	10664	11064	10098	10037	545	566	821	compared
v1.9.0-rc1_container_rust	Colletotrichum_graminicola_M1.001	GCF_000149035.1	Ascomycota	legacy	runs/v1.9.0-rc1_container_rust/genome_annotation/Colletotrichum_graminicola_M1.001/predict_results/Colletotrichum_graminicola_M1.001.gff3	11775	97.5	97.4	0.2	1.4	1.1	3817	results/reference_annotations/.cache/GCF_000149035.1_C_graminicola_M1_001_V1_genomic.gff	12398	93.6	96.4	78.2	80.7	83.5	85.2	70.0	69.7	67.8	71.3	67.8	71.3	9.6	5.7	11.1	9.0	8.6	3.7	11775	12398	11380	11341	59	395	1015	compared
v1.9.0-rc1_container_rust	Cryptococcus_deneoformans_JEC21	GCF_000091045.1	Basidiomycota	legacy	runs/v1.9.0-rc1_container_rust/genome_annotation/Cryptococcus_deneoformans_JEC21/predict_results/Cryptococcus_deneoformans_JEC21.gff3	7031	96.2	95.9	0.3	2.1	1.7	4284	results/reference_annotations/.cache/GCF_000091045.1_ASM9104v1_genomic.gff	6766	78.3	97.8	73.4	77.7	89.8	96.3	64.5	66.1	64.7	64.4	66.9	64.4	7.5	2.4	8.8	2.5	2.8	4.8	7031	6766	6728	6692	637	303	147	compared
v1.9.0-rc1_container_rust	Cryptococcus_neoformans_H99	GCF_000149245.1	Basidiomycota	legacy	runs/v1.9.0-rc1_container_rust/genome_annotation/Cryptococcus_neoformans_H99/predict_results/Cryptococcus_neoformans_H99.gff3	7060	96.2	96.2	0.1	2.1	1.7	4284	results/reference_annotations/.cache/GCF_000149245.1_CNA3_genomic.gff	8334	67.8	99.1	64.1	75.0	84.4	97.4	52.3	67.0	50.3	65.4	55.4	65.4	13.7	0.7	13.6	1.1	17.3	0.8	7060	8334	7018	7002	1789	42	857	compared
v1.9.0-rc1_container_rust	Cystobasidium_minutum_MCA_4210	GCF_039999085.1	Basidiomycota	legacy	runs/v1.9.0-rc1_container_rust/genome_annotation/Cystobasidium_minutum_MCA_4210/predict_results/Cystobasidium_minutum_MCA_4210.gff3	7167	91.0	90.8	0.2	1.9	7.0	1764	results/reference_annotations/.cache/GCF_039999085.1_Rhomi1_genomic.gff	7855	81.3	91.7	67.3	70.6	83.1	86.4	47.3	50.6	46.0	50.4	46.7	50.4	9.9	5.5	8.9	7.2	7.6	2.8	7167	7855	6983	6962	383	184	568	compared
v1.9.0-rc1_container_rust	Dactylellina_haptotyla_CBS_200.50	GCF_000441935.1	Ascomycota	legacy	runs/v1.9.0-rc1_container_rust/genome_annotation/Dactylellina_haptotyla_CBS_200.50/predict_results/Dactylellina_haptotyla_CBS_200.50.gff3	10839	93.1	93.1	0.0	2.8	4.2	1706	results/reference_annotations/.cache/GCF_000441935.1_MHA_v2_genomic.gff	10959	93.1	98.8	81.5	83.3	84.5	86.7	66.9	65.3	67.7	68.4	67.7	68.4	7.4	3.8	7.3	5.5	5.9	2.3	10839	10959	10631	10593	58	208	615	compared
v1.9.0-rc1_container_rust	Drepanopeziza_brunnea_MB_m1	GCF_000298775.1	Ascomycota	legacy	runs/v1.9.0-rc1_container_rust/genome_annotation/Drepanopeziza_brunnea_MB_m1/predict_results/Drepanopeziza_brunnea_MB_m1.gff3	9413	98.5	98.4	0.1	0.9	0.6	3234	results/reference_annotations/.cache/GCF_000298775.1_ASM29877v1_genomic.gff	10025	89.8	98.0	65.0	78.3	65.8	83.8	52.2	57.4	55.6	59.2	55.6	59.2	20.9	4.2	25.4	5.1	11.7	3.1	9413	10025	9214	9127	98	199	1117	compared
v1.9.0-rc1_container_rust	Eremothecium_gossypii_ATCC_10895	GCF_000091025.4	Ascomycota	legacy	runs/v1.9.0-rc1_container_rust/genome_annotation/Eremothecium_gossypii_ATCC_10895/predict_results/Eremothecium_gossypii_ATCC_10895.gff3	4598	96.1	96.0	0.1	0.6	3.4	2137	results/reference_annotations/.cache/GCF_000091025.4_ASM9102v4_genomic.gff	5314	92.2	99.5	70.8	75.6	51.9	25.0	47.0	24.1	74.2	85.8	74.3	85.8	11.5	2.4	32.6	67.5	10.6	0.8	4598	5314	4576	4561	54	22	528	compared
v1.9.0-rc1_container_rust	Fusarium_oxysporum_4287	GCF_000149955.1	Ascomycota	legacy	runs/v1.9.0-rc1_container_rust/genome_annotation/Fusarium_oxysporum_4287/predict_results/Fusarium_oxysporum_4287.gff3	17046	92.6	91.9	0.7	4.3	3.1	3817	results/reference_annotations/.cache/GCF_000149955.1_ASM14995v2_genomic.gff	21344	58.5	97.3	35.1	49.9	65.2	84.1	39.3	62.5	36.4	59.3	47.4	59.3	24.9	3.7	28.8	9.4	23.3	2.4	17046	21344	16721	16633	2568	325	4649	compared
v1.9.0-rc1_container_rust	Fusarium_verticillioides_7600	GCF_000149555.1	Ascomycota	legacy	runs/v1.9.0-rc1_container_rust/genome_annotation/Fusarium_verticillioides_7600/predict_results/Fusarium_verticillioides_7600.gff3	15061	97.1	96.9	0.2	1.9	1.0	3817	results/reference_annotations/.cache/GCF_000149555.1_ASM14955v1_genomic.gff	16286	70.0	98.5	47.7	59.7	77.8	91.3	52.0	76.5	51.0	71.0	65.7	71.0	14.3	2.7	18.7	5.5	9.3	1.5	15061	16286	14902	14828	1904	159	1367	compared
v1.9.0-rc1_container_rust	Gaeumannomyces_tritici_R3-111a-1	GCF_000145635.1	Ascomycota	legacy	runs/v1.9.0-rc1_container_rust/genome_annotation/Gaeumannomyces_tritici_R3-111a-1/predict_results/Gaeumannomyces_tritici_R3-111a-1.gff3	11339	94.0	93.8	0.2	2.8	3.2	3817	results/reference_annotations/.cache/GCF_000145635.1_Gae_graminis_V2_genomic.gff	14669	63.1	97.9	32.5	43.3	63.2	84.9	49.6	64.4	43.5	57.3	44.2	57.3	28.9	3.7	31.9	8.6	25.9	2.0	11339	14669	11204	11075	1100	135	3572	compared
v1.9.0-rc1_container_rust	Kluyveromyces_lactis_NRRL_Y-1140	GCF_000002515.2	Ascomycota	legacy	runs/v1.9.0-rc1_container_rust/genome_annotation/Kluyveromyces_lactis_NRRL_Y-1140/predict_results/Kluyveromyces_lactis_NRRL_Y-1140.gff3	5014	97.3	97.1	0.1	0.8	1.9	2137	results/reference_annotations/.cache/GCF_000002515.2_ASM251v1_genomic.gff	5335	97.0	99.0	85.6	88.7	60.6	38.5	62.4	38.3	87.7	93.4	87.8	93.4	7.1	2.7	33.0	57.5	6.7	1.2	5014	5335	4956	4955	36	58	328	compared
v1.9.0-rc1_container_rust	Laccaria_bicolor_S238N-H82	GCF_000143565.1	Basidiomycota	legacy	runs/v1.9.0-rc1_container_rust/genome_annotation/Laccaria_bicolor_S238N-H82/predict_results/Laccaria_bicolor_S238N-H82.gff3	15379	89.9	88.3	1.6	2.5	7.6	2898	results/reference_annotations/.cache/GCF_000143565.1_V1.0_genomic.gff	18213	76.0	77.1	47.0	55.7	54.9	65.0	18.1	21.1	18.1	21.5	18.1	21.5	31.9	20.6	33.6	21.7	30.1	18.1	15379	18213	12901	12601	512	2478	5221	compared
v1.9.0-rc1_container_rust	Lachancea_thermotolerans_CBS_6340	GCF_000142805.1	Ascomycota	legacy	runs/v1.9.0-rc1_container_rust/genome_annotation/Lachancea_thermotolerans_CBS_6340/predict_results/Lachancea_thermotolerans_CBS_6340.gff3	4617	87.5	87.4	0.0	2.6	10.0	2137	results/reference_annotations/.cache/GCF_000142805.1_ASM14280v1_genomic.gff	5384	86.2	98.9	65.6	67.1	60.4	20.9	59.9	20.9	67.8	79.1	67.8	79.1	15.1	4.9	31.7	76.3	14.9	1.7	4617	5384	4550	4540	40	67	760	compared
v1.9.0-rc1_container_rust	Leptographium_clavigerum_kw1407	GCF_000143105.1	Ascomycota	legacy	runs/v1.9.0-rc1_container_rust/genome_annotation/Leptographium_clavigerum_kw1407/predict_results/Leptographium_clavigerum_kw1407.gff3	7884	89.3	89.2	0.2	3.0	7.6	3817	results/reference_annotations/.cache/GCF_000143105.1_Sanger-454-IlluminaPA_2.0_genomic.gff	8311	87.1	97.8	64.2	72.2	67.1	78.2	50.2	52.4	52.9	55.8	52.9	55.8	16.2	4.3	21.1	8.2	12.0	3.3	7884	8311	7652	7626	94	232	946	compared
v1.9.0-rc1_container_rust	Letharia_columbiana_WasteWater2	GCF_014066305.1	Ascomycota	legacy	runs/v1.9.0-rc1_container_rust/genome_annotation/Letharia_columbiana_WasteWater2/predict_results/Letharia_columbiana_WasteWater2.gff3	11526	93.2	90.2	3.0	2.5	4.3	1706	results/reference_annotations/.cache/GCF_014066305.1_Lecol_v1.0_genomic.gff	13385	92.0	96.1	65.7	72.6	71.6	77.2	47.8	51.2	48.3	56.1	48.3	56.1	15.5	6.4	17.3	11.7	11.8	3.0	11526	13385	11263	11185	156	263	1458	compared
v1.9.0-rc1_container_rust	Lipomyces_tetrasporus_NRRL_Y-64009	GCF_029532465.1	Ascomycota	legacy	runs/v1.9.0-rc1_container_rust/genome_annotation/Lipomyces_tetrasporus_NRRL_Y-64009/predict_results/Lipomyces_tetrasporus_NRRL_Y-64009.gff3	7868	86.9	85.9	1.0	5.9	7.2	2137	results/reference_annotations/.cache/GCF_029532465.1_Liptet1_genomic.gff	8094	78.5	96.2	49.3	53.4	80.0	89.0	64.6	67.6	57.7	59.3	58.4	59.3	11.8	4.0	16.7	7.4	6.9	3.5	7868	8094	7631	7596	232	237	549	compared
v1.9.0-rc1_container_rust	Malassezia_globosa_CBS_7966	GCF_000181695.2	Basidiomycota	legacy	runs/v1.9.0-rc1_container_rust/genome_annotation/Malassezia_globosa_CBS_7966/predict_results/Malassezia_globosa_CBS_7966.gff3	4375	82.1	82.0	0.1	4.6	13.3	1764	results/reference_annotations/.cache/GCF_000181695.2_ASM18169v2_genomic.gff	4278	95.0	89.6	51.9	39.2	64.2	33.1	38.6	18.4	49.4	48.3	49.4	48.3	9.3	26.6	23.4	59.0	4.8	9.3	4375	4278	3993	3969	81	382	171	compared
v1.9.0-rc1_container_rust	Malassezia_sympodialis_ATCC_42132	GCF_000349305.1	Basidiomycota	legacy	runs/v1.9.0-rc1_container_rust/genome_annotation/Malassezia_sympodialis_ATCC_42132/predict_results/Malassezia_sympodialis_ATCC_42132.gff3	4050	80.7	80.7	0.0	3.7	15.6	1764	results/reference_annotations/.cache/GCF_000349305.1_ASM34930v2_genomic.gff	3318	92.7	82.1	38.6	28.8	43.1	28.0	23.4	18.2	30.8	26.7	30.8	26.7	10.0	27.1	33.1	54.1	5.7	16.5	4050	3318	3255	3220	138	795	123	compared
v1.9.0-rc1_container_rust	Mixia_osmundae_IAM_14324	GCF_000708205.1	Basidiomycota	legacy	runs/v1.9.0-rc1_container_rust/genome_annotation/Mixia_osmundae_IAM_14324/predict_results/Mixia_osmundae_IAM_14324.gff3	6319	88.6	87.6	1.0	3.2	8.2	1764	results/reference_annotations/.cache/GCF_000708205.1_Mixia_osmundae_v1.0_genomic.gff	6838	84.3	97.6	56.8	67.1	68.9	83.4	36.6	38.9	35.8	38.7	37.1	38.7	16.7	2.2	21.1	5.8	11.8	1.1	6319	6838	6268	6252	1175	51	745	compared
v1.9.0-rc1_container_rust	Morchella_importuna_M04M26	GCF_003444635.1	Ascomycota	legacy	runs/v1.9.0-rc1_container_rust/genome_annotation/Morchella_importuna_M04M26/predict_results/Morchella_importuna_M04M26.gff3	11755	93.6	92.3	1.2	3.5	2.9	1706	results/reference_annotations/.cache/GCF_003444635.1_ASM344463v2_genomic.gff	11642	91.9	91.3	67.5	77.1	72.0	86.7	53.9	54.9	54.0	53.4	54.0	53.4	18.0	9.1	24.1	8.6	11.9	12.4	11755	11642	10367	10305	110	1388	1298	compared
v1.9.0-rc1_container_rust	Morchella_sextelata_SCLS	GCF_020137385.1	Ascomycota	legacy	runs/v1.9.0-rc1_container_rust/genome_annotation/Morchella_sextelata_SCLS/predict_results/Morchella_sextelata_SCLS.gff3	12389	95.5	93.3	2.2	2.8	1.7	1706	results/reference_annotations/.cache/GCF_020137385.1_ASM2013738v1_genomic.gff	13182	82.7	92.8	67.3	77.3	72.0	85.4	57.3	57.4	53.2	56.6	53.2	56.6	19.2	9.4	23.6	9.3	17.9	11.6	12389	13182	11034	10953	106	1355	2261	compared
v1.9.0-rc1_container_rust	Mucor_mucedo_NRRL_3635	GCF_025094135.1	Mucoromycota	legacy	runs/v1.9.0-rc1_container_rust/genome_annotation/Mucor_mucedo_NRRL_3635/predict_results/Mucor_mucedo_NRRL_3635.gff3	15341	94.8	93.8	1.0	0.7	4.5	2449	results/reference_annotations/.cache/GCF_025094135.1_Mucmuc1_genomic.gff	14225	84.0	83.7	63.5	58.9	80.3	74.4	52.0	46.6	49.4	45.8	50.3	45.8	11.8	17.5	14.4	19.9	10.1	16.3	15341	14225	12965	12845	753	2376	1293	compared
v1.9.0-rc1_container_rust	Nakaseomyces_glabratus_CBS_138	GCF_000002545.3	Ascomycota	legacy	runs/v1.9.0-rc1_container_rust/genome_annotation/Nakaseomyces_glabratus_CBS_138/predict_results/Nakaseomyces_glabratus_CBS_138.gff3	5152	96.5	95.6	1.0	0.8	2.6	2137	results/reference_annotations/.cache/GCF_000002545.3_ASM254v2_genomic.gff	5458	96.8	98.8	80.2	78.2	25.3	7.2	24.0	7.6	82.7	87.7	82.8	87.7	5.9	4.9	53.9	86.3	4.7	1.1	5152	5458	5111	5095	29	41	242	compared
v1.9.0-rc1_container_rust	Orbilia_oligospora_ATCC_24927	GCF_000225545.1	Ascomycota	legacy	runs/v1.9.0-rc1_container_rust/genome_annotation/Orbilia_oligospora_ATCC_24927/predict_results/Orbilia_oligospora_ATCC_24927.gff3	11788	96.0	95.8	0.2	1.6	2.4	1706	results/reference_annotations/.cache/GCF_000225545.1_AOL24927_1.0_genomic.gff	11479	97.6	96.8	87.3	82.9	92.0	86.4	75.8	70.7	73.8	71.9	73.8	71.9	3.1	7.1	3.8	9.2	2.2	5.2	11788	11479	11196	11176	31	592	233	compared
v1.9.0-rc1_container_rust	Parastagonospora_nodorum_SN15	GCF_000146915.1	Ascomycota	legacy	runs/v1.9.0-rc1_container_rust/genome_annotation/Parastagonospora_nodorum_SN15/predict_results/Parastagonospora_nodorum_SN15.gff3	13486	90.2	90.0	0.1	6.2	3.7	3786	results/reference_annotations/.cache/GCF_000146915.1_ASM14691v2_genomic.gff	16087	86.2	90.6	40.2	47.5	47.7	55.9	26.3	33.4	30.8	36.8	30.9	36.8	22.8	12.1	34.2	20.3	20.3	2.0	13486	16087	13267	13198	350	219	3057	compared
v1.9.0-rc1_container_rust	Phycomyces_blakesleeanus_NRRL_1555_-	GCF_001638985.1	Mucoromycota	legacy	runs/v1.9.0-rc1_container_rust/genome_annotation/Phycomyces_blakesleeanus_NRRL_1555_-/predict_results/Phycomyces_blakesleeanus_NRRL_1555_-.gff3	15015	96.3	94.6	1.8	1.2	2.4	2449	results/reference_annotations/.cache/GCF_001638985.1_Phybl2_genomic.gff	16850	75.7	79.3	55.1	60.7	65.1	71.3	33.1	37.2	34.4	38.6	34.5	38.6	24.9	17.3	26.4	18.6	21.3	9.0	15015	16850	14036	13687	547	979	3331	compared
v1.9.0-rc1_container_rust	Pneumocystis_murina_B123	GCF_000349005.2	Ascomycota	legacy	runs/v1.9.0-rc1_container_rust/genome_annotation/Pneumocystis_murina_B123/predict_results/Pneumocystis_murina_B123.gff3	3214	66.8	66.8	0.1	3.3	29.9	1706	results/reference_annotations/.cache/GCF_000349005.2_Pneumo_murina_B123_V4_genomic.gff	3675	87.8	98.6	71.4	69.0	81.7	76.6	31.1	35.0	32.2	36.8	32.3	36.8	8.9	5.7	8.5	14.3	8.4	0.7	3214	3675	3204	3194	240	10	249	compared
v1.9.0-rc1_container_rust	Protomyces_lactucae-debilis_12-1054	GCF_002105105.1	Ascomycota	legacy	runs/v1.9.0-rc1_container_rust/genome_annotation/Protomyces_lactucae-debilis_12-1054/predict_results/Protomyces_lactucae-debilis_12-1054.gff3	6244	81.7	81.5	0.1	2.9	15.4	1706	results/reference_annotations/.cache/GCF_002105105.1_Prola1_genomic.gff	6767	81.8	90.2	37.9	39.3	63.9	62.0	54.1	47.9	46.9	50.8	48.8	50.8	14.6	8.8	30.2	32.2	11.8	5.3	6244	6767	5998	5912	929	246	676	compared
v1.9.0-rc1_container_rust	Pseudogymnoascus_destructans_20631-21	GCF_000184105.1	Ascomycota	legacy	runs/v1.9.0-rc1_container_rust/genome_annotation/Pseudogymnoascus_destructans_20631-21/predict_results/Pseudogymnoascus_destructans_20631-21.gff3	8659	93.6	93.6	0.0	3.4	3.0	3234	results/reference_annotations/.cache/GCF_000184105.1_Geom_destructans_V1_genomic.gff	9223	70.1	96.8	41.5	45.8	77.4	86.9	62.8	65.0	54.5	58.6	55.0	58.6	15.6	5.7	18.6	8.7	13.4	5.8	8659	9223	8237	8160	616	422	1123	compared
v1.9.0-rc1_container_rust	Pyrenophora_teres_0-1	GCF_000166005.1	Ascomycota	legacy	runs/v1.9.0-rc1_container_rust/genome_annotation/Pyrenophora_teres_0-1/predict_results/Pyrenophora_teres_0-1.gff3	7485	67.2	66.8	0.3	10.7	22.1	3786	results/reference_annotations/.cache/GCF_000166005.1_PyrTer_1.0_genomic.gff	11799	55.6	99.4	45.9	66.3	54.5	74.7	38.7	49.2	32.8	51.6	32.8	51.6	39.9	2.8	39.6	17.6	39.5	1.6	7485	11799	7384	7367	18	101	4641	compared
v1.9.0-rc1_container_rust	Pyrenophora_tritici-repentis_Pt-1C-BFP	GCF_000149985.1	Ascomycota	legacy	runs/v1.9.0-rc1_container_rust/genome_annotation/Pyrenophora_tritici-repentis_Pt-1C-BFP/predict_results/Pyrenophora_tritici-repentis_Pt-1C-BFP.gff3	11620	96.0	95.9	0.2	2.2	1.8	3786	results/reference_annotations/.cache/GCF_000149985.1_ASM14998v1_genomic.gff	12275	86.3	92.8	56.4	61.8	67.3	75.4	50.0	53.0	51.5	54.5	51.5	54.5	16.2	8.7	22.6	11.2	12.1	4.8	11620	12275	11122	11052	234	498	1430	compared
v1.9.0-rc1_container_rust	Pyricularia_oryzae_70-15	GCF_000002495.2	Ascomycota	legacy	runs/v1.9.0-rc1_container_rust/genome_annotation/Pyricularia_oryzae_70-15/predict_results/Pyricularia_oryzae_70-15.gff3	10899	97.5	97.2	0.2	1.2	1.4	3817	results/reference_annotations/.cache/GCF_000002495.2_MG8_genomic.gff	13053	67.5	97.8	34.6	44.8	64.4	86.1	50.4	65.8	48.4	59.2	49.4	59.2	24.9	3.1	28.1	5.2	19.0	2.0	10899	13053	10730	10593	907	169	2391	compared
v1.9.0-rc1_container_rust	Rhizopus_delemar_RA_99-880	GCF_000149305.1	Mucoromycota	legacy	runs/v1.9.0-rc1_container_rust/genome_annotation/Rhizopus_delemar_RA_99-880/predict_results/Rhizopus_delemar_RA_99-880.gff3	15020	92.9	86.0	6.9	3.9	3.2	2449	results/reference_annotations/.cache/GCF_000149305.1_RO3_genomic.gff	17702	76.5	81.4	55.2	54.4	65.2	59.9	26.0	27.8	27.1	31.9	27.1	31.9	20.2	22.3	21.0	24.9	24.5	9.9	15020	17702	13696	13531	238	1324	4169	compared
v1.9.0-rc1_container_rust	Rhizopus_microsporus_ATCC_52813	GCF_002708625.1	Mucoromycota	legacy	runs/v1.9.0-rc1_container_rust/genome_annotation/Rhizopus_microsporus_ATCC_52813/predict_results/Rhizopus_microsporus_ATCC_52813.gff3	10375	96.6	96.2	0.4	1.2	2.2	2449	results/reference_annotations/.cache/GCF_002708625.1_Rhimi1_1_genomic.gff	10958	85.2	90.9	71.6	69.1	88.1	82.5	56.3	54.0	50.7	53.6	52.1	53.6	7.7	8.9	7.9	13.7	9.6	6.1	10375	10958	9785	9740	519	590	1003	compared
v1.9.0-rc1_container_rust	Rhodotorula_graminis_WP1	GCF_001329695.1	Basidiomycota	legacy	runs/v1.9.0-rc1_container_rust/genome_annotation/Rhodotorula_graminis_WP1/predict_results/Rhodotorula_graminis_WP1.gff3	7457	97.1	96.9	0.2	0.6	2.4	1764	results/reference_annotations/.cache/GCF_001329695.1_Rhoba1_1_genomic.gff	7373	91.8	86.8	80.5	74.8	89.9	82.5	50.9	49.5	51.2	50.7	51.5	50.7	3.5	9.2	4.2	11.8	2.0	3.6	7457	7373	7220	7194	210	237	129	compared
v1.9.0-rc1_container_rust	Rhodotorula_toruloides_NP11	GCF_000320785.1	Basidiomycota	legacy	runs/v1.9.0-rc1_container_rust/genome_annotation/Rhodotorula_toruloides_NP11/predict_results/Rhodotorula_toruloides_NP11.gff3	7772	96.7	96.5	0.2	1.5	1.8	1764	results/reference_annotations/.cache/GCF_000320785.1_RHOziaDV1.0_genomic.gff	8141	90.4	99.0	85.0	87.4	88.7	90.7	56.0	58.9	55.4	58.2	55.4	58.2	6.0	1.6	5.1	3.6	5.5	2.0	7772	8141	7609	7599	25	163	423	compared
v1.9.0-rc1_container_rust	Saccharomyces_cerevisiae_S288C	GCF_000146045.2	Ascomycota	legacy	runs/v1.9.0-rc1_container_rust/genome_annotation/Saccharomyces_cerevisiae_S288C/predict_results/Saccharomyces_cerevisiae_S288C.gff3	5680	97.6	95.5	2.2	0.7	1.7	2137	results/reference_annotations/.cache/GCF_000146045.2_R64_genomic.gff	6459	92.4	99.7	81.6	93.4	57.4	70.2	57.1	69.3	84.0	95.8	85.4	95.8	12.6	0.8	38.7	25.0	10.9	0.2	5680	6459	5663	5658	65	17	696	compared
v1.9.0-rc1_container_rust	Schizophyllum_commune_H4-8	GCF_000143185.2	Basidiomycota	legacy	runs/v1.9.0-rc1_container_rust/genome_annotation/Schizophyllum_commune_H4-8/predict_results/Schizophyllum_commune_H4-8.gff3	11952	84.7	83.8	0.9	5.7	9.6	2898	results/reference_annotations/.cache/GCF_000143185.2_Schco3_genomic.gff	16466	60.5	94.4	49.6	66.8	64.2	85.9	30.9	38.1	28.3	39.0	29.5	39.0	29.7	4.1	30.3	6.9	29.4	2.1	11952	16466	11779	11710	706	173	4738	compared
v1.9.0-rc1_container_rust	Sclerotinia_sclerotiorum_1980	GCF_000146945.2	Ascomycota	legacy	runs/v1.9.0-rc1_container_rust/genome_annotation/Sclerotinia_sclerotiorum_1980/predict_results/Sclerotinia_sclerotiorum_1980.gff3	10831	94.9	94.9	0.0	2.4	2.8	3234	results/reference_annotations/.cache/GCF_000146945.2_ASM14694v2_genomic.gff	14710	86.8	91.2	51.8	67.4	56.0	71.0	36.5	47.2	37.1	50.4	37.1	50.4	29.4	9.9	31.9	9.9	29.4	3.3	10831	14710	10616	10473	256	215	4087	compared
v1.9.0-rc1_container_rust	Spizellomyces_punctatus_DAOM_BR117	GCF_000182565.1	Chytridiomycota	legacy	runs/v1.9.0-rc1_container_rust/genome_annotation/Spizellomyces_punctatus_DAOM_BR117/predict_results/Spizellomyces_punctatus_DAOM_BR117.gff3	8302	90.2	89.2	1.1	2.5	7.3	758	results/reference_annotations/.cache/GCF_000182565.1_S_punctatus_V1_genomic.gff	9164	76.1	97.9	62.5	71.2	78.9	89.9	39.7	45.8	40.3	46.8	42.4	46.8	13.1	2.0	13.6	3.5	9.6	1.8	8302	9164	8194	8152	1331	108	683	compared
v1.9.0-rc1_container_rust	Sporobolomyces_koalae_JCM15063	GCF_050403365.1	Basidiomycota	legacy	runs/v1.9.0-rc1_container_rust/genome_annotation/Sporobolomyces_koalae_JCM15063/predict_results/Sporobolomyces_koalae_JCM15063.gff3	6483	93.1	93.1	0.0	1.7	5.2	1764	results/reference_annotations/.cache/GCF_050403365.1_S_koalae_JCM15063v1_genomic.gff	6590	92.7	98.5	83.0	85.7	85.5	88.5	50.5	51.7	50.0	50.8	50.0	50.8	6.3	2.6	5.1	3.3	4.0	3.8	6483	6590	6238	6236	19	245	253	compared
v1.9.0-rc1_container_rust	Sporobolomyces_salmoneus_JCM6883	GCF_050403485.1	Basidiomycota	legacy	runs/v1.9.0-rc1_container_rust/genome_annotation/Sporobolomyces_salmoneus_JCM6883/predict_results/Sporobolomyces_salmoneus_JCM6883.gff3	7260	92.6	92.6	0.1	2.4	5.0	1764	results/reference_annotations/.cache/GCF_050403485.1_S_salmoneus_JCM6883v1_genomic.gff	7657	89.7	98.8	84.6	87.4	87.9	90.5	55.8	58.0	54.0	57.0	54.0	57.0	7.0	2.8	5.4	3.4	7.8	3.6	7260	7657	7007	7001	12	253	594	compared
v1.9.0-rc1_container_rust	Sugiyamaella_lignohabitans_CBS_10342	GCF_001640025.1	Ascomycota	legacy	runs/v1.9.0-rc1_container_rust/genome_annotation/Sugiyamaella_lignohabitans_CBS_10342/predict_results/Sugiyamaella_lignohabitans_CBS_10342.gff3	5922	93.4	92.9	0.5	2.2	4.3	2137	results/reference_annotations/.cache/GCF_001640025.1_ASM164002v2_genomic.gff	5341	95.4	84.1	55.4	32.6	26.3	1.6	23.0	1.8	57.6	52.0	57.6	52.0	4.9	40.9	25.4	95.0	3.6	17.6	5922	5341	4905	4882	115	1017	80	compared
v1.9.0-rc1_container_rust	Synchytrium_microbalum_JEL517	GCF_006535985.1	Chytridiomycota	legacy	runs/v1.9.0-rc1_container_rust/genome_annotation/Synchytrium_microbalum_JEL517/predict_results/Synchytrium_microbalum_JEL517.gff3	8918	87.1	85.9	1.2	2.9	10.0	758	results/reference_annotations/.cache/GCF_006535985.1_ASM653598v1_genomic.gff	6304	93.5	73.7	84.6	67.8	86.1	70.4	49.2	35.5	49.4	34.9	49.4	34.9	7.3	25.5	4.9	24.1	4.3	32.8	8918	6304	6012	5997	27	2906	261	compared
v1.9.0-rc1_container_rust	Talaromyces_marneffei_ATCC_18224	GCF_000001985.1	Ascomycota	legacy	runs/v1.9.0-rc1_container_rust/genome_annotation/Talaromyces_marneffei_ATCC_18224/predict_results/Talaromyces_marneffei_ATCC_18224.gff3	10009	97.2	96.9	0.3	1.5	1.4	3546	results/reference_annotations/.cache/GCF_000001985.1_JCVI-PMFA1-2.0_genomic.gff	10134	81.8	98.2	61.8	66.6	82.8	89.7	65.6	72.9	64.8	69.6	68.8	69.6	9.2	3.6	13.0	5.7	5.3	2.3	10009	10134	9813	9782	627	196	501	compared
v1.9.0-rc1_container_rust	Talaromyces_stipitatus_ATCC_10500	GCF_000003125.1	Ascomycota	legacy	runs/v1.9.0-rc1_container_rust/genome_annotation/Talaromyces_stipitatus_ATCC_10500/predict_results/Talaromyces_stipitatus_ATCC_10500.gff3	11366	98.1	97.6	0.5	0.8	1.2	3546	results/reference_annotations/.cache/GCF_000003125.1_JCVI-TSTA1-3.0_genomic.gff	12559	77.6	97.4	51.1	63.1	67.3	85.6	45.9	65.6	46.7	54.9	49.7	54.9	19.2	4.6	25.7	5.9	13.7	3.0	11366	12559	11067	11027	803	299	1689	compared
v1.9.0-rc1_container_rust	Tilletiaria_anomala_UBC_951	GCF_000711695.1	Basidiomycota	legacy	runs/v1.9.0-rc1_container_rust/genome_annotation/Tilletiaria_anomala_UBC_951/predict_results/Tilletiaria_anomala_UBC_951.gff3	6166	94.8	94.8	0.0	1.1	4.0	1764	results/reference_annotations/.cache/GCF_000711695.1_Tilletiaria_anomala_UBC_951_v1.0_genomic.gff	6868	81.5	92.3	54.6	58.4	84.7	89.1	67.6	70.1	59.3	66.0	60.6	66.0	10.3	4.5	12.1	7.6	12.0	3.6	6166	6868	6000	5947	677	166	767	compared
v1.9.0-rc1_container_rust	Tilletiopsis_washingtonensis_MCA_4186	GCF_003144115.1	Basidiomycota	legacy	runs/v1.9.0-rc1_container_rust/genome_annotation/Tilletiopsis_washingtonensis_MCA_4186/predict_results/Tilletiopsis_washingtonensis_MCA_4186.gff3	6403	91.6	91.4	0.2	1.9	6.5	1764	results/reference_annotations/.cache/GCF_003144115.1_Tilwa1_genomic.gff	7053	82.4	92.7	73.0	72.4	92.5	89.0	66.9	66.5	59.2	65.2	60.8	65.2	5.1	4.7	4.4	7.9	9.5	3.0	6403	7053	6280	6210	836	123	525	compared
v1.9.0-rc1_container_rust	Tremella_mesenterica_Fries	GCF_000271645.1	Basidiomycota	legacy	runs/v1.9.0-rc1_container_rust/genome_annotation/Tremella_mesenterica_Fries/predict_results/Tremella_mesenterica_Fries.gff3	7683	91.4	91.2	0.3	2.6	6.0	4284	results/reference_annotations/.cache/GCF_000271645.1_Treme1_genomic.gff	8291	84.9	85.6	67.0	69.5	76.1	78.3	32.3	34.6	32.6	35.2	32.6	35.2	12.6	11.3	13.8	11.3	13.6	6.9	7683	8291	7229	7153	173	454	1071	compared
v1.9.0-rc1_container_rust	Tricharina_praecox_CBS_144465	GCF_024521635.1	Ascomycota	legacy	runs/v1.9.0-rc1_container_rust/genome_annotation/Tricharina_praecox_CBS_144465/predict_results/Tricharina_praecox_CBS_144465.gff3	10220	95.0	92.6	2.4	1.3	3.6	1706	results/reference_annotations/.cache/GCF_024521635.1_Tripra1_genomic.gff	10716	77.1	90.9	51.1	53.8	79.7	84.0	60.7	60.5	53.5	56.1	54.9	56.1	13.3	8.8	15.9	11.1	12.6	9.3	10220	10716	9390	9271	284	830	1276	compared
v1.9.0-rc1_container_rust	Trichosporon_asahii_CBS_2479	GCF_000293215.1	Basidiomycota	legacy	runs/v1.9.0-rc1_container_rust/genome_annotation/Trichosporon_asahii_CBS_2479/predict_results/Trichosporon_asahii_CBS_2479.gff3	8863	88.6	87.8	0.7	4.1	7.3	4284	results/reference_annotations/.cache/GCF_000293215.1_Trichosporon_asahii_1_genomic.gff	8834	87.9	91.0	51.5	45.0	47.1	38.7	25.6	22.4	33.2	33.1	33.2	33.1	11.4	19.0	14.3	25.7	8.0	6.9	8863	8834	8336	8257	120	527	643	compared
v1.9.0-rc1_container_rust	Umbelopsis_ramanniana_AG	GCF_025399195.1	Mucoromycota	legacy	runs/v1.9.0-rc1_container_rust/genome_annotation/Umbelopsis_ramanniana_AG/predict_results/Umbelopsis_ramanniana_AG.gff3	9328	90.8	88.9	2.0	0.8	8.4	2449	results/reference_annotations/.cache/GCF_025399195.1_Umbra1_genomic.gff	10037	82.0	91.2	70.2	68.2	91.9	86.8	59.5	58.1	52.5	56.5	55.0	56.5	4.9	7.0	5.2	10.3	7.1	4.3	9328	10037	8985	8926	939	343	607	compared
v1.9.0-rc1_container_rust	Uncinocarpus_reesii_1704	GCF_000003515.1	Ascomycota	legacy	runs/v1.9.0-rc1_container_rust/genome_annotation/Uncinocarpus_reesii_1704/predict_results/Uncinocarpus_reesii_1704.gff3	7559	90.9	90.7	0.2	4.3	4.8	3546	results/reference_annotations/.cache/GCF_000003515.1_ASM351v2_genomic.gff	7855	93.8	92.2	64.0	64.3	67.5	66.6	41.3	43.3	44.7	46.4	44.7	46.4	12.8	13.0	17.2	15.9	9.5	4.4	7559	7855	7288	7227	90	271	688	compared
v1.9.0-rc1_container_rust	Wallemia_mellicola_CBS_633.66	GCF_000263375.1	Basidiomycota	legacy	runs/v1.9.0-rc1_container_rust/genome_annotation/Wallemia_mellicola_CBS_633.66/predict_results/Wallemia_mellicola_CBS_633.66.gff3	4938	86.4	86.1	0.3	2.4	11.2	1764	results/reference_annotations/.cache/GCF_000263375.1_Wallemia_sebi_v1.0_genomic.gff	5393	76.5	94.4	65.1	69.0	79.6	83.1	48.9	51.5	47.4	51.7	50.4	51.7	11.7	5.8	14.1	10.5	6.2	2.0	4938	5393	4867	4839	1413	71	254	compared
v1.9.0-rc1_container_rust	Yarrowia_lipolytica_CLIB122	GCF_000002525.2	Ascomycota	legacy	runs/v1.9.0-rc1_container_rust/genome_annotation/Yarrowia_lipolytica_CLIB122/predict_results/Yarrowia_lipolytica_CLIB122.gff3	6883	94.7	94.3	0.4	1.9	3.4	2137	results/reference_annotations/.cache/GCF_000002525.2_ASM252v1_genomic.gff	7139	94.5	97.6	72.1	72.6	56.4	49.4	51.3	47.6	77.2	80.2	77.4	80.2	8.7	9.3	37.7	45.3	6.4	3.5	6883	7139	6653	6646	9	230	455	compared
v1.9.0-rc1_container_rust	Zygosaccharomyces_rouxii_CBS_732	GCF_000026365.1	Ascomycota	legacy	runs/v1.9.0-rc1_container_rust/genome_annotation/Zygosaccharomyces_rouxii_CBS_732/predict_results/Zygosaccharomyces_rouxii_CBS_732.gff3	4998	97.2	97.0	0.2	0.6	2.2	2137	results/reference_annotations/.cache/GCF_000026365.1_ASM2636v1_genomic.gff	5323	96.8	99.4	85.3	88.4	56.4	35.7	56.9	35.7	87.5	93.2	87.5	93.2	6.6	2.0	35.0	58.8	6.4	0.9	4998	5323	4961	4954	48	37	304	compared
v1.9.0-rc1_container_rust	Zymoseptoria_tritici_IPO323	GCF_000219625.1	Ascomycota	legacy	runs/v1.9.0-rc1_container_rust/genome_annotation/Zymoseptoria_tritici_IPO323/predict_results/Zymoseptoria_tritici_IPO323.gff3	12484	97.2	97.1	0.1	1.4	1.4	3786	results/reference_annotations/.cache/GCF_000219625.1_MYCGR_v2.0_genomic.gff	10941	88.3	80.7	48.3	47.8	62.4	67.0	46.4	41.8	46.8	41.0	46.9	41.0	15.2	19.3	29.7	23.6	7.9	16.1	12484	10941	10729	10497	336	1755	753	compared
v1.9.0-rc3_container_rust	Allomyces_macrogynus_ATCC_38327	GCA_000151295.1	Blastocladiomycota	legacy	runs/v1.9.0-rc3_container_rust/genome_annotation/Allomyces_macrogynus_ATCC_38327/predict_results/Allomyces_macrogynus_ATCC_38327.gff3	17587	85.1	28.2	56.9	2.9	12.0	758	results/reference_annotations/.cache/GCA_000151295.1_A_macrogynus_V3_genomic.gff	19266	74.4	96.3	53.7	57.2	76.5	79.7	50.4	53.9	46.9	53.2	48.5	53.2	14.1	6.6	14.7	11.7	11.0	3.6	17587	19266	17033	16952	720	554	2012	compared
v1.9.0-rc3_container_rust	Aspergillus_clavatus_NRRL_1	GCF_000002715.2	Ascomycota	legacy	runs/v1.9.0-rc3_container_rust/genome_annotation/Aspergillus_clavatus_NRRL_1/predict_results/Aspergillus_clavatus_NRRL_1.gff3	8980	97.2	97.1	0.1	1.3	1.5	3546	results/reference_annotations/.cache/GCF_000002715.2_ASM271v1_genomic.gff	9352	96.4	98.2	82.5	83.5	85.2	85.0	67.0	68.2	69.4	72.2	69.4	72.2	6.3	4.4	6.9	6.4	5.1	1.4	8980	9352	8877	8857	28	103	458	compared
v1.9.0-rc3_container_rust	Aspergillus_fumigatus_Af293	GCF_000002655.1	Ascomycota	legacy	runs/v1.9.0-rc3_container_rust/genome_annotation/Aspergillus_fumigatus_Af293/predict_results/Aspergillus_fumigatus_Af293.gff3	10023	96.2	96.0	0.2	1.7	2.1	3546	results/reference_annotations/.cache/GCF_000002655.1_ASM265v1_genomic.gff	10085	73.5	97.0	52.9	55.8	77.3	83.4	54.0	57.5	54.3	54.6	54.4	54.6	12.9	6.6	17.4	9.9	7.1	5.0	10023	10085	9681	9521	245	342	633	compared
v1.9.0-rc3_container_rust	Batrachochytrium_dendrobatidis_JAM81	GCF_000203795.2	Chytridiomycota	legacy	runs/v1.9.0-rc3_container_rust/genome_annotation/Batrachochytrium_dendrobatidis_JAM81/predict_results/Batrachochytrium_dendrobatidis_JAM81.gff3	8385	90.0	88.4	1.6	2.8	7.3	758	results/reference_annotations/.cache/GCF_000203795.2_v1.1_genomic.gff	8386	90.6	83.8	72.8	68.4	83.1	76.8	43.7	43.5	46.1	46.1	46.2	46.1	7.1	13.4	9.0	14.6	5.9	6.4	8385	8386	7983	7868	218	402	435	compared
v1.9.0-rc3_container_rust	Blastomyces_dermatitidis_ER-3	GCF_000003525.1	Ascomycota	legacy	runs/v1.9.0-rc3_container_rust/genome_annotation/Blastomyces_dermatitidis_ER-3/predict_results/Blastomyces_dermatitidis_ER-3.gff3	8436	97.3	97.2	0.1	1.2	1.5	3546	results/reference_annotations/.cache/GCF_000003525.1_BD_ER3_V1_genomic.gff	9886	53.3	97.8	36.1	49.2	65.3	86.2	39.8	55.1	35.7	50.1	42.1	50.1	23.5	3.7	26.2	5.2	20.1	3.2	8436	9886	8236	8147	1789	200	1730	compared
v1.9.0-rc3_container_rust	Botrytis_cinerea_B05.10	GCF_000143535.2	Ascomycota	legacy	runs/v1.9.0-rc3_container_rust/genome_annotation/Botrytis_cinerea_B05.10/predict_results/Botrytis_cinerea_B05.10.gff3	12284	98.2	98.2	0.0	1.2	0.6	3234	results/reference_annotations/.cache/GCF_000143535.2_ASM14353v4_genomic.gff	11698	69.5	97.8	40.8	44.7	84.1	93.9	64.5	77.9	57.6	64.1	67.4	64.1	8.7	3.7	12.6	4.2	3.1	6.5	12284	11698	11574	11483	142	710	331	compared
v1.9.0-rc3_container_rust	Chaetomium_globosum_CBS_148.51	GCF_000143365.1	Ascomycota	legacy	runs/v1.9.0-rc3_container_rust/genome_annotation/Chaetomium_globosum_CBS_148.51/predict_results/Chaetomium_globosum_CBS_148.51.gff3	11499	81.6	81.5	0.1	10.7	7.7	3817	results/reference_annotations/.cache/GCF_000143365.1_ASM14336v1_genomic.gff	11222	82.5	91.5	49.2	55.0	50.8	61.0	30.6	34.1	36.5	35.7	36.5	35.7	23.2	13.4	32.3	14.9	13.2	7.6	11499	11222	10882	10632	301	617	1337	compared
v1.9.0-rc3_container_rust	Cokeromyces_recurvatus_NRRL_2243	GCF_025118155.1	Mucoromycota	legacy	runs/v1.9.0-rc3_container_rust/genome_annotation/Cokeromyces_recurvatus_NRRL_2243/predict_results/Cokeromyces_recurvatus_NRRL_2243.gff3	10781	94.2	93.1	1.1	1.9	4.0	2449	results/reference_annotations/.cache/GCF_025118155.1_Cokrec1_genomic.gff	11064	85.2	91.9	67.3	66.7	84.1	82.4	49.6	50.1	46.8	48.0	48.2	48.0	8.7	8.8	10.9	12.0	7.8	6.1	10781	11064	10186	10128	529	595	794	compared
v1.9.0-rc3_container_rust	Colletotrichum_graminicola_M1.001	GCF_000149035.1	Ascomycota	legacy	runs/v1.9.0-rc3_container_rust/genome_annotation/Colletotrichum_graminicola_M1.001/predict_results/Colletotrichum_graminicola_M1.001.gff3	11967	97.2	97.1	0.1	1.5	1.3	3817	results/reference_annotations/.cache/GCF_000149035.1_C_graminicola_M1_001_V1_genomic.gff	12398	93.7	96.1	78.6	80.8	83.5	85.4	68.9	70.5	69.1	71.6	69.1	71.6	9.4	6.2	11.0	8.8	8.3	4.7	11967	12398	11458	11407	69	509	978	compared
v1.9.0-rc3_container_rust	Cryptococcus_deneoformans_JEC21	GCF_000091045.1	Basidiomycota	legacy	runs/v1.9.0-rc3_container_rust/genome_annotation/Cryptococcus_deneoformans_JEC21/predict_results/Cryptococcus_deneoformans_JEC21.gff3	7047	96.1	95.8	0.3	2.2	1.7	4284	results/reference_annotations/.cache/GCF_000091045.1_ASM9104v1_genomic.gff	6766	78.3	97.8	73.5	77.6	89.9	96.3	63.9	65.8	64.2	63.8	66.4	63.8	7.4	2.4	8.7	2.5	2.7	4.9	7047	6766	6734	6699	641	313	145	compared
v1.9.0-rc3_container_rust	Cryptococcus_neoformans_H99	GCF_000149245.1	Basidiomycota	legacy	runs/v1.9.0-rc3_container_rust/genome_annotation/Cryptococcus_neoformans_H99/predict_results/Cryptococcus_neoformans_H99.gff3	7075	95.8	95.8	0.1	2.3	1.8	4284	results/reference_annotations/.cache/GCF_000149245.1_CNA3_genomic.gff	8334	67.7	99.1	64.0	74.9	84.3	97.3	52.0	66.9	50.0	64.9	55.1	64.9	13.7	0.7	13.6	1.1	17.1	0.9	7075	8334	7034	7013	1812	41	833	compared
v1.9.0-rc3_container_rust	Cystobasidium_minutum_MCA_4210	GCF_039999085.1	Basidiomycota	legacy	runs/v1.9.0-rc3_container_rust/genome_annotation/Cystobasidium_minutum_MCA_4210/predict_results/Cystobasidium_minutum_MCA_4210.gff3	7164	91.0	90.8	0.2	1.9	7.1	1764	results/reference_annotations/.cache/GCF_039999085.1_Rhomi1_genomic.gff	7855	81.3	91.7	67.3	70.6	83.1	86.4	47.3	50.6	45.9	50.4	46.6	50.4	9.9	5.5	8.9	7.1	7.7	2.8	7164	7855	6980	6959	382	184	569	compared
v1.9.0-rc3_container_rust	Dactylellina_haptotyla_CBS_200.50	GCF_000441935.1	Ascomycota	legacy	runs/v1.9.0-rc3_container_rust/genome_annotation/Dactylellina_haptotyla_CBS_200.50/predict_results/Dactylellina_haptotyla_CBS_200.50.gff3	10837	93.0	93.0	0.0	2.8	4.2	1706	results/reference_annotations/.cache/GCF_000441935.1_MHA_v2_genomic.gff	10959	93.1	98.8	81.4	83.2	84.5	86.7	66.8	65.3	67.6	68.3	67.6	68.3	7.4	3.7	7.3	5.5	5.9	2.3	10837	10959	10629	10591	58	208	615	compared
v1.9.0-rc3_container_rust	Drepanopeziza_brunnea_MB_m1	GCF_000298775.1	Ascomycota	legacy	runs/v1.9.0-rc3_container_rust/genome_annotation/Drepanopeziza_brunnea_MB_m1/predict_results/Drepanopeziza_brunnea_MB_m1.gff3	9413	98.5	98.4	0.1	0.9	0.6	3234	results/reference_annotations/.cache/GCF_000298775.1_ASM29877v1_genomic.gff	10025	89.8	98.0	65.0	78.3	65.8	83.8	52.3	57.5	55.7	59.3	55.7	59.3	20.9	4.1	25.4	5.1	11.7	3.1	9413	10025	9215	9128	98	198	1118	compared
v1.9.0-rc3_container_rust	Eremothecium_gossypii_ATCC_10895	GCF_000091025.4	Ascomycota	legacy	runs/v1.9.0-rc3_container_rust/genome_annotation/Eremothecium_gossypii_ATCC_10895/predict_results/Eremothecium_gossypii_ATCC_10895.gff3	4599	96.1	96.0	0.1	0.6	3.4	2137	results/reference_annotations/.cache/GCF_000091025.4_ASM9102v4_genomic.gff	5314	92.2	99.5	70.9	75.5	52.8	25.2	47.9	24.4	74.2	85.8	74.3	85.8	11.5	2.4	32.3	67.6	10.6	0.8	4599	5314	4577	4562	54	22	528	compared
v1.9.0-rc3_container_rust	Fusarium_oxysporum_4287	GCF_000149955.1	Ascomycota	legacy	runs/v1.9.0-rc3_container_rust/genome_annotation/Fusarium_oxysporum_4287/predict_results/Fusarium_oxysporum_4287.gff3	17477	91.9	91.2	0.7	4.8	3.3	3817	results/reference_annotations/.cache/GCF_000149955.1_ASM14995v2_genomic.gff	21344	59.3	97.2	35.8	51.0	65.5	86.4	39.3	66.0	37.8	60.1	49.2	60.1	24.2	3.6	28.7	7.3	22.0	2.7	17477	21344	17108	17008	2619	369	4381	compared
v1.9.0-rc3_container_rust	Fusarium_verticillioides_7600	GCF_000149555.1	Ascomycota	legacy	runs/v1.9.0-rc3_container_rust/genome_annotation/Fusarium_verticillioides_7600/predict_results/Fusarium_verticillioides_7600.gff3	15173	97.4	97.2	0.2	1.8	0.9	3817	results/reference_annotations/.cache/GCF_000149555.1_ASM14955v1_genomic.gff	16286	70.2	98.5	48.3	60.3	78.4	92.3	52.1	78.6	52.1	72.1	67.2	72.1	13.9	2.6	18.0	4.6	8.9	1.7	15173	16286	14994	14913	1938	179	1315	compared
v1.9.0-rc3_container_rust	Gaeumannomyces_tritici_R3-111a-1	GCF_000145635.1	Ascomycota	legacy	runs/v1.9.0-rc3_container_rust/genome_annotation/Gaeumannomyces_tritici_R3-111a-1/predict_results/Gaeumannomyces_tritici_R3-111a-1.gff3	11451	94.2	94.0	0.2	2.5	3.4	3817	results/reference_annotations/.cache/GCF_000145635.1_Gae_graminis_V2_genomic.gff	14669	63.4	97.8	33.0	44.0	63.7	85.9	49.6	66.3	44.4	57.9	45.1	57.9	28.4	3.6	31.2	7.5	25.5	2.4	11451	14669	11300	11139	1127	151	3507	compared
v1.9.0-rc3_container_rust	Kluyveromyces_lactis_NRRL_Y-1140	GCF_000002515.2	Ascomycota	legacy	runs/v1.9.0-rc3_container_rust/genome_annotation/Kluyveromyces_lactis_NRRL_Y-1140/predict_results/Kluyveromyces_lactis_NRRL_Y-1140.gff3	5068	97.9	97.8	0.1	0.8	1.3	2137	results/reference_annotations/.cache/GCF_000002515.2_ASM251v1_genomic.gff	5335	97.3	98.9	86.9	89.3	61.1	39.7	62.9	39.9	88.9	93.6	88.9	93.6	6.3	2.9	30.8	54.7	5.9	1.3	5068	5335	5002	5000	36	66	285	compared
v1.9.0-rc3_container_rust	Laccaria_bicolor_S238N-H82	GCF_000143565.1	Basidiomycota	legacy	runs/v1.9.0-rc3_container_rust/genome_annotation/Laccaria_bicolor_S238N-H82/predict_results/Laccaria_bicolor_S238N-H82.gff3	15376	89.8	88.2	1.7	2.4	7.7	2898	results/reference_annotations/.cache/GCF_000143565.1_V1.0_genomic.gff	18213	76.0	77.1	47.0	55.6	54.9	65.0	18.1	21.1	18.1	21.5	18.2	21.5	31.9	20.6	33.6	21.7	30.1	18.1	15376	18213	12895	12597	510	2481	5220	compared
v1.9.0-rc3_container_rust	Lachancea_thermotolerans_CBS_6340	GCF_000142805.1	Ascomycota	legacy	runs/v1.9.0-rc3_container_rust/genome_annotation/Lachancea_thermotolerans_CBS_6340/predict_results/Lachancea_thermotolerans_CBS_6340.gff3	5113	95.8	95.7	0.1	1.5	2.6	2137	results/reference_annotations/.cache/GCF_000142805.1_ASM14280v1_genomic.gff	5384	94.7	98.7	79.6	81.1	59.2	39.8	58.4	39.6	84.5	88.9	84.5	88.9	7.4	3.8	32.8	54.9	6.7	2.1	5113	5384	5016	5006	33	97	329	compared
v1.9.0-rc3_container_rust	Leptographium_clavigerum_kw1407	GCF_000143105.1	Ascomycota	legacy	runs/v1.9.0-rc3_container_rust/genome_annotation/Leptographium_clavigerum_kw1407/predict_results/Leptographium_clavigerum_kw1407.gff3	7877	89.4	89.2	0.2	3.0	7.7	3817	results/reference_annotations/.cache/GCF_000143105.1_Sanger-454-IlluminaPA_2.0_genomic.gff	8311	87.1	97.8	64.2	72.2	67.1	78.2	50.2	52.4	52.8	55.8	52.9	55.8	16.2	4.3	21.2	8.2	12.0	3.3	7877	8311	7647	7621	94	230	946	compared
v1.9.0-rc3_container_rust	Letharia_columbiana_WasteWater2	GCF_014066305.1	Ascomycota	legacy	runs/v1.9.0-rc3_container_rust/genome_annotation/Letharia_columbiana_WasteWater2/predict_results/Letharia_columbiana_WasteWater2.gff3	11526	93.2	90.2	3.0	2.5	4.3	1706	results/reference_annotations/.cache/GCF_014066305.1_Lecol_v1.0_genomic.gff	13385	92.0	96.1	65.7	72.7	71.7	77.3	47.9	51.4	48.5	56.3	48.5	56.3	15.5	6.4	17.3	11.7	11.8	3.0	11526	13385	11264	11187	155	262	1458	compared
v1.9.0-rc3_container_rust	Lipomyces_tetrasporus_NRRL_Y-64009	GCF_029532465.1	Ascomycota	legacy	runs/v1.9.0-rc3_container_rust/genome_annotation/Lipomyces_tetrasporus_NRRL_Y-64009/predict_results/Lipomyces_tetrasporus_NRRL_Y-64009.gff3	7979	88.0	87.0	1.0	5.8	6.2	2137	results/reference_annotations/.cache/GCF_029532465.1_Liptet1_genomic.gff	8094	78.9	96.1	50.3	53.8	81.5	89.6	65.5	69.7	59.1	60.0	59.8	60.0	10.7	4.3	15.3	6.8	6.5	4.1	7979	8094	7703	7654	244	276	503	compared
v1.9.0-rc3_container_rust	Malassezia_globosa_CBS_7966	GCF_000181695.2	Basidiomycota	legacy	runs/v1.9.0-rc3_container_rust/genome_annotation/Malassezia_globosa_CBS_7966/predict_results/Malassezia_globosa_CBS_7966.gff3	4506	83.3	83.2	0.1	4.9	11.8	1764	results/reference_annotations/.cache/GCF_000181695.2_ASM18169v2_genomic.gff	4278	95.2	89.3	57.4	43.5	68.0	36.5	39.0	21.7	58.1	55.2	58.1	55.2	7.4	27.2	20.3	55.5	3.7	10.2	4506	4278	4068	4047	81	438	133	compared
v1.9.0-rc3_container_rust	Malassezia_sympodialis_ATCC_42132	GCF_000349305.1	Basidiomycota	legacy	runs/v1.9.0-rc3_container_rust/genome_annotation/Malassezia_sympodialis_ATCC_42132/predict_results/Malassezia_sympodialis_ATCC_42132.gff3	4238	76.4	76.4	0.0	6.5	17.2	1764	results/reference_annotations/.cache/GCF_000349305.1_ASM34930v2_genomic.gff	3318	90.4	81.4	34.8	30.0	34.0	30.5	17.2	19.8	35.1	29.2	35.1	29.2	14.5	27.1	48.8	51.3	5.0	18.2	4238	3318	3347	3303	144	891	94	compared
v1.9.0-rc3_container_rust	Mixia_osmundae_IAM_14324	GCF_000708205.1	Basidiomycota	legacy	runs/v1.9.0-rc3_container_rust/genome_annotation/Mixia_osmundae_IAM_14324/predict_results/Mixia_osmundae_IAM_14324.gff3	6318	88.6	87.6	1.0	3.1	8.3	1764	results/reference_annotations/.cache/GCF_000708205.1_Mixia_osmundae_v1.0_genomic.gff	6838	84.3	97.6	56.8	67.1	68.9	83.4	36.3	38.7	35.6	38.5	36.8	38.5	16.7	2.2	21.1	5.8	11.8	1.1	6318	6838	6267	6251	1175	51	744	compared
v1.9.0-rc3_container_rust	Morchella_importuna_M04M26	GCF_003444635.1	Ascomycota	legacy	runs/v1.9.0-rc3_container_rust/genome_annotation/Morchella_importuna_M04M26/predict_results/Morchella_importuna_M04M26.gff3	11806	93.5	92.3	1.2	3.6	2.9	1706	results/reference_annotations/.cache/GCF_003444635.1_ASM344463v2_genomic.gff	11642	91.8	91.3	68.0	77.1	72.4	86.5	54.5	55.2	54.5	53.7	54.5	53.7	17.8	9.1	23.5	8.7	11.7	12.6	11806	11642	10396	10333	113	1410	1271	compared
v1.9.0-rc3_container_rust	Morchella_sextelata_SCLS	GCF_020137385.1	Ascomycota	legacy	runs/v1.9.0-rc3_container_rust/genome_annotation/Morchella_sextelata_SCLS/predict_results/Morchella_sextelata_SCLS.gff3	12528	95.5	93.3	2.2	2.9	1.6	1706	results/reference_annotations/.cache/GCF_020137385.1_ASM2013738v1_genomic.gff	13182	82.7	92.5	67.6	76.6	72.4	84.7	57.5	57.0	53.2	56.0	53.2	56.0	19.0	10.0	23.1	10.0	17.7	12.3	12528	13182	11064	10983	106	1464	2238	compared
v1.9.0-rc3_container_rust	Mucor_mucedo_NRRL_3635	GCF_025094135.1	Mucoromycota	legacy	runs/v1.9.0-rc3_container_rust/genome_annotation/Mucor_mucedo_NRRL_3635/predict_results/Mucor_mucedo_NRRL_3635.gff3	15599	94.2	93.3	1.0	1.1	4.6	2449	results/reference_annotations/.cache/GCF_025094135.1_Mucmuc1_genomic.gff	14225	83.7	83.6	62.9	58.8	79.5	75.0	50.7	47.0	49.2	44.9	50.2	44.9	12.3	17.5	15.3	19.4	9.8	16.9	15599	14225	13092	12970	758	2507	1253	compared
v1.9.0-rc3_container_rust	Nakaseomyces_glabratus_CBS_138	GCF_000002545.3	Ascomycota	legacy	runs/v1.9.0-rc3_container_rust/genome_annotation/Nakaseomyces_glabratus_CBS_138/predict_results/Nakaseomyces_glabratus_CBS_138.gff3	5153	96.6	95.6	1.0	0.8	2.6	2137	results/reference_annotations/.cache/GCF_000002545.3_ASM254v2_genomic.gff	5458	96.8	98.8	80.0	77.9	25.3	7.1	24.0	7.5	82.6	87.5	82.6	87.5	5.9	5.1	53.9	86.7	4.7	1.1	5153	5458	5113	5097	28	40	243	compared
v1.9.0-rc3_container_rust	Orbilia_oligospora_ATCC_24927	GCF_000225545.1	Ascomycota	legacy	runs/v1.9.0-rc3_container_rust/genome_annotation/Orbilia_oligospora_ATCC_24927/predict_results/Orbilia_oligospora_ATCC_24927.gff3	11881	95.9	95.7	0.2	1.5	2.6	1706	results/reference_annotations/.cache/GCF_000225545.1_AOL24927_1.0_genomic.gff	11479	97.4	96.7	87.7	83.0	92.1	86.3	74.4	70.8	74.8	72.2	74.8	72.2	2.9	7.3	3.6	9.2	2.0	5.7	11881	11479	11232	11206	38	649	201	compared
v1.9.0-rc3_container_rust	Parastagonospora_nodorum_SN15	GCF_000146915.1	Ascomycota	legacy	runs/v1.9.0-rc3_container_rust/genome_annotation/Parastagonospora_nodorum_SN15/predict_results/Parastagonospora_nodorum_SN15.gff3	13794	89.4	89.3	0.1	6.8	3.8	3786	results/reference_annotations/.cache/GCF_000146915.1_ASM14691v2_genomic.gff	16087	86.4	90.4	40.4	47.6	47.7	56.4	25.9	34.0	32.0	37.4	32.1	37.4	22.4	12.3	34.5	19.9	19.6	2.6	13794	16087	13512	13427	370	282	2937	compared
v1.9.0-rc3_container_rust	Phycomyces_blakesleeanus_NRRL_1555_-	GCF_001638985.1	Mucoromycota	legacy	runs/v1.9.0-rc3_container_rust/genome_annotation/Phycomyces_blakesleeanus_NRRL_1555_-/predict_results/Phycomyces_blakesleeanus_NRRL_1555_-.gff3	15324	96.9	95.2	1.6	1.0	2.2	2449	results/reference_annotations/.cache/GCF_001638985.1_Phybl2_genomic.gff	16850	76.1	79.3	55.4	60.6	65.2	71.2	32.8	37.7	35.1	38.6	35.2	38.6	24.4	17.4	26.2	18.5	20.4	9.3	15324	16850	14292	13926	559	1032	3199	compared
v1.9.0-rc3_container_rust	Pneumocystis_murina_B123	GCF_000349005.2	Ascomycota	legacy	runs/v1.9.0-rc3_container_rust/genome_annotation/Pneumocystis_murina_B123/predict_results/Pneumocystis_murina_B123.gff3	3207	67.1	67.1	0.1	3.2	29.7	1706	results/reference_annotations/.cache/GCF_000349005.2_Pneumo_murina_B123_V4_genomic.gff	3675	87.9	98.6	71.6	69.4	81.8	76.9	31.5	35.5	32.6	37.3	32.7	37.3	9.0	5.6	8.5	14.0	8.5	0.7	3207	3675	3197	3187	238	10	250	compared
v1.9.0-rc3_container_rust	Protomyces_lactucae-debilis_12-1054	GCF_002105105.1	Ascomycota	legacy	runs/v1.9.0-rc3_container_rust/genome_annotation/Protomyces_lactucae-debilis_12-1054/predict_results/Protomyces_lactucae-debilis_12-1054.gff3	6451	82.4	82.2	0.2	2.8	14.8	1706	results/reference_annotations/.cache/GCF_002105105.1_Prola1_genomic.gff	6767	82.5	89.8	39.5	42.3	63.6	70.0	53.0	57.1	51.4	53.9	53.7	53.9	13.7	8.9	31.0	23.9	10.4	6.1	6451	6767	6169	6056	967	282	589	compared
v1.9.0-rc3_container_rust	Pseudogymnoascus_destructans_20631-21	GCF_000184105.1	Ascomycota	legacy	runs/v1.9.0-rc3_container_rust/genome_annotation/Pseudogymnoascus_destructans_20631-21/predict_results/Pseudogymnoascus_destructans_20631-21.gff3	8808	93.1	93.0	0.1	3.6	3.3	3234	results/reference_annotations/.cache/GCF_000184105.1_Geom_destructans_V1_genomic.gff	9223	70.0	96.5	42.0	45.8	78.1	87.1	62.5	65.5	54.9	58.0	55.4	58.0	15.0	6.0	17.8	8.4	13.0	6.5	8808	9223	8346	8240	640	462	1095	compared
v1.9.0-rc3_container_rust	Pyrenophora_teres_0-1	GCF_000166005.1	Ascomycota	legacy	runs/v1.9.0-rc3_container_rust/genome_annotation/Pyrenophora_teres_0-1/predict_results/Pyrenophora_teres_0-1.gff3	10437	96.7	96.1	0.6	1.7	1.6	3786	results/reference_annotations/.cache/GCF_000166005.1_PyrTer_1.0_genomic.gff	11799	92.2	99.2	78.8	85.2	83.9	88.0	70.6	73.6	67.4	76.2	67.4	76.2	11.8	2.6	10.6	6.1	13.6	1.3	10437	11799	10305	10299	10	132	1599	compared
v1.9.0-rc3_container_rust	Pyrenophora_tritici-repentis_Pt-1C-BFP	GCF_000149985.1	Ascomycota	legacy	runs/v1.9.0-rc3_container_rust/genome_annotation/Pyrenophora_tritici-repentis_Pt-1C-BFP/predict_results/Pyrenophora_tritici-repentis_Pt-1C-BFP.gff3	11797	95.5	95.3	0.2	2.3	2.1	3786	results/reference_annotations/.cache/GCF_000149985.1_ASM14998v1_genomic.gff	12275	86.4	92.6	56.6	61.8	67.2	75.7	49.2	53.6	52.3	54.5	52.3	54.5	16.1	9.0	22.7	10.8	11.7	5.5	11797	12275	11222	11137	243	575	1370	compared
v1.9.0-rc3_container_rust	Pyricularia_oryzae_70-15	GCF_000002495.2	Ascomycota	legacy	runs/v1.9.0-rc3_container_rust/genome_annotation/Pyricularia_oryzae_70-15/predict_results/Pyricularia_oryzae_70-15.gff3	10898	97.4	97.2	0.2	1.2	1.4	3817	results/reference_annotations/.cache/GCF_000002495.2_MG8_genomic.gff	13053	67.5	97.8	34.6	44.7	64.4	86.1	50.3	65.7	48.3	59.2	49.3	59.2	24.9	3.1	28.1	5.2	19.0	2.0	10898	13053	10729	10592	908	169	2391	compared
v1.9.0-rc3_container_rust	Rhizopus_delemar_RA_99-880	GCF_000149305.1	Mucoromycota	legacy	runs/v1.9.0-rc3_container_rust/genome_annotation/Rhizopus_delemar_RA_99-880/predict_results/Rhizopus_delemar_RA_99-880.gff3	15321	92.0	84.6	7.4	4.4	3.6	2449	results/reference_annotations/.cache/GCF_000149305.1_RO3_genomic.gff	17702	77.1	81.3	55.7	54.7	65.2	60.2	25.5	28.3	28.7	33.2	28.7	33.2	19.9	22.4	20.9	24.6	23.6	10.5	15321	17702	13888	13718	248	1433	4001	compared
v1.9.0-rc3_container_rust	Rhizopus_microsporus_ATCC_52813	GCF_002708625.1	Mucoromycota	legacy	runs/v1.9.0-rc3_container_rust/genome_annotation/Rhizopus_microsporus_ATCC_52813/predict_results/Rhizopus_microsporus_ATCC_52813.gff3	10590	94.2	93.9	0.4	2.5	3.2	2449	results/reference_annotations/.cache/GCF_002708625.1_Rhimi1_1_genomic.gff	10958	84.4	90.7	69.9	68.6	86.3	83.0	53.0	52.6	49.3	51.0	50.8	51.0	8.7	8.8	9.9	13.2	9.2	6.5	10590	10958	9942	9901	510	648	984	compared
v1.9.0-rc3_container_rust	Rhodotorula_graminis_WP1	GCF_001329695.1	Basidiomycota	legacy	runs/v1.9.0-rc3_container_rust/genome_annotation/Rhodotorula_graminis_WP1/predict_results/Rhodotorula_graminis_WP1.gff3	7456	97.0	96.8	0.2	0.6	2.4	1764	results/reference_annotations/.cache/GCF_001329695.1_Rhoba1_1_genomic.gff	7373	91.8	86.8	80.6	74.8	89.9	82.5	50.9	49.5	51.2	50.7	51.5	50.7	3.4	9.2	4.2	11.9	2.0	3.5	7456	7373	7219	7194	211	237	127	compared
v1.9.0-rc3_container_rust	Rhodotorula_toruloides_NP11	GCF_000320785.1	Basidiomycota	legacy	runs/v1.9.0-rc3_container_rust/genome_annotation/Rhodotorula_toruloides_NP11/predict_results/Rhodotorula_toruloides_NP11.gff3	7772	96.7	96.4	0.2	1.6	1.8	1764	results/reference_annotations/.cache/GCF_000320785.1_RHOziaDV1.0_genomic.gff	8141	90.4	99.0	85.0	87.4	88.7	90.7	56.4	59.2	55.6	58.5	55.6	58.5	6.0	1.7	5.1	3.6	5.4	2.0	7772	8141	7609	7599	25	163	422	compared
v1.9.0-rc3_container_rust	Saccharomyces_cerevisiae_S288C	GCF_000146045.2	Ascomycota	legacy	runs/v1.9.0-rc3_container_rust/genome_annotation/Saccharomyces_cerevisiae_S288C/predict_results/Saccharomyces_cerevisiae_S288C.gff3	5736	98.0	95.8	2.2	0.7	1.3	2137	results/reference_annotations/.cache/GCF_000146045.2_R64_genomic.gff	6459	92.7	99.7	83.2	94.0	63.3	73.6	63.3	73.1	85.2	96.2	86.6	96.2	11.5	0.9	33.3	22.1	10.1	0.3	5736	6459	5712	5705	67	24	643	compared
v1.9.0-rc3_container_rust	Schizophyllum_commune_H4-8	GCF_000143185.2	Basidiomycota	legacy	runs/v1.9.0-rc3_container_rust/genome_annotation/Schizophyllum_commune_H4-8/predict_results/Schizophyllum_commune_H4-8.gff3	12822	95.4	94.4	1.0	1.7	2.9	2898	results/reference_annotations/.cache/GCF_000143185.2_Schco3_genomic.gff	16466	72.1	94.6	60.5	69.6	76.4	85.8	38.6	45.4	35.2	45.2	36.6	45.2	17.7	4.2	16.6	6.7	20.5	1.7	12822	16466	12688	12613	925	134	3253	compared
v1.9.0-rc3_container_rust	Sclerotinia_sclerotiorum_1980	GCF_000146945.2	Ascomycota	legacy	runs/v1.9.0-rc3_container_rust/genome_annotation/Sclerotinia_sclerotiorum_1980/predict_results/Sclerotinia_sclerotiorum_1980.gff3	10929	94.8	94.7	0.0	2.5	2.7	3234	results/reference_annotations/.cache/GCF_000146945.2_ASM14694v2_genomic.gff	14710	86.6	91.1	52.1	67.5	56.1	71.1	36.3	47.7	37.8	50.9	37.8	50.9	29.3	10.0	31.8	9.7	29.3	3.7	10929	14710	10679	10523	270	250	4065	compared
v1.9.0-rc3_container_rust	Spizellomyces_punctatus_DAOM_BR117	GCF_000182565.1	Chytridiomycota	legacy	runs/v1.9.0-rc3_container_rust/genome_annotation/Spizellomyces_punctatus_DAOM_BR117/predict_results/Spizellomyces_punctatus_DAOM_BR117.gff3	8307	90.2	89.2	1.1	2.5	7.3	758	results/reference_annotations/.cache/GCF_000182565.1_S_punctatus_V1_genomic.gff	9164	76.2	97.9	62.5	71.2	78.9	89.9	39.6	45.8	40.3	46.7	42.4	46.7	13.1	2.0	13.5	3.5	9.6	1.8	8307	9164	8199	8157	1329	108	681	compared
v1.9.0-rc3_container_rust	Sporobolomyces_koalae_JCM15063	GCF_050403365.1	Basidiomycota	legacy	runs/v1.9.0-rc3_container_rust/genome_annotation/Sporobolomyces_koalae_JCM15063/predict_results/Sporobolomyces_koalae_JCM15063.gff3	6487	93.3	93.3	0.0	1.7	5.0	1764	results/reference_annotations/.cache/GCF_050403365.1_S_koalae_JCM15063v1_genomic.gff	6590	92.7	98.5	83.1	85.8	85.6	88.6	50.9	52.0	50.3	51.1	50.3	51.1	6.3	2.6	5.1	3.3	4.0	3.8	6487	6590	6243	6241	19	244	253	compared
v1.9.0-rc3_container_rust	Sporobolomyces_salmoneus_JCM6883	GCF_050403485.1	Basidiomycota	legacy	runs/v1.9.0-rc3_container_rust/genome_annotation/Sporobolomyces_salmoneus_JCM6883/predict_results/Sporobolomyces_salmoneus_JCM6883.gff3	7260	92.6	92.5	0.1	2.4	5.0	1764	results/reference_annotations/.cache/GCF_050403485.1_S_salmoneus_JCM6883v1_genomic.gff	7657	89.7	98.8	84.6	87.4	87.9	90.5	55.7	57.9	53.9	56.9	53.9	56.9	7.0	2.8	5.4	3.4	7.8	3.6	7260	7657	7007	7001	12	253	594	compared
v1.9.0-rc3_container_rust	Sugiyamaella_lignohabitans_CBS_10342	GCF_001640025.1	Ascomycota	legacy	runs/v1.9.0-rc3_container_rust/genome_annotation/Sugiyamaella_lignohabitans_CBS_10342/predict_results/Sugiyamaella_lignohabitans_CBS_10342.gff3	5925	93.4	92.9	0.5	2.3	4.3	2137	results/reference_annotations/.cache/GCF_001640025.1_ASM164002v2_genomic.gff	5341	95.4	84.1	55.3	32.5	26.3	1.6	23.0	1.8	57.5	51.8	57.5	51.8	4.9	40.9	25.4	95.0	3.6	17.6	5925	5341	4905	4882	115	1020	80	compared
v1.9.0-rc3_container_rust	Synchytrium_microbalum_JEL517	GCF_006535985.1	Chytridiomycota	legacy	runs/v1.9.0-rc3_container_rust/genome_annotation/Synchytrium_microbalum_JEL517/predict_results/Synchytrium_microbalum_JEL517.gff3	8918	86.9	85.8	1.2	3.0	10.0	758	results/reference_annotations/.cache/GCF_006535985.1_ASM653598v1_genomic.gff	6304	93.5	73.7	84.5	67.7	86.0	70.3	48.7	35.2	49.0	34.6	49.0	34.6	7.3	25.5	4.9	24.1	4.3	32.8	8918	6304	6010	5994	30	2908	258	compared
v1.9.0-rc3_container_rust	Talaromyces_marneffei_ATCC_18224	GCF_000001985.1	Ascomycota	legacy	runs/v1.9.0-rc3_container_rust/genome_annotation/Talaromyces_marneffei_ATCC_18224/predict_results/Talaromyces_marneffei_ATCC_18224.gff3	10147	97.0	96.7	0.3	1.8	1.1	3546	results/reference_annotations/.cache/GCF_000001985.1_JCVI-PMFA1-2.0_genomic.gff	10134	81.7	98.1	61.9	66.7	82.7	90.3	64.7	73.9	65.3	69.2	69.3	69.2	9.1	3.8	13.1	5.1	4.9	2.8	10147	10134	9908	9859	641	239	463	compared
v1.9.0-rc3_container_rust	Talaromyces_stipitatus_ATCC_10500	GCF_000003125.1	Ascomycota	legacy	runs/v1.9.0-rc3_container_rust/genome_annotation/Talaromyces_stipitatus_ATCC_10500/predict_results/Talaromyces_stipitatus_ATCC_10500.gff3	11366	97.9	97.5	0.5	0.8	1.3	3546	results/reference_annotations/.cache/GCF_000003125.1_JCVI-TSTA1-3.0_genomic.gff	12559	77.6	97.4	51.1	63.1	67.2	85.6	45.8	65.5	46.6	54.7	49.5	54.7	19.2	4.6	25.7	5.9	13.7	3.0	11366	12559	11067	11027	803	299	1689	compared
v1.9.0-rc3_container_rust	Tilletiaria_anomala_UBC_951	GCF_000711695.1	Basidiomycota	legacy	runs/v1.9.0-rc3_container_rust/genome_annotation/Tilletiaria_anomala_UBC_951/predict_results/Tilletiaria_anomala_UBC_951.gff3	6225	94.0	94.0	0.0	1.4	4.6	1764	results/reference_annotations/.cache/GCF_000711695.1_Tilletiaria_anomala_UBC_951_v1.0_genomic.gff	6868	81.5	92.1	54.6	58.1	84.8	88.8	66.8	69.2	58.7	64.8	60.0	64.8	10.1	4.9	12.0	7.8	11.7	4.1	6225	6868	6037	5968	697	188	742	compared
v1.9.0-rc3_container_rust	Tilletiopsis_washingtonensis_MCA_4186	GCF_003144115.1	Basidiomycota	legacy	runs/v1.9.0-rc3_container_rust/genome_annotation/Tilletiopsis_washingtonensis_MCA_4186/predict_results/Tilletiopsis_washingtonensis_MCA_4186.gff3	6455	90.3	90.1	0.2	2.5	7.2	1764	results/reference_annotations/.cache/GCF_003144115.1_Tilwa1_genomic.gff	7053	81.8	92.5	72.0	71.8	91.5	89.0	65.0	64.9	57.5	62.9	59.1	62.9	5.8	4.7	5.4	7.9	9.5	3.3	6455	7053	6325	6245	844	130	525	compared
v1.9.0-rc3_container_rust	Tremella_mesenterica_Fries	GCF_000271645.1	Basidiomycota	legacy	runs/v1.9.0-rc3_container_rust/genome_annotation/Tremella_mesenterica_Fries/predict_results/Tremella_mesenterica_Fries.gff3	7682	91.4	91.2	0.3	2.6	6.0	4284	results/reference_annotations/.cache/GCF_000271645.1_Treme1_genomic.gff	8291	84.9	85.6	67.1	69.5	76.2	78.3	32.5	34.8	32.7	35.3	32.7	35.3	12.5	11.3	13.8	11.3	13.6	6.9	7682	8291	7227	7151	172	455	1071	compared
v1.9.0-rc3_container_rust	Tricharina_praecox_CBS_144465	GCF_024521635.1	Ascomycota	legacy	runs/v1.9.0-rc3_container_rust/genome_annotation/Tricharina_praecox_CBS_144465/predict_results/Tricharina_praecox_CBS_144465.gff3	10268	94.9	92.6	2.3	1.5	3.6	1706	results/reference_annotations/.cache/GCF_024521635.1_Tripra1_genomic.gff	10716	77.1	90.8	51.1	53.2	80.0	83.1	59.5	59.1	52.6	54.9	53.9	54.9	13.1	9.1	15.5	12.0	12.5	9.6	10268	10716	9416	9282	298	852	1261	compared
v1.9.0-rc3_container_rust	Trichosporon_asahii_CBS_2479	GCF_000293215.1	Basidiomycota	legacy	runs/v1.9.0-rc3_container_rust/genome_annotation/Trichosporon_asahii_CBS_2479/predict_results/Trichosporon_asahii_CBS_2479.gff3	8932	87.5	86.9	0.6	4.4	8.1	4284	results/reference_annotations/.cache/GCF_000293215.1_Trichosporon_asahii_1_genomic.gff	8834	87.8	91.0	51.5	45.2	46.8	38.8	25.1	22.7	34.4	34.0	34.4	34.0	11.6	19.0	14.8	25.4	7.9	6.9	8932	8834	8399	8315	124	533	626	compared
v1.9.0-rc3_container_rust	Umbelopsis_ramanniana_AG	GCF_025399195.1	Mucoromycota	legacy	runs/v1.9.0-rc3_container_rust/genome_annotation/Umbelopsis_ramanniana_AG/predict_results/Umbelopsis_ramanniana_AG.gff3	9383	90.6	88.7	2.0	1.0	8.4	2449	results/reference_annotations/.cache/GCF_025399195.1_Umbra1_genomic.gff	10037	81.8	91.2	70.0	68.3	91.6	87.1	59.0	58.9	52.9	56.6	55.4	56.6	5.1	6.9	5.5	9.9	7.0	4.5	9383	10037	9019	8959	938	364	596	compared
v1.9.0-rc3_container_rust	Uncinocarpus_reesii_1704	GCF_000003515.1	Ascomycota	legacy	runs/v1.9.0-rc3_container_rust/genome_annotation/Uncinocarpus_reesii_1704/predict_results/Uncinocarpus_reesii_1704.gff3	7559	90.9	90.7	0.2	4.3	4.8	3546	results/reference_annotations/.cache/GCF_000003515.1_ASM351v2_genomic.gff	7855	93.8	92.2	64.1	64.3	67.5	66.6	41.3	43.3	44.7	46.4	44.7	46.4	12.8	13.0	17.2	15.9	9.5	4.4	7559	7855	7287	7226	90	272	688	compared
v1.9.0-rc3_container_rust	Wallemia_mellicola_CBS_633.66	GCF_000263375.1	Basidiomycota	legacy	runs/v1.9.0-rc3_container_rust/genome_annotation/Wallemia_mellicola_CBS_633.66/predict_results/Wallemia_mellicola_CBS_633.66.gff3	4941	86.4	86.1	0.3	2.4	11.2	1764	results/reference_annotations/.cache/GCF_000263375.1_Wallemia_sebi_v1.0_genomic.gff	5393	76.5	94.3	65.1	68.9	79.6	83.1	48.9	51.5	47.4	51.7	50.4	51.7	11.6	5.8	14.1	10.6	6.1	2.0	4941	5393	4872	4844	1414	69	251	compared
v1.9.0-rc3_container_rust	Yarrowia_lipolytica_CLIB122	GCF_000002525.2	Ascomycota	legacy	runs/v1.9.0-rc3_container_rust/genome_annotation/Yarrowia_lipolytica_CLIB122/predict_results/Yarrowia_lipolytica_CLIB122.gff3	6944	94.9	94.5	0.4	2.0	3.1	2137	results/reference_annotations/.cache/GCF_000002525.2_ASM252v1_genomic.gff	7139	94.7	97.6	74.9	76.7	58.4	58.6	52.2	57.5	80.7	83.1	80.9	83.1	8.0	8.2	35.8	35.3	6.0	3.8	6944	7139	6690	6684	8	254	426	compared
v1.9.0-rc3_container_rust	Zygosaccharomyces_rouxii_CBS_732	GCF_000026365.1	Ascomycota	legacy	runs/v1.9.0-rc3_container_rust/genome_annotation/Zygosaccharomyces_rouxii_CBS_732/predict_results/Zygosaccharomyces_rouxii_CBS_732.gff3	4976	96.7	96.5	0.2	0.7	2.6	2137	results/reference_annotations/.cache/GCF_000026365.1_ASM2636v1_genomic.gff	5323	96.8	99.3	83.0	84.4	57.3	26.8	56.5	26.4	84.9	90.8	84.9	90.8	6.7	3.0	33.6	68.8	6.5	0.9	4976	5323	4935	4929	47	41	306	compared
v1.9.0-rc3_container_rust	Zymoseptoria_tritici_IPO323	GCF_000219625.1	Ascomycota	legacy	runs/v1.9.0-rc3_container_rust/genome_annotation/Zymoseptoria_tritici_IPO323/predict_results/Zymoseptoria_tritici_IPO323.gff3	12885	97.0	96.9	0.1	1.6	1.4	3786	results/reference_annotations/.cache/GCF_000219625.1_MYCGR_v2.0_genomic.gff	10941	88.4	80.1	48.8	48.3	62.2	68.7	45.8	44.0	48.9	41.5	49.0	41.5	15.1	20.1	30.2	22.0	7.3	18.0	12885	10941	10886	10595	393	1999	668	compared
