cell	genome	process	task_name	status	exit	realtime_s	cpu_pct	peak_rss_gb	rss_field	cpu_hours	attempt	cpus	memory_req_gb	queue	hostname	submit	start	complete	trace_file	role
v1.8.17_conda	Nakaseomyces_glabratus_+9_more	FETCH_RNASEQ:SRA_QUERY_BATCH	FETCH_RNASEQ:SRA_QUERY_BATCH (Nakaseomyces_glabratus_+9_more)	COMPLETED	0	0.42	30.7	0.0033	rss	3.5816666666666665e-05									annotate_trace.20260905_164327.txt	final
v1.8.17_conda	Spizellomyces_punctatus_+9_more	FETCH_RNASEQ:SRA_QUERY_BATCH	FETCH_RNASEQ:SRA_QUERY_BATCH (Spizellomyces_punctatus_+9_more)	COMPLETED	0	0.28500000000000003	47.9	0.0033	rss	3.792083333333334e-05									annotate_trace.20260905_164327.txt	final
v1.8.17_conda	Leptographium_clavigerum_+9_more	FETCH_RNASEQ:SRA_QUERY_BATCH	FETCH_RNASEQ:SRA_QUERY_BATCH (Leptographium_clavigerum_+9_more)	COMPLETED	0	0.28500000000000003	45.2	0.0032	rss	3.578333333333334e-05									annotate_trace.20260905_164327.txt	final
v1.8.17_conda	Pneumocystis_murina_+9_more	FETCH_RNASEQ:SRA_QUERY_BATCH	FETCH_RNASEQ:SRA_QUERY_BATCH (Pneumocystis_murina_+9_more)	COMPLETED	0	0.6880000000000001	17.2	0.0032	rss	3.287111111111111e-05									annotate_trace.20260905_164327.txt	final
v1.8.17_conda	Malassezia_sympodialis_+9_more	FETCH_RNASEQ:SRA_QUERY_BATCH	FETCH_RNASEQ:SRA_QUERY_BATCH (Malassezia_sympodialis_+9_more)	COMPLETED	0	0.38	35.8	0.0032	rss	3.7788888888888884e-05									annotate_trace.20260905_164327.txt	final
v1.8.17_conda	Wallemia_mellicola_+4_more	FETCH_RNASEQ:SRA_QUERY_BATCH	FETCH_RNASEQ:SRA_QUERY_BATCH (Wallemia_mellicola_+4_more)	COMPLETED	0	0.503	17.1	0.0032	rss	2.3892500000000002e-05									annotate_trace.20260905_164327.txt	final
v1.8.17_conda	Trichosporon_asahii_+9_more	FETCH_RNASEQ:SRA_QUERY_BATCH	FETCH_RNASEQ:SRA_QUERY_BATCH (Trichosporon_asahii_+9_more)	COMPLETED	0	0.644	19.6	0.0031000000000000003	rss	3.506222222222222e-05									annotate_trace.20260905_164327.txt	final
v1.8.17_conda	-	FETCH_RNASEQ:COLLECT_SRA_QUERY	FETCH_RNASEQ:COLLECT_SRA_QUERY	COMPLETED	0	0.749	52.5	0.0032	rss	0.00010922916666666668									annotate_trace.20260905_164327.txt	overhead
v1.8.17_conda	Malassezia_globosa	FETCH_RNASEQ:SRA_FETCH	FETCH_RNASEQ:SRA_FETCH (Malassezia_globosa)	FAILED	1	300.0													annotate_trace.20260905_164327.txt	unresolved
v1.8.17_conda	Malassezia_globosa	FETCH_RNASEQ:SRA_FETCH	FETCH_RNASEQ:SRA_FETCH (Malassezia_globosa)	FAILED	1	180.0													annotate_trace.20260905_164327.txt	unresolved
v1.8.17_conda	Malassezia_globosa	FETCH_RNASEQ:SRA_FETCH	FETCH_RNASEQ:SRA_FETCH (Malassezia_globosa)	FAILED	1	120.0													annotate_trace.20260905_164327.txt	unresolved
v1.8.17_conda	Malassezia_globosa	FETCH_RNASEQ:SRA_FETCH	FETCH_RNASEQ:SRA_FETCH (Malassezia_globosa)	FAILED	1	180.0													annotate_trace.20260905_164327.txt	unresolved
v1.8.17_conda	Malassezia_globosa	FETCH_RNASEQ:SRA_FETCH	FETCH_RNASEQ:SRA_FETCH (Malassezia_globosa)	FAILED	1	180.0													annotate_trace.20260905_164327.txt	unresolved
v1.8.17_conda	Malassezia_globosa	FETCH_RNASEQ:SRA_FETCH	FETCH_RNASEQ:SRA_FETCH (Malassezia_globosa)	FAILED	1	240.0													annotate_trace.20260905_164327.txt	unresolved
v1.8.17_conda	Allomyces_macrogynus_ATCC_38327	TRAIN_PREDICT:FUNANNOTATE_TRAIN	TRAIN_PREDICT:FUNANNOTATE_TRAIN (Allomyces_macrogynus_ATCC_38327)	CACHED	0	162.0	67.6	0.0985	rss	0.030419999999999996									annotate_trace.20260905_164327.txt	cached
v1.8.17_conda	Spizellomyces_punctatus_DAOM_BR117	TRAIN_PREDICT:FUNANNOTATE_TRAIN	TRAIN_PREDICT:FUNANNOTATE_TRAIN (Spizellomyces_punctatus_DAOM_BR117)	CACHED	0	35.2	44.1	0.1028	rss	0.004312000000000001									annotate_trace.20260905_164327.txt	cached
v1.8.17_conda	Rhizopus_microsporus_ATCC_52813	TRAIN_PREDICT:FUNANNOTATE_TRAIN	TRAIN_PREDICT:FUNANNOTATE_TRAIN (Rhizopus_microsporus_ATCC_52813)	COMPLETED	0	1249.0	434.2	3.4	rss	1.5064327777777777									annotate_trace.20260905_164327.txt	overhead
v1.8.17_conda	Kluyveromyces_lactis_NRRL_Y-1140	TRAIN_PREDICT:FUNANNOTATE_TRAIN	TRAIN_PREDICT:FUNANNOTATE_TRAIN (Kluyveromyces_lactis_NRRL_Y-1140)	COMPLETED	0	7922.0	402.8	2.8	rss	8.863837777777778									annotate_trace.20260905_164327.txt	overhead
v1.8.17_conda	Malassezia_sympodialis_ATCC_42132	TRAIN_PREDICT:FUNANNOTATE_TRAIN	TRAIN_PREDICT:FUNANNOTATE_TRAIN (Malassezia_sympodialis_ATCC_42132)	COMPLETED	0	6848.0	577.1	3.6	rss	10.977724444444444									annotate_trace.20260905_164327.txt	overhead
v1.8.17_conda	Orbilia_oligospora_ATCC_24927	TRAIN_PREDICT:FUNANNOTATE_TRAIN	TRAIN_PREDICT:FUNANNOTATE_TRAIN (Orbilia_oligospora_ATCC_24927)	COMPLETED	0	23515.0	510.8	8.7	rss	33.36517222222223									annotate_trace.20260905_164327.txt	overhead
v1.8.17_conda	Talaromyces_marneffei_ATCC_18224	TRAIN_PREDICT:FUNANNOTATE_TRAIN	TRAIN_PREDICT:FUNANNOTATE_TRAIN (Talaromyces_marneffei_ATCC_18224)	COMPLETED	0	21465.0	496.0	10.0	rss	29.574									annotate_trace.20260905_164327.txt	overhead
v1.8.17_conda	Tilletiaria_anomala_UBC_951	TRAIN_PREDICT:FUNANNOTATE_TRAIN	TRAIN_PREDICT:FUNANNOTATE_TRAIN (Tilletiaria_anomala_UBC_951)	COMPLETED	0	25749.0	232.7	2.2	rss	16.6438675									annotate_trace.20260905_164327.txt	overhead
v1.8.17_conda	Mucor_mucedo_NRRL_3635	TRAIN_PREDICT:FUNANNOTATE_TRAIN	TRAIN_PREDICT:FUNANNOTATE_TRAIN (Mucor_mucedo_NRRL_3635)	COMPLETED	0	21922.0	460.8	5.5	rss	28.060160000000003									annotate_trace.20260905_164327.txt	overhead
v1.8.17_conda	Nakaseomyces_glabratus_CBS_138	TRAIN_PREDICT:FUNANNOTATE_TRAIN	TRAIN_PREDICT:FUNANNOTATE_TRAIN (Nakaseomyces_glabratus_CBS_138)	COMPLETED	0	10051.0	508.4	3.4	rss	14.194245555555554									annotate_trace.20260905_164327.txt	final
v1.8.17_conda	Cryptococcus_deneoformans_JEC21	TRAIN_PREDICT:FUNANNOTATE_TRAIN	TRAIN_PREDICT:FUNANNOTATE_TRAIN (Cryptococcus_deneoformans_JEC21)	COMPLETED	0	33307.0	242.7	5.8	rss	22.454469166666666									annotate_trace.20260905_164327.txt	overhead
v1.8.17_conda	Yarrowia_lipolytica_CLIB122	TRAIN_PREDICT:FUNANNOTATE_TRAIN	TRAIN_PREDICT:FUNANNOTATE_TRAIN (Yarrowia_lipolytica_CLIB122)	COMPLETED	0	34271.0	256.9	0.5313	rss	24.45616638888889									annotate_trace.20260905_164327.txt	overhead
v1.8.17_conda	Aspergillus_fumigatus_Af293	TRAIN_PREDICT:FUNANNOTATE_TRAIN	TRAIN_PREDICT:FUNANNOTATE_TRAIN (Aspergillus_fumigatus_Af293)	COMPLETED	0	10325.0	386.2	1.6	rss	11.076430555555556									annotate_trace.20260905_164327.txt	overhead
v1.8.17_conda	Chaetomium_globosum_CBS_148.51	TRAIN_PREDICT:FUNANNOTATE_TRAIN	TRAIN_PREDICT:FUNANNOTATE_TRAIN (Chaetomium_globosum_CBS_148.51)	COMPLETED	0	36039.0	399.4	3.8	rss	39.983268333333335									annotate_trace.20260905_164327.txt	overhead
v1.8.17_conda	Sclerotinia_sclerotiorum_1980	TRAIN_PREDICT:FUNANNOTATE_TRAIN	TRAIN_PREDICT:FUNANNOTATE_TRAIN (Sclerotinia_sclerotiorum_1980)	COMPLETED	0	19272.0	478.4	3.5	rss	25.610346666666665									annotate_trace.20260905_164327.txt	overhead
v1.8.17_conda	-	SETUP_DBS:SETUP_MARIADB_DATADIR	SETUP_DBS:SETUP_MARIADB_DATADIR	COMPLETED	0	4.5	22.3	0.13190000000000002	rss	0.00027875									annotate_trace.20260906_122613.txt	overhead
v1.8.17_conda	Batrachochytrium_dendrobatidis_+9_more	FETCH_RNASEQ:SRA_QUERY_BATCH	FETCH_RNASEQ:SRA_QUERY_BATCH (Batrachochytrium_dendrobatidis_+9_more)	COMPLETED	0	0.34	23.1	0.003	rss	2.181666666666667e-05									annotate_trace.20260906_122613.txt	final
v1.8.17_conda	-	FETCH_RNASEQ:COLLECT_SRA_QUERY	FETCH_RNASEQ:COLLECT_SRA_QUERY	COMPLETED	0	0.113	82.2			2.580166666666667e-05									annotate_trace.20260906_122613.txt	overhead
v1.8.17_conda	Malassezia_globosa	FETCH_RNASEQ:SRA_FETCH	FETCH_RNASEQ:SRA_FETCH (Malassezia_globosa)	FAILED	1	180.0													annotate_trace.20260906_122613.txt	unresolved
v1.8.17_conda	Malassezia_globosa	FETCH_RNASEQ:SRA_FETCH	FETCH_RNASEQ:SRA_FETCH (Malassezia_globosa)	FAILED	1	180.0													annotate_trace.20260906_122613.txt	unresolved
v1.8.17_conda	Malassezia_globosa	FETCH_RNASEQ:SRA_FETCH	FETCH_RNASEQ:SRA_FETCH (Malassezia_globosa)	FAILED	1	120.0													annotate_trace.20260906_122613.txt	unresolved
v1.8.17_conda	Malassezia_globosa	FETCH_RNASEQ:SRA_FETCH	FETCH_RNASEQ:SRA_FETCH (Malassezia_globosa)	FAILED	1	120.0													annotate_trace.20260906_122613.txt	unresolved
v1.8.17_conda	Malassezia_globosa	FETCH_RNASEQ:SRA_FETCH	FETCH_RNASEQ:SRA_FETCH (Malassezia_globosa)	FAILED	1	180.0													annotate_trace.20260906_122613.txt	unresolved
v1.8.17_conda	Malassezia_globosa	FETCH_RNASEQ:SRA_FETCH	FETCH_RNASEQ:SRA_FETCH (Malassezia_globosa)	FAILED	1	180.0													annotate_trace.20260906_122613.txt	unresolved
v1.8.17_conda	Allomyces_macrogynus_ATCC_38327	TRAIN_PREDICT:FUNANNOTATE_TRAIN	TRAIN_PREDICT:FUNANNOTATE_TRAIN (Allomyces_macrogynus_ATCC_38327)	COMPLETED	0	27.0	62.8	0.08059999999999999	rss	0.00471									annotate_trace.20260906_122613.txt	overhead
v1.8.17_conda	Aspergillus_fumigatus_Af293	TRAIN_PREDICT:FUNANNOTATE_TRAIN	TRAIN_PREDICT:FUNANNOTATE_TRAIN (Aspergillus_fumigatus_Af293)	COMPLETED	0	9335.0	513.2	0.49410000000000004	rss	13.307561111111111									annotate_trace.20260906_122613.txt	overhead
v1.8.17_conda	Rhodotorula_toruloides_NP11	TRAIN_PREDICT:FUNANNOTATE_TRAIN	TRAIN_PREDICT:FUNANNOTATE_TRAIN (Rhodotorula_toruloides_NP11)	COMPLETED	0	16402.0	148.1	0.4933	rss	6.747600555555555									annotate_trace.20260906_122613.txt	final
v1.8.17_conda	Saccharomyces_cerevisiae_S288C	TRAIN_PREDICT:FUNANNOTATE_TRAIN	TRAIN_PREDICT:FUNANNOTATE_TRAIN (Saccharomyces_cerevisiae_S288C)	COMPLETED	0	17803.0	213.7	1.2	rss	10.568058611111113									annotate_trace.20260906_122613.txt	overhead
v1.8.17_conda	Batrachochytrium_dendrobatidis_JAM81	TRAIN_PREDICT:FUNANNOTATE_TRAIN	TRAIN_PREDICT:FUNANNOTATE_TRAIN (Batrachochytrium_dendrobatidis_JAM81)	COMPLETED	0	30479.0	266.6	6.0	rss	22.571392777777778									annotate_trace.20260906_122613.txt	overhead
v1.8.17_conda	Umbelopsis_ramanniana_AG	TRAIN_PREDICT:FUNANNOTATE_TRAIN	TRAIN_PREDICT:FUNANNOTATE_TRAIN (Umbelopsis_ramanniana_AG)	COMPLETED	0	32638.0	245.9	2.0	rss	22.293567222222222									annotate_trace.20260906_122613.txt	overhead
v1.8.17_conda	Chaetomium_globosum_CBS_148.51	TRAIN_PREDICT:FUNANNOTATE_TRAIN	TRAIN_PREDICT:FUNANNOTATE_TRAIN (Chaetomium_globosum_CBS_148.51)	COMPLETED	0	40766.0	292.0	3.4	rss	33.065755555555555									annotate_trace.20260906_122613.txt	overhead
v1.8.17_conda	-	FETCH_RNASEQ:COLLECT_SRA_QUERY	FETCH_RNASEQ:COLLECT_SRA_QUERY	COMPLETED	0	0.233	63.5	0.003	rss	4.1098611111111115e-05									annotate_trace.20260907_181325.txt	overhead
v1.8.17_conda	Malassezia_globosa	TRAIN_PREDICT:RNASEQ_PREPARE	TRAIN_PREDICT:RNASEQ_PREPARE (Malassezia_globosa)	COMPLETED	0	10.5	25.4	0.045200000000000004	rss	0.0007408333333333334									annotate_trace.20260907_181325.txt	final
v1.8.17_conda	Allomyces_macrogynus_ATCC_38327	TRAIN_PREDICT:FUNANNOTATE_TRAIN	TRAIN_PREDICT:FUNANNOTATE_TRAIN (Allomyces_macrogynus_ATCC_38327)	FAILED	1	0.007													annotate_trace.20260907_181325.txt	overhead
v1.8.17_conda	Allomyces_macrogynus_ATCC_38327	TRAIN_PREDICT:FUNANNOTATE_TRAIN	TRAIN_PREDICT:FUNANNOTATE_TRAIN (Allomyces_macrogynus_ATCC_38327)	FAILED	1	0.005													annotate_trace.20260907_181325.txt	overhead
v1.8.17_conda	Allomyces_macrogynus_ATCC_38327	TRAIN_PREDICT:FUNANNOTATE_TRAIN	TRAIN_PREDICT:FUNANNOTATE_TRAIN (Allomyces_macrogynus_ATCC_38327)	FAILED	1	0.004													annotate_trace.20260907_181325.txt	overhead
v1.8.17_conda	Batrachochytrium_dendrobatidis_JAM81	TRAIN_PREDICT:FUNANNOTATE_TRAIN	TRAIN_PREDICT:FUNANNOTATE_TRAIN (Batrachochytrium_dendrobatidis_JAM81)	FAILED	1	12660.0													annotate_trace.20260907_181325.txt	overhead
v1.8.17_conda	Umbelopsis_ramanniana_AG	TRAIN_PREDICT:FUNANNOTATE_TRAIN	TRAIN_PREDICT:FUNANNOTATE_TRAIN (Umbelopsis_ramanniana_AG)	FAILED	1	14220.0													annotate_trace.20260907_181325.txt	overhead
v1.8.17_conda	Malassezia_globosa_CBS_7966	TRAIN_PREDICT:FUNANNOTATE_TRAIN	TRAIN_PREDICT:FUNANNOTATE_TRAIN (Malassezia_globosa_CBS_7966)	FAILED	1	25260.0													annotate_trace.20260907_181325.txt	overhead
v1.8.17_conda	Saccharomyces_cerevisiae_S288C	TRAIN_PREDICT:FUNANNOTATE_TRAIN	TRAIN_PREDICT:FUNANNOTATE_TRAIN (Saccharomyces_cerevisiae_S288C)	FAILED	1	35760.0													annotate_trace.20260907_181325.txt	overhead
v1.8.17_conda	-	FETCH_RNASEQ:COLLECT_SRA_QUERY	FETCH_RNASEQ:COLLECT_SRA_QUERY	CACHED	0	0.233	63.5	0.003	rss	4.1098611111111115e-05									annotate_trace.20260908_160108.txt	cached
v1.8.17_conda	Allomyces_macrogynus_ATCC_38327	TRAIN_PREDICT:FUNANNOTATE_TRAIN	TRAIN_PREDICT:FUNANNOTATE_TRAIN (Allomyces_macrogynus_ATCC_38327)	FAILED	1	60.0													annotate_trace.20260908_160108.txt	overhead
v1.8.17_conda	Batrachochytrium_dendrobatidis_JAM81	TRAIN_PREDICT:FUNANNOTATE_TRAIN	TRAIN_PREDICT:FUNANNOTATE_TRAIN (Batrachochytrium_dendrobatidis_JAM81)	FAILED	1	2520.0													annotate_trace.20260908_160108.txt	overhead
v1.8.17_conda	Malassezia_globosa_CBS_7966	TRAIN_PREDICT:FUNANNOTATE_TRAIN	TRAIN_PREDICT:FUNANNOTATE_TRAIN (Malassezia_globosa_CBS_7966)	FAILED	1	1260.0													annotate_trace.20260908_160108.txt	overhead
v1.8.17_conda	Allomyces_macrogynus_ATCC_38327	TRAIN_PREDICT:FUNANNOTATE_TRAIN	TRAIN_PREDICT:FUNANNOTATE_TRAIN (Allomyces_macrogynus_ATCC_38327)	FAILED	1	0.003													annotate_trace.20260908_160108.txt	overhead
v1.8.17_conda	Allomyces_macrogynus_ATCC_38327	TRAIN_PREDICT:FUNANNOTATE_TRAIN	TRAIN_PREDICT:FUNANNOTATE_TRAIN (Allomyces_macrogynus_ATCC_38327)	FAILED	1	60.0													annotate_trace.20260908_160108.txt	overhead
v1.8.17_conda	Aspergillus_fumigatus_Af293	TRAIN_PREDICT:FUNANNOTATE_TRAIN	TRAIN_PREDICT:FUNANNOTATE_TRAIN (Aspergillus_fumigatus_Af293)	FAILED	1	3480.0													annotate_trace.20260908_160108.txt	overhead
v1.8.17_conda	Saccharomyces_cerevisiae_S288C	TRAIN_PREDICT:FUNANNOTATE_TRAIN	TRAIN_PREDICT:FUNANNOTATE_TRAIN (Saccharomyces_cerevisiae_S288C)	FAILED	1	3840.0													annotate_trace.20260908_160108.txt	overhead
v1.8.17_conda	Umbelopsis_ramanniana_AG	TRAIN_PREDICT:FUNANNOTATE_TRAIN	TRAIN_PREDICT:FUNANNOTATE_TRAIN (Umbelopsis_ramanniana_AG)	FAILED	1	4920.0													annotate_trace.20260908_160108.txt	overhead
v1.8.17_conda	Cryptococcus_neoformans_H99	TRAIN_PREDICT:FUNANNOTATE_TRAIN	TRAIN_PREDICT:FUNANNOTATE_TRAIN (Cryptococcus_neoformans_H99)	FAILED	1	7380.0													annotate_trace.20260908_160108.txt	overhead
v1.8.17_conda	Batrachochytrium_dendrobatidis_JAM81	TRAIN_PREDICT:FUNANNOTATE_TRAIN	TRAIN_PREDICT:FUNANNOTATE_TRAIN (Batrachochytrium_dendrobatidis_JAM81)	FAILED	1	1740.0													annotate_trace.20260908_160108.txt	overhead
v1.8.17_conda	Malassezia_globosa_CBS_7966	TRAIN_PREDICT:FUNANNOTATE_TRAIN	TRAIN_PREDICT:FUNANNOTATE_TRAIN (Malassezia_globosa_CBS_7966)	FAILED	1	3000.0													annotate_trace.20260908_160108.txt	overhead
v1.8.17_conda	Chaetomium_globosum_CBS_148.51	TRAIN_PREDICT:FUNANNOTATE_TRAIN	TRAIN_PREDICT:FUNANNOTATE_TRAIN (Chaetomium_globosum_CBS_148.51)	FAILED	1	8640.0													annotate_trace.20260908_160108.txt	overhead
v1.8.17_conda	-	FETCH_RNASEQ:COLLECT_SRA_QUERY	FETCH_RNASEQ:COLLECT_SRA_QUERY	CACHED	0	0.233	63.5	0.003	rss	4.1098611111111115e-05									annotate_trace.20260909_091332.txt	cached
v1.8.17_conda	Cryptococcus_neoformans_H99	TRAIN_PREDICT:FUNANNOTATE_TRAIN	TRAIN_PREDICT:FUNANNOTATE_TRAIN (Cryptococcus_neoformans_H99)	FAILED	1	0.007													annotate_trace.20260909_091332.txt	overhead
v1.8.17_conda	Allomyces_macrogynus_ATCC_38327	TRAIN_PREDICT:FUNANNOTATE_TRAIN	TRAIN_PREDICT:FUNANNOTATE_TRAIN (Allomyces_macrogynus_ATCC_38327)	FAILED	1	60.0													annotate_trace.20260909_091332.txt	overhead
v1.8.17_conda	Chaetomium_globosum_CBS_148.51	TRAIN_PREDICT:FUNANNOTATE_TRAIN	TRAIN_PREDICT:FUNANNOTATE_TRAIN (Chaetomium_globosum_CBS_148.51)	FAILED	1	60.0													annotate_trace.20260909_091332.txt	overhead
v1.8.17_conda	Umbelopsis_ramanniana_AG	TRAIN_PREDICT:FUNANNOTATE_TRAIN	TRAIN_PREDICT:FUNANNOTATE_TRAIN (Umbelopsis_ramanniana_AG)	FAILED	1	2280.0													annotate_trace.20260909_091332.txt	overhead
v1.8.17_conda	Saccharomyces_cerevisiae_S288C	TRAIN_PREDICT:FUNANNOTATE_TRAIN	TRAIN_PREDICT:FUNANNOTATE_TRAIN (Saccharomyces_cerevisiae_S288C)	FAILED	1	1440.0													annotate_trace.20260909_091332.txt	overhead
v1.8.17_conda	Batrachochytrium_dendrobatidis_JAM81	TRAIN_PREDICT:FUNANNOTATE_TRAIN	TRAIN_PREDICT:FUNANNOTATE_TRAIN (Batrachochytrium_dendrobatidis_JAM81)	FAILED	1	4200.0													annotate_trace.20260909_091332.txt	overhead
v1.8.17_conda	Malassezia_globosa_CBS_7966	TRAIN_PREDICT:FUNANNOTATE_TRAIN	TRAIN_PREDICT:FUNANNOTATE_TRAIN (Malassezia_globosa_CBS_7966)	FAILED	1	2220.0													annotate_trace.20260909_091332.txt	overhead
v1.8.17_conda	Aspergillus_fumigatus_Af293	TRAIN_PREDICT:FUNANNOTATE_TRAIN	TRAIN_PREDICT:FUNANNOTATE_TRAIN (Aspergillus_fumigatus_Af293)	FAILED	1	3660.0													annotate_trace.20260909_091332.txt	overhead
v1.8.17_conda	Cryptococcus_neoformans_H99	TRAIN_PREDICT:FUNANNOTATE_TRAIN	TRAIN_PREDICT:FUNANNOTATE_TRAIN (Cryptococcus_neoformans_H99)	FAILED	1	0.003													annotate_trace.20260909_091332.txt	overhead
v1.8.17_conda	Cryptococcus_neoformans_H99	TRAIN_PREDICT:FUNANNOTATE_TRAIN	TRAIN_PREDICT:FUNANNOTATE_TRAIN (Cryptococcus_neoformans_H99)	FAILED	1	60.0													annotate_trace.20260909_091332.txt	overhead
v1.8.17_conda	Allomyces_macrogynus_ATCC_38327	TRAIN_PREDICT:FUNANNOTATE_TRAIN	TRAIN_PREDICT:FUNANNOTATE_TRAIN (Allomyces_macrogynus_ATCC_38327)	FAILED	1	0.002													annotate_trace.20260909_091332.txt	overhead
v1.8.17_conda	Chaetomium_globosum_CBS_148.51	TRAIN_PREDICT:FUNANNOTATE_TRAIN	TRAIN_PREDICT:FUNANNOTATE_TRAIN (Chaetomium_globosum_CBS_148.51)	FAILED	1	60.0													annotate_trace.20260909_091332.txt	overhead
v1.8.17_conda	Umbelopsis_ramanniana_AG	TRAIN_PREDICT:FUNANNOTATE_TRAIN	TRAIN_PREDICT:FUNANNOTATE_TRAIN (Umbelopsis_ramanniana_AG)	FAILED	1	1380.0													annotate_trace.20260909_091332.txt	overhead
v1.8.17_conda	Saccharomyces_cerevisiae_S288C	TRAIN_PREDICT:FUNANNOTATE_TRAIN	TRAIN_PREDICT:FUNANNOTATE_TRAIN (Saccharomyces_cerevisiae_S288C)	FAILED	1	900.0													annotate_trace.20260909_091332.txt	overhead
v1.8.17_conda	Batrachochytrium_dendrobatidis_JAM81	TRAIN_PREDICT:FUNANNOTATE_TRAIN	TRAIN_PREDICT:FUNANNOTATE_TRAIN (Batrachochytrium_dendrobatidis_JAM81)	FAILED	1	1440.0													annotate_trace.20260909_091332.txt	overhead
v1.8.17_conda	Malassezia_globosa_CBS_7966	TRAIN_PREDICT:FUNANNOTATE_TRAIN	TRAIN_PREDICT:FUNANNOTATE_TRAIN (Malassezia_globosa_CBS_7966)	FAILED	1	1500.0													annotate_trace.20260909_091332.txt	overhead
v1.8.17_conda	Aspergillus_fumigatus_Af293	TRAIN_PREDICT:FUNANNOTATE_TRAIN	TRAIN_PREDICT:FUNANNOTATE_TRAIN (Aspergillus_fumigatus_Af293)	FAILED	1	1680.0													annotate_trace.20260909_091332.txt	overhead
v1.8.17_conda	-	FETCH_RNASEQ:COLLECT_SRA_QUERY	FETCH_RNASEQ:COLLECT_SRA_QUERY	CACHED	0	0.233	63.5	0.003	rss	4.1098611111111115e-05									annotate_trace.20260909_224225.txt	cached
v1.8.17_conda	Cryptococcus_neoformans_H99	TRAIN_PREDICT:FUNANNOTATE_TRAIN	TRAIN_PREDICT:FUNANNOTATE_TRAIN (Cryptococcus_neoformans_H99)	FAILED	1	0.006													annotate_trace.20260909_224225.txt	overhead
v1.8.17_conda	Allomyces_macrogynus_ATCC_38327	TRAIN_PREDICT:FUNANNOTATE_TRAIN	TRAIN_PREDICT:FUNANNOTATE_TRAIN (Allomyces_macrogynus_ATCC_38327)	FAILED	1	0.013000000000000001													annotate_trace.20260909_224225.txt	overhead
v1.8.17_conda	Umbelopsis_ramanniana_AG	TRAIN_PREDICT:FUNANNOTATE_TRAIN	TRAIN_PREDICT:FUNANNOTATE_TRAIN (Umbelopsis_ramanniana_AG)	FAILED	1	0.006													annotate_trace.20260909_224225.txt	overhead
v1.8.17_conda	Chaetomium_globosum_CBS_148.51	TRAIN_PREDICT:FUNANNOTATE_TRAIN	TRAIN_PREDICT:FUNANNOTATE_TRAIN (Chaetomium_globosum_CBS_148.51)	FAILED	1	0.003													annotate_trace.20260909_224225.txt	overhead
v1.8.17_conda	Batrachochytrium_dendrobatidis_JAM81	TRAIN_PREDICT:FUNANNOTATE_TRAIN	TRAIN_PREDICT:FUNANNOTATE_TRAIN (Batrachochytrium_dendrobatidis_JAM81)	FAILED	1	0.016													annotate_trace.20260909_224225.txt	overhead
v1.8.17_conda	Saccharomyces_cerevisiae_S288C	TRAIN_PREDICT:FUNANNOTATE_TRAIN	TRAIN_PREDICT:FUNANNOTATE_TRAIN (Saccharomyces_cerevisiae_S288C)	FAILED	1	0.009000000000000001													annotate_trace.20260909_224225.txt	overhead
v1.8.17_conda	Aspergillus_fumigatus_Af293	TRAIN_PREDICT:FUNANNOTATE_TRAIN	TRAIN_PREDICT:FUNANNOTATE_TRAIN (Aspergillus_fumigatus_Af293)	FAILED	1	0.012													annotate_trace.20260909_224225.txt	overhead
v1.8.17_conda	Malassezia_globosa_CBS_7966	TRAIN_PREDICT:FUNANNOTATE_TRAIN	TRAIN_PREDICT:FUNANNOTATE_TRAIN (Malassezia_globosa_CBS_7966)	FAILED	1	59.7													annotate_trace.20260909_224225.txt	overhead
v1.8.17_conda	Cryptococcus_neoformans_H99	TRAIN_PREDICT:FUNANNOTATE_TRAIN	TRAIN_PREDICT:FUNANNOTATE_TRAIN (Cryptococcus_neoformans_H99)	FAILED	1	0.002													annotate_trace.20260909_224225.txt	overhead
v1.8.17_conda	Allomyces_macrogynus_ATCC_38327	TRAIN_PREDICT:FUNANNOTATE_TRAIN	TRAIN_PREDICT:FUNANNOTATE_TRAIN (Allomyces_macrogynus_ATCC_38327)	FAILED	1	0.011													annotate_trace.20260909_224225.txt	overhead
v1.8.17_conda	Umbelopsis_ramanniana_AG	TRAIN_PREDICT:FUNANNOTATE_TRAIN	TRAIN_PREDICT:FUNANNOTATE_TRAIN (Umbelopsis_ramanniana_AG)	FAILED	1	0.003													annotate_trace.20260909_224225.txt	overhead
v1.8.17_conda	Chaetomium_globosum_CBS_148.51	TRAIN_PREDICT:FUNANNOTATE_TRAIN	TRAIN_PREDICT:FUNANNOTATE_TRAIN (Chaetomium_globosum_CBS_148.51)	FAILED	1	0.007													annotate_trace.20260909_224225.txt	overhead
v1.8.17_conda	Saccharomyces_cerevisiae_S288C	TRAIN_PREDICT:FUNANNOTATE_TRAIN	TRAIN_PREDICT:FUNANNOTATE_TRAIN (Saccharomyces_cerevisiae_S288C)	FAILED	1	0.004													annotate_trace.20260909_224225.txt	overhead
v1.8.17_conda	Batrachochytrium_dendrobatidis_JAM81	TRAIN_PREDICT:FUNANNOTATE_TRAIN	TRAIN_PREDICT:FUNANNOTATE_TRAIN (Batrachochytrium_dendrobatidis_JAM81)	FAILED	1	0.002													annotate_trace.20260909_224225.txt	overhead
v1.8.17_conda	Aspergillus_fumigatus_Af293	TRAIN_PREDICT:FUNANNOTATE_TRAIN	TRAIN_PREDICT:FUNANNOTATE_TRAIN (Aspergillus_fumigatus_Af293)	FAILED	1	0.002													annotate_trace.20260909_224225.txt	overhead
v1.8.17_conda	Malassezia_globosa_CBS_7966	TRAIN_PREDICT:FUNANNOTATE_TRAIN	TRAIN_PREDICT:FUNANNOTATE_TRAIN (Malassezia_globosa_CBS_7966)	FAILED	1	0.004													annotate_trace.20260909_224225.txt	overhead
v1.8.17_conda	Cryptococcus_neoformans_H99	TRAIN_PREDICT:FUNANNOTATE_TRAIN	TRAIN_PREDICT:FUNANNOTATE_TRAIN (Cryptococcus_neoformans_H99)	FAILED	1	0.002													annotate_trace.20260909_224225.txt	overhead
v1.8.17_conda	Allomyces_macrogynus_ATCC_38327	TRAIN_PREDICT:FUNANNOTATE_TRAIN	TRAIN_PREDICT:FUNANNOTATE_TRAIN (Allomyces_macrogynus_ATCC_38327)	FAILED	1	0.003													annotate_trace.20260909_224225.txt	overhead
v1.8.17_conda	Umbelopsis_ramanniana_AG	TRAIN_PREDICT:FUNANNOTATE_TRAIN	TRAIN_PREDICT:FUNANNOTATE_TRAIN (Umbelopsis_ramanniana_AG)	FAILED	1	0.008													annotate_trace.20260909_224225.txt	overhead
v1.8.17_conda	Chaetomium_globosum_CBS_148.51	TRAIN_PREDICT:FUNANNOTATE_TRAIN	TRAIN_PREDICT:FUNANNOTATE_TRAIN (Chaetomium_globosum_CBS_148.51)	FAILED	1	0.004													annotate_trace.20260909_224225.txt	overhead
v1.8.17_conda	Saccharomyces_cerevisiae_S288C	TRAIN_PREDICT:FUNANNOTATE_TRAIN	TRAIN_PREDICT:FUNANNOTATE_TRAIN (Saccharomyces_cerevisiae_S288C)	FAILED	1	0.002													annotate_trace.20260909_224225.txt	overhead
v1.8.17_conda	Batrachochytrium_dendrobatidis_JAM81	TRAIN_PREDICT:FUNANNOTATE_TRAIN	TRAIN_PREDICT:FUNANNOTATE_TRAIN (Batrachochytrium_dendrobatidis_JAM81)	FAILED	1	0.003													annotate_trace.20260909_224225.txt	overhead
v1.8.17_conda	Malassezia_globosa_CBS_7966	TRAIN_PREDICT:FUNANNOTATE_TRAIN	TRAIN_PREDICT:FUNANNOTATE_TRAIN (Malassezia_globosa_CBS_7966)	FAILED	1	0.003													annotate_trace.20260909_224225.txt	overhead
v1.8.17_conda	Aspergillus_fumigatus_Af293	TRAIN_PREDICT:FUNANNOTATE_TRAIN	TRAIN_PREDICT:FUNANNOTATE_TRAIN (Aspergillus_fumigatus_Af293)	FAILED	1	0.001													annotate_trace.20260909_224225.txt	overhead
v1.8.17_conda	-	FETCH_RNASEQ:COLLECT_SRA_QUERY	FETCH_RNASEQ:COLLECT_SRA_QUERY	CACHED	0	0.233	63.5	0.003	rss	4.1098611111111115e-05									annotate_trace.20260910_001400.txt	cached
v1.8.17_conda	Batrachochytrium_dendrobatidis_JAM81	TRAIN_PREDICT:FUNANNOTATE_TRAIN	TRAIN_PREDICT:FUNANNOTATE_TRAIN (Batrachochytrium_dendrobatidis_JAM81)	FAILED	1	0.008													annotate_trace.20260910_001400.txt	overhead
v1.8.17_conda	Umbelopsis_ramanniana_AG	TRAIN_PREDICT:FUNANNOTATE_TRAIN	TRAIN_PREDICT:FUNANNOTATE_TRAIN (Umbelopsis_ramanniana_AG)	FAILED	1	0.013000000000000001													annotate_trace.20260910_001400.txt	overhead
v1.8.17_conda	Cryptococcus_neoformans_H99	TRAIN_PREDICT:FUNANNOTATE_TRAIN	TRAIN_PREDICT:FUNANNOTATE_TRAIN (Cryptococcus_neoformans_H99)	FAILED	1	0.004													annotate_trace.20260910_001400.txt	overhead
v1.8.17_conda	Allomyces_macrogynus_ATCC_38327	TRAIN_PREDICT:FUNANNOTATE_TRAIN	TRAIN_PREDICT:FUNANNOTATE_TRAIN (Allomyces_macrogynus_ATCC_38327)	FAILED	1	0.005													annotate_trace.20260910_001400.txt	overhead
v1.8.17_conda	Chaetomium_globosum_CBS_148.51	TRAIN_PREDICT:FUNANNOTATE_TRAIN	TRAIN_PREDICT:FUNANNOTATE_TRAIN (Chaetomium_globosum_CBS_148.51)	FAILED	1	0.004													annotate_trace.20260910_001400.txt	overhead
v1.8.17_conda	Saccharomyces_cerevisiae_S288C	TRAIN_PREDICT:FUNANNOTATE_TRAIN	TRAIN_PREDICT:FUNANNOTATE_TRAIN (Saccharomyces_cerevisiae_S288C)	FAILED	1	0.002													annotate_trace.20260910_001400.txt	overhead
v1.8.17_conda	Aspergillus_fumigatus_Af293	TRAIN_PREDICT:FUNANNOTATE_TRAIN	TRAIN_PREDICT:FUNANNOTATE_TRAIN (Aspergillus_fumigatus_Af293)	FAILED	1	0.004													annotate_trace.20260910_001400.txt	overhead
v1.8.17_conda	Malassezia_globosa_CBS_7966	TRAIN_PREDICT:FUNANNOTATE_TRAIN	TRAIN_PREDICT:FUNANNOTATE_TRAIN (Malassezia_globosa_CBS_7966)	FAILED	1	0.014													annotate_trace.20260910_001400.txt	overhead
v1.8.17_conda	Batrachochytrium_dendrobatidis_JAM81	TRAIN_PREDICT:FUNANNOTATE_TRAIN	TRAIN_PREDICT:FUNANNOTATE_TRAIN (Batrachochytrium_dendrobatidis_JAM81)	FAILED	1	0.004													annotate_trace.20260910_001400.txt	overhead
v1.8.17_conda	Cryptococcus_neoformans_H99	TRAIN_PREDICT:FUNANNOTATE_TRAIN	TRAIN_PREDICT:FUNANNOTATE_TRAIN (Cryptococcus_neoformans_H99)	FAILED	1	0.002													annotate_trace.20260910_001400.txt	overhead
v1.8.17_conda	Umbelopsis_ramanniana_AG	TRAIN_PREDICT:FUNANNOTATE_TRAIN	TRAIN_PREDICT:FUNANNOTATE_TRAIN (Umbelopsis_ramanniana_AG)	FAILED	1	0.018000000000000002													annotate_trace.20260910_001400.txt	overhead
v1.8.17_conda	Batrachochytrium_dendrobatidis_JAM81	TRAIN_PREDICT:FUNANNOTATE_TRAIN	TRAIN_PREDICT:FUNANNOTATE_TRAIN (Batrachochytrium_dendrobatidis_JAM81)	FAILED	1	0.003													annotate_trace.20260910_001400.txt	overhead
v1.8.17_conda	Allomyces_macrogynus_ATCC_38327	TRAIN_PREDICT:FUNANNOTATE_TRAIN	TRAIN_PREDICT:FUNANNOTATE_TRAIN (Allomyces_macrogynus_ATCC_38327)	FAILED	1	0.004													annotate_trace.20260910_001400.txt	overhead
v1.8.17_conda	Chaetomium_globosum_CBS_148.51	TRAIN_PREDICT:FUNANNOTATE_TRAIN	TRAIN_PREDICT:FUNANNOTATE_TRAIN (Chaetomium_globosum_CBS_148.51)	FAILED	1	0.003													annotate_trace.20260910_001400.txt	overhead
v1.8.17_conda	Aspergillus_fumigatus_Af293	TRAIN_PREDICT:FUNANNOTATE_TRAIN	TRAIN_PREDICT:FUNANNOTATE_TRAIN (Aspergillus_fumigatus_Af293)	FAILED	1	0.002													annotate_trace.20260910_001400.txt	overhead
v1.8.17_conda	Saccharomyces_cerevisiae_S288C	TRAIN_PREDICT:FUNANNOTATE_TRAIN	TRAIN_PREDICT:FUNANNOTATE_TRAIN (Saccharomyces_cerevisiae_S288C)	FAILED	1	0.003													annotate_trace.20260910_001400.txt	overhead
v1.8.17_conda	Cryptococcus_neoformans_H99	TRAIN_PREDICT:FUNANNOTATE_TRAIN	TRAIN_PREDICT:FUNANNOTATE_TRAIN (Cryptococcus_neoformans_H99)	FAILED	1	0.012													annotate_trace.20260910_001400.txt	overhead
v1.8.17_conda	Malassezia_globosa_CBS_7966	TRAIN_PREDICT:FUNANNOTATE_TRAIN	TRAIN_PREDICT:FUNANNOTATE_TRAIN (Malassezia_globosa_CBS_7966)	FAILED	1	0.001													annotate_trace.20260910_001400.txt	overhead
v1.8.17_conda	Umbelopsis_ramanniana_AG	TRAIN_PREDICT:FUNANNOTATE_TRAIN	TRAIN_PREDICT:FUNANNOTATE_TRAIN (Umbelopsis_ramanniana_AG)	FAILED	1	60.0													annotate_trace.20260910_001400.txt	overhead
v1.8.17_conda	-	FETCH_RNASEQ:COLLECT_SRA_QUERY	FETCH_RNASEQ:COLLECT_SRA_QUERY	CACHED	0	0.233	63.5	0.003	rss	4.1098611111111115e-05									annotate_trace.20260910_105123.txt	cached
v1.8.17_conda	Batrachochytrium_dendrobatidis_JAM81	TRAIN_PREDICT:FUNANNOTATE_TRAIN	TRAIN_PREDICT:FUNANNOTATE_TRAIN (Batrachochytrium_dendrobatidis_JAM81)	FAILED	1	0.007													annotate_trace.20260910_105123.txt	overhead
v1.8.17_conda	Allomyces_macrogynus_ATCC_38327	TRAIN_PREDICT:FUNANNOTATE_TRAIN	TRAIN_PREDICT:FUNANNOTATE_TRAIN (Allomyces_macrogynus_ATCC_38327)	FAILED	1	0.013000000000000001													annotate_trace.20260910_105123.txt	overhead
v1.8.17_conda	Umbelopsis_ramanniana_AG	TRAIN_PREDICT:FUNANNOTATE_TRAIN	TRAIN_PREDICT:FUNANNOTATE_TRAIN (Umbelopsis_ramanniana_AG)	FAILED	1	0.002													annotate_trace.20260910_105123.txt	overhead
v1.8.17_conda	Cryptococcus_neoformans_H99	TRAIN_PREDICT:FUNANNOTATE_TRAIN	TRAIN_PREDICT:FUNANNOTATE_TRAIN (Cryptococcus_neoformans_H99)	FAILED	1	0.017													annotate_trace.20260910_105123.txt	overhead
v1.8.17_conda	Chaetomium_globosum_CBS_148.51	TRAIN_PREDICT:FUNANNOTATE_TRAIN	TRAIN_PREDICT:FUNANNOTATE_TRAIN (Chaetomium_globosum_CBS_148.51)	FAILED	1	60.0													annotate_trace.20260910_105123.txt	overhead
v1.8.17_conda	-	FETCH_RNASEQ:COLLECT_SRA_QUERY	FETCH_RNASEQ:COLLECT_SRA_QUERY	CACHED	0	0.233	63.5	0.003	rss	4.1098611111111115e-05									annotate_trace.20260910_105820.txt	cached
v1.8.17_conda	Cryptococcus_neoformans_H99	TRAIN_PREDICT:FUNANNOTATE_TRAIN	TRAIN_PREDICT:FUNANNOTATE_TRAIN (Cryptococcus_neoformans_H99)	FAILED	1	60.0													annotate_trace.20260910_105820.txt	overhead
v1.8.17_conda	Allomyces_macrogynus_ATCC_38327	TRAIN_PREDICT:FUNANNOTATE_TRAIN	TRAIN_PREDICT:FUNANNOTATE_TRAIN (Allomyces_macrogynus_ATCC_38327)	FAILED	1	0.002													annotate_trace.20260910_105820.txt	overhead
v1.8.17_conda	Batrachochytrium_dendrobatidis_JAM81	TRAIN_PREDICT:FUNANNOTATE_TRAIN	TRAIN_PREDICT:FUNANNOTATE_TRAIN (Batrachochytrium_dendrobatidis_JAM81)	FAILED	1	2820.0													annotate_trace.20260910_105820.txt	overhead
v1.8.17_conda	Umbelopsis_ramanniana_AG	TRAIN_PREDICT:FUNANNOTATE_TRAIN	TRAIN_PREDICT:FUNANNOTATE_TRAIN (Umbelopsis_ramanniana_AG)	FAILED	1	2040.0													annotate_trace.20260910_105820.txt	overhead
v1.8.17_conda	Chaetomium_globosum_CBS_148.51	TRAIN_PREDICT:FUNANNOTATE_TRAIN	TRAIN_PREDICT:FUNANNOTATE_TRAIN (Chaetomium_globosum_CBS_148.51)	FAILED	1	60.0													annotate_trace.20260910_105820.txt	overhead
v1.8.17_conda	Aspergillus_fumigatus_Af293	TRAIN_PREDICT:FUNANNOTATE_TRAIN	TRAIN_PREDICT:FUNANNOTATE_TRAIN (Aspergillus_fumigatus_Af293)	FAILED	1	2100.0													annotate_trace.20260910_105820.txt	overhead
v1.8.17_conda	Saccharomyces_cerevisiae_S288C	TRAIN_PREDICT:FUNANNOTATE_TRAIN	TRAIN_PREDICT:FUNANNOTATE_TRAIN (Saccharomyces_cerevisiae_S288C)	FAILED	1	1140.0													annotate_trace.20260910_105820.txt	overhead
v1.8.17_conda	Malassezia_globosa_CBS_7966	TRAIN_PREDICT:FUNANNOTATE_TRAIN	TRAIN_PREDICT:FUNANNOTATE_TRAIN (Malassezia_globosa_CBS_7966)	FAILED	1	1380.0													annotate_trace.20260910_105820.txt	overhead
v1.8.17_conda	Cryptococcus_neoformans_H99	TRAIN_PREDICT:FUNANNOTATE_TRAIN	TRAIN_PREDICT:FUNANNOTATE_TRAIN (Cryptococcus_neoformans_H99)	FAILED	1	60.0													annotate_trace.20260910_105820.txt	overhead
v1.8.17_conda	Allomyces_macrogynus_ATCC_38327	TRAIN_PREDICT:FUNANNOTATE_TRAIN	TRAIN_PREDICT:FUNANNOTATE_TRAIN (Allomyces_macrogynus_ATCC_38327)	FAILED	1	60.0													annotate_trace.20260910_105820.txt	overhead
v1.8.17_conda	Cryptococcus_neoformans_H99	TRAIN_PREDICT:FUNANNOTATE_TRAIN	TRAIN_PREDICT:FUNANNOTATE_TRAIN (Cryptococcus_neoformans_H99)	FAILED	1	0.001													annotate_trace.20260910_105820.txt	overhead
v1.8.17_conda	Allomyces_macrogynus_ATCC_38327	TRAIN_PREDICT:FUNANNOTATE_TRAIN	TRAIN_PREDICT:FUNANNOTATE_TRAIN (Allomyces_macrogynus_ATCC_38327)	FAILED	1	0.003													annotate_trace.20260910_105820.txt	overhead
v1.8.17_conda	Chaetomium_globosum_CBS_148.51	TRAIN_PREDICT:FUNANNOTATE_TRAIN	TRAIN_PREDICT:FUNANNOTATE_TRAIN (Chaetomium_globosum_CBS_148.51)	FAILED	1	60.0													annotate_trace.20260910_105820.txt	overhead
v1.8.17_conda	Batrachochytrium_dendrobatidis_JAM81	TRAIN_PREDICT:FUNANNOTATE_TRAIN	TRAIN_PREDICT:FUNANNOTATE_TRAIN (Batrachochytrium_dendrobatidis_JAM81)	FAILED	1	1980.0													annotate_trace.20260910_105820.txt	overhead
v1.8.17_conda	Saccharomyces_cerevisiae_S288C	TRAIN_PREDICT:FUNANNOTATE_TRAIN	TRAIN_PREDICT:FUNANNOTATE_TRAIN (Saccharomyces_cerevisiae_S288C)	FAILED	1	960.0													annotate_trace.20260910_105820.txt	overhead
v1.8.17_conda	Aspergillus_fumigatus_Af293	TRAIN_PREDICT:FUNANNOTATE_TRAIN	TRAIN_PREDICT:FUNANNOTATE_TRAIN (Aspergillus_fumigatus_Af293)	FAILED	1	2640.0													annotate_trace.20260910_105820.txt	overhead
v1.8.17_conda	Umbelopsis_ramanniana_AG	TRAIN_PREDICT:FUNANNOTATE_TRAIN	TRAIN_PREDICT:FUNANNOTATE_TRAIN (Umbelopsis_ramanniana_AG)	FAILED	1	2820.0													annotate_trace.20260910_105820.txt	overhead
v1.8.17_conda	-	FETCH_RNASEQ:COLLECT_SRA_QUERY	FETCH_RNASEQ:COLLECT_SRA_QUERY	CACHED	0	0.233	63.5	0.003	rss	4.1098611111111115e-05									annotate_trace.20260910_143834.txt	cached
v1.8.17_conda	Allomyces_macrogynus_ATCC_38327	TRAIN_PREDICT:FUNANNOTATE_TRAIN	TRAIN_PREDICT:FUNANNOTATE_TRAIN (Allomyces_macrogynus_ATCC_38327)	FAILED	1	60.0													annotate_trace.20260910_143834.txt	overhead
v1.8.17_conda	Batrachochytrium_dendrobatidis_JAM81	TRAIN_PREDICT:FUNANNOTATE_TRAIN	TRAIN_PREDICT:FUNANNOTATE_TRAIN (Batrachochytrium_dendrobatidis_JAM81)	FAILED	1	1920.0													annotate_trace.20260910_143834.txt	overhead
v1.8.17_conda	Cryptococcus_neoformans_H99	TRAIN_PREDICT:FUNANNOTATE_TRAIN	TRAIN_PREDICT:FUNANNOTATE_TRAIN (Cryptococcus_neoformans_H99)	FAILED	1	0.003													annotate_trace.20260910_143834.txt	overhead
v1.8.17_conda	Chaetomium_globosum_CBS_148.51	TRAIN_PREDICT:FUNANNOTATE_TRAIN	TRAIN_PREDICT:FUNANNOTATE_TRAIN (Chaetomium_globosum_CBS_148.51)	FAILED	1	0.002													annotate_trace.20260910_143834.txt	overhead
v1.8.17_conda	Allomyces_macrogynus_ATCC_38327	TRAIN_PREDICT:FUNANNOTATE_TRAIN	TRAIN_PREDICT:FUNANNOTATE_TRAIN (Allomyces_macrogynus_ATCC_38327)	FAILED	1	59.7													annotate_trace.20260910_143834.txt	overhead
v1.8.17_conda	Allomyces_macrogynus_ATCC_38327	TRAIN_PREDICT:FUNANNOTATE_TRAIN	TRAIN_PREDICT:FUNANNOTATE_TRAIN (Allomyces_macrogynus_ATCC_38327)	FAILED	1	0.004													annotate_trace.20260910_143834.txt	overhead
v1.8.17_conda	Aspergillus_fumigatus_Af293	TRAIN_PREDICT:FUNANNOTATE_TRAIN	TRAIN_PREDICT:FUNANNOTATE_TRAIN (Aspergillus_fumigatus_Af293)	FAILED	-	1982.0													annotate_trace.20260910_143834.txt	overhead
v1.8.17_conda	Umbelopsis_ramanniana_AG	TRAIN_PREDICT:FUNANNOTATE_TRAIN	TRAIN_PREDICT:FUNANNOTATE_TRAIN (Umbelopsis_ramanniana_AG)	FAILED	-	1980.0													annotate_trace.20260910_143834.txt	overhead
v1.8.17_conda	Saccharomyces_cerevisiae_S288C	TRAIN_PREDICT:FUNANNOTATE_TRAIN	TRAIN_PREDICT:FUNANNOTATE_TRAIN (Saccharomyces_cerevisiae_S288C)	FAILED	-	2008.0													annotate_trace.20260910_143834.txt	overhead
v1.8.17_conda	Malassezia_globosa_CBS_7966	TRAIN_PREDICT:FUNANNOTATE_TRAIN	TRAIN_PREDICT:FUNANNOTATE_TRAIN (Malassezia_globosa_CBS_7966)	FAILED	-	2007.0													annotate_trace.20260910_143834.txt	overhead
v1.8.17_conda	Batrachochytrium_dendrobatidis_JAM81	TRAIN_PREDICT:FUNANNOTATE_TRAIN	TRAIN_PREDICT:FUNANNOTATE_TRAIN (Batrachochytrium_dendrobatidis_JAM81)	FAILED	-	1981.0													annotate_trace.20260910_143834.txt	overhead
v1.8.17_conda	Chaetomium_globosum_CBS_148.51	TRAIN_PREDICT:FUNANNOTATE_TRAIN	TRAIN_PREDICT:FUNANNOTATE_TRAIN (Chaetomium_globosum_CBS_148.51)	FAILED	1	0.004													annotate_trace.20260910_143834.txt	overhead
v1.8.17_conda	Cryptococcus_neoformans_H99	TRAIN_PREDICT:FUNANNOTATE_TRAIN	TRAIN_PREDICT:FUNANNOTATE_TRAIN (Cryptococcus_neoformans_H99)	FAILED	1	60.0													annotate_trace.20260910_143834.txt	overhead
v1.8.17_conda	-	FETCH_RNASEQ:COLLECT_SRA_QUERY	FETCH_RNASEQ:COLLECT_SRA_QUERY	CACHED	0	0.233	63.5	0.003	rss	4.1098611111111115e-05									annotate_trace.20260910_225647.txt	cached
v1.8.17_conda	Malassezia_globosa_CBS_7966	TRAIN_PREDICT:FUNANNOTATE_TRAIN	TRAIN_PREDICT:FUNANNOTATE_TRAIN (Malassezia_globosa_CBS_7966)	FAILED	1	1500.0													annotate_trace.20260910_225647.txt	overhead
v1.8.17_conda	Umbelopsis_ramanniana_AG	TRAIN_PREDICT:FUNANNOTATE_TRAIN	TRAIN_PREDICT:FUNANNOTATE_TRAIN (Umbelopsis_ramanniana_AG)	FAILED	1	10440.0													annotate_trace.20260910_225647.txt	overhead
v1.8.17_conda	Aspergillus_fumigatus_Af293	TRAIN_PREDICT:FUNANNOTATE_TRAIN	TRAIN_PREDICT:FUNANNOTATE_TRAIN (Aspergillus_fumigatus_Af293)	FAILED	1	14641.0													annotate_trace.20260910_225647.txt	overhead
v1.8.17_conda	Malassezia_globosa_CBS_7966	TRAIN_PREDICT:FUNANNOTATE_TRAIN	TRAIN_PREDICT:FUNANNOTATE_TRAIN (Malassezia_globosa_CBS_7966)	FAILED	1	60.0													annotate_trace.20260910_225647.txt	overhead
v1.8.17_conda	Umbelopsis_ramanniana_AG	TRAIN_PREDICT:FUNANNOTATE_TRAIN	TRAIN_PREDICT:FUNANNOTATE_TRAIN (Umbelopsis_ramanniana_AG)	FAILED	1	0.011													annotate_trace.20260910_225647.txt	overhead
v1.8.17_conda	Umbelopsis_ramanniana_AG	TRAIN_PREDICT:FUNANNOTATE_TRAIN	TRAIN_PREDICT:FUNANNOTATE_TRAIN (Umbelopsis_ramanniana_AG)	FAILED	1	0.002													annotate_trace.20260910_225647.txt	overhead
v1.8.17_conda	Malassezia_globosa_CBS_7966	TRAIN_PREDICT:FUNANNOTATE_TRAIN	TRAIN_PREDICT:FUNANNOTATE_TRAIN (Malassezia_globosa_CBS_7966)	FAILED	1	60.0													annotate_trace.20260910_225647.txt	overhead
v1.8.17_conda	Aspergillus_fumigatus_Af293	TRAIN_PREDICT:FUNANNOTATE_TRAIN	TRAIN_PREDICT:FUNANNOTATE_TRAIN (Aspergillus_fumigatus_Af293)	FAILED	1	0.003													annotate_trace.20260910_225647.txt	overhead
v1.8.17_conda	Saccharomyces_cerevisiae_S288C	TRAIN_PREDICT:FUNANNOTATE_TRAIN	TRAIN_PREDICT:FUNANNOTATE_TRAIN (Saccharomyces_cerevisiae_S288C)	FAILED	1	23701.0													annotate_trace.20260910_225647.txt	overhead
v1.8.17_conda	Batrachochytrium_dendrobatidis_JAM81	TRAIN_PREDICT:FUNANNOTATE_TRAIN	TRAIN_PREDICT:FUNANNOTATE_TRAIN (Batrachochytrium_dendrobatidis_JAM81)	FAILED	1	32881.0													annotate_trace.20260910_225647.txt	overhead
v1.8.17_conda	Cryptococcus_neoformans_H99	TRAIN_PREDICT:FUNANNOTATE_TRAIN	TRAIN_PREDICT:FUNANNOTATE_TRAIN (Cryptococcus_neoformans_H99)	FAILED	1	34381.0													annotate_trace.20260910_225647.txt	overhead
v1.8.17_conda	Allomyces_macrogynus_ATCC_38327	TRAIN_PREDICT:FUNANNOTATE_TRAIN	TRAIN_PREDICT:FUNANNOTATE_TRAIN (Allomyces_macrogynus_ATCC_38327)	FAILED	1	39481.0													annotate_trace.20260910_225647.txt	overhead
v1.8.17_conda	Chaetomium_globosum_CBS_148.51	TRAIN_PREDICT:FUNANNOTATE_TRAIN	TRAIN_PREDICT:FUNANNOTATE_TRAIN (Chaetomium_globosum_CBS_148.51)	FAILED	1	47641.0													annotate_trace.20260910_225647.txt	overhead
v1.8.17_conda	-	FETCH_RNASEQ:COLLECT_SRA_QUERY	FETCH_RNASEQ:COLLECT_SRA_QUERY	CACHED	0	0.233	63.5	0.003	rss	4.1098611111111115e-05									annotate_trace.20260911_130826.txt	cached
v1.8.17_conda	Batrachochytrium_dendrobatidis_JAM81	TRAIN_PREDICT:FUNANNOTATE_TRAIN	TRAIN_PREDICT:FUNANNOTATE_TRAIN (Batrachochytrium_dendrobatidis_JAM81)	FAILED	1	60.0													annotate_trace.20260911_130826.txt	overhead
v1.8.17_conda	Cryptococcus_neoformans_H99	TRAIN_PREDICT:FUNANNOTATE_TRAIN	TRAIN_PREDICT:FUNANNOTATE_TRAIN (Cryptococcus_neoformans_H99)	FAILED	1	60.0													annotate_trace.20260911_130826.txt	overhead
v1.8.17_conda	Allomyces_macrogynus_ATCC_38327	TRAIN_PREDICT:FUNANNOTATE_TRAIN	TRAIN_PREDICT:FUNANNOTATE_TRAIN (Allomyces_macrogynus_ATCC_38327)	FAILED	1	60.0													annotate_trace.20260911_130826.txt	overhead
v1.8.17_conda	Saccharomyces_cerevisiae_S288C	TRAIN_PREDICT:FUNANNOTATE_TRAIN	TRAIN_PREDICT:FUNANNOTATE_TRAIN (Saccharomyces_cerevisiae_S288C)	FAILED	1	0.004													annotate_trace.20260911_130826.txt	overhead
v1.8.17_conda	Aspergillus_fumigatus_Af293	TRAIN_PREDICT:FUNANNOTATE_TRAIN	TRAIN_PREDICT:FUNANNOTATE_TRAIN (Aspergillus_fumigatus_Af293)	FAILED	1	0.015													annotate_trace.20260911_130826.txt	overhead
v1.8.17_conda	Umbelopsis_ramanniana_AG	TRAIN_PREDICT:FUNANNOTATE_TRAIN	TRAIN_PREDICT:FUNANNOTATE_TRAIN (Umbelopsis_ramanniana_AG)	FAILED	1	0.003													annotate_trace.20260911_130826.txt	overhead
v1.8.17_conda	Chaetomium_globosum_CBS_148.51	TRAIN_PREDICT:FUNANNOTATE_TRAIN	TRAIN_PREDICT:FUNANNOTATE_TRAIN (Chaetomium_globosum_CBS_148.51)	FAILED	1	0.002													annotate_trace.20260911_130826.txt	overhead
v1.8.17_conda	Malassezia_globosa_CBS_7966	TRAIN_PREDICT:FUNANNOTATE_TRAIN	TRAIN_PREDICT:FUNANNOTATE_TRAIN (Malassezia_globosa_CBS_7966)	FAILED	1	0.007													annotate_trace.20260911_130826.txt	overhead
v1.8.17_conda	Allomyces_macrogynus_ATCC_38327	TRAIN_PREDICT:FUNANNOTATE_TRAIN	TRAIN_PREDICT:FUNANNOTATE_TRAIN (Allomyces_macrogynus_ATCC_38327)	FAILED	1	60.0													annotate_trace.20260911_130826.txt	overhead
v1.8.17_conda	Batrachochytrium_dendrobatidis_JAM81	TRAIN_PREDICT:FUNANNOTATE_TRAIN	TRAIN_PREDICT:FUNANNOTATE_TRAIN (Batrachochytrium_dendrobatidis_JAM81)	FAILED	1	60.0													annotate_trace.20260911_130826.txt	overhead
v1.8.17_conda	Cryptococcus_neoformans_H99	TRAIN_PREDICT:FUNANNOTATE_TRAIN	TRAIN_PREDICT:FUNANNOTATE_TRAIN (Cryptococcus_neoformans_H99)	FAILED	1	60.0													annotate_trace.20260911_130826.txt	overhead
v1.8.17_conda	Allomyces_macrogynus_ATCC_38327	TRAIN_PREDICT:FUNANNOTATE_TRAIN	TRAIN_PREDICT:FUNANNOTATE_TRAIN (Allomyces_macrogynus_ATCC_38327)	FAILED	1	60.0													annotate_trace.20260911_130826.txt	overhead
v1.8.17_conda	Batrachochytrium_dendrobatidis_JAM81	TRAIN_PREDICT:FUNANNOTATE_TRAIN	TRAIN_PREDICT:FUNANNOTATE_TRAIN (Batrachochytrium_dendrobatidis_JAM81)	FAILED	1	0.01													annotate_trace.20260911_130826.txt	overhead
v1.8.17_conda	Saccharomyces_cerevisiae_S288C	TRAIN_PREDICT:FUNANNOTATE_TRAIN	TRAIN_PREDICT:FUNANNOTATE_TRAIN (Saccharomyces_cerevisiae_S288C)	FAILED	1	60.0													annotate_trace.20260911_130826.txt	overhead
v1.8.17_conda	Cryptococcus_neoformans_H99	TRAIN_PREDICT:FUNANNOTATE_TRAIN	TRAIN_PREDICT:FUNANNOTATE_TRAIN (Cryptococcus_neoformans_H99)	FAILED	1	0.002													annotate_trace.20260911_130826.txt	overhead
v1.8.17_conda	Aspergillus_fumigatus_Af293	TRAIN_PREDICT:FUNANNOTATE_TRAIN	TRAIN_PREDICT:FUNANNOTATE_TRAIN (Aspergillus_fumigatus_Af293)	FAILED	1	60.0													annotate_trace.20260911_130826.txt	overhead
v1.8.17_conda	Chaetomium_globosum_CBS_148.51	TRAIN_PREDICT:FUNANNOTATE_TRAIN	TRAIN_PREDICT:FUNANNOTATE_TRAIN (Chaetomium_globosum_CBS_148.51)	FAILED	1	0.002													annotate_trace.20260911_130826.txt	overhead
v1.8.17_conda	Umbelopsis_ramanniana_AG	TRAIN_PREDICT:FUNANNOTATE_TRAIN	TRAIN_PREDICT:FUNANNOTATE_TRAIN (Umbelopsis_ramanniana_AG)	FAILED	1	60.0													annotate_trace.20260911_130826.txt	overhead
v1.8.17_conda	Malassezia_globosa_CBS_7966	TRAIN_PREDICT:FUNANNOTATE_TRAIN	TRAIN_PREDICT:FUNANNOTATE_TRAIN (Malassezia_globosa_CBS_7966)	FAILED	1	0.003													annotate_trace.20260911_130826.txt	overhead
v1.8.17_conda	-	FETCH_RNASEQ:COLLECT_SRA_QUERY	FETCH_RNASEQ:COLLECT_SRA_QUERY	CACHED	0	0.233	63.5	0.003	rss	4.1098611111111115e-05									annotate_trace.20260912_002539.txt	cached
v1.8.17_conda	Batrachochytrium_dendrobatidis_JAM81	TRAIN_PREDICT:FUNANNOTATE_TRAIN	TRAIN_PREDICT:FUNANNOTATE_TRAIN (Batrachochytrium_dendrobatidis_JAM81)	FAILED	1	120.0													annotate_trace.20260912_002539.txt	overhead
v1.8.17_conda	Cryptococcus_neoformans_H99	TRAIN_PREDICT:FUNANNOTATE_TRAIN	TRAIN_PREDICT:FUNANNOTATE_TRAIN (Cryptococcus_neoformans_H99)	FAILED	1	60.0													annotate_trace.20260912_002539.txt	overhead
v1.8.17_conda	Umbelopsis_ramanniana_AG	TRAIN_PREDICT:FUNANNOTATE_TRAIN	TRAIN_PREDICT:FUNANNOTATE_TRAIN (Umbelopsis_ramanniana_AG)	FAILED	1	120.0													annotate_trace.20260912_002539.txt	overhead
v1.8.17_conda	Allomyces_macrogynus_ATCC_38327	TRAIN_PREDICT:FUNANNOTATE_TRAIN	TRAIN_PREDICT:FUNANNOTATE_TRAIN (Allomyces_macrogynus_ATCC_38327)	FAILED	1	60.0													annotate_trace.20260912_002539.txt	overhead
v1.8.17_conda	Saccharomyces_cerevisiae_S288C	TRAIN_PREDICT:FUNANNOTATE_TRAIN	TRAIN_PREDICT:FUNANNOTATE_TRAIN (Saccharomyces_cerevisiae_S288C)	FAILED	1	0.004													annotate_trace.20260912_002539.txt	overhead
v1.8.17_conda	Malassezia_globosa_CBS_7966	TRAIN_PREDICT:FUNANNOTATE_TRAIN	TRAIN_PREDICT:FUNANNOTATE_TRAIN (Malassezia_globosa_CBS_7966)	FAILED	1	0.001													annotate_trace.20260912_002539.txt	overhead
v1.8.17_conda	Aspergillus_fumigatus_Af293	TRAIN_PREDICT:FUNANNOTATE_TRAIN	TRAIN_PREDICT:FUNANNOTATE_TRAIN (Aspergillus_fumigatus_Af293)	FAILED	1	60.0													annotate_trace.20260912_002539.txt	overhead
v1.8.17_conda	Chaetomium_globosum_CBS_148.51	TRAIN_PREDICT:FUNANNOTATE_TRAIN	TRAIN_PREDICT:FUNANNOTATE_TRAIN (Chaetomium_globosum_CBS_148.51)	FAILED	1	60.0													annotate_trace.20260912_002539.txt	overhead
v1.8.17_conda	Batrachochytrium_dendrobatidis_JAM81	TRAIN_PREDICT:FUNANNOTATE_TRAIN	TRAIN_PREDICT:FUNANNOTATE_TRAIN (Batrachochytrium_dendrobatidis_JAM81)	FAILED	1	60.0													annotate_trace.20260912_002539.txt	overhead
v1.8.17_conda	Cryptococcus_neoformans_H99	TRAIN_PREDICT:FUNANNOTATE_TRAIN	TRAIN_PREDICT:FUNANNOTATE_TRAIN (Cryptococcus_neoformans_H99)	FAILED	1	0.008													annotate_trace.20260912_002539.txt	overhead
v1.8.17_conda	Umbelopsis_ramanniana_AG	TRAIN_PREDICT:FUNANNOTATE_TRAIN	TRAIN_PREDICT:FUNANNOTATE_TRAIN (Umbelopsis_ramanniana_AG)	FAILED	1	0.001													annotate_trace.20260912_002539.txt	overhead
v1.8.17_conda	Batrachochytrium_dendrobatidis_JAM81	TRAIN_PREDICT:FUNANNOTATE_TRAIN	TRAIN_PREDICT:FUNANNOTATE_TRAIN (Batrachochytrium_dendrobatidis_JAM81)	FAILED	1	0.0													annotate_trace.20260912_002539.txt	overhead
v1.8.17_conda	Allomyces_macrogynus_ATCC_38327	TRAIN_PREDICT:FUNANNOTATE_TRAIN	TRAIN_PREDICT:FUNANNOTATE_TRAIN (Allomyces_macrogynus_ATCC_38327)	FAILED	1	0.002													annotate_trace.20260912_002539.txt	overhead
v1.8.17_conda	Umbelopsis_ramanniana_AG	TRAIN_PREDICT:FUNANNOTATE_TRAIN	TRAIN_PREDICT:FUNANNOTATE_TRAIN (Umbelopsis_ramanniana_AG)	FAILED	1	0.003													annotate_trace.20260912_002539.txt	overhead
v1.8.17_conda	Cryptococcus_neoformans_H99	TRAIN_PREDICT:FUNANNOTATE_TRAIN	TRAIN_PREDICT:FUNANNOTATE_TRAIN (Cryptococcus_neoformans_H99)	FAILED	1	60.0													annotate_trace.20260912_002539.txt	overhead
v1.8.17_conda	Saccharomyces_cerevisiae_S288C	TRAIN_PREDICT:FUNANNOTATE_TRAIN	TRAIN_PREDICT:FUNANNOTATE_TRAIN (Saccharomyces_cerevisiae_S288C)	FAILED	1	60.0													annotate_trace.20260912_002539.txt	overhead
v1.8.17_conda	Malassezia_globosa_CBS_7966	TRAIN_PREDICT:FUNANNOTATE_TRAIN	TRAIN_PREDICT:FUNANNOTATE_TRAIN (Malassezia_globosa_CBS_7966)	FAILED	1	60.0													annotate_trace.20260912_002539.txt	overhead
v1.8.17_conda	Aspergillus_fumigatus_Af293	TRAIN_PREDICT:FUNANNOTATE_TRAIN	TRAIN_PREDICT:FUNANNOTATE_TRAIN (Aspergillus_fumigatus_Af293)	FAILED	1	0.005													annotate_trace.20260912_002539.txt	overhead
v1.8.17_conda	Chaetomium_globosum_CBS_148.51	TRAIN_PREDICT:FUNANNOTATE_TRAIN	TRAIN_PREDICT:FUNANNOTATE_TRAIN (Chaetomium_globosum_CBS_148.51)	FAILED	1	0.003													annotate_trace.20260912_002539.txt	overhead
v1.8.17_conda	-	FETCH_RNASEQ:COLLECT_SRA_QUERY	FETCH_RNASEQ:COLLECT_SRA_QUERY	CACHED	0	0.233	63.5	0.003	rss	4.1098611111111115e-05									annotate_trace.20260914_073638.txt	cached
v1.8.17_conda	Saccharomyces_cerevisiae_S288C	TRAIN_PREDICT:FUNANNOTATE_TRAIN	TRAIN_PREDICT:FUNANNOTATE_TRAIN (Saccharomyces_cerevisiae_S288C)	FAILED	1	120.0													annotate_trace.20260914_073638.txt	overhead
v1.8.17_conda	Cryptococcus_neoformans_H99	TRAIN_PREDICT:FUNANNOTATE_TRAIN	TRAIN_PREDICT:FUNANNOTATE_TRAIN (Cryptococcus_neoformans_H99)	FAILED	1	300.0													annotate_trace.20260914_073638.txt	overhead
v1.8.17_conda	Batrachochytrium_dendrobatidis_JAM81	TRAIN_PREDICT:FUNANNOTATE_TRAIN	TRAIN_PREDICT:FUNANNOTATE_TRAIN (Batrachochytrium_dendrobatidis_JAM81)	FAILED	1	360.0													annotate_trace.20260914_073638.txt	overhead
v1.8.17_conda	Umbelopsis_ramanniana_AG	TRAIN_PREDICT:FUNANNOTATE_TRAIN	TRAIN_PREDICT:FUNANNOTATE_TRAIN (Umbelopsis_ramanniana_AG)	FAILED	1	180.0													annotate_trace.20260914_073638.txt	overhead
v1.8.17_conda	Allomyces_macrogynus_ATCC_38327	TRAIN_PREDICT:FUNANNOTATE_TRAIN	TRAIN_PREDICT:FUNANNOTATE_TRAIN (Allomyces_macrogynus_ATCC_38327)	FAILED	1	360.0													annotate_trace.20260914_073638.txt	overhead
v1.8.17_conda	Malassezia_globosa_CBS_7966	TRAIN_PREDICT:FUNANNOTATE_TRAIN	TRAIN_PREDICT:FUNANNOTATE_TRAIN (Malassezia_globosa_CBS_7966)	FAILED	1	58.7													annotate_trace.20260914_073638.txt	overhead
v1.8.17_conda	Aspergillus_fumigatus_Af293	TRAIN_PREDICT:FUNANNOTATE_TRAIN	TRAIN_PREDICT:FUNANNOTATE_TRAIN (Aspergillus_fumigatus_Af293)	FAILED	1	239.0													annotate_trace.20260914_073638.txt	overhead
v1.8.17_conda	Chaetomium_globosum_CBS_148.51	TRAIN_PREDICT:FUNANNOTATE_TRAIN	TRAIN_PREDICT:FUNANNOTATE_TRAIN (Chaetomium_globosum_CBS_148.51)	FAILED	1	480.0													annotate_trace.20260914_073638.txt	overhead
v1.8.17_conda	-	FETCH_RNASEQ:COLLECT_SRA_QUERY	FETCH_RNASEQ:COLLECT_SRA_QUERY	CACHED	0	0.233	63.5	0.003	rss	4.1098611111111115e-05									annotate_trace.20260914_102632.txt	cached
v1.8.17_conda	Malassezia_globosa_CBS_7966	TRAIN_PREDICT:FUNANNOTATE_TRAIN	TRAIN_PREDICT:FUNANNOTATE_TRAIN (Malassezia_globosa_CBS_7966)	FAILED	1	59.9													annotate_trace.20260914_102632.txt	overhead
v1.8.17_conda	Malassezia_globosa_CBS_7966	TRAIN_PREDICT:FUNANNOTATE_TRAIN	TRAIN_PREDICT:FUNANNOTATE_TRAIN (Malassezia_globosa_CBS_7966)	FAILED	1	0.002													annotate_trace.20260914_102632.txt	overhead
v1.8.17_conda	Saccharomyces_cerevisiae_S288C	TRAIN_PREDICT:FUNANNOTATE_TRAIN	TRAIN_PREDICT:FUNANNOTATE_TRAIN (Saccharomyces_cerevisiae_S288C)	FAILED	1	360.0													annotate_trace.20260914_102632.txt	overhead
v1.8.17_conda	Saccharomyces_cerevisiae_S288C	TRAIN_PREDICT:FUNANNOTATE_TRAIN	TRAIN_PREDICT:FUNANNOTATE_TRAIN (Saccharomyces_cerevisiae_S288C)	FAILED	1	0.002													annotate_trace.20260914_102632.txt	overhead
v1.8.17_conda	Umbelopsis_ramanniana_AG	TRAIN_PREDICT:FUNANNOTATE_TRAIN	TRAIN_PREDICT:FUNANNOTATE_TRAIN (Umbelopsis_ramanniana_AG)	FAILED	1	480.0													annotate_trace.20260914_102632.txt	overhead
v1.8.17_conda	Umbelopsis_ramanniana_AG	TRAIN_PREDICT:FUNANNOTATE_TRAIN	TRAIN_PREDICT:FUNANNOTATE_TRAIN (Umbelopsis_ramanniana_AG)	FAILED	1	0.002													annotate_trace.20260914_102632.txt	overhead
v1.8.17_conda	Batrachochytrium_dendrobatidis_JAM81	TRAIN_PREDICT:FUNANNOTATE_TRAIN	TRAIN_PREDICT:FUNANNOTATE_TRAIN (Batrachochytrium_dendrobatidis_JAM81)	FAILED	1	660.0													annotate_trace.20260914_102632.txt	overhead
v1.8.17_conda	Allomyces_macrogynus_ATCC_38327	TRAIN_PREDICT:FUNANNOTATE_TRAIN	TRAIN_PREDICT:FUNANNOTATE_TRAIN (Allomyces_macrogynus_ATCC_38327)	FAILED	1	660.0													annotate_trace.20260914_102632.txt	overhead
v1.8.17_conda	Cryptococcus_neoformans_H99	TRAIN_PREDICT:FUNANNOTATE_TRAIN	TRAIN_PREDICT:FUNANNOTATE_TRAIN (Cryptococcus_neoformans_H99)	FAILED	1	720.0													annotate_trace.20260914_102632.txt	overhead
v1.8.17_conda	Batrachochytrium_dendrobatidis_JAM81	TRAIN_PREDICT:FUNANNOTATE_TRAIN	TRAIN_PREDICT:FUNANNOTATE_TRAIN (Batrachochytrium_dendrobatidis_JAM81)	FAILED	1	0.009000000000000001													annotate_trace.20260914_102632.txt	overhead
v1.8.17_conda	Allomyces_macrogynus_ATCC_38327	TRAIN_PREDICT:FUNANNOTATE_TRAIN	TRAIN_PREDICT:FUNANNOTATE_TRAIN (Allomyces_macrogynus_ATCC_38327)	FAILED	1	0.005													annotate_trace.20260914_102632.txt	overhead
v1.8.17_conda	Cryptococcus_neoformans_H99	TRAIN_PREDICT:FUNANNOTATE_TRAIN	TRAIN_PREDICT:FUNANNOTATE_TRAIN (Cryptococcus_neoformans_H99)	FAILED	1	0.002													annotate_trace.20260914_102632.txt	overhead
v1.8.17_conda	Chaetomium_globosum_CBS_148.51	TRAIN_PREDICT:FUNANNOTATE_TRAIN	TRAIN_PREDICT:FUNANNOTATE_TRAIN (Chaetomium_globosum_CBS_148.51)	FAILED	1	900.0													annotate_trace.20260914_102632.txt	overhead
v1.8.17_conda	Chaetomium_globosum_CBS_148.51	TRAIN_PREDICT:FUNANNOTATE_TRAIN	TRAIN_PREDICT:FUNANNOTATE_TRAIN (Chaetomium_globosum_CBS_148.51)	FAILED	1	0.003													annotate_trace.20260914_102632.txt	overhead
v1.8.17_conda	Aspergillus_fumigatus_Af293	TRAIN_PREDICT:FUNANNOTATE_TRAIN	TRAIN_PREDICT:FUNANNOTATE_TRAIN (Aspergillus_fumigatus_Af293)	FAILED	1	1200.0													annotate_trace.20260914_102632.txt	overhead
v1.8.17_conda	Aspergillus_fumigatus_Af293	TRAIN_PREDICT:FUNANNOTATE_TRAIN	TRAIN_PREDICT:FUNANNOTATE_TRAIN (Aspergillus_fumigatus_Af293)	FAILED	1	0.002													annotate_trace.20260914_102632.txt	overhead
v1.8.17_conda	Malassezia_globosa_CBS_7966	TRAIN_PREDICT:FUNANNOTATE_TRAIN	TRAIN_PREDICT:FUNANNOTATE_TRAIN (Malassezia_globosa_CBS_7966)	FAILED	1	60.0													annotate_trace.20260914_102632.txt	overhead
v1.8.17_conda	Saccharomyces_cerevisiae_S288C	TRAIN_PREDICT:FUNANNOTATE_TRAIN	TRAIN_PREDICT:FUNANNOTATE_TRAIN (Saccharomyces_cerevisiae_S288C)	FAILED	1	0.001													annotate_trace.20260914_102632.txt	overhead
v1.8.17_conda	Umbelopsis_ramanniana_AG	TRAIN_PREDICT:FUNANNOTATE_TRAIN	TRAIN_PREDICT:FUNANNOTATE_TRAIN (Umbelopsis_ramanniana_AG)	FAILED	1	0.004													annotate_trace.20260914_102632.txt	overhead
v1.8.17_conda	Allomyces_macrogynus_ATCC_38327	TRAIN_PREDICT:FUNANNOTATE_TRAIN	TRAIN_PREDICT:FUNANNOTATE_TRAIN (Allomyces_macrogynus_ATCC_38327)	FAILED	1	60.0													annotate_trace.20260914_102632.txt	overhead
v1.8.17_conda	Batrachochytrium_dendrobatidis_JAM81	TRAIN_PREDICT:FUNANNOTATE_TRAIN	TRAIN_PREDICT:FUNANNOTATE_TRAIN (Batrachochytrium_dendrobatidis_JAM81)	FAILED	1	0.005													annotate_trace.20260914_102632.txt	overhead
v1.8.17_conda	Cryptococcus_neoformans_H99	TRAIN_PREDICT:FUNANNOTATE_TRAIN	TRAIN_PREDICT:FUNANNOTATE_TRAIN (Cryptococcus_neoformans_H99)	FAILED	1	60.0													annotate_trace.20260914_102632.txt	overhead
v1.8.17_conda	Chaetomium_globosum_CBS_148.51	TRAIN_PREDICT:FUNANNOTATE_TRAIN	TRAIN_PREDICT:FUNANNOTATE_TRAIN (Chaetomium_globosum_CBS_148.51)	FAILED	1	0.002													annotate_trace.20260914_102632.txt	overhead
v1.8.17_conda	Aspergillus_fumigatus_Af293	TRAIN_PREDICT:FUNANNOTATE_TRAIN	TRAIN_PREDICT:FUNANNOTATE_TRAIN (Aspergillus_fumigatus_Af293)	FAILED	1	60.0													annotate_trace.20260914_102632.txt	overhead
v1.8.17_conda	-	FETCH_RNASEQ:COLLECT_SRA_QUERY	FETCH_RNASEQ:COLLECT_SRA_QUERY	CACHED	0	0.233	63.5	0.003	rss	4.1098611111111115e-05									annotate_trace.20260914_145658.txt	cached
v1.8.17_conda	Malassezia_globosa_CBS_7966	TRAIN_PREDICT:FUNANNOTATE_TRAIN	TRAIN_PREDICT:FUNANNOTATE_TRAIN (Malassezia_globosa_CBS_7966)	FAILED	1	190.0													annotate_trace.20260914_145658.txt	overhead
v1.8.17_conda	Malassezia_globosa_CBS_7966	TRAIN_PREDICT:FUNANNOTATE_TRAIN	TRAIN_PREDICT:FUNANNOTATE_TRAIN (Malassezia_globosa_CBS_7966)	FAILED	1	120.0													annotate_trace.20260914_145658.txt	overhead
v1.8.17_conda	Saccharomyces_cerevisiae_S288C	TRAIN_PREDICT:FUNANNOTATE_TRAIN	TRAIN_PREDICT:FUNANNOTATE_TRAIN (Saccharomyces_cerevisiae_S288C)	FAILED	1	900.0													annotate_trace.20260914_145658.txt	overhead
v1.8.17_conda	Saccharomyces_cerevisiae_S288C	TRAIN_PREDICT:FUNANNOTATE_TRAIN	TRAIN_PREDICT:FUNANNOTATE_TRAIN (Saccharomyces_cerevisiae_S288C)	FAILED	1	720.0													annotate_trace.20260914_145658.txt	overhead
v1.8.17_conda	Umbelopsis_ramanniana_AG	TRAIN_PREDICT:FUNANNOTATE_TRAIN	TRAIN_PREDICT:FUNANNOTATE_TRAIN (Umbelopsis_ramanniana_AG)	FAILED	1	1980.0													annotate_trace.20260914_145658.txt	overhead
v1.8.17_conda	Malassezia_globosa_CBS_7966	TRAIN_PREDICT:FUNANNOTATE_TRAIN	TRAIN_PREDICT:FUNANNOTATE_TRAIN (Malassezia_globosa_CBS_7966)	FAILED	1	120.0													annotate_trace.20260914_145658.txt	overhead
v1.8.17_conda	Saccharomyces_cerevisiae_S288C	TRAIN_PREDICT:FUNANNOTATE_TRAIN	TRAIN_PREDICT:FUNANNOTATE_TRAIN (Saccharomyces_cerevisiae_S288C)	FAILED	1	480.0													annotate_trace.20260914_145658.txt	overhead
v1.8.17_conda	Umbelopsis_ramanniana_AG	TRAIN_PREDICT:FUNANNOTATE_TRAIN	TRAIN_PREDICT:FUNANNOTATE_TRAIN (Umbelopsis_ramanniana_AG)	FAILED	1	1440.0													annotate_trace.20260914_145658.txt	overhead
v1.8.17_conda	Aspergillus_fumigatus_Af293	TRAIN_PREDICT:FUNANNOTATE_TRAIN	TRAIN_PREDICT:FUNANNOTATE_TRAIN (Aspergillus_fumigatus_Af293)	FAILED	1	3720.0													annotate_trace.20260914_145658.txt	overhead
v1.8.17_conda	Allomyces_macrogynus_ATCC_38327	TRAIN_PREDICT:FUNANNOTATE_TRAIN	TRAIN_PREDICT:FUNANNOTATE_TRAIN (Allomyces_macrogynus_ATCC_38327)	FAILED	1	3720.0													annotate_trace.20260914_145658.txt	overhead
v1.8.17_conda	Cryptococcus_neoformans_H99	TRAIN_PREDICT:FUNANNOTATE_TRAIN	TRAIN_PREDICT:FUNANNOTATE_TRAIN (Cryptococcus_neoformans_H99)	FAILED	1	3840.0													annotate_trace.20260914_145658.txt	overhead
v1.8.17_conda	Batrachochytrium_dendrobatidis_JAM81	TRAIN_PREDICT:FUNANNOTATE_TRAIN	TRAIN_PREDICT:FUNANNOTATE_TRAIN (Batrachochytrium_dendrobatidis_JAM81)	FAILED	1	3900.0													annotate_trace.20260914_145658.txt	overhead
v1.8.17_conda	Chaetomium_globosum_CBS_148.51	TRAIN_PREDICT:FUNANNOTATE_TRAIN	TRAIN_PREDICT:FUNANNOTATE_TRAIN (Chaetomium_globosum_CBS_148.51)	FAILED	1	4380.0													annotate_trace.20260914_145658.txt	overhead
v1.8.17_conda	-	FETCH_RNASEQ:COLLECT_SRA_QUERY	FETCH_RNASEQ:COLLECT_SRA_QUERY	CACHED	0	0.233	63.5	0.003	rss	4.1098611111111115e-05									annotate_trace.20260918_074750.txt	cached
v1.8.17_conda	Malassezia_globosa_CBS_7966	TRAIN_PREDICT:FUNANNOTATE_TRAIN	TRAIN_PREDICT:FUNANNOTATE_TRAIN (Malassezia_globosa_CBS_7966)	FAILED	1	240.0													annotate_trace.20260918_074750.txt	overhead
v1.8.17_conda	Malassezia_globosa_CBS_7966	TRAIN_PREDICT:FUNANNOTATE_TRAIN	TRAIN_PREDICT:FUNANNOTATE_TRAIN (Malassezia_globosa_CBS_7966)	FAILED	1	180.0													annotate_trace.20260918_074750.txt	overhead
v1.8.17_conda	Malassezia_globosa_CBS_7966	TRAIN_PREDICT:FUNANNOTATE_TRAIN	TRAIN_PREDICT:FUNANNOTATE_TRAIN (Malassezia_globosa_CBS_7966)	FAILED	1	120.0													annotate_trace.20260918_074750.txt	overhead
v1.8.17_conda	Saccharomyces_cerevisiae_S288C	TRAIN_PREDICT:FUNANNOTATE_TRAIN	TRAIN_PREDICT:FUNANNOTATE_TRAIN (Saccharomyces_cerevisiae_S288C)	FAILED	1	780.0													annotate_trace.20260918_074750.txt	overhead
v1.8.17_conda	Umbelopsis_ramanniana_AG	TRAIN_PREDICT:FUNANNOTATE_TRAIN	TRAIN_PREDICT:FUNANNOTATE_TRAIN (Umbelopsis_ramanniana_AG)	FAILED	1	2400.0													annotate_trace.20260918_074750.txt	overhead
v1.8.17_conda	Batrachochytrium_dendrobatidis_JAM81	TRAIN_PREDICT:FUNANNOTATE_TRAIN	TRAIN_PREDICT:FUNANNOTATE_TRAIN (Batrachochytrium_dendrobatidis_JAM81)	FAILED	1	3660.0													annotate_trace.20260918_074750.txt	overhead
v1.8.17_conda	Aspergillus_fumigatus_Af293	TRAIN_PREDICT:FUNANNOTATE_TRAIN	TRAIN_PREDICT:FUNANNOTATE_TRAIN (Aspergillus_fumigatus_Af293)	FAILED	1	3780.0													annotate_trace.20260918_074750.txt	overhead
v1.8.17_conda	Cryptococcus_neoformans_H99	TRAIN_PREDICT:FUNANNOTATE_TRAIN	TRAIN_PREDICT:FUNANNOTATE_TRAIN (Cryptococcus_neoformans_H99)	FAILED	1	4560.0													annotate_trace.20260918_074750.txt	overhead
v1.8.17_conda	Chaetomium_globosum_CBS_148.51	TRAIN_PREDICT:FUNANNOTATE_TRAIN	TRAIN_PREDICT:FUNANNOTATE_TRAIN (Chaetomium_globosum_CBS_148.51)	FAILED	1	4620.0													annotate_trace.20260918_074750.txt	overhead
v1.8.17_conda	Allomyces_macrogynus_ATCC_38327	TRAIN_PREDICT:FUNANNOTATE_TRAIN	TRAIN_PREDICT:FUNANNOTATE_TRAIN (Allomyces_macrogynus_ATCC_38327)	FAILED	1	4680.0													annotate_trace.20260918_074750.txt	overhead
v1.8.17_conda	-	FETCH_RNASEQ:COLLECT_SRA_QUERY	FETCH_RNASEQ:COLLECT_SRA_QUERY	COMPLETED	0	0.146	49.3	0.003	rss	1.9993888888888886e-05									annotate_trace.20260919_151954.txt	overhead
v1.8.17_conda	Malassezia_globosa_CBS_7966	TRAIN_PREDICT:FUNANNOTATE_TRAIN	TRAIN_PREDICT:FUNANNOTATE_TRAIN (Malassezia_globosa_CBS_7966)	COMPLETED	0	136.0	137.0	0.1776	rss	0.05175555555555556									annotate_trace.20260919_151954.txt	overhead
v1.8.17_conda	-	FETCH_RNASEQ:COLLECT_SRA_QUERY	FETCH_RNASEQ:COLLECT_SRA_QUERY	CACHED	0	0.146	49.3	0.003	rss	1.9993888888888886e-05									annotate_trace.20260919_153047.txt	cached
v1.8.17_conda	Malassezia_globosa_CBS_7966	TRAIN_PREDICT:FUNANNOTATE_TRAIN	TRAIN_PREDICT:FUNANNOTATE_TRAIN (Malassezia_globosa_CBS_7966)	COMPLETED	0	158.0	133.9	0.2182	rss	0.05876722222222222									annotate_trace.20260919_153047.txt	overhead
v1.8.17_conda	Malassezia_globosa_CBS_7966	TRAIN_PREDICT:FUNANNOTATE_PREDICT	TRAIN_PREDICT:FUNANNOTATE_PREDICT (Malassezia_globosa_CBS_7966)	COMPLETED	0	1609.0	365.1	3.0	rss	1.6317941666666667									annotate_trace.20260919_153047.txt	overhead
v1.8.17_conda	-	FETCH_RNASEQ:COLLECT_SRA_QUERY	FETCH_RNASEQ:COLLECT_SRA_QUERY	CACHED	0	0.233	63.5	0.003	rss	4.1098611111111115e-05									annotate_trace.20260919_170853.txt	cached
v1.8.17_conda	Saccharomyces_cerevisiae_S288C	TRAIN_PREDICT:FUNANNOTATE_TRAIN	TRAIN_PREDICT:FUNANNOTATE_TRAIN (Saccharomyces_cerevisiae_S288C)	COMPLETED	0	1076.0	145.1	1.5	rss	0.4336877777777777									annotate_trace.20260919_170853.txt	final
v1.8.17_conda	Pneumocystis_murina_B123	TRAIN_PREDICT:FUNANNOTATE_PREDICT	TRAIN_PREDICT:FUNANNOTATE_PREDICT (Pneumocystis_murina_B123)	COMPLETED	0	1800.0	508.2	3.5	rss	2.541									annotate_trace.20260919_170853.txt	final
v1.8.17_conda	Umbelopsis_ramanniana_AG	TRAIN_PREDICT:FUNANNOTATE_TRAIN	TRAIN_PREDICT:FUNANNOTATE_TRAIN (Umbelopsis_ramanniana_AG)	COMPLETED	0	2029.0	164.8	1.3	rss	0.928831111111111									annotate_trace.20260919_170853.txt	final
v1.8.17_conda	Saccharomyces_cerevisiae_S288C	TRAIN_PREDICT:FUNANNOTATE_PREDICT	TRAIN_PREDICT:FUNANNOTATE_PREDICT (Saccharomyces_cerevisiae_S288C)	COMPLETED	0	1286.0	582.5	2.8	rss	2.0808194444444443									annotate_trace.20260919_170853.txt	final
v1.8.17_conda	Umbelopsis_ramanniana_AG	TRAIN_PREDICT:FUNANNOTATE_PREDICT	TRAIN_PREDICT:FUNANNOTATE_PREDICT (Umbelopsis_ramanniana_AG)	COMPLETED	0	1441.0	581.3	4.1	rss	2.326814722222222									annotate_trace.20260919_170853.txt	final
v1.8.17_conda	Rhodotorula_toruloides_NP11	TRAIN_PREDICT:FUNANNOTATE_PREDICT	TRAIN_PREDICT:FUNANNOTATE_PREDICT (Rhodotorula_toruloides_NP11)	COMPLETED	0	3730.0	549.2	4.5	rss	5.690322222222224									annotate_trace.20260919_170853.txt	overhead
v1.8.17_conda	Allomyces_macrogynus_ATCC_38327	TRAIN_PREDICT:FUNANNOTATE_TRAIN	TRAIN_PREDICT:FUNANNOTATE_TRAIN (Allomyces_macrogynus_ATCC_38327)	COMPLETED	0	4014.0	195.3	1.7	rss	2.177595									annotate_trace.20260919_170853.txt	overhead
v1.8.17_conda	Chaetomium_globosum_CBS_148.51	TRAIN_PREDICT:FUNANNOTATE_TRAIN	TRAIN_PREDICT:FUNANNOTATE_TRAIN (Chaetomium_globosum_CBS_148.51)	COMPLETED	0	4166.0	180.1	2.8	rss	2.084157222222222									annotate_trace.20260919_170853.txt	final
v1.8.17_conda	Batrachochytrium_dendrobatidis_JAM81	TRAIN_PREDICT:FUNANNOTATE_TRAIN	TRAIN_PREDICT:FUNANNOTATE_TRAIN (Batrachochytrium_dendrobatidis_JAM81)	COMPLETED	0	4230.0	205.7	1.5	rss	2.416975									annotate_trace.20260919_170853.txt	overhead
v1.8.17_conda	Aspergillus_fumigatus_Af293	TRAIN_PREDICT:FUNANNOTATE_TRAIN	TRAIN_PREDICT:FUNANNOTATE_TRAIN (Aspergillus_fumigatus_Af293)	COMPLETED	0	4297.0	160.7	1.5	rss	1.9181330555555556									annotate_trace.20260919_170853.txt	final
v1.8.17_conda	Cryptococcus_neoformans_H99	TRAIN_PREDICT:FUNANNOTATE_TRAIN	TRAIN_PREDICT:FUNANNOTATE_TRAIN (Cryptococcus_neoformans_H99)	COMPLETED	0	4492.0	172.9	1.4	rss	2.1574077777777783									annotate_trace.20260919_170853.txt	final
v1.8.17_conda	Batrachochytrium_dendrobatidis_JAM81	TRAIN_PREDICT:FUNANNOTATE_PREDICT	TRAIN_PREDICT:FUNANNOTATE_PREDICT (Batrachochytrium_dendrobatidis_JAM81)	COMPLETED	0	1544.0	562.2	5.0	rss	2.4112133333333334									annotate_trace.20260919_170853.txt	overhead
v1.8.17_conda	Chaetomium_globosum_CBS_148.51	TRAIN_PREDICT:FUNANNOTATE_PREDICT	TRAIN_PREDICT:FUNANNOTATE_PREDICT (Chaetomium_globosum_CBS_148.51)	COMPLETED	0	2199.0	594.1	8.7	rss	3.628960833333333									annotate_trace.20260919_170853.txt	final
v1.8.17_conda	Cryptococcus_neoformans_H99	TRAIN_PREDICT:FUNANNOTATE_PREDICT	TRAIN_PREDICT:FUNANNOTATE_PREDICT (Cryptococcus_neoformans_H99)	COMPLETED	0	1890.0	504.8	8.0	rss	2.6502000000000003									annotate_trace.20260919_170853.txt	final
v1.8.17_conda	Aspergillus_fumigatus_Af293	TRAIN_PREDICT:FUNANNOTATE_PREDICT	TRAIN_PREDICT:FUNANNOTATE_PREDICT (Aspergillus_fumigatus_Af293)	COMPLETED	0	2193.0	572.0	9.4	rss	3.484433333333333									annotate_trace.20260919_170853.txt	final
v1.8.17_conda	Allomyces_macrogynus_ATCC_38327	TRAIN_PREDICT:FUNANNOTATE_PREDICT	TRAIN_PREDICT:FUNANNOTATE_PREDICT (Allomyces_macrogynus_ATCC_38327)	COMPLETED	0	3773.0	577.1	6.7	rss	6.048328611111111									annotate_trace.20260919_170853.txt	final
v1.8.17_conda	-	FETCH_RNASEQ:COLLECT_SRA_QUERY	FETCH_RNASEQ:COLLECT_SRA_QUERY	COMPLETED	0	0.492	36.5	0.0031000000000000003	rss	4.988333333333333e-05									annotate_trace.20260919_210035.txt	overhead
v1.8.17_conda	Zygosaccharomyces_rouxii_CBS_732	TRAIN_PREDICT:FUNANNOTATE_TRAIN	TRAIN_PREDICT:FUNANNOTATE_TRAIN (Zygosaccharomyces_rouxii_CBS_732)	COMPLETED	0	5015.0	354.4	3.0	rss	4.936988888888888									annotate_trace.20260919_210035.txt	final
v1.8.17_conda	Zygosaccharomyces_rouxii_CBS_732	TRAIN_PREDICT:FUNANNOTATE_PREDICT	TRAIN_PREDICT:FUNANNOTATE_PREDICT (Zygosaccharomyces_rouxii_CBS_732)	COMPLETED	0	1737.0	536.0	4.3	rss	2.5862000000000003									annotate_trace.20260919_210035.txt	final
v1.8.17_conda	Malassezia_globosa_CBS_7966	TRAIN_PREDICT:FUNANNOTATE_TRAIN	TRAIN_PREDICT:FUNANNOTATE_TRAIN (Malassezia_globosa_CBS_7966)	COMPLETED	0	10756.0	247.0	4.2	rss	7.3798111111111115									annotate_trace.20260919_210035.txt	final
v1.8.17_conda	Malassezia_globosa_CBS_7966	TRAIN_PREDICT:FUNANNOTATE_PREDICT	TRAIN_PREDICT:FUNANNOTATE_PREDICT (Malassezia_globosa_CBS_7966)	CACHED	0	1609.0	365.1	3.0	rss	1.6317941666666667									annotate_trace.20260919_210035.txt	cached
v1.8.17_conda	Yarrowia_lipolytica_CLIB122	TRAIN_PREDICT:FUNANNOTATE_TRAIN	TRAIN_PREDICT:FUNANNOTATE_TRAIN (Yarrowia_lipolytica_CLIB122)	COMPLETED	0	12858.0	523.5	1.7	rss	18.697675									annotate_trace.20260919_210035.txt	final
v1.8.17_conda	Yarrowia_lipolytica_CLIB122	TRAIN_PREDICT:FUNANNOTATE_PREDICT	TRAIN_PREDICT:FUNANNOTATE_PREDICT (Yarrowia_lipolytica_CLIB122)	COMPLETED	0	2156.0	566.3	5.4	rss	3.3915077777777776									annotate_trace.20260919_210035.txt	final
v1.8.17_conda	Tilletiopsis_washingtonensis_MCA_4186	TRAIN_PREDICT:FUNANNOTATE_TRAIN	TRAIN_PREDICT:FUNANNOTATE_TRAIN (Tilletiopsis_washingtonensis_MCA_4186)	COMPLETED	0	22749.0	218.8	1.7	rss	13.826336666666668									annotate_trace.20260919_210035.txt	final
v1.8.17_conda	Tilletiopsis_washingtonensis_MCA_4186	TRAIN_PREDICT:FUNANNOTATE_PREDICT	TRAIN_PREDICT:FUNANNOTATE_PREDICT (Tilletiopsis_washingtonensis_MCA_4186)	COMPLETED	0	1817.0	513.5	4.9	rss	2.591748611111111									annotate_trace.20260919_210035.txt	final
v1.8.17_conda	Fusarium_verticillioides_7600	TRAIN_PREDICT:FUNANNOTATE_TRAIN	TRAIN_PREDICT:FUNANNOTATE_TRAIN (Fusarium_verticillioides_7600)	COMPLETED	0	25140.0	359.1	3.5	rss	25.077150000000003									annotate_trace.20260919_210035.txt	final
v1.8.17_conda	Fusarium_verticillioides_7600	TRAIN_PREDICT:FUNANNOTATE_PREDICT	TRAIN_PREDICT:FUNANNOTATE_PREDICT (Fusarium_verticillioides_7600)	COMPLETED	0	3447.0	532.5	13.4	rss	5.0986875000000005									annotate_trace.20260919_210035.txt	final
v1.8.17_conda	Schizophyllum_commune_H4-8	TRAIN_PREDICT:FUNANNOTATE_TRAIN	TRAIN_PREDICT:FUNANNOTATE_TRAIN (Schizophyllum_commune_H4-8)	COMPLETED	0	31735.0	233.6	2.6	rss	20.592488888888887									annotate_trace.20260919_210035.txt	final
v1.8.17_conda	Schizophyllum_commune_H4-8	TRAIN_PREDICT:FUNANNOTATE_PREDICT	TRAIN_PREDICT:FUNANNOTATE_PREDICT (Schizophyllum_commune_H4-8)	COMPLETED	0	2322.0	582.1	14.0	rss	3.7545450000000007									annotate_trace.20260919_210035.txt	final
v1.8.17_conda	Botrytis_cinerea_B05.10	TRAIN_PREDICT:FUNANNOTATE_TRAIN	TRAIN_PREDICT:FUNANNOTATE_TRAIN (Botrytis_cinerea_B05.10)	COMPLETED	0	35028.0	316.0	3.9	rss	30.746800000000004									annotate_trace.20260919_210035.txt	final
v1.8.17_conda	Botrytis_cinerea_B05.10	TRAIN_PREDICT:FUNANNOTATE_PREDICT	TRAIN_PREDICT:FUNANNOTATE_PREDICT (Botrytis_cinerea_B05.10)	COMPLETED	0	2259.0	564.1	11.4	rss	3.5397274999999997									annotate_trace.20260919_210035.txt	final
v1.8.17_conda	-	FETCH_RNASEQ:COLLECT_SRA_QUERY	FETCH_RNASEQ:COLLECT_SRA_QUERY	COMPLETED	0	0.123	52.2	0.003	rss	1.7835e-05									annotate_trace.20260920_072555.txt	overhead
v1.8.17_conda	Malassezia_globosa_CBS_7966	TRAIN_PREDICT:FUNANNOTATE_PREDICT	TRAIN_PREDICT:FUNANNOTATE_PREDICT (Malassezia_globosa_CBS_7966)	COMPLETED	0	1155.0	559.2	3.0	rss	1.7941000000000003									annotate_trace.20260920_072555.txt	final
v1.8.17_conda	-	FETCH_RNASEQ:COLLECT_SRA_QUERY	FETCH_RNASEQ:COLLECT_SRA_QUERY	COMPLETED	0	0.42	63.1	0.0033	peak_rss	7.361666666666666e-05	1	1	2.0	short		2026-09-24 12:32:13.080	2026-09-24 12:33:07.352	2026-09-24 12:33:07.361	annotate_trace.20260924_123146.txt	overhead
v1.8.17_conda	Sporobolomyces_koalae_JCM15063	TRAIN_PREDICT:FUNANNOTATE_PREDICT	TRAIN_PREDICT:FUNANNOTATE_PREDICT (Sporobolomyces_koalae_JCM15063)	COMPLETED	0	3029.0	585.6	3.3	peak_rss	4.927173333333333	1	8	32.0	epyc		2026-09-24 12:32:27.042	2026-09-24 12:54:07.373	2026-09-24 13:45:07.416	annotate_trace.20260924_123146.txt	final
v1.8.17_conda	Spizellomyces_punctatus_DAOM_BR117	TRAIN_PREDICT:FUNANNOTATE_PREDICT	TRAIN_PREDICT:FUNANNOTATE_PREDICT (Spizellomyces_punctatus_DAOM_BR117)	COMPLETED	0	3367.0	401.1	6.8	peak_rss	3.751399166666667	1	8	32.0	epyc		2026-09-24 12:32:25.040	2026-09-24 12:50:07.421	2026-09-24 13:47:07.475	annotate_trace.20260924_123146.txt	final
v1.8.17_conda	Rhodotorula_graminis_WP1	TRAIN_PREDICT:FUNANNOTATE_PREDICT	TRAIN_PREDICT:FUNANNOTATE_PREDICT (Rhodotorula_graminis_WP1)	COMPLETED	0	4594.0	616.2	9.5	peak_rss	7.863396666666668	1	8	32.0	epyc		2026-09-24 12:32:14.134	2026-09-24 12:33:07.382	2026-09-24 13:50:07.431	annotate_trace.20260924_123146.txt	final
v1.8.17_conda	Mixia_osmundae_IAM_14324	TRAIN_PREDICT:FUNANNOTATE_PREDICT	TRAIN_PREDICT:FUNANNOTATE_PREDICT (Mixia_osmundae_IAM_14324)	COMPLETED	0	4244.0	497.8	7.6	peak_rss	5.868508888888888	1	8	32.0	epyc		2026-09-24 12:32:21.044	2026-09-24 12:45:07.366	2026-09-24 13:56:07.449	annotate_trace.20260924_123146.txt	final
v1.8.17_conda	Aspergillus_clavatus_NRRL_1	TRAIN_PREDICT:FUNANNOTATE_PREDICT	TRAIN_PREDICT:FUNANNOTATE_PREDICT (Aspergillus_clavatus_NRRL_1)	COMPLETED	0	4845.0	566.6	11.9	peak_rss	7.625491666666668	1	8	32.0	epyc		2026-09-24 12:32:17.071	2026-09-24 12:40:07.417	2026-09-24 14:01:07.438	annotate_trace.20260924_123146.txt	final
v1.8.17_conda	Cystobasidium_minutum_MCA_4210	TRAIN_PREDICT:FUNANNOTATE_PREDICT	TRAIN_PREDICT:FUNANNOTATE_PREDICT (Cystobasidium_minutum_MCA_4210)	COMPLETED	0	4911.0	482.5	17.6	peak_rss	6.582104166666667	1	8	32.0	epyc		2026-09-24 12:32:19.089	2026-09-24 12:41:07.415	2026-09-24 14:03:07.473	annotate_trace.20260924_123146.txt	final
v1.8.17_conda	Rhodotorula_toruloides_NP11	TRAIN_PREDICT:FUNANNOTATE_PREDICT	TRAIN_PREDICT:FUNANNOTATE_PREDICT (Rhodotorula_toruloides_NP11)	COMPLETED	0	3781.0	561.7	4.7	peak_rss	5.899410277777779	1	8	32.0	epyc		2026-09-24 12:32:35.037	2026-09-24 13:00:07.427	2026-09-24 14:03:07.476	annotate_trace.20260924_123146.txt	final
v1.8.17_conda	Synchytrium_microbalum_JEL517	TRAIN_PREDICT:FUNANNOTATE_PREDICT	TRAIN_PREDICT:FUNANNOTATE_PREDICT (Synchytrium_microbalum_JEL517)	COMPLETED	0	2436.0	586.0	5.1	peak_rss	3.965266666666667	1	8	32.0	epyc		2026-09-24 12:32:53.021	2026-09-24 13:47:07.522	2026-09-24 14:29:07.674	annotate_trace.20260924_123146.txt	final
v1.8.17_conda	Sporobolomyces_salmoneus_JCM6883	TRAIN_PREDICT:FUNANNOTATE_PREDICT	TRAIN_PREDICT:FUNANNOTATE_PREDICT (Sporobolomyces_salmoneus_JCM6883)	COMPLETED	0	5667.0	404.1	2.4	peak_rss	6.361207500000001	1	8	32.0	epyc		2026-09-24 12:32:37.020	2026-09-24 13:03:07.425	2026-09-24 14:38:07.782	annotate_trace.20260924_123146.txt	final
v1.8.17_conda	Leptographium_clavigerum_kw1407	TRAIN_PREDICT:FUNANNOTATE_PREDICT	TRAIN_PREDICT:FUNANNOTATE_PREDICT (Leptographium_clavigerum_kw1407)	COMPLETED	0	7740.0	425.6	8.6	peak_rss	9.1504	1	8	32.0	epyc		2026-09-24 12:32:15.301	2026-09-24 12:33:07.546	2026-09-24 14:43:07.778	annotate_trace.20260924_123146.txt	final
v1.8.17_conda	Wallemia_mellicola_CBS_633.66	TRAIN_PREDICT:FUNANNOTATE_PREDICT	TRAIN_PREDICT:FUNANNOTATE_PREDICT (Wallemia_mellicola_CBS_633.66)	COMPLETED	0	3030.0	521.5	3.1	peak_rss	4.389291666666667	1	8	32.0	epyc		2026-09-24 12:33:01.046	2026-09-24 13:56:07.521	2026-09-24 14:47:07.849	annotate_trace.20260924_123146.txt	final
v1.8.17_conda	Sugiyamaella_lignohabitans_CBS_10342	TRAIN_PREDICT:FUNANNOTATE_PREDICT	TRAIN_PREDICT:FUNANNOTATE_PREDICT (Sugiyamaella_lignohabitans_CBS_10342)	COMPLETED	0	3565.0	596.5	9.0	peak_rss	5.907006944444444	1	8	32.0	epyc		2026-09-24 12:32:57.040	2026-09-24 13:50:07.532	2026-09-24 14:50:07.866	annotate_trace.20260924_123146.txt	final
v1.8.17_conda	Nakaseomyces_glabratus_CBS_138	TRAIN_PREDICT:FUNANNOTATE_PREDICT	TRAIN_PREDICT:FUNANNOTATE_PREDICT (Nakaseomyces_glabratus_CBS_138)	COMPLETED	0	2884.0	590.2	4.6	peak_rss	4.728157777777778	1	8	32.0	epyc		2026-09-24 12:33:11.359	2026-09-24 14:04:07.501	2026-09-24 14:52:07.894	annotate_trace.20260924_123146.txt	final
v1.8.17_conda	Letharia_columbiana_WasteWater2	TRAIN_PREDICT:FUNANNOTATE_PREDICT	TRAIN_PREDICT:FUNANNOTATE_PREDICT (Letharia_columbiana_WasteWater2)	COMPLETED	0	3427.0	612.8	8.6	peak_rss	5.833515555555555	1	8	32.0	epyc		2026-09-24 12:33:07.050	2026-09-24 14:01:07.511	2026-09-24 14:58:07.840	annotate_trace.20260924_123146.txt	final
v1.8.17_conda	Dactylellina_haptotyla_CBS_200.50	TRAIN_PREDICT:FUNANNOTATE_PREDICT	TRAIN_PREDICT:FUNANNOTATE_PREDICT (Dactylellina_haptotyla_CBS_200.50)	COMPLETED	0	6829.0	366.3	1.9	peak_rss	6.948507500000001	1	8	32.0	epyc		2026-09-24 12:32:43.031	2026-09-24 13:16:07.382	2026-09-24 15:10:07.923	annotate_trace.20260924_123146.txt	final
v1.8.17_conda	Pyricularia_oryzae_70-15	TRAIN_PREDICT:FUNANNOTATE_PREDICT	TRAIN_PREDICT:FUNANNOTATE_PREDICT (Pyricularia_oryzae_70-15)	COMPLETED	0	6595.0	530.7	13.2	peak_rss	9.722129166666667	1	8	32.0	epyc		2026-09-24 12:32:47.042	2026-09-24 13:20:07.438	2026-09-24 15:11:07.829	annotate_trace.20260924_123146.txt	final
v1.8.17_conda	Uncinocarpus_reesii_1704	TRAIN_PREDICT:FUNANNOTATE_PREDICT	TRAIN_PREDICT:FUNANNOTATE_PREDICT (Uncinocarpus_reesii_1704)	COMPLETED	0	5601.0	632.7	10.3	peak_rss	9.843757500000002	1	8	32.0	epyc		2026-09-24 12:32:51.032	2026-09-24 13:45:07.501	2026-09-24 15:20:08.187	annotate_trace.20260924_123146.txt	final
v1.8.17_conda	Tremella_mesenterica_Fries	TRAIN_PREDICT:FUNANNOTATE_PREDICT	TRAIN_PREDICT:FUNANNOTATE_PREDICT (Tremella_mesenterica_Fries)	COMPLETED	0	10006.0	371.0	8.7	peak_rss	10.31173888888889	1	8	32.0	epyc		2026-09-24 12:32:23.035	2026-09-24 12:47:07.419	2026-09-24 15:34:07.957	annotate_trace.20260924_123146.txt	final
v1.8.17_conda	Gaeumannomyces_tritici_R3-111a-1	TRAIN_PREDICT:FUNANNOTATE_TRAIN	TRAIN_PREDICT:FUNANNOTATE_TRAIN (Gaeumannomyces_tritici_R3-111a-1)	FAILED	1	180.0					1	8	48.0	epyc		2026-09-24 12:33:29.024	2026-09-24 15:31:07.933	2026-09-24 15:34:08.132	annotate_trace.20260924_123146.txt	overhead
v1.8.17_conda	Sclerotinia_sclerotiorum_1980	TRAIN_PREDICT:FUNANNOTATE_TRAIN	TRAIN_PREDICT:FUNANNOTATE_TRAIN (Sclerotinia_sclerotiorum_1980)	FAILED	1	180.0					1	8	48.0	epyc		2026-09-24 12:33:31.018	2026-09-24 15:31:07.934	2026-09-24 15:34:08.132	annotate_trace.20260924_123146.txt	overhead
v1.8.17_conda	Lipomyces_tetrasporus_NRRL_Y-64009	TRAIN_PREDICT:FUNANNOTATE_TRAIN	TRAIN_PREDICT:FUNANNOTATE_TRAIN (Lipomyces_tetrasporus_NRRL_Y-64009)	FAILED	1	180.0					1	8	48.0	epyc		2026-09-24 12:33:27.043	2026-09-24 15:31:07.931	2026-09-24 15:34:08.131	annotate_trace.20260924_123146.txt	overhead
v1.8.17_conda	Protomyces_lactucae-debilis_12-1054	TRAIN_PREDICT:FUNANNOTATE_TRAIN	TRAIN_PREDICT:FUNANNOTATE_TRAIN (Protomyces_lactucae-debilis_12-1054)	FAILED	1	60.0					1	8	48.0	epyc		2026-09-24 12:33:39.077	2026-09-24 15:33:07.995	2026-09-24 15:34:08.175	annotate_trace.20260924_123146.txt	overhead
v1.8.17_conda	Mucor_mucedo_NRRL_3635	TRAIN_PREDICT:FUNANNOTATE_TRAIN	TRAIN_PREDICT:FUNANNOTATE_TRAIN (Mucor_mucedo_NRRL_3635)	FAILED	1	180.0					1	8	48.0	epyc		2026-09-24 12:33:35.020	2026-09-24 15:31:07.941	2026-09-24 15:34:08.174	annotate_trace.20260924_123146.txt	overhead
v1.8.17_conda	Tricharina_praecox_CBS_144465	TRAIN_PREDICT:FUNANNOTATE_TRAIN	TRAIN_PREDICT:FUNANNOTATE_TRAIN (Tricharina_praecox_CBS_144465)	FAILED	1	180.0					1	8	48.0	epyc		2026-09-24 12:33:33.263	2026-09-24 15:31:07.937	2026-09-24 15:34:08.163	annotate_trace.20260924_123146.txt	overhead
v1.8.17_conda	Pseudogymnoascus_destructans_20631-21	TRAIN_PREDICT:FUNANNOTATE_TRAIN	TRAIN_PREDICT:FUNANNOTATE_TRAIN (Pseudogymnoascus_destructans_20631-21)	FAILED	1	120.0					1	8	48.0	epyc		2026-09-24 12:33:37.043	2026-09-24 15:33:07.993	2026-09-24 15:35:07.938	annotate_trace.20260924_123146.txt	overhead
v1.8.17_conda	Cokeromyces_recurvatus_NRRL_2243	TRAIN_PREDICT:FUNANNOTATE_TRAIN	TRAIN_PREDICT:FUNANNOTATE_TRAIN (Cokeromyces_recurvatus_NRRL_2243)	FAILED	1	120.0					1	8	48.0	epyc		2026-09-24 12:33:41.035	2026-09-24 15:33:07.999	2026-09-24 15:35:07.951	annotate_trace.20260924_123146.txt	overhead
v1.8.17_conda	Talaromyces_stipitatus_ATCC_10500	TRAIN_PREDICT:FUNANNOTATE_PREDICT	TRAIN_PREDICT:FUNANNOTATE_PREDICT (Talaromyces_stipitatus_ATCC_10500)	COMPLETED	0	9674.0	282.3	14.4	peak_rss	7.586028333333333	1	8	32.0	epyc		2026-09-24 12:32:29.044	2026-09-24 12:59:07.424	2026-09-24 15:41:07.991	annotate_trace.20260924_123146.txt	final
v1.8.17_conda	Blastomyces_dermatitidis_ER-3	TRAIN_PREDICT:FUNANNOTATE_PREDICT	TRAIN_PREDICT:FUNANNOTATE_PREDICT (Blastomyces_dermatitidis_ER-3)	COMPLETED	0	7003.0	498.4	13.5	peak_rss	9.695264444444446	1	8	32.0	epyc		2026-09-24 12:33:09.030	2026-09-24 14:03:07.516	2026-09-24 16:00:08.083	annotate_trace.20260924_123146.txt	final
v1.8.17_conda	Batrachochytrium_dendrobatidis	TRAIN_PREDICT:RNASEQ_PREPARE	TRAIN_PREDICT:RNASEQ_PREPARE (Batrachochytrium_dendrobatidis)	COMPLETED	0	7.5	35.1	0.0418	peak_rss	0.00073125	1	16	52.0	epyc		2026-09-24 12:32:59.023	2026-09-24 16:05:08.131	2026-09-24 16:05:08.133	annotate_trace.20260924_123146.txt	final
v1.8.17_conda	Parastagonospora_nodorum_SN15	TRAIN_PREDICT:FUNANNOTATE_TRAIN	TRAIN_PREDICT:FUNANNOTATE_TRAIN (Parastagonospora_nodorum_SN15)	FAILED	1	240.0					1	8	48.0	epyc		2026-09-24 12:33:05.062	2026-09-24 16:09:08.143	2026-09-24 16:13:08.162	annotate_trace.20260924_123146.txt	overhead
v1.8.17_conda	Pyrenophora_tritici-repentis_Pt-1C-BFP	TRAIN_PREDICT:FUNANNOTATE_TRAIN	TRAIN_PREDICT:FUNANNOTATE_TRAIN (Pyrenophora_tritici-repentis_Pt-1C-BFP)	FAILED	1	240.0					1	8	48.0	epyc		2026-09-24 12:33:13.024	2026-09-24 16:10:08.147	2026-09-24 16:14:08.165	annotate_trace.20260924_123146.txt	overhead
v1.8.17_conda	Pyrenophora_teres_0-1	TRAIN_PREDICT:FUNANNOTATE_TRAIN	TRAIN_PREDICT:FUNANNOTATE_TRAIN (Pyrenophora_teres_0-1)	COMPLETED	0	2848.0	556.7	3.7	peak_rss	4.404115555555555	1	8	48.0	epyc		2026-09-24 12:33:23.038	2026-09-24 15:34:08.129	2026-09-24 16:22:08.219	annotate_trace.20260924_123146.txt	final
v1.8.17_conda	Morchella_sextelata_SCLS	TRAIN_PREDICT:FUNANNOTATE_TRAIN	TRAIN_PREDICT:FUNANNOTATE_TRAIN (Morchella_sextelata_SCLS)	FAILED	1	240.0					1	8	48.0	epyc		2026-09-24 12:33:21.022	2026-09-24 16:46:08.350	2026-09-24 16:50:08.375	annotate_trace.20260924_123146.txt	overhead
v1.8.17_conda	Eremothecium_gossypii_ATCC_10895	TRAIN_PREDICT:FUNANNOTATE_PREDICT	TRAIN_PREDICT:FUNANNOTATE_PREDICT (Eremothecium_gossypii_ATCC_10895)	COMPLETED	0	13745.0	268.9	5.0	peak_rss	10.266751388888887	1	8	32.0	epyc		2026-09-24 12:32:39.051	2026-09-24 13:05:07.378	2026-09-24 16:54:08.487	annotate_trace.20260924_123146.txt	final
v1.8.17_conda	Drepanopeziza_brunnea_MB_m1	TRAIN_PREDICT:FUNANNOTATE_TRAIN	TRAIN_PREDICT:FUNANNOTATE_TRAIN (Drepanopeziza_brunnea_MB_m1)	COMPLETED	0	2920.0	119.8	3.1	peak_rss	0.9717111111111111	1	8	48.0	epyc		2026-09-24 12:33:47.040	2026-09-24 16:55:08.461	2026-09-24 17:44:08.653	annotate_trace.20260924_123146.txt	final
v1.8.17_conda	Kluyveromyces_lactis_NRRL_Y-1140	TRAIN_PREDICT:FUNANNOTATE_TRAIN	TRAIN_PREDICT:FUNANNOTATE_TRAIN (Kluyveromyces_lactis_NRRL_Y-1140)	COMPLETED	0	5135.0	328.9	7.3	peak_rss	4.691393055555555	1	8	48.0	epyc		2026-09-24 12:33:19.030	2026-09-24 16:21:08.248	2026-09-24 17:48:08.742	annotate_trace.20260924_123146.txt	final
v1.8.17_conda	Laccaria_bicolor_S238N-H82	TRAIN_PREDICT:FUNANNOTATE_PREDICT	TRAIN_PREDICT:FUNANNOTATE_PREDICT (Laccaria_bicolor_S238N-H82)	COMPLETED	0	12030.0	446.3	12.6	peak_rss	14.913858333333334	1	8	32.0	epyc		2026-09-24 12:33:17.096	2026-09-24 14:29:07.691	2026-09-24 17:50:08.785	annotate_trace.20260924_123146.txt	final
v1.8.17_conda	Malassezia_sympodialis_ATCC_42132	TRAIN_PREDICT:FUNANNOTATE_TRAIN	TRAIN_PREDICT:FUNANNOTATE_TRAIN (Malassezia_sympodialis_ATCC_42132)	COMPLETED	0	11147.0	163.4	1.0	peak_rss	5.0594994444444445	1	8	48.0	epyc		2026-09-24 12:33:25.017	2026-09-24 16:21:08.536	2026-09-24 19:26:09.230	annotate_trace.20260924_123146.txt	final
v1.8.17_conda	Cryptococcus_deneoformans_JEC21	TRAIN_PREDICT:FUNANNOTATE_TRAIN	TRAIN_PREDICT:FUNANNOTATE_TRAIN (Cryptococcus_deneoformans_JEC21)	COMPLETED	0	14993.0	533.7	12.4	peak_rss	22.227122500000004	1	8	48.0	epyc		2026-09-24 12:32:41.029	2026-09-24 15:30:07.969	2026-09-24 19:40:09.260	annotate_trace.20260924_123146.txt	final
v1.8.17_conda	Trichosporon_asahii_CBS_2479	TRAIN_PREDICT:FUNANNOTATE_TRAIN	TRAIN_PREDICT:FUNANNOTATE_TRAIN (Trichosporon_asahii_CBS_2479)	COMPLETED	0	13338.0	517.2	4.8	peak_rss	19.162260000000003	1	8	48.0	epyc		2026-09-24 12:33:43.015	2026-09-24 16:24:08.219	2026-09-24 20:06:09.346	annotate_trace.20260924_123146.txt	final
v1.8.17_conda	Pyrenophora_teres_0-1	TRAIN_PREDICT:FUNANNOTATE_PREDICT	TRAIN_PREDICT:FUNANNOTATE_PREDICT (Pyrenophora_teres_0-1)	COMPLETED	0	1932.0	510.0	1.6	peak_rss	2.7369999999999997	1	8	32.0	epyc		2026-09-24 16:22:08.421	2026-09-24 20:56:09.744	2026-09-24 21:28:09.974	annotate_trace.20260924_123146.txt	final
v1.8.17_conda	Drepanopeziza_brunnea_MB_m1	TRAIN_PREDICT:FUNANNOTATE_PREDICT	TRAIN_PREDICT:FUNANNOTATE_PREDICT (Drepanopeziza_brunnea_MB_m1)	COMPLETED	0	2211.0	623.4	11.2	peak_rss	3.828715	1	8	32.0	epyc		2026-09-24 17:44:10.533	2026-09-24 21:29:09.940	2026-09-24 22:06:10.125	annotate_trace.20260924_123146.txt	final
v1.8.17_conda	Colletotrichum_graminicola_M1.001	TRAIN_PREDICT:FUNANNOTATE_TRAIN	TRAIN_PREDICT:FUNANNOTATE_TRAIN (Colletotrichum_graminicola_M1.001)	COMPLETED	0	21253.0	497.1	4.5	peak_rss	29.346850833333335	1	8	48.0	epyc		2026-09-24 12:33:45.016	2026-09-24 16:32:08.250	2026-09-24 22:27:10.261	annotate_trace.20260924_123146.txt	final
v1.8.17_conda	Kluyveromyces_lactis_NRRL_Y-1140	TRAIN_PREDICT:FUNANNOTATE_PREDICT	TRAIN_PREDICT:FUNANNOTATE_PREDICT (Kluyveromyces_lactis_NRRL_Y-1140)	COMPLETED	0	1344.0	578.1	4.3	peak_rss	2.15824	1	8	32.0	epyc		2026-09-24 17:48:08.991	2026-09-24 22:06:10.128	2026-09-24 22:28:10.248	annotate_trace.20260924_123146.txt	final
v1.8.17_conda	Morchella_importuna_M04M26	TRAIN_PREDICT:FUNANNOTATE_TRAIN	TRAIN_PREDICT:FUNANNOTATE_TRAIN (Morchella_importuna_M04M26)	COMPLETED	0	25565.0	358.9	9.3	peak_rss	25.48688472222222	1	8	48.0	epyc		2026-09-24 12:33:03.035	2026-09-24 16:07:08.109	2026-09-24 23:13:10.414	annotate_trace.20260924_123146.txt	final
v1.8.17_conda	Zymoseptoria_tritici_IPO323	TRAIN_PREDICT:FUNANNOTATE_TRAIN	TRAIN_PREDICT:FUNANNOTATE_TRAIN (Zymoseptoria_tritici_IPO323)	COMPLETED	0	24295.0	393.7	10.6	peak_rss	26.56928194444444	1	8	48.0	epyc		2026-09-24 12:33:53.021	2026-09-24 17:22:08.468	2026-09-25 00:07:10.787	annotate_trace.20260924_123146.txt	final
v1.8.17_conda	Malassezia_sympodialis_ATCC_42132	TRAIN_PREDICT:FUNANNOTATE_PREDICT	TRAIN_PREDICT:FUNANNOTATE_PREDICT (Malassezia_sympodialis_ATCC_42132)	COMPLETED	0	1850.0	360.5	2.7	peak_rss	1.8525694444444443	1	8	32.0	epyc		2026-09-24 19:26:09.464	2026-09-24 23:40:10.550	2026-09-25 00:11:10.862	annotate_trace.20260924_123146.txt	final
v1.8.17_conda	Lachancea_thermotolerans_CBS_6340	TRAIN_PREDICT:FUNANNOTATE_TRAIN	TRAIN_PREDICT:FUNANNOTATE_TRAIN (Lachancea_thermotolerans_CBS_6340)	COMPLETED	0	26395.0	110.1	1.2	peak_rss	8.072470833333334	1	8	48.0	epyc		2026-09-24 12:33:51.061	2026-09-24 17:14:08.495	2026-09-25 00:35:10.975	annotate_trace.20260924_123146.txt	final
v1.8.17_conda	Batrachochytrium_dendrobatidis_JAM81	TRAIN_PREDICT:FUNANNOTATE_TRAIN	TRAIN_PREDICT:FUNANNOTATE_TRAIN (Batrachochytrium_dendrobatidis_JAM81)	COMPLETED	0	20618.0	407.4	11.5	peak_rss	23.33270333333333	1	8	48.0	epyc		2026-09-24 16:05:08.462	2026-09-24 18:59:09.178	2026-09-25 00:43:11.072	annotate_trace.20260924_123146.txt	final
v1.8.17_conda	Tilletiaria_anomala_UBC_951	TRAIN_PREDICT:FUNANNOTATE_TRAIN	TRAIN_PREDICT:FUNANNOTATE_TRAIN (Tilletiaria_anomala_UBC_951)	COMPLETED	0	32299.0	164.0	2.2	peak_rss	14.713988888888888	1	8	48.0	epyc		2026-09-24 12:33:15.025	2026-09-24 16:13:08.211	2026-09-25 01:11:11.310	annotate_trace.20260924_123146.txt	final
v1.8.17_conda	Fusarium_oxysporum_4287	TRAIN_PREDICT:FUNANNOTATE_TRAIN	TRAIN_PREDICT:FUNANNOTATE_TRAIN (Fusarium_oxysporum_4287)	COMPLETED	0	31086.0	346.2	3.6	peak_rss	29.89437	1	8	48.0	epyc		2026-09-24 12:33:49.034	2026-09-24 17:10:08.510	2026-09-25 01:49:11.516	annotate_trace.20260924_123146.txt	final
v1.8.17_conda	Cryptococcus_deneoformans_JEC21	TRAIN_PREDICT:FUNANNOTATE_PREDICT	TRAIN_PREDICT:FUNANNOTATE_PREDICT (Cryptococcus_deneoformans_JEC21)	COMPLETED	0	2073.0	429.2	9.4	peak_rss	2.4714766666666663	1	8	32.0	epyc		2026-09-24 19:40:09.703	2026-09-25 01:19:11.304	2026-09-25 01:54:11.516	annotate_trace.20260924_123146.txt	final
v1.8.17_conda	Trichosporon_asahii_CBS_2479	TRAIN_PREDICT:FUNANNOTATE_PREDICT	TRAIN_PREDICT:FUNANNOTATE_PREDICT (Trichosporon_asahii_CBS_2479)	COMPLETED	0	2546.0	389.8	5.1	peak_rss	2.756752222222222	1	8	32.0	epyc		2026-09-24 20:06:09.857	2026-09-25 01:27:11.385	2026-09-25 02:10:11.545	annotate_trace.20260924_123146.txt	final
v1.8.17_conda	Orbilia_oligospora_ATCC_24927	TRAIN_PREDICT:FUNANNOTATE_TRAIN	TRAIN_PREDICT:FUNANNOTATE_TRAIN (Orbilia_oligospora_ATCC_24927)	COMPLETED	0	38475.0	227.3	12.5	peak_rss	24.292687500000003	1	8	48.0	epyc		2026-09-24 12:32:49.032	2026-09-24 15:58:08.182	2026-09-25 02:40:11.676	annotate_trace.20260924_123146.txt	final
v1.8.17_conda	Rhizopus_delemar_RA_99-880	TRAIN_PREDICT:FUNANNOTATE_TRAIN	TRAIN_PREDICT:FUNANNOTATE_TRAIN (Rhizopus_delemar_RA_99-880)	COMPLETED	0	39962.0	320.5	6.2	peak_rss	35.577280555555554	1	8	48.0	epyc		2026-09-24 12:32:45.029	2026-09-24 15:35:07.934	2026-09-25 02:42:11.708	annotate_trace.20260924_123146.txt	final
v1.8.17_conda	Talaromyces_marneffei_ATCC_18224	TRAIN_PREDICT:FUNANNOTATE_TRAIN	TRAIN_PREDICT:FUNANNOTATE_TRAIN (Talaromyces_marneffei_ATCC_18224)	COMPLETED	0	39157.0	222.5	5.9	peak_rss	24.20120138888889	1	8	48.0	epyc		2026-09-24 12:32:55.020	2026-09-24 16:04:08.133	2026-09-25 02:57:11.797	annotate_trace.20260924_123146.txt	final
v1.8.17_conda	Colletotrichum_graminicola_M1.001	TRAIN_PREDICT:FUNANNOTATE_PREDICT	TRAIN_PREDICT:FUNANNOTATE_PREDICT (Colletotrichum_graminicola_M1.001)	COMPLETED	0	2520.0	554.4	5.6	peak_rss	3.8807999999999994	1	8	32.0	epyc		2026-09-24 22:27:10.691	2026-09-25 02:34:11.697	2026-09-25 03:16:11.796	annotate_trace.20260924_123146.txt	final
v1.8.17_conda	Morchella_importuna_M04M26	TRAIN_PREDICT:FUNANNOTATE_PREDICT	TRAIN_PREDICT:FUNANNOTATE_PREDICT (Morchella_importuna_M04M26)	COMPLETED	0	2443.0	550.0	11.8	peak_rss	3.7323611111111115	1	8	32.0	epyc		2026-09-24 23:13:10.624	2026-09-25 02:48:11.819	2026-09-25 03:29:11.889	annotate_trace.20260924_123146.txt	final
v1.8.17_conda	Lachancea_thermotolerans_CBS_6340	TRAIN_PREDICT:FUNANNOTATE_PREDICT	TRAIN_PREDICT:FUNANNOTATE_PREDICT (Lachancea_thermotolerans_CBS_6340)	COMPLETED	0	1226.0	537.0	3.7	peak_rss	1.8287833333333334	1	8	32.0	epyc		2026-09-25 00:35:11.253	2026-09-25 03:29:11.893	2026-09-25 03:50:11.939	annotate_trace.20260924_123146.txt	final
v1.8.17_conda	Zymoseptoria_tritici_IPO323	TRAIN_PREDICT:FUNANNOTATE_PREDICT	TRAIN_PREDICT:FUNANNOTATE_PREDICT (Zymoseptoria_tritici_IPO323)	COMPLETED	0	2503.0	595.0	8.7	peak_rss	4.136902777777778	1	8	32.0	epyc		2026-09-25 00:07:11.014	2026-09-25 03:17:11.798	2026-09-25 03:59:12.036	annotate_trace.20260924_123146.txt	final
v1.8.17_conda	Batrachochytrium_dendrobatidis_JAM81	TRAIN_PREDICT:FUNANNOTATE_PREDICT	TRAIN_PREDICT:FUNANNOTATE_PREDICT (Batrachochytrium_dendrobatidis_JAM81)	COMPLETED	0	1569.0	579.6	6.2	peak_rss	2.5260900000000004	1	8	32.0	epyc		2026-09-25 00:43:11.486	2026-09-25 03:50:11.943	2026-09-25 04:16:12.134	annotate_trace.20260924_123146.txt	final
v1.8.17_conda	Tilletiaria_anomala_UBC_951	TRAIN_PREDICT:FUNANNOTATE_PREDICT	TRAIN_PREDICT:FUNANNOTATE_PREDICT (Tilletiaria_anomala_UBC_951)	COMPLETED	0	1157.0	471.4	3.0	peak_rss	1.515027222222222	1	8	32.0	epyc		2026-09-25 01:11:11.427	2026-09-25 04:08:12.095	2026-09-25 04:28:12.187	annotate_trace.20260924_123146.txt	final
v1.8.17_conda	Fusarium_oxysporum_4287	TRAIN_PREDICT:FUNANNOTATE_PREDICT	TRAIN_PREDICT:FUNANNOTATE_PREDICT (Fusarium_oxysporum_4287)	COMPLETED	0	3528.0	573.8	19.3	peak_rss	5.623239999999999	1	8	32.0	epyc		2026-09-25 01:49:11.815	2026-09-25 04:20:12.149	2026-09-25 05:19:12.404	annotate_trace.20260924_123146.txt	final
v1.8.17_conda	Orbilia_oligospora_ATCC_24927	TRAIN_PREDICT:FUNANNOTATE_PREDICT	TRAIN_PREDICT:FUNANNOTATE_PREDICT (Orbilia_oligospora_ATCC_24927)	COMPLETED	0	2099.0	572.1	10.1	peak_rss	3.3356608333333333	1	8	32.0	epyc		2026-09-25 02:40:11.937	2026-09-25 04:48:12.267	2026-09-25 05:24:12.402	annotate_trace.20260924_123146.txt	final
v1.8.17_conda	Talaromyces_marneffei_ATCC_18224	TRAIN_PREDICT:FUNANNOTATE_PREDICT	TRAIN_PREDICT:FUNANNOTATE_PREDICT (Talaromyces_marneffei_ATCC_18224)	COMPLETED	0	1859.0	534.7	18.1	peak_rss	2.7611313888888893	1	8	32.0	epyc		2026-09-25 02:57:11.965	2026-09-25 04:57:12.242	2026-09-25 05:28:12.365	annotate_trace.20260924_123146.txt	final
v1.8.17_conda	Rhizopus_delemar_RA_99-880	TRAIN_PREDICT:FUNANNOTATE_PREDICT	TRAIN_PREDICT:FUNANNOTATE_PREDICT (Rhizopus_delemar_RA_99-880)	COMPLETED	0	3851.0	381.2	11.1	peak_rss	4.077781111111111	1	8	32.0	epyc		2026-09-25 02:42:11.888	2026-09-25 04:49:12.272	2026-09-25 05:55:12.475	annotate_trace.20260924_123146.txt	final
v1.8.17_conda	Protomyces_lactucae-debilis_12-1054	TRAIN_PREDICT:FUNANNOTATE_TRAIN	TRAIN_PREDICT:FUNANNOTATE_TRAIN (Protomyces_lactucae-debilis_12-1054)	COMPLETED	0	5327.0	487.8	5.8	peak_rss	7.218085	2	24	192.0	epyc		2026-09-24 15:34:11.387	2026-09-25 06:54:12.924	2026-09-25 08:23:13.663	annotate_trace.20260924_123146.txt	final
v1.8.17_conda	Sclerotinia_sclerotiorum_1980	TRAIN_PREDICT:FUNANNOTATE_TRAIN	TRAIN_PREDICT:FUNANNOTATE_TRAIN (Sclerotinia_sclerotiorum_1980)	COMPLETED	0	14900.0	774.2	3.9	peak_rss	32.04327777777778	2	24	192.0	epyc		2026-09-24 15:34:09.399	2026-09-25 06:04:12.538	2026-09-25 10:13:14.607	annotate_trace.20260924_123146.txt	final
v1.8.17_conda	Gaeumannomyces_tritici_R3-111a-1	TRAIN_PREDICT:FUNANNOTATE_TRAIN	TRAIN_PREDICT:FUNANNOTATE_TRAIN (Gaeumannomyces_tritici_R3-111a-1)	COMPLETED	0	18382.0	571.8	4.3	peak_rss	29.19674333333333	2	24	192.0	epyc		2026-09-24 15:34:08.435	2026-09-25 05:53:12.466	2026-09-25 10:59:14.698	annotate_trace.20260924_123146.txt	final
v1.8.17_conda	Mucor_mucedo_NRRL_3635	TRAIN_PREDICT:FUNANNOTATE_TRAIN	TRAIN_PREDICT:FUNANNOTATE_TRAIN (Mucor_mucedo_NRRL_3635)	COMPLETED	0	11540.0	825.8	4.6	peak_rss	26.471477777777775	2	24	192.0	epyc		2026-09-24 15:34:13.378	2026-09-25 08:23:13.669	2026-09-25 11:36:14.969	annotate_trace.20260924_123146.txt	final
v1.8.17_conda	Protomyces_lactucae-debilis_12-1054	TRAIN_PREDICT:FUNANNOTATE_PREDICT	TRAIN_PREDICT:FUNANNOTATE_PREDICT (Protomyces_lactucae-debilis_12-1054)	COMPLETED	0	1850.0	536.6	3.7	peak_rss	2.757527777777778	1	8	32.0	epyc		2026-09-25 08:23:13.880	2026-09-25 11:45:15.045	2026-09-25 12:16:15.514	annotate_trace.20260924_123146.txt	final
v1.8.17_conda	Phycomyces_blakesleeanus_NRRL_1555_-	TRAIN_PREDICT:FUNANNOTATE_TRAIN	TRAIN_PREDICT:FUNANNOTATE_TRAIN (Phycomyces_blakesleeanus_NRRL_1555_-)	COMPLETED	0	78204.0	208.0	9.3	peak_rss	45.184533333333334	1	8	48.0	epyc		2026-09-24 12:32:31.039	2026-09-24 15:00:07.873	2026-09-25 12:44:15.516	annotate_trace.20260924_123146.txt	final
v1.8.17_conda	Rhizopus_microsporus_ATCC_52813	TRAIN_PREDICT:FUNANNOTATE_TRAIN	TRAIN_PREDICT:FUNANNOTATE_TRAIN (Rhizopus_microsporus_ATCC_52813)	COMPLETED	0	77516.0	126.5	2.4	peak_rss	27.23826111111111	1	8	48.0	epyc		2026-09-24 12:32:33.027	2026-09-24 15:21:07.933	2026-09-25 12:53:15.648	annotate_trace.20260924_123146.txt	final
v1.8.17_conda	Sclerotinia_sclerotiorum_1980	TRAIN_PREDICT:FUNANNOTATE_PREDICT	TRAIN_PREDICT:FUNANNOTATE_PREDICT (Sclerotinia_sclerotiorum_1980)	COMPLETED	0	2554.0	561.8	9.6	peak_rss	3.9856588888888886	1	8	32.0	epyc		2026-09-25 10:13:16.417	2026-09-25 12:23:15.435	2026-09-25 13:06:15.781	annotate_trace.20260924_123146.txt	final
v1.8.17_conda	Lipomyces_tetrasporus_NRRL_Y-64009	TRAIN_PREDICT:FUNANNOTATE_TRAIN	TRAIN_PREDICT:FUNANNOTATE_TRAIN (Lipomyces_tetrasporus_NRRL_Y-64009)	COMPLETED	0	12266.0	1012.5	6.4	peak_rss	34.498125	2	24	192.0	epyc		2026-09-24 15:34:15.390	2026-09-25 10:13:14.609	2026-09-25 13:39:16.008	annotate_trace.20260924_123146.txt	final
v1.8.17_conda	Lipomyces_tetrasporus_NRRL_Y-64009	TRAIN_PREDICT:FUNANNOTATE_PREDICT	TRAIN_PREDICT:FUNANNOTATE_PREDICT (Lipomyces_tetrasporus_NRRL_Y-64009)	COMPLETED	0	1559.0	552.6	10.4	peak_rss	2.393065	1	8	32.0	epyc		2026-09-25 13:39:16.414	2026-09-25 14:10:16.236	2026-09-25 14:36:16.496	annotate_trace.20260924_123146.txt	final
v1.8.17_conda	Rhizopus_microsporus_ATCC_52813	TRAIN_PREDICT:FUNANNOTATE_PREDICT	TRAIN_PREDICT:FUNANNOTATE_PREDICT (Rhizopus_microsporus_ATCC_52813)	COMPLETED	0	2171.0	494.0	6.2	peak_rss	2.9790944444444447	1	8	32.0	epyc		2026-09-25 12:53:16.016	2026-09-25 14:07:16.264	2026-09-25 14:44:16.534	annotate_trace.20260924_123146.txt	final
v1.8.17_conda	Mucor_mucedo_NRRL_3635	TRAIN_PREDICT:FUNANNOTATE_PREDICT	TRAIN_PREDICT:FUNANNOTATE_PREDICT (Mucor_mucedo_NRRL_3635)	COMPLETED	0	2890.0	543.3	4.5	peak_rss	4.361491666666667	1	8	32.0	epyc		2026-09-25 11:36:16.221	2026-09-25 13:57:16.168	2026-09-25 14:45:16.485	annotate_trace.20260924_123146.txt	final
v1.8.17_conda	Gaeumannomyces_tritici_R3-111a-1	TRAIN_PREDICT:FUNANNOTATE_PREDICT	TRAIN_PREDICT:FUNANNOTATE_PREDICT (Gaeumannomyces_tritici_R3-111a-1)	COMPLETED	0	3213.0	577.0	15.2	peak_rss	5.149724999999999	1	8	32.0	epyc		2026-09-25 10:59:14.923	2026-09-25 13:53:16.178	2026-09-25 14:47:16.488	annotate_trace.20260924_123146.txt	final
v1.8.17_conda	Phycomyces_blakesleeanus_NRRL_1555_-	TRAIN_PREDICT:FUNANNOTATE_PREDICT	TRAIN_PREDICT:FUNANNOTATE_PREDICT (Phycomyces_blakesleeanus_NRRL_1555_-)	COMPLETED	0	3004.0	543.6	14.7	peak_rss	4.53604	1	8	32.0	epyc		2026-09-25 12:44:16.153	2026-09-25 13:59:16.203	2026-09-25 14:51:16.507	annotate_trace.20260924_123146.txt	final
v1.8.17_conda	Tricharina_praecox_CBS_144465	TRAIN_PREDICT:FUNANNOTATE_TRAIN	TRAIN_PREDICT:FUNANNOTATE_TRAIN (Tricharina_praecox_CBS_144465)	COMPLETED	0	15635.0	717.7	3.7	peak_rss	31.170109722222225	2	24	192.0	epyc		2026-09-24 15:34:17.380	2026-09-25 11:00:14.648	2026-09-25 15:21:16.698	annotate_trace.20260924_123146.txt	final
v1.8.17_conda	Cokeromyces_recurvatus_NRRL_2243	TRAIN_PREDICT:FUNANNOTATE_TRAIN	TRAIN_PREDICT:FUNANNOTATE_TRAIN (Cokeromyces_recurvatus_NRRL_2243)	COMPLETED	0	14405.0	726.6	4.2	peak_rss	29.074091666666668	2	24	192.0	epyc		2026-09-24 15:35:08.116	2026-09-25 11:36:15.123	2026-09-25 15:37:16.782	annotate_trace.20260924_123146.txt	final
v1.8.17_conda	Tricharina_praecox_CBS_144465	TRAIN_PREDICT:FUNANNOTATE_PREDICT	TRAIN_PREDICT:FUNANNOTATE_PREDICT (Tricharina_praecox_CBS_144465)	COMPLETED	0	2020.0	536.9	10.8	peak_rss	3.0126055555555555	1	8	32.0	epyc		2026-09-25 15:21:17.496	2026-09-25 15:37:16.999	2026-09-25 16:11:16.913	annotate_trace.20260924_123146.txt	final
v1.8.17_conda	Cokeromyces_recurvatus_NRRL_2243	TRAIN_PREDICT:FUNANNOTATE_PREDICT	TRAIN_PREDICT:FUNANNOTATE_PREDICT (Cokeromyces_recurvatus_NRRL_2243)	COMPLETED	0	2154.0	470.7	5.3	peak_rss	2.816355	1	8	32.0	epyc		2026-09-25 15:37:17.263	2026-09-25 15:39:16.811	2026-09-25 16:16:16.964	annotate_trace.20260924_123146.txt	final
v1.8.17_conda	Pyrenophora_tritici-repentis_Pt-1C-BFP	TRAIN_PREDICT:FUNANNOTATE_TRAIN	TRAIN_PREDICT:FUNANNOTATE_TRAIN (Pyrenophora_tritici-repentis_Pt-1C-BFP)	FAILED	1	60.0					2	24	192.0	epyc		2026-09-24 16:14:08.344	2026-09-25 17:30:17.264	2026-09-25 17:31:17.233	annotate_trace.20260924_123146.txt	overhead
v1.8.17_conda	Morchella_sextelata_SCLS	TRAIN_PREDICT:FUNANNOTATE_TRAIN	TRAIN_PREDICT:FUNANNOTATE_TRAIN (Morchella_sextelata_SCLS)	FAILED	1	59.8					2	24	192.0	epyc		2026-09-24 16:50:08.571	2026-09-25 17:30:17.475	2026-09-25 17:31:17.257	annotate_trace.20260924_123146.txt	overhead
v1.8.17_conda	Pseudogymnoascus_destructans_20631-21	TRAIN_PREDICT:FUNANNOTATE_TRAIN	TRAIN_PREDICT:FUNANNOTATE_TRAIN (Pseudogymnoascus_destructans_20631-21)	COMPLETED	0	11118.0	708.6	4.2	peak_rss	21.883930000000003	2	24	192.0	epyc		2026-09-24 15:35:09.157	2026-09-25 16:51:17.061	2026-09-25 19:57:17.814	annotate_trace.20260924_123146.txt	final
v1.8.17_conda	Parastagonospora_nodorum_SN15	TRAIN_PREDICT:FUNANNOTATE_TRAIN	TRAIN_PREDICT:FUNANNOTATE_TRAIN (Parastagonospora_nodorum_SN15)	COMPLETED	0	14563.0	774.2	8.3	peak_rss	31.318540555555558	2	24	192.0	epyc		2026-09-24 16:13:08.263	2026-09-25 17:02:17.045	2026-09-25 21:05:17.972	annotate_trace.20260924_123146.txt	final
v1.8.17_conda	Pseudogymnoascus_destructans_20631-21	TRAIN_PREDICT:FUNANNOTATE_PREDICT	TRAIN_PREDICT:FUNANNOTATE_PREDICT (Pseudogymnoascus_destructans_20631-21)	COMPLETED	0	2625.0	446.8	3.3	peak_rss	3.2579166666666666	1	8	32.0	epyc		2026-09-25 19:57:18.451	2026-09-25 20:25:18.004	2026-09-25 21:09:17.975	annotate_trace.20260924_123146.txt	final
v1.8.17_conda	Parastagonospora_nodorum_SN15	TRAIN_PREDICT:FUNANNOTATE_PREDICT	TRAIN_PREDICT:FUNANNOTATE_PREDICT (Parastagonospora_nodorum_SN15)	COMPLETED	0	2256.0	557.1	7.0	peak_rss	3.4911600000000007	1	8	32.0	epyc		2026-09-25 21:05:18.419	2026-09-25 21:06:17.971	2026-09-25 21:44:18.159	annotate_trace.20260924_123146.txt	final
v1.8.17_conda	Pyrenophora_tritici-repentis_Pt-1C-BFP	TRAIN_PREDICT:FUNANNOTATE_TRAIN	TRAIN_PREDICT:FUNANNOTATE_TRAIN (Pyrenophora_tritici-repentis_Pt-1C-BFP)	COMPLETED	0	23929.0	1139.6	5.0	peak_rss	75.74857888888889	3	24	256.0	highmem		2026-09-25 17:31:17.748	2026-09-25 17:32:17.352	2026-09-26 00:12:18.479	annotate_trace.20260924_123146.txt	final
v1.8.17_conda	Morchella_sextelata_SCLS	TRAIN_PREDICT:FUNANNOTATE_TRAIN	TRAIN_PREDICT:FUNANNOTATE_TRAIN (Morchella_sextelata_SCLS)	FAILED	1	59.9					3	24	256.0	highmem		2026-09-25 17:31:18.587	2026-09-26 00:12:18.597	2026-09-26 00:13:18.476	annotate_trace.20260924_123146.txt	overhead
v1.8.17_conda	Pyrenophora_tritici-repentis_Pt-1C-BFP	TRAIN_PREDICT:FUNANNOTATE_PREDICT	TRAIN_PREDICT:FUNANNOTATE_PREDICT (Pyrenophora_tritici-repentis_Pt-1C-BFP)	COMPLETED	0	2231.0	523.6	17.3	peak_rss	3.2448655555555557	1	8	32.0	epyc		2026-09-26 00:12:19.586	2026-09-26 00:20:18.903	2026-09-26 00:58:18.913	annotate_trace.20260924_123146.txt	final
v1.8.17_conda	-	FETCH_RNASEQ:COLLECT_SRA_QUERY	FETCH_RNASEQ:COLLECT_SRA_QUERY	CACHED	0	0.42	63.1	0.0033	peak_rss	7.361666666666666e-05	1	1	2.0	short		2026-09-24 12:32:13.080	2026-09-24 12:33:07.352	2026-09-24 12:33:07.361	annotate_trace.20260926_121531.txt	cached
v1.8.17_conda	Morchella_sextelata_SCLS	TRAIN_PREDICT:FUNANNOTATE_TRAIN	TRAIN_PREDICT:FUNANNOTATE_TRAIN (Morchella_sextelata_SCLS)	COMPLETED	0	32788.0	505.9	21.6	peak_rss	46.07624777777778	1	8	48.0	epyc		2026-09-26 12:15:56.080	2026-09-26 13:04:50.585	2026-09-26 22:11:51.217	annotate_trace.20260926_121531.txt	final
v1.8.17_conda	Morchella_sextelata_SCLS	TRAIN_PREDICT:FUNANNOTATE_PREDICT	TRAIN_PREDICT:FUNANNOTATE_PREDICT (Morchella_sextelata_SCLS)	COMPLETED	0	3369.0	561.5	9.6	peak_rss	5.2547041666666665	1	8	32.0	epyc		2026-09-26 22:11:52.107	2026-09-26 22:12:51.218	2026-09-26 23:09:51.314	annotate_trace.20260926_121531.txt	final
v1.8.17_conda	-	SETUP_DBS:SETUP_MARIADB_DATADIR	SETUP_DBS:SETUP_MARIADB_DATADIR	COMPLETED	0	5.2	19.0	0.1397	rss	0.00027444444444444445									annotate_trace.txt	final
v1.8.17_conda	Spizellomyces_punctatus_+1_more	FETCH_RNASEQ:SRA_QUERY_BATCH	FETCH_RNASEQ:SRA_QUERY_BATCH (Spizellomyces_punctatus_+1_more)	COMPLETED	0	0.221	21.9	0.0033	rss	1.3444166666666666e-05									annotate_trace.txt	final
v1.8.17_conda	-	FETCH_RNASEQ:COLLECT_SRA_QUERY	FETCH_RNASEQ:COLLECT_SRA_QUERY	COMPLETED	0	0.199	45.7	0.0033	rss	2.526194444444445e-05									annotate_trace.txt	final
v1.8.17_conda	Spizellomyces_punctatus_DAOM_BR117	TRAIN_PREDICT:FUNANNOTATE_TRAIN	TRAIN_PREDICT:FUNANNOTATE_TRAIN (Spizellomyces_punctatus_DAOM_BR117)	COMPLETED	0	35.2	44.1	0.1028	rss	0.004312000000000001									annotate_trace.txt	final
v1.8.17_conda	Allomyces_macrogynus_ATCC_38327	TRAIN_PREDICT:FUNANNOTATE_TRAIN	TRAIN_PREDICT:FUNANNOTATE_TRAIN (Allomyces_macrogynus_ATCC_38327)	COMPLETED	0	162.0	67.6	0.0985	rss	0.030419999999999996									annotate_trace.txt	final
v1.9.0-rc1_conda	-	FETCH_RNASEQ:COLLECT_SRA_QUERY	FETCH_RNASEQ:COLLECT_SRA_QUERY	CACHED	0	5.7	7.3	0.0031000000000000003	peak_rss	0.00011558333333333333	1	1	2.0	short		2026-09-21 17:12:05.871	2026-09-21 17:13:05.026	2026-09-21 17:13:05.040	annotate_trace.20260924_123145.txt	cached
v1.9.0-rc1_conda	Rhodotorula_toruloides_NP11	TRAIN_PREDICT:FUNANNOTATE_PREDICT	TRAIN_PREDICT:FUNANNOTATE_PREDICT (Rhodotorula_toruloides_NP11)	CACHED	0	3803.0	564.8	4.4	peak_rss	5.966484444444443	1	8	32.0	epyc		2026-09-21 17:12:14.675	2026-09-21 17:13:05.182	2026-09-21 18:16:05.040	annotate_trace.20260924_123145.txt	cached
v1.9.0-rc1_conda	Spizellomyces_punctatus_DAOM_BR117	TRAIN_PREDICT:FUNANNOTATE_PREDICT	TRAIN_PREDICT:FUNANNOTATE_PREDICT (Spizellomyces_punctatus_DAOM_BR117)	CACHED	0	2605.0	511.3	6.9	peak_rss	3.6998236111111114	1	8	32.0	epyc		2026-09-21 17:13:16.683	2026-09-21 18:25:05.152	2026-09-21 19:09:05.261	annotate_trace.20260924_123145.txt	cached
v1.9.0-rc1_conda	Rhodotorula_graminis_WP1	TRAIN_PREDICT:FUNANNOTATE_PREDICT	TRAIN_PREDICT:FUNANNOTATE_PREDICT (Rhodotorula_graminis_WP1)	CACHED	0	4311.0	561.7	9.0	peak_rss	6.7263575000000015	1	8	32.0	epyc		2026-09-21 17:12:18.671	2026-09-21 17:13:05.190	2026-09-21 18:25:05.072	annotate_trace.20260924_123145.txt	cached
v1.9.0-rc1_conda	Pyricularia_oryzae_70-15	TRAIN_PREDICT:FUNANNOTATE_PREDICT	TRAIN_PREDICT:FUNANNOTATE_PREDICT (Pyricularia_oryzae_70-15)	CACHED	0	6067.0	596.6	12.2	peak_rss	10.054367222222224	1	8	32.0	epyc		2026-09-21 17:12:26.685	2026-09-21 17:13:05.202	2026-09-21 18:54:05.161	annotate_trace.20260924_123145.txt	cached
v1.9.0-rc1_conda	Leptographium_clavigerum_kw1407	TRAIN_PREDICT:FUNANNOTATE_PREDICT	TRAIN_PREDICT:FUNANNOTATE_PREDICT (Leptographium_clavigerum_kw1407)	CACHED	0	6593.0	615.2	7.4	peak_rss	11.266704444444445	1	8	32.0	epyc		2026-09-21 17:12:20.672	2026-09-21 17:13:05.192	2026-09-21 19:03:05.175	annotate_trace.20260924_123145.txt	cached
v1.9.0-rc1_conda	Nakaseomyces_glabratus_CBS_138	TRAIN_PREDICT:FUNANNOTATE_PREDICT	TRAIN_PREDICT:FUNANNOTATE_PREDICT (Nakaseomyces_glabratus_CBS_138)	CACHED	0	3663.0	491.0	5.8	peak_rss	4.995925000000001	1	8	32.0	epyc		2026-09-21 17:12:28.670	2026-09-21 17:13:05.205	2026-09-21 18:14:05.039	annotate_trace.20260924_123145.txt	cached
v1.9.0-rc1_conda	Cystobasidium_minutum_MCA_4210	TRAIN_PREDICT:FUNANNOTATE_PREDICT	TRAIN_PREDICT:FUNANNOTATE_PREDICT (Cystobasidium_minutum_MCA_4210)	CACHED	0	4343.0	478.5	15.7	peak_rss	5.772570833333334	1	8	32.0	epyc		2026-09-21 17:12:30.669	2026-09-21 17:13:05.208	2026-09-21 18:25:05.134	annotate_trace.20260924_123145.txt	cached
v1.9.0-rc1_conda	Tremella_mesenterica_Fries	TRAIN_PREDICT:FUNANNOTATE_PREDICT	TRAIN_PREDICT:FUNANNOTATE_PREDICT (Tremella_mesenterica_Fries)	CACHED	0	7912.0	504.7	8.0	peak_rss	11.092184444444444	1	8	32.0	epyc		2026-09-21 17:12:42.715	2026-09-21 17:14:05.571	2026-09-21 19:26:05.233	annotate_trace.20260924_123145.txt	cached
v1.9.0-rc1_conda	Aspergillus_clavatus_NRRL_1	TRAIN_PREDICT:FUNANNOTATE_PREDICT	TRAIN_PREDICT:FUNANNOTATE_PREDICT (Aspergillus_clavatus_NRRL_1)	CACHED	0	5702.0	644.7	11.3	peak_rss	10.211331666666666	1	8	32.0	epyc		2026-09-21 17:12:36.670	2026-09-21 17:14:05.098	2026-09-21 18:49:05.151	annotate_trace.20260924_123145.txt	cached
v1.9.0-rc1_conda	Sporobolomyces_koalae_JCM15063	TRAIN_PREDICT:FUNANNOTATE_PREDICT	TRAIN_PREDICT:FUNANNOTATE_PREDICT (Sporobolomyces_koalae_JCM15063)	CACHED	0	4303.0	594.5	2.8	peak_rss	7.10592638888889	1	8	32.0	epyc		2026-09-21 17:12:54.673	2026-09-21 17:15:05.389	2026-09-21 18:27:05.074	annotate_trace.20260924_123145.txt	cached
v1.9.0-rc1_conda	Mixia_osmundae_IAM_14324	TRAIN_PREDICT:FUNANNOTATE_PREDICT	TRAIN_PREDICT:FUNANNOTATE_PREDICT (Mixia_osmundae_IAM_14324)	CACHED	0	5398.0	332.8	4.2	peak_rss	4.990151111111111	1	8	32.0	epyc		2026-09-21 17:12:44.672	2026-09-21 17:14:05.601	2026-09-21 18:44:05.152	annotate_trace.20260924_123145.txt	cached
v1.9.0-rc1_conda	Pneumocystis_murina_B123	TRAIN_PREDICT:FUNANNOTATE_PREDICT	TRAIN_PREDICT:FUNANNOTATE_PREDICT (Pneumocystis_murina_B123)	CACHED	0	4207.0	326.2	1.9	peak_rss	3.812009444444444	1	8	32.0	epyc		2026-09-21 17:12:46.691	2026-09-21 17:14:05.636	2026-09-21 18:25:05.135	annotate_trace.20260924_123145.txt	cached
v1.9.0-rc1_conda	Talaromyces_stipitatus_ATCC_10500	TRAIN_PREDICT:FUNANNOTATE_PREDICT	TRAIN_PREDICT:FUNANNOTATE_PREDICT (Talaromyces_stipitatus_ATCC_10500)	CACHED	0	5780.0	548.2	18.7	peak_rss	8.801655555555556	1	8	32.0	epyc		2026-09-21 17:12:50.668	2026-09-21 17:14:05.695	2026-09-21 18:51:05.205	annotate_trace.20260924_123145.txt	cached
v1.9.0-rc1_conda	Sporobolomyces_salmoneus_JCM6883	TRAIN_PREDICT:FUNANNOTATE_PREDICT	TRAIN_PREDICT:FUNANNOTATE_PREDICT (Sporobolomyces_salmoneus_JCM6883)	CACHED	0	3553.0	524.5	2.5	peak_rss	5.176523611111111	1	8	32.0	epyc		2026-09-21 17:13:02.671	2026-09-21 17:15:05.401	2026-09-21 18:14:05.049	annotate_trace.20260924_123145.txt	cached
v1.9.0-rc1_conda	Eremothecium_gossypii_ATCC_10895	TRAIN_PREDICT:FUNANNOTATE_PREDICT	TRAIN_PREDICT:FUNANNOTATE_PREDICT (Eremothecium_gossypii_ATCC_10895)	CACHED	0	12077.0	294.4	4.0	peak_rss	9.876302222222222	1	8	32.0	epyc		2026-09-21 17:13:00.671	2026-09-21 17:15:05.398	2026-09-21 20:36:05.563	annotate_trace.20260924_123145.txt	cached
v1.9.0-rc1_conda	Dactylellina_haptotyla_CBS_200.50	TRAIN_PREDICT:FUNANNOTATE_PREDICT	TRAIN_PREDICT:FUNANNOTATE_PREDICT (Dactylellina_haptotyla_CBS_200.50)	CACHED	0	4098.0	470.7	2.4	peak_rss	5.358135	1	8	32.0	epyc		2026-09-21 17:13:06.688	2026-09-21 17:17:05.078	2026-09-21 18:25:05.139	annotate_trace.20260924_123145.txt	cached
v1.9.0-rc1_conda	Synchytrium_microbalum_JEL517	TRAIN_PREDICT:FUNANNOTATE_PREDICT	TRAIN_PREDICT:FUNANNOTATE_PREDICT (Synchytrium_microbalum_JEL517)	CACHED	0	3353.0	511.4	5.8	peak_rss	4.763122777777778	1	8	32.0	epyc		2026-09-21 17:13:23.247	2026-09-21 18:27:05.077	2026-09-21 19:23:05.230	annotate_trace.20260924_123145.txt	cached
v1.9.0-rc1_conda	Uncinocarpus_reesii_1704	TRAIN_PREDICT:FUNANNOTATE_PREDICT	TRAIN_PREDICT:FUNANNOTATE_PREDICT (Uncinocarpus_reesii_1704)	CACHED	0	6651.0	410.9	10.4	peak_rss	7.591377499999999	1	8	32.0	epyc		2026-09-21 17:13:08.670	2026-09-21 17:19:05.087	2026-09-21 19:10:05.275	annotate_trace.20260924_123145.txt	cached
v1.9.0-rc1_conda	Wallemia_mellicola_CBS_633.66	TRAIN_PREDICT:FUNANNOTATE_PREDICT	TRAIN_PREDICT:FUNANNOTATE_PREDICT (Wallemia_mellicola_CBS_633.66)	CACHED	0	3820.0	607.0	2.7	peak_rss	6.440944444444445	1	8	32.0	epyc		2026-09-21 17:13:34.676	2026-09-21 20:03:05.477	2026-09-21 21:07:05.683	annotate_trace.20260924_123145.txt	cached
v1.9.0-rc1_conda	Sugiyamaella_lignohabitans_CBS_10342	TRAIN_PREDICT:FUNANNOTATE_PREDICT	TRAIN_PREDICT:FUNANNOTATE_PREDICT (Sugiyamaella_lignohabitans_CBS_10342)	CACHED	0	4038.0	529.5	8.9	peak_rss	5.9392249999999995	1	8	32.0	epyc		2026-09-21 17:13:12.667	2026-09-21 18:16:05.115	2026-09-21 19:24:05.230	annotate_trace.20260924_123145.txt	cached
v1.9.0-rc1_conda	Laccaria_bicolor_S238N-H82	TRAIN_PREDICT:FUNANNOTATE_PREDICT	TRAIN_PREDICT:FUNANNOTATE_PREDICT (Laccaria_bicolor_S238N-H82)	CACHED	0	10952.0	475.1	6.7	peak_rss	14.453597777777778	1	8	32.0	epyc		2026-09-21 17:13:32.675	2026-09-21 19:24:05.383	2026-09-21 22:27:05.883	annotate_trace.20260924_123145.txt	cached
v1.9.0-rc1_conda	Letharia_columbiana_WasteWater2	TRAIN_PREDICT:FUNANNOTATE_PREDICT	TRAIN_PREDICT:FUNANNOTATE_PREDICT (Letharia_columbiana_WasteWater2)	CACHED	0	4037.0	536.8	3.7	peak_rss	6.019615555555555	1	8	32.0	epyc		2026-09-21 17:13:24.667	2026-09-21 19:11:05.286	2026-09-21 20:19:05.487	annotate_trace.20260924_123145.txt	cached
v1.9.0-rc1_conda	Blastomyces_dermatitidis_ER-3	TRAIN_PREDICT:FUNANNOTATE_PREDICT	TRAIN_PREDICT:FUNANNOTATE_PREDICT (Blastomyces_dermatitidis_ER-3)	CACHED	0	9476.0	440.9	23.2	peak_rss	11.605467777777775	1	8	32.0	epyc		2026-09-21 17:13:36.681	2026-09-21 20:05:05.490	2026-09-21 22:43:05.927	annotate_trace.20260924_123145.txt	cached
v1.9.0-rc1_conda	Malassezia_globosa	TRAIN_PREDICT:RNASEQ_PREPARE	TRAIN_PREDICT:RNASEQ_PREPARE (Malassezia_globosa)	COMPLETED	0	4422.0	550.0	4.3	peak_rss	6.755833333333333	1	16	52.0	epyc		2026-09-24 12:32:17.610	2026-09-24 12:57:04.846	2026-09-24 14:11:05.121	annotate_trace.20260924_123145.txt	final
v1.9.0-rc1_conda	Cryptococcus_deneoformans	TRAIN_PREDICT:RNASEQ_PREPARE	TRAIN_PREDICT:RNASEQ_PREPARE (Cryptococcus_deneoformans)	COMPLETED	0	5083.0	1112.4	10.1	peak_rss	15.706470000000001	1	16	52.0	epyc		2026-09-24 12:32:19.634	2026-09-24 12:59:04.780	2026-09-24 14:24:05.165	annotate_trace.20260924_123145.txt	final
v1.9.0-rc1_conda	Kluyveromyces_lactis	TRAIN_PREDICT:RNASEQ_PREPARE	TRAIN_PREDICT:RNASEQ_PREPARE (Kluyveromyces_lactis)	COMPLETED	0	1717.0	1228.8	6.1	peak_rss	5.860693333333334	1	16	52.0	epyc		2026-09-24 12:32:25.592	2026-09-24 14:24:05.239	2026-09-24 14:53:05.411	annotate_trace.20260924_123145.txt	final
v1.9.0-rc1_conda	Saccharomyces_cerevisiae	TRAIN_PREDICT:RNASEQ_PREPARE	TRAIN_PREDICT:RNASEQ_PREPARE (Saccharomyces_cerevisiae)	COMPLETED	0	91.0	1034.0	1.8	peak_rss	0.26137222222222223	1	16	52.0	epyc		2026-09-24 12:33:27.652	2026-09-24 15:31:05.487	2026-09-24 15:33:05.602	annotate_trace.20260924_123145.txt	final
v1.9.0-rc1_conda	Fusarium_oxysporum	TRAIN_PREDICT:RNASEQ_PREPARE	TRAIN_PREDICT:RNASEQ_PREPARE (Fusarium_oxysporum)	COMPLETED	0	306.0	1285.1	5.6	peak_rss	1.092335	1	16	52.0	epyc		2026-09-24 12:33:29.576	2026-09-24 15:31:05.497	2026-09-24 15:36:05.526	annotate_trace.20260924_123145.txt	final
v1.9.0-rc1_conda	Morchella_sextelata	TRAIN_PREDICT:RNASEQ_PREPARE	TRAIN_PREDICT:RNASEQ_PREPARE (Morchella_sextelata)	COMPLETED	0	206.0	1206.9	4.2	peak_rss	0.6906150000000001	1	16	52.0	epyc		2026-09-24 12:32:49.581	2026-09-24 15:58:05.904	2026-09-24 16:02:05.716	annotate_trace.20260924_123145.txt	final
v1.9.0-rc1_conda	Lipomyces_tetrasporus	TRAIN_PREDICT:RNASEQ_PREPARE	TRAIN_PREDICT:RNASEQ_PREPARE (Lipomyces_tetrasporus)	COMPLETED	0	144.0	1258.1	2.9	peak_rss	0.50324	1	16	52.0	epyc		2026-09-24 12:32:51.583	2026-09-24 16:02:05.720	2026-09-24 16:05:05.652	annotate_trace.20260924_123145.txt	final
v1.9.0-rc1_conda	Zygosaccharomyces_rouxii	TRAIN_PREDICT:RNASEQ_PREPARE	TRAIN_PREDICT:RNASEQ_PREPARE (Zygosaccharomyces_rouxii)	COMPLETED	0	157.0	1185.1	2.6	peak_rss	0.5168352777777778	1	16	52.0	epyc		2026-09-24 12:32:55.580	2026-09-24 16:04:05.802	2026-09-24 16:07:05.806	annotate_trace.20260924_123145.txt	final
v1.9.0-rc1_conda	Gaeumannomyces_tritici	TRAIN_PREDICT:RNASEQ_PREPARE	TRAIN_PREDICT:RNASEQ_PREPARE (Gaeumannomyces_tritici)	COMPLETED	0	139.0	1154.6	2.6	peak_rss	0.44580388888888883	1	16	52.0	epyc		2026-09-24 12:32:57.587	2026-09-24 16:04:05.823	2026-09-24 16:07:05.810	annotate_trace.20260924_123145.txt	final
v1.9.0-rc1_conda	Sclerotinia_sclerotiorum	TRAIN_PREDICT:RNASEQ_PREPARE	TRAIN_PREDICT:RNASEQ_PREPARE (Sclerotinia_sclerotiorum)	COMPLETED	0	159.0	1184.1	2.8	peak_rss	0.5229775	1	16	52.0	epyc		2026-09-24 12:32:59.580	2026-09-24 16:06:05.705	2026-09-24 16:08:05.727	annotate_trace.20260924_123145.txt	final
v1.9.0-rc1_conda	Mucor_mucedo	TRAIN_PREDICT:RNASEQ_PREPARE	TRAIN_PREDICT:RNASEQ_PREPARE (Mucor_mucedo)	COMPLETED	0	125.0	1211.7	2.3	peak_rss	0.4207291666666667	1	16	52.0	epyc		2026-09-24 12:33:01.578	2026-09-24 16:07:05.816	2026-09-24 16:09:05.730	annotate_trace.20260924_123145.txt	final
v1.9.0-rc1_conda	Protomyces_lactucae-debilis	TRAIN_PREDICT:RNASEQ_PREPARE	TRAIN_PREDICT:RNASEQ_PREPARE (Protomyces_lactucae-debilis)	COMPLETED	0	78.0	1184.9	1.4	peak_rss	0.25672833333333334	1	16	52.0	epyc		2026-09-24 12:33:03.591	2026-09-24 16:09:05.730	2026-09-24 16:10:05.728	annotate_trace.20260924_123145.txt	final
v1.9.0-rc1_conda	Allomyces_macrogynus	TRAIN_PREDICT:RNASEQ_PREPARE	TRAIN_PREDICT:RNASEQ_PREPARE (Allomyces_macrogynus)	COMPLETED	0	12551.0	811.1	3.0	peak_rss	28.27810027777778	1	16	52.0	epyc		2026-09-24 12:32:08.981	2026-09-24 12:42:04.555	2026-09-24 16:12:05.693	annotate_trace.20260924_123145.txt	final
v1.9.0-rc1_conda	Batrachochytrium_dendrobatidis	TRAIN_PREDICT:RNASEQ_PREPARE	TRAIN_PREDICT:RNASEQ_PREPARE (Batrachochytrium_dendrobatidis)	COMPLETED	0	117.0	1215.9	2.1	peak_rss	0.39516750000000006	1	16	52.0	epyc		2026-09-24 12:33:09.577	2026-09-24 16:10:05.761	2026-09-24 16:12:05.757	annotate_trace.20260924_123145.txt	final
v1.9.0-rc1_conda	Pseudogymnoascus_destructans	TRAIN_PREDICT:RNASEQ_PREPARE	TRAIN_PREDICT:RNASEQ_PREPARE (Pseudogymnoascus_destructans)	COMPLETED	0	141.0	1257.4	2.9	peak_rss	0.49248166666666676	1	16	52.0	epyc		2026-09-24 12:33:11.579	2026-09-24 16:10:05.774	2026-09-24 16:13:05.765	annotate_trace.20260924_123145.txt	final
v1.9.0-rc1_conda	Drepanopeziza_brunnea	TRAIN_PREDICT:RNASEQ_PREPARE	TRAIN_PREDICT:RNASEQ_PREPARE (Drepanopeziza_brunnea)	COMPLETED	0	405.0	834.3	3.1	peak_rss	0.9385875	1	16	52.0	epyc		2026-09-24 12:33:17.614	2026-09-24 16:14:05.767	2026-09-24 16:21:05.807	annotate_trace.20260924_123145.txt	final
v1.9.0-rc1_conda	Cryptococcus_neoformans	TRAIN_PREDICT:RNASEQ_PREPARE	TRAIN_PREDICT:RNASEQ_PREPARE (Cryptococcus_neoformans)	COMPLETED	0	13196.0	391.0	4.2	peak_rss	14.332322222222222	1	16	52.0	epyc		2026-09-24 12:32:13.637	2026-09-24 12:52:04.699	2026-09-24 16:32:05.865	annotate_trace.20260924_123145.txt	final
v1.9.0-rc1_conda	Pyrenophora_teres	TRAIN_PREDICT:RNASEQ_PREPARE	TRAIN_PREDICT:RNASEQ_PREPARE (Pyrenophora_teres)	COMPLETED	0	4421.0	547.6	4.4	peak_rss	6.724832222222221	1	16	52.0	epyc		2026-09-24 12:32:39.599	2026-09-24 15:29:05.591	2026-09-24 16:43:06.115	annotate_trace.20260924_123145.txt	final
v1.9.0-rc1_conda	Umbelopsis_ramanniana	TRAIN_PREDICT:RNASEQ_PREPARE	TRAIN_PREDICT:RNASEQ_PREPARE (Umbelopsis_ramanniana)	COMPLETED	0	114.0	1202.8	2.1	peak_rss	0.38088666666666665	1	16	52.0	epyc		2026-09-24 12:33:19.585	2026-09-24 16:44:05.960	2026-09-24 16:46:05.909	annotate_trace.20260924_123145.txt	final
v1.9.0-rc1_conda	Lachancea_thermotolerans	TRAIN_PREDICT:RNASEQ_PREPARE	TRAIN_PREDICT:RNASEQ_PREPARE (Lachancea_thermotolerans)	COMPLETED	0	60.0	1118.9	1.1	peak_rss	0.18648333333333333	1	16	52.0	epyc		2026-09-24 12:33:21.580	2026-09-24 16:51:06.014	2026-09-24 16:52:06.013	annotate_trace.20260924_123145.txt	final
v1.9.0-rc1_conda	Orbilia_oligospora	TRAIN_PREDICT:RNASEQ_PREPARE	TRAIN_PREDICT:RNASEQ_PREPARE (Orbilia_oligospora)	COMPLETED	0	10685.0	849.0	9.9	peak_rss	25.198791666666665	1	16	52.0	epyc		2026-09-24 12:32:23.585	2026-09-24 14:11:05.450	2026-09-24 17:10:06.095	annotate_trace.20260924_123145.txt	final
v1.9.0-rc1_conda	Parastagonospora_nodorum	TRAIN_PREDICT:RNASEQ_PREPARE	TRAIN_PREDICT:RNASEQ_PREPARE (Parastagonospora_nodorum)	COMPLETED	0	8888.0	972.7	3.8	peak_rss	24.014882222222223	1	16	52.0	epyc		2026-09-24 12:32:27.590	2026-09-24 14:53:05.413	2026-09-24 17:22:06.146	annotate_trace.20260924_123145.txt	final
v1.9.0-rc1_conda	Pyrenophora_tritici-repentis	TRAIN_PREDICT:RNASEQ_PREPARE	TRAIN_PREDICT:RNASEQ_PREPARE (Pyrenophora_tritici-repentis)	COMPLETED	0	9201.0	1039.3	3.7	peak_rss	26.56277583333333	1	16	52.0	epyc		2026-09-24 12:32:29.620	2026-09-24 14:59:05.434	2026-09-24 17:33:06.273	annotate_trace.20260924_123145.txt	final
v1.9.0-rc1_conda	Kluyveromyces_lactis_NRRL_Y-1140	TRAIN_PREDICT:FUNANNOTATE_TRAIN	TRAIN_PREDICT:FUNANNOTATE_TRAIN (Kluyveromyces_lactis_NRRL_Y-1140)	COMPLETED	0	835.0	154.8	1.7	peak_rss	0.35905000000000004	1	8	48.0	epyc		2026-09-24 14:53:05.805	2026-09-24 17:51:06.313	2026-09-24 18:05:06.407	annotate_trace.20260924_123145.txt	final
v1.9.0-rc1_conda	Malassezia_globosa_CBS_7966	TRAIN_PREDICT:FUNANNOTATE_TRAIN	TRAIN_PREDICT:FUNANNOTATE_TRAIN (Malassezia_globosa_CBS_7966)	COMPLETED	0	2237.0	97.3	1.5	peak_rss	0.6046113888888889	1	8	48.0	epyc		2026-09-24 14:11:06.351	2026-09-24 17:33:06.277	2026-09-24 18:11:06.434	annotate_trace.20260924_123145.txt	final
v1.9.0-rc1_conda	Botrytis_cinerea	TRAIN_PREDICT:RNASEQ_PREPARE	TRAIN_PREDICT:RNASEQ_PREPARE (Botrytis_cinerea)	COMPLETED	0	10566.0	924.9	3.8	peak_rss	27.145815000000002	1	16	52.0	epyc		2026-09-24 12:32:43.582	2026-09-24 15:35:05.629	2026-09-24 18:32:06.662	annotate_trace.20260924_123145.txt	final
v1.9.0-rc1_conda	Zymoseptoria_tritici	TRAIN_PREDICT:RNASEQ_PREPARE	TRAIN_PREDICT:RNASEQ_PREPARE (Zymoseptoria_tritici)	COMPLETED	0	8484.0	613.8	7.2	peak_rss	14.465219999999999	1	16	52.0	epyc		2026-09-24 12:33:25.575	2026-09-24 16:22:05.807	2026-09-24 18:44:06.752	annotate_trace.20260924_123145.txt	final
v1.9.0-rc1_conda	Phycomyces_blakesleeanus	TRAIN_PREDICT:RNASEQ_PREPARE	TRAIN_PREDICT:RNASEQ_PREPARE (Phycomyces_blakesleeanus)	COMPLETED	0	21997.0	523.5	6.2	peak_rss	31.98730416666667	1	16	52.0	epyc		2026-09-24 12:32:09.785	2026-09-24 12:48:04.710	2026-09-24 18:55:06.723	annotate_trace.20260924_123145.txt	final
v1.9.0-rc1_conda	Rhizopus_microsporus	TRAIN_PREDICT:RNASEQ_PREPARE	TRAIN_PREDICT:RNASEQ_PREPARE (Rhizopus_microsporus)	COMPLETED	0	22033.0	356.2	2.4	peak_rss	21.800429444444443	1	16	52.0	epyc		2026-09-24 12:32:11.591	2026-09-24 12:50:04.643	2026-09-24 18:58:06.714	annotate_trace.20260924_123145.txt	final
v1.9.0-rc1_conda	Cryptococcus_deneoformans_JEC21	TRAIN_PREDICT:FUNANNOTATE_TRAIN	TRAIN_PREDICT:FUNANNOTATE_TRAIN (Cryptococcus_deneoformans_JEC21)	COMPLETED	0	4916.0	100.8	1.6	peak_rss	1.3764800000000001	1	8	48.0	epyc		2026-09-24 14:24:05.706	2026-09-24 17:44:06.393	2026-09-24 19:07:06.834	annotate_trace.20260924_123145.txt	final
v1.9.0-rc1_conda	Fusarium_verticillioides	TRAIN_PREDICT:RNASEQ_PREPARE	TRAIN_PREDICT:RNASEQ_PREPARE (Fusarium_verticillioides)	COMPLETED	0	11366.0	548.9	3.6	peak_rss	17.32999277777778	1	16	52.0	epyc		2026-09-24 12:33:23.578	2026-09-24 16:12:05.806	2026-09-24 19:22:06.966	annotate_trace.20260924_123145.txt	final
v1.9.0-rc1_conda	Malassezia_sympodialis	TRAIN_PREDICT:RNASEQ_PREPARE	TRAIN_PREDICT:RNASEQ_PREPARE (Malassezia_sympodialis)	COMPLETED	0	12664.0	196.7	0.8925000000000001	peak_rss	6.919468888888889	1	16	52.0	epyc		2026-09-24 12:32:47.602	2026-09-24 15:58:05.903	2026-09-24 19:30:07.041	annotate_trace.20260924_123145.txt	final
v1.9.0-rc1_conda	Talaromyces_marneffei	TRAIN_PREDICT:RNASEQ_PREPARE	TRAIN_PREDICT:RNASEQ_PREPARE (Talaromyces_marneffei)	COMPLETED	0	24357.0	401.8	5.4	peak_rss	27.18511833333333	1	16	52.0	epyc		2026-09-24 12:32:21.587	2026-09-24 13:04:04.793	2026-09-24 19:50:07.137	annotate_trace.20260924_123145.txt	final
v1.9.0-rc1_conda	Morchella_importuna	TRAIN_PREDICT:RNASEQ_PREPARE	TRAIN_PREDICT:RNASEQ_PREPARE (Morchella_importuna)	COMPLETED	0	16981.0	471.5	6.9	peak_rss	22.240393055555554	1	16	52.0	epyc		2026-09-24 12:32:33.593	2026-09-24 15:29:05.487	2026-09-24 20:13:07.700	annotate_trace.20260924_123145.txt	final
v1.9.0-rc1_conda	Saccharomyces_cerevisiae_S288C	TRAIN_PREDICT:FUNANNOTATE_TRAIN	TRAIN_PREDICT:FUNANNOTATE_TRAIN (Saccharomyces_cerevisiae_S288C)	COMPLETED	0	7759.0	347.7	1.8	peak_rss	7.493900833333332	1	8	48.0	epyc		2026-09-24 15:33:06.343	2026-09-24 18:05:06.409	2026-09-24 20:15:07.519	annotate_trace.20260924_123145.txt	final
v1.9.0-rc1_conda	Colletotrichum_graminicola	TRAIN_PREDICT:RNASEQ_PREPARE	TRAIN_PREDICT:RNASEQ_PREPARE (Colletotrichum_graminicola)	COMPLETED	0	14800.0	717.7	5.1	peak_rss	29.505444444444443	1	16	52.0	epyc		2026-09-24 12:33:07.580	2026-09-24 16:10:05.759	2026-09-24 20:17:07.559	annotate_trace.20260924_123145.txt	final
v1.9.0-rc1_conda	Schizophyllum_commune	TRAIN_PREDICT:RNASEQ_PREPARE	TRAIN_PREDICT:RNASEQ_PREPARE (Schizophyllum_commune)	COMPLETED	0	16950.0	367.2	2.6	peak_rss	17.288999999999998	1	16	52.0	epyc		2026-09-24 12:32:41.585	2026-09-24 15:35:05.540	2026-09-24 20:18:07.599	annotate_trace.20260924_123145.txt	final
v1.9.0-rc1_conda	Zygosaccharomyces_rouxii_CBS_732	TRAIN_PREDICT:FUNANNOTATE_TRAIN	TRAIN_PREDICT:FUNANNOTATE_TRAIN (Zygosaccharomyces_rouxii_CBS_732)	COMPLETED	0	3705.0	491.2	2.7	peak_rss	5.055266666666666	1	8	48.0	epyc		2026-09-24 16:07:07.116	2026-09-24 19:22:06.970	2026-09-24 20:24:07.679	annotate_trace.20260924_123145.txt	final
v1.9.0-rc1_conda	Tilletiopsis_washingtonensis	TRAIN_PREDICT:RNASEQ_PREPARE	TRAIN_PREDICT:RNASEQ_PREPARE (Tilletiopsis_washingtonensis)	COMPLETED	0	18392.0	239.2	1.7	peak_rss	12.220462222222222	1	16	52.0	epyc		2026-09-24 12:32:35.583	2026-09-24 15:29:05.549	2026-09-24 20:36:07.700	annotate_trace.20260924_123145.txt	final
v1.9.0-rc1_conda	Yarrowia_lipolytica	TRAIN_PREDICT:RNASEQ_PREPARE	TRAIN_PREDICT:RNASEQ_PREPARE (Yarrowia_lipolytica)	COMPLETED	0	20699.0	336.7	1.5	peak_rss	19.359314722222223	1	16	52.0	epyc		2026-09-24 12:32:31.581	2026-09-24 15:11:05.400	2026-09-24 20:56:07.789	annotate_trace.20260924_123145.txt	final
v1.9.0-rc1_conda	Aspergillus_fumigatus	TRAIN_PREDICT:RNASEQ_PREPARE	TRAIN_PREDICT:RNASEQ_PREPARE (Aspergillus_fumigatus)	COMPLETED	0	20632.0	327.8	5.2	peak_rss	18.786582222222222	1	16	52.0	epyc		2026-09-24 12:32:37.656	2026-09-24 15:29:05.587	2026-09-24 21:14:07.765	annotate_trace.20260924_123145.txt	final
v1.9.0-rc1_conda	Tilletiaria_anomala	TRAIN_PREDICT:RNASEQ_PREPARE	TRAIN_PREDICT:RNASEQ_PREPARE (Tilletiaria_anomala)	COMPLETED	0	18966.0	229.6	2.2	peak_rss	12.096093333333332	1	16	52.0	epyc		2026-09-24 12:32:45.579	2026-09-24 15:58:05.900	2026-09-24 21:15:07.765	annotate_trace.20260924_123145.txt	final
v1.9.0-rc1_conda	Allomyces_macrogynus_ATCC_38327	TRAIN_PREDICT:FUNANNOTATE_TRAIN	TRAIN_PREDICT:FUNANNOTATE_TRAIN (Allomyces_macrogynus_ATCC_38327)	COMPLETED	0	3957.0	155.0	1.7	peak_rss	1.7037083333333334	1	8	48.0	epyc		2026-09-24 16:12:05.889	2026-09-24 20:15:07.615	2026-09-24 21:21:07.772	annotate_trace.20260924_123145.txt	final
v1.9.0-rc1_conda	Drepanopeziza_brunnea_MB_m1	TRAIN_PREDICT:FUNANNOTATE_TRAIN	TRAIN_PREDICT:FUNANNOTATE_TRAIN (Drepanopeziza_brunnea_MB_m1)	COMPLETED	0	0.47400000000000003	20.5	0.0027	peak_rss	2.6991666666666668e-05	1	8	48.0	epyc		2026-09-24 16:21:06.073	2026-09-24 21:21:07.834	2026-09-24 21:21:07.845	annotate_trace.20260924_123145.txt	final
v1.9.0-rc1_conda	Protomyces_lactucae-debilis_12-1054	TRAIN_PREDICT:FUNANNOTATE_TRAIN	TRAIN_PREDICT:FUNANNOTATE_TRAIN (Protomyces_lactucae-debilis_12-1054)	COMPLETED	0	7145.0	391.4	5.6	peak_rss	7.768202777777778	1	8	48.0	epyc		2026-09-24 16:10:05.921	2026-09-24 20:07:07.338	2026-09-24 22:06:08.154	annotate_trace.20260924_123145.txt	final
v1.9.0-rc1_conda	Rhizopus_delemar	TRAIN_PREDICT:RNASEQ_PREPARE	TRAIN_PREDICT:RNASEQ_PREPARE (Rhizopus_delemar)	COMPLETED	0	33331.0	434.4	4.6	peak_rss	40.219406666666664	1	16	52.0	epyc		2026-09-24 12:32:15.617	2026-09-24 12:57:04.705	2026-09-24 22:13:08.162	annotate_trace.20260924_123145.txt	final
v1.9.0-rc1_conda	Kluyveromyces_lactis_NRRL_Y-1140	TRAIN_PREDICT:FUNANNOTATE_PREDICT	TRAIN_PREDICT:FUNANNOTATE_PREDICT (Kluyveromyces_lactis_NRRL_Y-1140)	COMPLETED	0	1262.0	573.0	3.9	peak_rss	2.0086833333333334	1	8	32.0	epyc		2026-09-24 18:05:06.544	2026-09-24 22:29:08.445	2026-09-24 22:50:08.735	annotate_trace.20260924_123145.txt	final
v1.9.0-rc1_conda	Trichosporon_asahii	TRAIN_PREDICT:RNASEQ_PREPARE	TRAIN_PREDICT:RNASEQ_PREPARE (Trichosporon_asahii)	COMPLETED	0	24546.0	240.0	2.1	peak_rss	16.364	1	16	52.0	epyc		2026-09-24 12:33:13.578	2026-09-24 16:12:05.758	2026-09-24 23:03:08.805	annotate_trace.20260924_123145.txt	final
v1.9.0-rc1_conda	Malassezia_globosa_CBS_7966	TRAIN_PREDICT:FUNANNOTATE_PREDICT	TRAIN_PREDICT:FUNANNOTATE_PREDICT (Malassezia_globosa_CBS_7966)	COMPLETED	0	1016.0	559.6	3.4	peak_rss	1.5793155555555556	1	8	32.0	epyc		2026-09-24 18:11:06.719	2026-09-24 22:50:08.738	2026-09-24 23:07:08.829	annotate_trace.20260924_123145.txt	final
v1.9.0-rc1_conda	Cokeromyces_recurvatus	TRAIN_PREDICT:RNASEQ_PREPARE	TRAIN_PREDICT:RNASEQ_PREPARE (Cokeromyces_recurvatus)	COMPLETED	0	25791.0	299.0	2.0	peak_rss	21.420858333333335	1	16	52.0	epyc		2026-09-24 12:33:15.579	2026-09-24 16:13:05.767	2026-09-24 23:24:08.831	annotate_trace.20260924_123145.txt	final
v1.9.0-rc1_conda	Cryptococcus_deneoformans_JEC21	TRAIN_PREDICT:FUNANNOTATE_PREDICT	TRAIN_PREDICT:FUNANNOTATE_PREDICT (Cryptococcus_deneoformans_JEC21)	COMPLETED	0	1907.0	430.7	6.0	peak_rss	2.281513611111111	1	8	32.0	epyc		2026-09-24 19:07:07.168	2026-09-24 23:08:08.859	2026-09-24 23:40:08.856	annotate_trace.20260924_123145.txt	final
v1.9.0-rc1_conda	Pyrenophora_teres_0-1	TRAIN_PREDICT:FUNANNOTATE_TRAIN	TRAIN_PREDICT:FUNANNOTATE_TRAIN (Pyrenophora_teres_0-1)	COMPLETED	0	1110.0	106.0	0.8982000000000001	peak_rss	0.32683333333333336	1	8	48.0	epyc		2026-09-24 16:43:06.290	2026-09-24 23:22:08.844	2026-09-24 23:41:08.871	annotate_trace.20260924_123145.txt	final
v1.9.0-rc1_conda	Chaetomium_globosum	TRAIN_PREDICT:RNASEQ_PREPARE	TRAIN_PREDICT:RNASEQ_PREPARE (Chaetomium_globosum)	COMPLETED	0	28024.0	351.2	2.8	peak_rss	27.33896888888889	1	16	52.0	epyc		2026-09-24 12:32:53.578	2026-09-24 16:04:05.773	2026-09-24 23:51:08.941	annotate_trace.20260924_123145.txt	final
v1.9.0-rc1_conda	Tricharina_praecox	TRAIN_PREDICT:RNASEQ_PREPARE	TRAIN_PREDICT:RNASEQ_PREPARE (Tricharina_praecox)	COMPLETED	0	28056.0	355.2	3.0	peak_rss	27.681919999999998	1	16	52.0	epyc		2026-09-24 12:33:05.579	2026-09-24 16:10:05.734	2026-09-24 23:58:08.923	annotate_trace.20260924_123145.txt	final
v1.9.0-rc1_conda	Cryptococcus_neoformans_H99	TRAIN_PREDICT:FUNANNOTATE_TRAIN	TRAIN_PREDICT:FUNANNOTATE_TRAIN (Cryptococcus_neoformans_H99)	COMPLETED	0	3227.0	161.0	1.6	peak_rss	1.4431861111111113	1	8	48.0	epyc		2026-09-24 16:32:05.978	2026-09-24 23:17:08.800	2026-09-25 00:11:09.003	annotate_trace.20260924_123145.txt	final
v1.9.0-rc1_conda	Orbilia_oligospora_ATCC_24927	TRAIN_PREDICT:FUNANNOTATE_TRAIN	TRAIN_PREDICT:FUNANNOTATE_TRAIN (Orbilia_oligospora_ATCC_24927)	COMPLETED	0	4407.0	164.2	1.7	peak_rss	2.0100816666666663	1	8	48.0	epyc		2026-09-24 17:10:06.305	2026-09-24 23:48:09.068	2026-09-25 01:02:09.385	annotate_trace.20260924_123145.txt	final
v1.9.0-rc1_conda	Parastagonospora_nodorum_SN15	TRAIN_PREDICT:FUNANNOTATE_TRAIN	TRAIN_PREDICT:FUNANNOTATE_TRAIN (Parastagonospora_nodorum_SN15)	COMPLETED	0	3323.0	204.3	4.0	peak_rss	1.8858025	1	8	48.0	epyc		2026-09-24 17:22:06.293	2026-09-25 00:11:09.022	2026-09-25 01:06:09.386	annotate_trace.20260924_123145.txt	final
v1.9.0-rc1_conda	Pyrenophora_tritici-repentis_Pt-1C-BFP	TRAIN_PREDICT:FUNANNOTATE_TRAIN	TRAIN_PREDICT:FUNANNOTATE_TRAIN (Pyrenophora_tritici-repentis_Pt-1C-BFP)	COMPLETED	0	3602.0	207.2	1.9	peak_rss	2.073151111111111	1	8	48.0	epyc		2026-09-24 17:33:06.606	2026-09-25 00:12:09.003	2026-09-25 01:12:09.487	annotate_trace.20260924_123145.txt	final
v1.9.0-rc1_conda	Batrachochytrium_dendrobatidis_JAM81	TRAIN_PREDICT:FUNANNOTATE_TRAIN	TRAIN_PREDICT:FUNANNOTATE_TRAIN (Batrachochytrium_dendrobatidis_JAM81)	COMPLETED	0	17682.0	477.5	16.7	peak_rss	23.453208333333336	1	8	48.0	epyc		2026-09-24 16:12:06.874	2026-09-24 20:24:07.708	2026-09-25 01:19:09.594	annotate_trace.20260924_123145.txt	final
v1.9.0-rc1_conda	Lachancea_thermotolerans_CBS_6340	TRAIN_PREDICT:FUNANNOTATE_TRAIN	TRAIN_PREDICT:FUNANNOTATE_TRAIN (Lachancea_thermotolerans_CBS_6340)	COMPLETED	0	6246.0	461.3	1.2	peak_rss	8.003555	1	8	48.0	epyc		2026-09-24 16:52:06.231	2026-09-24 23:41:09.076	2026-09-25 01:25:09.615	annotate_trace.20260924_123145.txt	final
v1.9.0-rc1_conda	Malassezia_sympodialis_ATCC_42132	TRAIN_PREDICT:FUNANNOTATE_TRAIN	TRAIN_PREDICT:FUNANNOTATE_TRAIN (Malassezia_sympodialis_ATCC_42132)	COMPLETED	0	1100.0	151.6	1.0007000000000001	peak_rss	0.46322222222222226	1	8	48.0	epyc		2026-09-24 19:30:07.228	2026-09-25 01:12:09.581	2026-09-25 01:31:09.589	annotate_trace.20260924_123145.txt	final
v1.9.0-rc1_conda	Zymoseptoria_tritici_IPO323	TRAIN_PREDICT:FUNANNOTATE_TRAIN	TRAIN_PREDICT:FUNANNOTATE_TRAIN (Zymoseptoria_tritici_IPO323)	COMPLETED	0	3240.0	169.7	1.8	peak_rss	1.5272999999999999	1	8	48.0	epyc		2026-09-24 18:44:06.886	2026-09-25 00:43:09.304	2026-09-25 01:37:09.628	annotate_trace.20260924_123145.txt	final
v1.9.0-rc1_conda	Rhizopus_microsporus_ATCC_52813	TRAIN_PREDICT:FUNANNOTATE_TRAIN	TRAIN_PREDICT:FUNANNOTATE_TRAIN (Rhizopus_microsporus_ATCC_52813)	COMPLETED	0	2358.0	187.8	1.5	peak_rss	1.2300900000000001	1	8	48.0	epyc		2026-09-24 18:58:06.934	2026-09-25 01:02:09.499	2026-09-25 01:42:09.629	annotate_trace.20260924_123145.txt	final
v1.9.0-rc1_conda	Saccharomyces_cerevisiae_S288C	TRAIN_PREDICT:FUNANNOTATE_PREDICT	TRAIN_PREDICT:FUNANNOTATE_PREDICT (Saccharomyces_cerevisiae_S288C)	COMPLETED	0	1344.0	616.2	3.6	peak_rss	2.3004800000000003	1	8	32.0	epyc		2026-09-24 20:15:07.880	2026-09-25 01:38:09.628	2026-09-25 02:00:09.712	annotate_trace.20260924_123145.txt	final
v1.9.0-rc1_conda	Zygosaccharomyces_rouxii_CBS_732	TRAIN_PREDICT:FUNANNOTATE_PREDICT	TRAIN_PREDICT:FUNANNOTATE_PREDICT (Zygosaccharomyces_rouxii_CBS_732)	COMPLETED	0	1370.0	590.5	4.2	peak_rss	2.2471805555555555	1	8	32.0	epyc		2026-09-24 20:24:07.873	2026-09-25 01:38:09.706	2026-09-25 02:01:09.711	annotate_trace.20260924_123145.txt	final
v1.9.0-rc1_conda	Fusarium_verticillioides_7600	TRAIN_PREDICT:FUNANNOTATE_TRAIN	TRAIN_PREDICT:FUNANNOTATE_TRAIN (Fusarium_verticillioides_7600)	COMPLETED	0	3498.0	174.6	1.6	peak_rss	1.69653	1	8	48.0	epyc		2026-09-24 19:22:07.094	2026-09-25 01:07:09.387	2026-09-25 02:05:09.758	annotate_trace.20260924_123145.txt	final
v1.9.0-rc1_conda	Sclerotinia_sclerotiorum_1980	TRAIN_PREDICT:FUNANNOTATE_TRAIN	TRAIN_PREDICT:FUNANNOTATE_TRAIN (Sclerotinia_sclerotiorum_1980)	COMPLETED	0	24142.0	437.0	4.4	peak_rss	29.30570555555556	1	8	48.0	epyc		2026-09-24 16:08:05.911	2026-09-24 19:27:07.033	2026-09-25 02:09:09.774	annotate_trace.20260924_123145.txt	final
v1.9.0-rc1_conda	Talaromyces_marneffei_ATCC_18224	TRAIN_PREDICT:FUNANNOTATE_TRAIN	TRAIN_PREDICT:FUNANNOTATE_TRAIN (Talaromyces_marneffei_ATCC_18224)	COMPLETED	0	2938.0	179.9	1.9	peak_rss	1.468183888888889	1	8	48.0	epyc		2026-09-24 19:50:07.294	2026-09-25 01:27:09.597	2026-09-25 02:16:09.847	annotate_trace.20260924_123145.txt	final
v1.9.0-rc1_conda	Schizophyllum_commune_H4-8	TRAIN_PREDICT:FUNANNOTATE_TRAIN	TRAIN_PREDICT:FUNANNOTATE_TRAIN (Schizophyllum_commune_H4-8)	COMPLETED	0	1779.0	135.0	1.6	peak_rss	0.667125	1	8	48.0	epyc		2026-09-24 20:18:07.724	2026-09-25 01:49:09.737	2026-09-25 02:19:09.869	annotate_trace.20260924_123145.txt	final
v1.9.0-rc1_conda	Botrytis_cinerea_B05.10	TRAIN_PREDICT:FUNANNOTATE_TRAIN	TRAIN_PREDICT:FUNANNOTATE_TRAIN (Botrytis_cinerea_B05.10)	COMPLETED	0	6290.0	99.5	2.0	peak_rss	1.7384861111111112	1	8	48.0	epyc		2026-09-24 18:32:06.963	2026-09-25 00:35:09.202	2026-09-25 02:21:09.803	annotate_trace.20260924_123145.txt	final
v1.9.0-rc1_conda	Morchella_importuna_M04M26	TRAIN_PREDICT:FUNANNOTATE_TRAIN	TRAIN_PREDICT:FUNANNOTATE_TRAIN (Morchella_importuna_M04M26)	COMPLETED	0	3134.0	202.8	1.7	peak_rss	1.7654866666666666	1	8	48.0	epyc		2026-09-24 20:13:07.917	2026-09-25 01:31:09.653	2026-09-25 02:24:09.870	annotate_trace.20260924_123145.txt	final
v1.9.0-rc1_conda	Phycomyces_blakesleeanus_NRRL_1555_-	TRAIN_PREDICT:FUNANNOTATE_TRAIN	TRAIN_PREDICT:FUNANNOTATE_TRAIN (Phycomyces_blakesleeanus_NRRL_1555_-)	COMPLETED	0	5862.0	221.6	2.7	peak_rss	3.6083866666666666	1	8	48.0	epyc		2026-09-24 18:55:06.887	2026-09-25 00:55:09.337	2026-09-25 02:33:09.935	annotate_trace.20260924_123145.txt	final
v1.9.0-rc1_conda	Yarrowia_lipolytica_CLIB122	TRAIN_PREDICT:FUNANNOTATE_TRAIN	TRAIN_PREDICT:FUNANNOTATE_TRAIN (Yarrowia_lipolytica_CLIB122)	COMPLETED	0	1451.0	177.8	1.8	peak_rss	0.7166327777777778	1	8	48.0	epyc		2026-09-24 20:56:08.214	2026-09-25 02:10:09.773	2026-09-25 02:34:09.889	annotate_trace.20260924_123145.txt	final
v1.9.0-rc1_conda	Tilletiopsis_washingtonensis_MCA_4186	TRAIN_PREDICT:FUNANNOTATE_TRAIN	TRAIN_PREDICT:FUNANNOTATE_TRAIN (Tilletiopsis_washingtonensis_MCA_4186)	COMPLETED	0	2494.0	157.2	1.6	peak_rss	1.0890466666666667	1	8	48.0	epyc		2026-09-24 20:36:08.040	2026-09-25 02:06:09.777	2026-09-25 02:48:09.988	annotate_trace.20260924_123145.txt	final
v1.9.0-rc1_conda	Protomyces_lactucae-debilis_12-1054	TRAIN_PREDICT:FUNANNOTATE_PREDICT	TRAIN_PREDICT:FUNANNOTATE_PREDICT (Protomyces_lactucae-debilis_12-1054)	COMPLETED	0	2493.0	449.1	2.9	peak_rss	3.1100175000000005	1	8	32.0	epyc		2026-09-24 22:06:08.477	2026-09-25 02:11:09.773	2026-09-25 02:53:10.006	annotate_trace.20260924_123145.txt	final
v1.9.0-rc1_conda	Mucor_mucedo_NRRL_3635	TRAIN_PREDICT:FUNANNOTATE_TRAIN	TRAIN_PREDICT:FUNANNOTATE_TRAIN (Mucor_mucedo_NRRL_3635)	COMPLETED	0	25724.0	421.0	3.8	peak_rss	30.08278888888889	1	8	48.0	epyc		2026-09-24 16:09:05.966	2026-09-24 19:50:07.201	2026-09-25 03:00:09.989	annotate_trace.20260924_123145.txt	final
v1.9.0-rc1_conda	Allomyces_macrogynus_ATCC_38327	TRAIN_PREDICT:FUNANNOTATE_PREDICT	TRAIN_PREDICT:FUNANNOTATE_PREDICT (Allomyces_macrogynus_ATCC_38327)	COMPLETED	0	3933.0	582.0	12.4	peak_rss	6.358350000000001	1	8	32.0	epyc		2026-09-24 21:21:07.927	2026-09-25 01:54:09.803	2026-09-25 03:00:09.992	annotate_trace.20260924_123145.txt	final
v1.9.0-rc1_conda	Aspergillus_fumigatus_Af293	TRAIN_PREDICT:FUNANNOTATE_TRAIN	TRAIN_PREDICT:FUNANNOTATE_TRAIN (Aspergillus_fumigatus_Af293)	COMPLETED	0	3501.0	125.5	1.6	peak_rss	1.2204875	1	8	48.0	epyc		2026-09-24 21:14:08.018	2026-09-25 02:16:09.850	2026-09-25 03:15:10.034	annotate_trace.20260924_123145.txt	final
v1.9.0-rc1_conda	Drepanopeziza_brunnea_MB_m1	TRAIN_PREDICT:FUNANNOTATE_PREDICT	TRAIN_PREDICT:FUNANNOTATE_PREDICT (Drepanopeziza_brunnea_MB_m1)	COMPLETED	0	5192.0	616.3	9.0	peak_rss	8.888415555555556	1	8	32.0	epyc		2026-09-24 21:21:08.892	2026-09-25 02:01:09.713	2026-09-25 03:27:10.075	annotate_trace.20260924_123145.txt	final
v1.9.0-rc1_conda	Tilletiaria_anomala_UBC_951	TRAIN_PREDICT:FUNANNOTATE_TRAIN	TRAIN_PREDICT:FUNANNOTATE_TRAIN (Tilletiaria_anomala_UBC_951)	COMPLETED	0	4555.0	74.1	1.2	peak_rss	0.9375708333333332	1	8	48.0	epyc		2026-09-24 21:15:08.019	2026-09-25 02:20:09.803	2026-09-25 03:36:10.194	annotate_trace.20260924_123145.txt	final
v1.9.0-rc1_conda	Colletotrichum_graminicola_M1.001	TRAIN_PREDICT:FUNANNOTATE_TRAIN	TRAIN_PREDICT:FUNANNOTATE_TRAIN (Colletotrichum_graminicola_M1.001)	COMPLETED	0	7335.0	84.6	1.8	peak_rss	1.723725	1	8	48.0	epyc		2026-09-24 20:17:07.801	2026-09-25 01:42:09.695	2026-09-25 03:45:10.223	annotate_trace.20260924_123145.txt	final
v1.9.0-rc1_conda	Cryptococcus_neoformans_H99	TRAIN_PREDICT:FUNANNOTATE_PREDICT	TRAIN_PREDICT:FUNANNOTATE_PREDICT (Cryptococcus_neoformans_H99)	COMPLETED	0	1674.0	450.2	5.7	peak_rss	2.09343	1	8	32.0	epyc		2026-09-25 00:11:09.153	2026-09-25 03:28:10.188	2026-09-25 03:56:10.284	annotate_trace.20260924_123145.txt	final
v1.9.0-rc1_conda	Rhizopus_delemar_RA_99-880	TRAIN_PREDICT:FUNANNOTATE_TRAIN	TRAIN_PREDICT:FUNANNOTATE_TRAIN (Rhizopus_delemar_RA_99-880)	COMPLETED	0	5083.0	225.9	2.0	peak_rss	3.1895824999999998	1	8	48.0	epyc		2026-09-24 22:13:08.332	2026-09-25 02:34:09.957	2026-09-25 03:58:10.277	annotate_trace.20260924_123145.txt	final
v1.9.0-rc1_conda	Trichosporon_asahii_CBS_2479	TRAIN_PREDICT:FUNANNOTATE_TRAIN	TRAIN_PREDICT:FUNANNOTATE_TRAIN (Trichosporon_asahii_CBS_2479)	COMPLETED	0	5767.0	75.9	1.5	peak_rss	1.2158758333333333	1	8	48.0	epyc		2026-09-24 23:03:09.007	2026-09-25 02:35:09.893	2026-09-25 04:11:10.331	annotate_trace.20260924_123145.txt	final
v1.9.0-rc1_conda	Pyrenophora_teres_0-1	TRAIN_PREDICT:FUNANNOTATE_PREDICT	TRAIN_PREDICT:FUNANNOTATE_PREDICT (Pyrenophora_teres_0-1)	COMPLETED	0	4396.0	260.6	1.2	peak_rss	3.1822155555555556	1	8	32.0	epyc		2026-09-24 23:41:09.221	2026-09-25 03:00:10.072	2026-09-25 04:14:10.301	annotate_trace.20260924_123145.txt	final
v1.9.0-rc1_conda	Cokeromyces_recurvatus_NRRL_2243	TRAIN_PREDICT:FUNANNOTATE_TRAIN	TRAIN_PREDICT:FUNANNOTATE_TRAIN (Cokeromyces_recurvatus_NRRL_2243)	COMPLETED	0	4001.0	151.1	1.7	peak_rss	1.679308611111111	1	8	48.0	epyc		2026-09-24 23:24:09.355	2026-09-25 03:15:10.122	2026-09-25 04:22:10.350	annotate_trace.20260924_123145.txt	final
v1.9.0-rc1_conda	Lachancea_thermotolerans_CBS_6340	TRAIN_PREDICT:FUNANNOTATE_PREDICT	TRAIN_PREDICT:FUNANNOTATE_PREDICT (Lachancea_thermotolerans_CBS_6340)	COMPLETED	0	1139.0	585.2	5.2	peak_rss	1.8515077777777778	1	8	32.0	epyc		2026-09-25 01:25:09.734	2026-09-25 04:12:10.334	2026-09-25 04:31:10.392	annotate_trace.20260924_123145.txt	final
v1.9.0-rc1_conda	Orbilia_oligospora_ATCC_24927	TRAIN_PREDICT:FUNANNOTATE_PREDICT	TRAIN_PREDICT:FUNANNOTATE_PREDICT (Orbilia_oligospora_ATCC_24927)	COMPLETED	0	1979.0	557.2	5.7	peak_rss	3.0630522222222223	1	8	32.0	epyc		2026-09-25 01:02:09.497	2026-09-25 03:59:10.278	2026-09-25 04:32:10.544	annotate_trace.20260924_123145.txt	final
v1.9.0-rc1_conda	Parastagonospora_nodorum_SN15	TRAIN_PREDICT:FUNANNOTATE_PREDICT	TRAIN_PREDICT:FUNANNOTATE_PREDICT (Parastagonospora_nodorum_SN15)	COMPLETED	0	2400.0	571.0	7.1	peak_rss	3.8066666666666666	1	8	32.0	epyc		2026-09-25 01:06:09.571	2026-09-25 03:59:10.282	2026-09-25 04:39:10.417	annotate_trace.20260924_123145.txt	final
v1.9.0-rc1_conda	Rhizopus_microsporus_ATCC_52813	TRAIN_PREDICT:FUNANNOTATE_PREDICT	TRAIN_PREDICT:FUNANNOTATE_PREDICT (Rhizopus_microsporus_ATCC_52813)	COMPLETED	0	1741.0	476.2	10.8	peak_rss	2.302956111111111	1	8	32.0	epyc		2026-09-25 01:42:09.822	2026-09-25 04:18:10.303	2026-09-25 04:47:10.389	annotate_trace.20260924_123145.txt	final
v1.9.0-rc1_conda	Pyrenophora_tritici-repentis_Pt-1C-BFP	TRAIN_PREDICT:FUNANNOTATE_PREDICT	TRAIN_PREDICT:FUNANNOTATE_PREDICT (Pyrenophora_tritici-repentis_Pt-1C-BFP)	COMPLETED	0	2372.0	573.7	13.9	peak_rss	3.7800455555555557	1	8	32.0	epyc		2026-09-25 01:12:09.668	2026-09-25 04:08:10.324	2026-09-25 04:48:10.604	annotate_trace.20260924_123145.txt	final
v1.9.0-rc1_conda	Batrachochytrium_dendrobatidis_JAM81	TRAIN_PREDICT:FUNANNOTATE_PREDICT	TRAIN_PREDICT:FUNANNOTATE_PREDICT (Batrachochytrium_dendrobatidis_JAM81)	COMPLETED	0	2212.0	446.7	6.9	peak_rss	2.744723333333333	1	8	32.0	epyc		2026-09-25 01:19:09.896	2026-09-25 04:12:10.279	2026-09-25 04:49:10.559	annotate_trace.20260924_123145.txt	final
v1.9.0-rc1_conda	Fusarium_verticillioides_7600	TRAIN_PREDICT:FUNANNOTATE_PREDICT	TRAIN_PREDICT:FUNANNOTATE_PREDICT (Fusarium_verticillioides_7600)	COMPLETED	0	2066.0	589.6	17.0	peak_rss	3.3836488888888887	1	8	32.0	epyc		2026-09-25 02:05:09.885	2026-09-25 04:22:10.381	2026-09-25 04:57:10.586	annotate_trace.20260924_123145.txt	final
v1.9.0-rc1_conda	Sclerotinia_sclerotiorum_1980	TRAIN_PREDICT:FUNANNOTATE_PREDICT	TRAIN_PREDICT:FUNANNOTATE_PREDICT (Sclerotinia_sclerotiorum_1980)	COMPLETED	0	2008.0	565.6	11.5	peak_rss	3.1547911111111118	1	8	32.0	epyc		2026-09-25 02:09:10.242	2026-09-25 04:23:10.373	2026-09-25 04:57:10.587	annotate_trace.20260924_123145.txt	final
v1.9.0-rc1_conda	Zymoseptoria_tritici_IPO323	TRAIN_PREDICT:FUNANNOTATE_PREDICT	TRAIN_PREDICT:FUNANNOTATE_PREDICT (Zymoseptoria_tritici_IPO323)	COMPLETED	0	2518.0	579.2	18.3	peak_rss	4.051182222222223	1	8	32.0	epyc		2026-09-25 01:37:09.761	2026-09-25 04:17:10.379	2026-09-25 04:59:10.693	annotate_trace.20260924_123145.txt	final
v1.9.0-rc1_conda	Tricharina_praecox_CBS_144465	TRAIN_PREDICT:FUNANNOTATE_TRAIN	TRAIN_PREDICT:FUNANNOTATE_TRAIN (Tricharina_praecox_CBS_144465)	COMPLETED	0	3757.0	179.9	1.6	peak_rss	1.8774563888888889	1	8	48.0	epyc		2026-09-24 23:58:09.309	2026-09-25 03:56:10.225	2026-09-25 04:59:10.638	annotate_trace.20260924_123145.txt	final
v1.9.0-rc1_conda	Malassezia_sympodialis_ATCC_42132	TRAIN_PREDICT:FUNANNOTATE_PREDICT	TRAIN_PREDICT:FUNANNOTATE_PREDICT (Malassezia_sympodialis_ATCC_42132)	COMPLETED	0	2790.0	371.8	2.8	peak_rss	2.88145	1	8	32.0	epyc		2026-09-25 01:31:09.745	2026-09-25 04:15:10.301	2026-09-25 05:02:10.588	annotate_trace.20260924_123145.txt	final
v1.9.0-rc1_conda	Botrytis_cinerea_B05.10	TRAIN_PREDICT:FUNANNOTATE_PREDICT	TRAIN_PREDICT:FUNANNOTATE_PREDICT (Botrytis_cinerea_B05.10)	COMPLETED	0	2151.0	566.0	14.5	peak_rss	3.3818500000000005	1	8	32.0	epyc		2026-09-25 02:21:09.949	2026-09-25 04:31:10.397	2026-09-25 05:07:10.662	annotate_trace.20260924_123145.txt	final
v1.9.0-rc1_conda	Schizophyllum_commune_H4-8	TRAIN_PREDICT:FUNANNOTATE_PREDICT	TRAIN_PREDICT:FUNANNOTATE_PREDICT (Schizophyllum_commune_H4-8)	COMPLETED	0	2350.0	532.4	17.2	peak_rss	3.475388888888889	1	8	32.0	epyc		2026-09-25 02:19:10.180	2026-09-25 04:28:10.387	2026-09-25 05:08:10.735	annotate_trace.20260924_123145.txt	final
v1.9.0-rc1_conda	Morchella_importuna_M04M26	TRAIN_PREDICT:FUNANNOTATE_PREDICT	TRAIN_PREDICT:FUNANNOTATE_PREDICT (Morchella_importuna_M04M26)	COMPLETED	0	2287.0	567.8	9.7	peak_rss	3.6071072222222225	1	8	32.0	epyc		2026-09-25 02:24:10.046	2026-09-25 04:32:10.597	2026-09-25 05:11:10.767	annotate_trace.20260924_123145.txt	final
v1.9.0-rc1_conda	Talaromyces_marneffei_ATCC_18224	TRAIN_PREDICT:FUNANNOTATE_PREDICT	TRAIN_PREDICT:FUNANNOTATE_PREDICT (Talaromyces_marneffei_ATCC_18224)	COMPLETED	0	3221.0	328.8	12.1	peak_rss	2.9418466666666667	1	8	32.0	epyc		2026-09-25 02:16:10.043	2026-09-25 04:24:10.390	2026-09-25 05:18:10.815	annotate_trace.20260924_123145.txt	final
v1.9.0-rc1_conda	Tilletiopsis_washingtonensis_MCA_4186	TRAIN_PREDICT:FUNANNOTATE_PREDICT	TRAIN_PREDICT:FUNANNOTATE_PREDICT (Tilletiopsis_washingtonensis_MCA_4186)	COMPLETED	0	1357.0	531.4	4.9	peak_rss	2.0030827777777778	1	8	32.0	epyc		2026-09-25 02:48:10.148	2026-09-25 04:57:10.656	2026-09-25 05:20:10.826	annotate_trace.20260924_123145.txt	final
v1.9.0-rc1_conda	Yarrowia_lipolytica_CLIB122	TRAIN_PREDICT:FUNANNOTATE_PREDICT	TRAIN_PREDICT:FUNANNOTATE_PREDICT (Yarrowia_lipolytica_CLIB122)	COMPLETED	0	2006.0	487.5	12.8	peak_rss	2.716458333333333	1	8	32.0	epyc		2026-09-25 02:34:10.035	2026-09-25 04:47:10.440	2026-09-25 05:21:10.770	annotate_trace.20260924_123145.txt	final
v1.9.0-rc1_conda	Phycomyces_blakesleeanus_NRRL_1555_-	TRAIN_PREDICT:FUNANNOTATE_PREDICT	TRAIN_PREDICT:FUNANNOTATE_PREDICT (Phycomyces_blakesleeanus_NRRL_1555_-)	COMPLETED	0	2648.0	580.6	15.3	peak_rss	4.270635555555556	1	8	32.0	epyc		2026-09-25 02:33:10.046	2026-09-25 04:39:10.418	2026-09-25 05:24:10.834	annotate_trace.20260924_123145.txt	final
v1.9.0-rc1_conda	Tilletiaria_anomala_UBC_951	TRAIN_PREDICT:FUNANNOTATE_PREDICT	TRAIN_PREDICT:FUNANNOTATE_PREDICT (Tilletiaria_anomala_UBC_951)	COMPLETED	0	1065.0	511.6	2.7	peak_rss	1.5134833333333335	1	8	32.0	epyc		2026-09-25 03:36:10.328	2026-09-25 05:11:10.826	2026-09-25 05:29:10.827	annotate_trace.20260924_123145.txt	final
v1.9.0-rc1_conda	Aspergillus_fumigatus_Af293	TRAIN_PREDICT:FUNANNOTATE_PREDICT	TRAIN_PREDICT:FUNANNOTATE_PREDICT (Aspergillus_fumigatus_Af293)	COMPLETED	0	1992.0	569.5	20.7	peak_rss	3.1512333333333333	1	8	32.0	epyc		2026-09-25 03:15:10.190	2026-09-25 05:08:10.755	2026-09-25 05:41:10.940	annotate_trace.20260924_123145.txt	final
v1.9.0-rc1_conda	Trichosporon_asahii_CBS_2479	TRAIN_PREDICT:FUNANNOTATE_PREDICT	TRAIN_PREDICT:FUNANNOTATE_PREDICT (Trichosporon_asahii_CBS_2479)	COMPLETED	0	1886.0	535.4	4.6	peak_rss	2.804901111111111	1	8	32.0	epyc		2026-09-25 04:11:10.468	2026-09-25 05:21:10.824	2026-09-25 05:52:11.003	annotate_trace.20260924_123145.txt	final
v1.9.0-rc1_conda	Cokeromyces_recurvatus_NRRL_2243	TRAIN_PREDICT:FUNANNOTATE_PREDICT	TRAIN_PREDICT:FUNANNOTATE_PREDICT (Cokeromyces_recurvatus_NRRL_2243)	COMPLETED	0	1912.0	517.7	6.7	peak_rss	2.7495622222222225	1	8	32.0	epyc		2026-09-25 04:22:10.547	2026-09-25 05:24:10.837	2026-09-25 05:56:11.059	annotate_trace.20260924_123145.txt	final
v1.9.0-rc1_conda	Tricharina_praecox_CBS_144465	TRAIN_PREDICT:FUNANNOTATE_PREDICT	TRAIN_PREDICT:FUNANNOTATE_PREDICT (Tricharina_praecox_CBS_144465)	COMPLETED	0	1884.0	558.5	7.8	peak_rss	2.9228166666666664	1	8	32.0	epyc		2026-09-25 04:59:10.786	2026-09-25 05:29:10.892	2026-09-25 06:01:11.039	annotate_trace.20260924_123145.txt	final
v1.9.0-rc1_conda	Lipomyces_tetrasporus_NRRL_Y-64009	TRAIN_PREDICT:FUNANNOTATE_TRAIN	TRAIN_PREDICT:FUNANNOTATE_TRAIN (Lipomyces_tetrasporus_NRRL_Y-64009)	COMPLETED	0	40004.0	270.3	6.3	peak_rss	30.03633666666667	1	8	48.0	epyc		2026-09-24 16:05:05.820	2026-09-24 18:55:06.803	2026-09-25 06:02:11.085	annotate_trace.20260924_123145.txt	final
v1.9.0-rc1_conda	Mucor_mucedo_NRRL_3635	TRAIN_PREDICT:FUNANNOTATE_PREDICT	TRAIN_PREDICT:FUNANNOTATE_PREDICT (Mucor_mucedo_NRRL_3635)	COMPLETED	0	3631.0	411.1	2.9	peak_rss	4.146400277777778	1	8	32.0	epyc		2026-09-25 03:00:10.128	2026-09-25 05:02:10.591	2026-09-25 06:03:11.098	annotate_trace.20260924_123145.txt	final
v1.9.0-rc1_conda	Rhizopus_delemar_RA_99-880	TRAIN_PREDICT:FUNANNOTATE_PREDICT	TRAIN_PREDICT:FUNANNOTATE_PREDICT (Rhizopus_delemar_RA_99-880)	COMPLETED	0	2642.0	583.9	18.6	peak_rss	4.285177222222222	1	8	32.0	epyc		2026-09-25 03:58:10.426	2026-09-25 05:20:10.852	2026-09-25 06:04:11.100	annotate_trace.20260924_123145.txt	final
v1.9.0-rc1_conda	Colletotrichum_graminicola_M1.001	TRAIN_PREDICT:FUNANNOTATE_PREDICT	TRAIN_PREDICT:FUNANNOTATE_PREDICT (Colletotrichum_graminicola_M1.001)	COMPLETED	0	4461.0	326.6	5.4	peak_rss	4.047118333333334	1	8	32.0	epyc		2026-09-25 03:45:10.395	2026-09-25 05:18:10.824	2026-09-25 06:33:11.211	annotate_trace.20260924_123145.txt	final
v1.9.0-rc1_conda	Lipomyces_tetrasporus_NRRL_Y-64009	TRAIN_PREDICT:FUNANNOTATE_PREDICT	TRAIN_PREDICT:FUNANNOTATE_PREDICT (Lipomyces_tetrasporus_NRRL_Y-64009)	COMPLETED	0	2369.0	460.6	8.8	peak_rss	3.0310038888888884	1	8	32.0	epyc		2026-09-25 06:02:11.164	2026-09-25 06:03:11.099	2026-09-25 06:43:11.287	annotate_trace.20260924_123145.txt	final
v1.9.0-rc1_conda	Chaetomium_globosum_CBS_148.51	TRAIN_PREDICT:FUNANNOTATE_TRAIN	TRAIN_PREDICT:FUNANNOTATE_TRAIN (Chaetomium_globosum_CBS_148.51)	COMPLETED	0	11264.0	64.7	3.2	peak_rss	2.0243911111111115	1	8	48.0	epyc		2026-09-24 23:51:09.265	2026-09-25 03:45:10.225	2026-09-25 06:53:11.292	annotate_trace.20260924_123145.txt	final
v1.9.0-rc1_conda	Chaetomium_globosum_CBS_148.51	TRAIN_PREDICT:FUNANNOTATE_PREDICT	TRAIN_PREDICT:FUNANNOTATE_PREDICT (Chaetomium_globosum_CBS_148.51)	COMPLETED	0	3369.0	481.0	20.8	peak_rss	4.501358333333333	1	8	32.0	epyc		2026-09-25 06:53:11.458	2026-09-25 06:54:11.292	2026-09-25 07:50:11.431	annotate_trace.20260924_123145.txt	final
v1.9.0-rc1_conda	Pseudogymnoascus_destructans_20631-21	TRAIN_PREDICT:FUNANNOTATE_TRAIN	TRAIN_PREDICT:FUNANNOTATE_TRAIN (Pseudogymnoascus_destructans_20631-21)	COMPLETED	0	49422.0	194.2	5.1	peak_rss	26.660423333333334	1	8	48.0	epyc		2026-09-24 16:13:05.939	2026-09-24 20:57:07.706	2026-09-25 10:41:12.112	annotate_trace.20260924_123145.txt	final
v1.9.0-rc1_conda	Umbelopsis_ramanniana_AG	TRAIN_PREDICT:FUNANNOTATE_TRAIN	TRAIN_PREDICT:FUNANNOTATE_TRAIN (Umbelopsis_ramanniana_AG)	COMPLETED	0	40626.0	188.3	2.1	peak_rss	21.249655	1	8	48.0	epyc		2026-09-24 16:46:06.075	2026-09-24 23:39:08.847	2026-09-25 10:56:12.001	annotate_trace.20260924_123145.txt	final
v1.9.0-rc1_conda	Umbelopsis_ramanniana_AG	TRAIN_PREDICT:FUNANNOTATE_PREDICT	TRAIN_PREDICT:FUNANNOTATE_PREDICT (Umbelopsis_ramanniana_AG)	COMPLETED	0	1771.0	518.2	3.7	peak_rss	2.5492561111111116	1	8	32.0	epyc		2026-09-25 10:56:12.225	2026-09-25 13:46:12.889	2026-09-25 14:16:13.000	annotate_trace.20260924_123145.txt	final
v1.9.0-rc1_conda	Morchella_sextelata_SCLS	TRAIN_PREDICT:FUNANNOTATE_TRAIN	TRAIN_PREDICT:FUNANNOTATE_TRAIN (Morchella_sextelata_SCLS)	COMPLETED	0	70666.0	243.6	15.6	peak_rss	47.817326666666666	1	8	48.0	epyc		2026-09-24 16:02:05.922	2026-09-24 18:44:06.774	2026-09-25 14:22:13.018	annotate_trace.20260924_123145.txt	final
v1.9.0-rc1_conda	Pseudogymnoascus_destructans_20631-21	TRAIN_PREDICT:FUNANNOTATE_PREDICT	TRAIN_PREDICT:FUNANNOTATE_PREDICT (Pseudogymnoascus_destructans_20631-21)	COMPLETED	0	2498.0	448.1	3.2	peak_rss	3.109316111111111	1	8	32.0	epyc		2026-09-25 10:41:12.578	2026-09-25 13:41:12.890	2026-09-25 14:23:12.959	annotate_trace.20260924_123145.txt	final
v1.9.0-rc1_conda	Gaeumannomyces_tritici_R3-111a-1	TRAIN_PREDICT:FUNANNOTATE_TRAIN	TRAIN_PREDICT:FUNANNOTATE_TRAIN (Gaeumannomyces_tritici_R3-111a-1)	COMPLETED	0	71227.0	154.2	2.6	peak_rss	30.50889833333333	1	8	48.0	epyc		2026-09-24 16:07:06.100	2026-09-24 19:07:06.839	2026-09-25 14:54:13.019	annotate_trace.20260924_123145.txt	final
v1.9.0-rc1_conda	Fusarium_oxysporum_4287	TRAIN_PREDICT:FUNANNOTATE_TRAIN	TRAIN_PREDICT:FUNANNOTATE_TRAIN (Fusarium_oxysporum_4287)	COMPLETED	0	76735.0	156.8	3.7	peak_rss	33.422355555555555	1	8	48.0	epyc		2026-09-24 15:36:05.773	2026-09-24 18:11:06.507	2026-09-25 15:31:13.126	annotate_trace.20260924_123145.txt	final
v1.9.0-rc1_conda	Morchella_sextelata_SCLS	TRAIN_PREDICT:FUNANNOTATE_PREDICT	TRAIN_PREDICT:FUNANNOTATE_PREDICT (Morchella_sextelata_SCLS)	COMPLETED	0	3718.0	594.5	8.2	peak_rss	6.13986388888889	1	8	32.0	epyc		2026-09-25 14:22:13.343	2026-09-25 14:34:12.959	2026-09-25 15:36:13.130	annotate_trace.20260924_123145.txt	final
v1.9.0-rc1_conda	Gaeumannomyces_tritici_R3-111a-1	TRAIN_PREDICT:FUNANNOTATE_PREDICT	TRAIN_PREDICT:FUNANNOTATE_PREDICT (Gaeumannomyces_tritici_R3-111a-1)	COMPLETED	0	3371.0	564.0	15.0	peak_rss	5.281233333333334	1	8	32.0	epyc		2026-09-25 14:54:13.622	2026-09-25 14:55:13.015	2026-09-25 15:51:13.260	annotate_trace.20260924_123145.txt	final
v1.9.0-rc1_conda	Fusarium_oxysporum_4287	TRAIN_PREDICT:FUNANNOTATE_PREDICT	TRAIN_PREDICT:FUNANNOTATE_PREDICT (Fusarium_oxysporum_4287)	COMPLETED	0	3335.0	579.1	11.7	peak_rss	5.3647180555555565	1	8	32.0	epyc		2026-09-25 15:31:13.660	2026-09-25 15:37:13.261	2026-09-25 16:33:13.465	annotate_trace.20260924_123145.txt	final
v1.9.0-rc1_conda_rust	-	SETUP_DBS:SETUP_MARIADB_DATADIR	SETUP_DBS:SETUP_MARIADB_DATADIR	COMPLETED	0	3.7	30.9	0.1361	rss	0.00031758333333333335									annotate_trace.20260921_170849.txt	final
v1.9.0-rc1_conda_rust	-	ASM_STATS	ASM_STATS	COMPLETED	0	29.2	130.1	0.0121	rss	0.010552555555555555									annotate_trace.20260921_170849.txt	final
v1.9.0-rc1_conda_rust	Spizellomyces_punctatus_DAOM_BR117	MASK_GENOME:MASKREPEAT_TANTAN_RUN	MASK_GENOME:MASKREPEAT_TANTAN_RUN (Spizellomyces_punctatus_DAOM_BR117)	COMPLETED	0	14.1	87.7	0.06770000000000001	rss	0.0034349166666666664									annotate_trace.20260921_170849.txt	final
v1.9.0-rc1_conda_rust	Rhizopus_delemar_RA_99-880	MASK_GENOME:MASKREPEAT_TANTAN_RUN	MASK_GENOME:MASKREPEAT_TANTAN_RUN (Rhizopus_delemar_RA_99-880)	COMPLETED	0	19.4	123.1	0.0843	rss	0.0066337222222222205									annotate_trace.20260921_170849.txt	final
v1.9.0-rc1_conda_rust	Phycomyces_blakesleeanus_NRRL_1555_-	MASK_GENOME:MASKREPEAT_TANTAN_RUN	MASK_GENOME:MASKREPEAT_TANTAN_RUN (Phycomyces_blakesleeanus_NRRL_1555_-)	COMPLETED	0	20.9	124.3	0.07940000000000001	rss	0.007216305555555554									annotate_trace.20260921_170849.txt	final
v1.9.0-rc1_conda_rust	Rhizopus_microsporus_ATCC_52813	MASK_GENOME:MASKREPEAT_TANTAN_RUN	MASK_GENOME:MASKREPEAT_TANTAN_RUN (Rhizopus_microsporus_ATCC_52813)	COMPLETED	0	11.6	104.1	0.0683	rss	0.0033543333333333333									annotate_trace.20260921_170849.txt	final
v1.9.0-rc1_conda_rust	Cryptococcus_deneoformans_JEC21	MASK_GENOME:MASKREPEAT_TANTAN_RUN	MASK_GENOME:MASKREPEAT_TANTAN_RUN (Cryptococcus_deneoformans_JEC21)	COMPLETED	0	9.9	95.8	0.06540000000000001	rss	0.0026345									annotate_trace.20260921_170849.txt	final
v1.9.0-rc1_conda_rust	Rhodotorula_toruloides_NP11	MASK_GENOME:MASKREPEAT_TANTAN_RUN	MASK_GENOME:MASKREPEAT_TANTAN_RUN (Rhodotorula_toruloides_NP11)	COMPLETED	0	10.2	97.1	0.0616	rss	0.0027511666666666665									annotate_trace.20260921_170849.txt	final
v1.9.0-rc1_conda_rust	Cryptococcus_neoformans_H99	MASK_GENOME:MASKREPEAT_TANTAN_RUN	MASK_GENOME:MASKREPEAT_TANTAN_RUN (Cryptococcus_neoformans_H99)	COMPLETED	0	12.3	73.4	0.0639	rss	0.0025078333333333337									annotate_trace.20260921_170849.txt	final
v1.9.0-rc1_conda_rust	Rhodotorula_graminis_WP1	MASK_GENOME:MASKREPEAT_TANTAN_RUN	MASK_GENOME:MASKREPEAT_TANTAN_RUN (Rhodotorula_graminis_WP1)	COMPLETED	0	12.8	74.1	0.0635	rss	0.0026346666666666667									annotate_trace.20260921_170849.txt	final
v1.9.0-rc1_conda_rust	Malassezia_globosa_CBS_7966	MASK_GENOME:MASKREPEAT_TANTAN_RUN	MASK_GENOME:MASKREPEAT_TANTAN_RUN (Malassezia_globosa_CBS_7966)	COMPLETED	0	9.7	47.0	0.0578	rss	0.0012663888888888887									annotate_trace.20260921_170849.txt	final
v1.9.0-rc1_conda_rust	Leptographium_clavigerum_kw1407	MASK_GENOME:MASKREPEAT_TANTAN_RUN	MASK_GENOME:MASKREPEAT_TANTAN_RUN (Leptographium_clavigerum_kw1407)	COMPLETED	0	14.3	96.2	0.0756	rss	0.0038212777777777785									annotate_trace.20260921_170849.txt	final
v1.9.0-rc1_conda_rust	Pyricularia_oryzae_70-15	MASK_GENOME:MASKREPEAT_TANTAN_RUN	MASK_GENOME:MASKREPEAT_TANTAN_RUN (Pyricularia_oryzae_70-15)	COMPLETED	0	17.0	111.7	0.1237	rss	0.005274722222222222									annotate_trace.20260921_170849.txt	final
v1.9.0-rc1_conda_rust	Talaromyces_marneffei_ATCC_18224	MASK_GENOME:MASKREPEAT_TANTAN_RUN	MASK_GENOME:MASKREPEAT_TANTAN_RUN (Talaromyces_marneffei_ATCC_18224)	COMPLETED	0	7.5	179.2	0.079	rss	0.003733333333333333									annotate_trace.20260921_170849.txt	final
v1.9.0-rc1_conda_rust	Parastagonospora_nodorum_SN15	MASK_GENOME:MASKREPEAT_TANTAN_RUN	MASK_GENOME:MASKREPEAT_TANTAN_RUN (Parastagonospora_nodorum_SN15)	COMPLETED	0	9.3	184.7	0.06520000000000001	rss	0.004771416666666667									annotate_trace.20260921_170849.txt	final
v1.9.0-rc1_conda_rust	Kluyveromyces_lactis_NRRL_Y-1140	MASK_GENOME:MASKREPEAT_TANTAN_RUN	MASK_GENOME:MASKREPEAT_TANTAN_RUN (Kluyveromyces_lactis_NRRL_Y-1140)	COMPLETED	0	3.5	160.5	0.0697	rss	0.0015604166666666665									annotate_trace.20260921_170849.txt	final
v1.9.0-rc1_conda_rust	Orbilia_oligospora_ATCC_24927	MASK_GENOME:MASKREPEAT_TANTAN_RUN	MASK_GENOME:MASKREPEAT_TANTAN_RUN (Orbilia_oligospora_ATCC_24927)	COMPLETED	0	10.0	185.5	0.07790000000000001	rss	0.005152777777777778									annotate_trace.20260921_170849.txt	final
v1.9.0-rc1_conda_rust	Yarrowia_lipolytica_CLIB122	MASK_GENOME:MASKREPEAT_TANTAN_RUN	MASK_GENOME:MASKREPEAT_TANTAN_RUN (Yarrowia_lipolytica_CLIB122)	COMPLETED	0	5.7	180.7	0.0782	rss	0.002861083333333333									annotate_trace.20260921_170849.txt	final
v1.9.0-rc1_conda_rust	Nakaseomyces_glabratus_CBS_138	MASK_GENOME:MASKREPEAT_TANTAN_RUN	MASK_GENOME:MASKREPEAT_TANTAN_RUN (Nakaseomyces_glabratus_CBS_138)	COMPLETED	0	3.4	179.5	0.0603	rss	0.0016952777777777775									annotate_trace.20260921_170849.txt	final
v1.9.0-rc1_conda_rust	Morchella_importuna_M04M26	MASK_GENOME:MASKREPEAT_TANTAN_RUN	MASK_GENOME:MASKREPEAT_TANTAN_RUN (Morchella_importuna_M04M26)	COMPLETED	0	12.7	179.8	0.0699	rss	0.0063429444444444445									annotate_trace.20260921_170849.txt	final
v1.9.0-rc1_conda_rust	Tilletiopsis_washingtonensis_MCA_4186	MASK_GENOME:MASKREPEAT_TANTAN_RUN	MASK_GENOME:MASKREPEAT_TANTAN_RUN (Tilletiopsis_washingtonensis_MCA_4186)	COMPLETED	0	5.4	142.3	0.0601	rss	0.0021345									annotate_trace.20260921_170849.txt	final
v1.9.0-rc1_conda_rust	Tilletiaria_anomala_UBC_951	MASK_GENOME:MASKREPEAT_TANTAN_RUN	MASK_GENOME:MASKREPEAT_TANTAN_RUN (Tilletiaria_anomala_UBC_951)	COMPLETED	0	4.6	189.6	0.057	rss	0.0024226666666666663									annotate_trace.20260921_170849.txt	final
v1.9.0-rc1_conda_rust	Pyrenophora_tritici-repentis_Pt-1C-BFP	MASK_GENOME:MASKREPEAT_TANTAN_RUN	MASK_GENOME:MASKREPEAT_TANTAN_RUN (Pyrenophora_tritici-repentis_Pt-1C-BFP)	COMPLETED	0	10.1	189.6	0.07540000000000001	rss	0.005319333333333333									annotate_trace.20260921_170849.txt	final
v1.9.0-rc1_conda_rust	Cystobasidium_minutum_MCA_4210	MASK_GENOME:MASKREPEAT_TANTAN_RUN	MASK_GENOME:MASKREPEAT_TANTAN_RUN (Cystobasidium_minutum_MCA_4210)	COMPLETED	0	5.4	184.2	0.0734	rss	0.002763									annotate_trace.20260921_170849.txt	final
v1.9.0-rc1_conda_rust	Pyrenophora_teres_0-1	MASK_GENOME:MASKREPEAT_TANTAN_RUN	MASK_GENOME:MASKREPEAT_TANTAN_RUN (Pyrenophora_teres_0-1)	COMPLETED	0	8.0	190.9	0.055299999999999995	rss	0.004242222222222222									annotate_trace.20260921_170849.txt	final
v1.9.0-rc1_conda_rust	Aspergillus_fumigatus_Af293	MASK_GENOME:MASKREPEAT_TANTAN_RUN	MASK_GENOME:MASKREPEAT_TANTAN_RUN (Aspergillus_fumigatus_Af293)	COMPLETED	0	7.3	182.3	0.0803	rss	0.003696638888888889									annotate_trace.20260921_170849.txt	final
v1.9.0-rc1_conda_rust	Schizophyllum_commune_H4-8	MASK_GENOME:MASKREPEAT_TANTAN_RUN	MASK_GENOME:MASKREPEAT_TANTAN_RUN (Schizophyllum_commune_H4-8)	COMPLETED	0	9.6	183.4	0.07840000000000001	rss	0.004890666666666666									annotate_trace.20260921_170849.txt	final
v1.9.0-rc1_conda_rust	Aspergillus_clavatus_NRRL_1	MASK_GENOME:MASKREPEAT_TANTAN_RUN	MASK_GENOME:MASKREPEAT_TANTAN_RUN (Aspergillus_clavatus_NRRL_1)	COMPLETED	0	7.0	189.4	0.0731	rss	0.003682777777777778									annotate_trace.20260921_170849.txt	final
v1.9.0-rc1_conda_rust	Botrytis_cinerea_B05.10	MASK_GENOME:MASKREPEAT_TANTAN_RUN	MASK_GENOME:MASKREPEAT_TANTAN_RUN (Botrytis_cinerea_B05.10)	COMPLETED	0	11.2	189.4	0.0731	rss	0.005892444444444444									annotate_trace.20260921_170849.txt	final
v1.9.0-rc1_conda_rust	Zygosaccharomyces_rouxii_CBS_732	MASK_GENOME:MASKREPEAT_TANTAN_RUN	MASK_GENOME:MASKREPEAT_TANTAN_RUN (Zygosaccharomyces_rouxii_CBS_732)	COMPLETED	0	2.7	179.5	0.06459999999999999	rss	0.00134625									annotate_trace.20260921_170849.txt	final
v1.9.0-rc1_conda_rust	Tremella_mesenterica_Fries	MASK_GENOME:MASKREPEAT_TANTAN_RUN	MASK_GENOME:MASKREPEAT_TANTAN_RUN (Tremella_mesenterica_Fries)	COMPLETED	0	7.8	178.2	0.07640000000000001	rss	0.0038609999999999994									annotate_trace.20260921_170849.txt	final
v1.9.0-rc1_conda_rust	Morchella_sextelata_SCLS	MASK_GENOME:MASKREPEAT_TANTAN_RUN	MASK_GENOME:MASKREPEAT_TANTAN_RUN (Morchella_sextelata_SCLS)	COMPLETED	0	14.7	178.9	0.07440000000000001	rss	0.007305083333333334									annotate_trace.20260921_170849.txt	final
v1.9.0-rc1_conda_rust	Malassezia_sympodialis_ATCC_42132	MASK_GENOME:MASKREPEAT_TANTAN_RUN	MASK_GENOME:MASKREPEAT_TANTAN_RUN (Malassezia_sympodialis_ATCC_42132)	COMPLETED	0	2.3	173.9	0.0526	rss	0.0011110277777777776									annotate_trace.20260921_170849.txt	final
v1.9.0-rc1_conda_rust	Chaetomium_globosum_CBS_148.51	MASK_GENOME:MASKREPEAT_TANTAN_RUN	MASK_GENOME:MASKREPEAT_TANTAN_RUN (Chaetomium_globosum_CBS_148.51)	COMPLETED	0	9.4	179.8	0.0828	rss	0.004694777777777779									annotate_trace.20260921_170849.txt	final
v1.9.0-rc1_conda_rust	Mixia_osmundae_IAM_14324	MASK_GENOME:MASKREPEAT_TANTAN_RUN	MASK_GENOME:MASKREPEAT_TANTAN_RUN (Mixia_osmundae_IAM_14324)	COMPLETED	0	3.5	192.5	0.0613	rss	0.0018715277777777777									annotate_trace.20260921_170849.txt	final
v1.9.0-rc1_conda_rust	Lipomyces_tetrasporus_NRRL_Y-64009	MASK_GENOME:MASKREPEAT_TANTAN_RUN	MASK_GENOME:MASKREPEAT_TANTAN_RUN (Lipomyces_tetrasporus_NRRL_Y-64009)	COMPLETED	0	7.0	146.5	0.0693	rss	0.0028486111111111112									annotate_trace.20260921_170849.txt	final
v1.9.0-rc1_conda_rust	Gaeumannomyces_tritici_R3-111a-1	MASK_GENOME:MASKREPEAT_TANTAN_RUN	MASK_GENOME:MASKREPEAT_TANTAN_RUN (Gaeumannomyces_tritici_R3-111a-1)	COMPLETED	0	10.2	188.3	0.09640000000000001	rss	0.005335166666666666									annotate_trace.20260921_170849.txt	final
v1.9.0-rc1_conda_rust	Sclerotinia_sclerotiorum_1980	MASK_GENOME:MASKREPEAT_TANTAN_RUN	MASK_GENOME:MASKREPEAT_TANTAN_RUN (Sclerotinia_sclerotiorum_1980)	COMPLETED	0	9.0	194.2	0.0737	rss	0.004855									annotate_trace.20260921_170849.txt	final
v1.9.0-rc1_conda_rust	Mucor_mucedo_NRRL_3635	MASK_GENOME:MASKREPEAT_TANTAN_RUN	MASK_GENOME:MASKREPEAT_TANTAN_RUN (Mucor_mucedo_NRRL_3635)	COMPLETED	0	12.9	173.3	0.0575	rss	0.006209916666666667									annotate_trace.20260921_170849.txt	final
v1.9.0-rc1_conda_rust	Sporobolomyces_koalae_JCM15063	MASK_GENOME:MASKREPEAT_TANTAN_RUN	MASK_GENOME:MASKREPEAT_TANTAN_RUN (Sporobolomyces_koalae_JCM15063)	COMPLETED	0	4.7	183.7	0.0588	rss	0.002398305555555556									annotate_trace.20260921_170849.txt	final
v1.9.0-rc1_conda_rust	Pneumocystis_murina_B123	MASK_GENOME:MASKREPEAT_TANTAN_RUN	MASK_GENOME:MASKREPEAT_TANTAN_RUN (Pneumocystis_murina_B123)	COMPLETED	0	2.4	160.3	0.0585	rss	0.0010686666666666668									annotate_trace.20260921_170849.txt	final
v1.9.0-rc1_conda_rust	Talaromyces_stipitatus_ATCC_10500	MASK_GENOME:MASKREPEAT_TANTAN_RUN	MASK_GENOME:MASKREPEAT_TANTAN_RUN (Talaromyces_stipitatus_ATCC_10500)	COMPLETED	0	10.1	168.5	0.0813	rss	0.004727361111111111									annotate_trace.20260921_170849.txt	final
v1.9.0-rc1_conda_rust	Tricharina_praecox_CBS_144465	MASK_GENOME:MASKREPEAT_TANTAN_RUN	MASK_GENOME:MASKREPEAT_TANTAN_RUN (Tricharina_praecox_CBS_144465)	COMPLETED	0	9.2	200.2	0.0747	rss	0.005116222222222221									annotate_trace.20260921_170849.txt	final
v1.9.0-rc1_conda_rust	Protomyces_lactucae-debilis_12-1054	MASK_GENOME:MASKREPEAT_TANTAN_RUN	MASK_GENOME:MASKREPEAT_TANTAN_RUN (Protomyces_lactucae-debilis_12-1054)	COMPLETED	0	3.3	186.0	0.0586	rss	0.0017050000000000001									annotate_trace.20260921_170849.txt	final
v1.9.0-rc1_conda_rust	Pseudogymnoascus_destructans_20631-21	MASK_GENOME:MASKREPEAT_TANTAN_RUN	MASK_GENOME:MASKREPEAT_TANTAN_RUN (Pseudogymnoascus_destructans_20631-21)	COMPLETED	0	9.4	146.3	0.0564	rss	0.003820055555555556									annotate_trace.20260921_170849.txt	final
v1.9.0-rc1_conda_rust	Eremothecium_gossypii_ATCC_10895	MASK_GENOME:MASKREPEAT_TANTAN_RUN	MASK_GENOME:MASKREPEAT_TANTAN_RUN (Eremothecium_gossypii_ATCC_10895)	COMPLETED	0	2.4	181.3	0.0631	rss	0.0012086666666666667									annotate_trace.20260921_170849.txt	final
v1.9.0-rc1_conda_rust	Cokeromyces_recurvatus_NRRL_2243	MASK_GENOME:MASKREPEAT_TANTAN_RUN	MASK_GENOME:MASKREPEAT_TANTAN_RUN (Cokeromyces_recurvatus_NRRL_2243)	COMPLETED	0	6.8	184.3	0.0704	rss	0.0034812222222222224									annotate_trace.20260921_170849.txt	final
v1.9.0-rc1_conda_rust	-	SETUP_DBS:SETUP_AUGUSTUS_CONFIG	SETUP_DBS:SETUP_AUGUSTUS_CONFIG	COMPLETED	0	19.8	1.9	0.0083	rss	0.0001045									annotate_trace.20260921_170849.txt	final
v1.9.0-rc1_conda_rust	Batrachochytrium_dendrobatidis_JAM81	MASK_GENOME:MASKREPEAT_TANTAN_RUN	MASK_GENOME:MASKREPEAT_TANTAN_RUN (Batrachochytrium_dendrobatidis_JAM81)	COMPLETED	0	7.8	141.8	0.0679	rss	0.0030723333333333336									annotate_trace.20260921_170849.txt	final
v1.9.0-rc1_conda_rust	Dactylellina_haptotyla_CBS_200.50	MASK_GENOME:MASKREPEAT_TANTAN_RUN	MASK_GENOME:MASKREPEAT_TANTAN_RUN (Dactylellina_haptotyla_CBS_200.50)	COMPLETED	0	24.8	135.0	0.0608	rss	0.009300000000000001									annotate_trace.20260921_170849.txt	final
v1.9.0-rc1_conda_rust	Allomyces_macrogynus_ATCC_38327	MASK_GENOME:MASKREPEAT_TANTAN_RUN	MASK_GENOME:MASKREPEAT_TANTAN_RUN (Allomyces_macrogynus_ATCC_38327)	COMPLETED	0	30.0	71.8	0.0445	rss	0.005983333333333333									annotate_trace.20260921_170849.txt	final
v1.9.0-rc1_conda_rust	Colletotrichum_graminicola_M1.001	MASK_GENOME:MASKREPEAT_TANTAN_RUN	MASK_GENOME:MASKREPEAT_TANTAN_RUN (Colletotrichum_graminicola_M1.001)	COMPLETED	0	13.8	183.5	0.0623	rss	0.007034166666666667									annotate_trace.20260921_170849.txt	final
v1.9.0-rc1_conda_rust	Trichosporon_asahii_CBS_2479	MASK_GENOME:MASKREPEAT_TANTAN_RUN	MASK_GENOME:MASKREPEAT_TANTAN_RUN (Trichosporon_asahii_CBS_2479)	COMPLETED	0	6.7	188.0	0.07390000000000001	rss	0.0034988888888888886									annotate_trace.20260921_170849.txt	final
v1.9.0-rc1_conda_rust	Uncinocarpus_reesii_1704	MASK_GENOME:MASKREPEAT_TANTAN_RUN	MASK_GENOME:MASKREPEAT_TANTAN_RUN (Uncinocarpus_reesii_1704)	COMPLETED	0	5.5	192.7	0.0999	rss	0.0029440277777777776									annotate_trace.20260921_170849.txt	final
v1.9.0-rc1_conda_rust	Umbelopsis_ramanniana_AG	MASK_GENOME:MASKREPEAT_TANTAN_RUN	MASK_GENOME:MASKREPEAT_TANTAN_RUN (Umbelopsis_ramanniana_AG)	COMPLETED	0	5.9	195.0	0.058100000000000006	rss	0.0031958333333333335									annotate_trace.20260921_170849.txt	final
v1.9.0-rc1_conda_rust	Synchytrium_microbalum_JEL517	MASK_GENOME:MASKREPEAT_TANTAN_RUN	MASK_GENOME:MASKREPEAT_TANTAN_RUN (Synchytrium_microbalum_JEL517)	COMPLETED	0	7.4	180.4	0.0629	rss	0.0037082222222222226									annotate_trace.20260921_170849.txt	final
v1.9.0-rc1_conda_rust	Sugiyamaella_lignohabitans_CBS_10342	MASK_GENOME:MASKREPEAT_TANTAN_RUN	MASK_GENOME:MASKREPEAT_TANTAN_RUN (Sugiyamaella_lignohabitans_CBS_10342)	COMPLETED	0	4.3	182.3	0.0872	rss	0.002177472222222222									annotate_trace.20260921_170849.txt	final
v1.9.0-rc1_conda_rust	Lachancea_thermotolerans_CBS_6340	MASK_GENOME:MASKREPEAT_TANTAN_RUN	MASK_GENOME:MASKREPEAT_TANTAN_RUN (Lachancea_thermotolerans_CBS_6340)	COMPLETED	0	4.4	117.8	0.062200000000000005	rss	0.0014397777777777779									annotate_trace.20260921_170849.txt	final
v1.9.0-rc1_conda_rust	Fusarium_verticillioides_7600	MASK_GENOME:MASKREPEAT_TANTAN_RUN	MASK_GENOME:MASKREPEAT_TANTAN_RUN (Fusarium_verticillioides_7600)	COMPLETED	0	11.0	193.5	0.0892	rss	0.0059125									annotate_trace.20260921_170849.txt	final
v1.9.0-rc1_conda_rust	Saccharomyces_cerevisiae_S288C	MASK_GENOME:MASKREPEAT_TANTAN_RUN	MASK_GENOME:MASKREPEAT_TANTAN_RUN (Saccharomyces_cerevisiae_S288C)	COMPLETED	0	3.2	182.9	0.061700000000000005	rss	0.0016257777777777779									annotate_trace.20260921_170849.txt	final
v1.9.0-rc1_conda_rust	Zymoseptoria_tritici_IPO323	MASK_GENOME:MASKREPEAT_TANTAN_RUN	MASK_GENOME:MASKREPEAT_TANTAN_RUN (Zymoseptoria_tritici_IPO323)	COMPLETED	0	10.4	187.0	0.07579999999999999	rss	0.005402222222222223									annotate_trace.20260921_170849.txt	final
v1.9.0-rc1_conda_rust	Wallemia_mellicola_CBS_633.66	MASK_GENOME:MASKREPEAT_TANTAN_RUN	MASK_GENOME:MASKREPEAT_TANTAN_RUN (Wallemia_mellicola_CBS_633.66)	COMPLETED	0	3.0	179.9	0.057600000000000005	rss	0.0014991666666666669									annotate_trace.20260921_170849.txt	final
v1.9.0-rc1_conda_rust	Letharia_columbiana_WasteWater2	MASK_GENOME:MASKREPEAT_TANTAN_RUN	MASK_GENOME:MASKREPEAT_TANTAN_RUN (Letharia_columbiana_WasteWater2)	COMPLETED	0	12.1	189.5	0.0728	rss	0.006369305555555556									annotate_trace.20260921_170849.txt	final
v1.9.0-rc1_conda_rust	Fusarium_oxysporum_4287	MASK_GENOME:MASKREPEAT_TANTAN_RUN	MASK_GENOME:MASKREPEAT_TANTAN_RUN (Fusarium_oxysporum_4287)	COMPLETED	0	14.6	198.6	0.0907	rss	0.008054333333333333									annotate_trace.20260921_170849.txt	final
v1.9.0-rc1_conda_rust	Laccaria_bicolor_S238N-H82	MASK_GENOME:MASKREPEAT_TANTAN_RUN	MASK_GENOME:MASKREPEAT_TANTAN_RUN (Laccaria_bicolor_S238N-H82)	COMPLETED	0	14.2	188.2	0.0724	rss	0.0074234444444444435									annotate_trace.20260921_170849.txt	final
v1.9.0-rc1_conda_rust	Blastomyces_dermatitidis_ER-3	MASK_GENOME:MASKREPEAT_TANTAN_RUN	MASK_GENOME:MASKREPEAT_TANTAN_RUN (Blastomyces_dermatitidis_ER-3)	COMPLETED	0	15.9	188.3	0.10940000000000001	rss	0.008316583333333334									annotate_trace.20260921_170849.txt	final
v1.9.0-rc1_conda_rust	Drepanopeziza_brunnea_MB_m1	MASK_GENOME:MASKREPEAT_TANTAN_RUN	MASK_GENOME:MASKREPEAT_TANTAN_RUN (Drepanopeziza_brunnea_MB_m1)	COMPLETED	0	11.7	193.3	0.074	rss	0.00628225									annotate_trace.20260921_170849.txt	final
v1.9.0-rc1_conda_rust	Sporobolomyces_salmoneus_JCM6883	MASK_GENOME:MASKREPEAT_TANTAN_RUN	MASK_GENOME:MASKREPEAT_TANTAN_RUN (Sporobolomyces_salmoneus_JCM6883)	COMPLETED	0	5.0	186.5	0.06540000000000001	rss	0.0025902777777777777									annotate_trace.20260921_170849.txt	final
v1.9.0-rc1_conda_rust	-	FETCH_RNASEQ:COLLECT_SRA_QUERY	FETCH_RNASEQ:COLLECT_SRA_QUERY	COMPLETED	0	0.504	76.7	0.0031000000000000003	rss	0.00010737999999999999									annotate_trace.20260921_170849.txt	final
v1.9.0-rc1_conda_rust	Cryptococcus_deneoformans	TRAIN_PREDICT:RNASEQ_PREPARE	TRAIN_PREDICT:RNASEQ_PREPARE (Cryptococcus_deneoformans)	COMPLETED	0	4121.0	1006.5	3.1	rss	11.521629166666665									annotate_trace.20260921_170849.txt	final
v1.9.0-rc1_conda_rust	Spizellomyces_punctatus_DAOM_BR117	TRAIN_PREDICT:FUNANNOTATE_PREDICT	TRAIN_PREDICT:FUNANNOTATE_PREDICT (Spizellomyces_punctatus_DAOM_BR117)	COMPLETED	0	2010.0	554.3	4.3	rss	3.0948416666666665									annotate_trace.20260921_170849.txt	final
v1.9.0-rc1_conda_rust	Rhodotorula_toruloides_NP11	TRAIN_PREDICT:FUNANNOTATE_PREDICT	TRAIN_PREDICT:FUNANNOTATE_PREDICT (Rhodotorula_toruloides_NP11)	COMPLETED	0	3382.0	603.0	4.3	rss	5.66485									annotate_trace.20260921_170849.txt	final
v1.9.0-rc1_conda_rust	Rhizopus_microsporus	TRAIN_PREDICT:RNASEQ_PREPARE	TRAIN_PREDICT:RNASEQ_PREPARE (Rhizopus_microsporus)	COMPLETED	0	1602.0	648.3	6.6	rss	2.884935									annotate_trace.20260921_170849.txt	overhead
v1.9.0-rc1_conda_rust	Malassezia_globosa	TRAIN_PREDICT:RNASEQ_PREPARE	TRAIN_PREDICT:RNASEQ_PREPARE (Malassezia_globosa)	COMPLETED	0	1477.0	1144.3	1.6	rss	4.694808611111111									annotate_trace.20260921_170849.txt	final
v1.9.0-rc1_conda_rust	Rhodotorula_graminis_WP1	TRAIN_PREDICT:FUNANNOTATE_PREDICT	TRAIN_PREDICT:FUNANNOTATE_PREDICT (Rhodotorula_graminis_WP1)	COMPLETED	0	3286.0	606.3	4.3	rss	5.5341716666666665									annotate_trace.20260921_170849.txt	final
v1.9.0-rc1_conda_rust	Cryptococcus_neoformans	TRAIN_PREDICT:RNASEQ_PREPARE	TRAIN_PREDICT:RNASEQ_PREPARE (Cryptococcus_neoformans)	COMPLETED	0	4326.0	837.5	2.2	rss	10.063958333333334									annotate_trace.20260921_170849.txt	final
v1.9.0-rc1_conda_rust	Pneumocystis_murina_B123	TRAIN_PREDICT:FUNANNOTATE_PREDICT	TRAIN_PREDICT:FUNANNOTATE_PREDICT (Pneumocystis_murina_B123)	FAILED	1	0.004													annotate_trace.20260921_170849.txt	overhead
v1.9.0-rc1_conda_rust	Eremothecium_gossypii_ATCC_10895	TRAIN_PREDICT:FUNANNOTATE_PREDICT	TRAIN_PREDICT:FUNANNOTATE_PREDICT (Eremothecium_gossypii_ATCC_10895)	FAILED	1	59.9													annotate_trace.20260921_170849.txt	overhead
v1.9.0-rc1_conda_rust	Dactylellina_haptotyla_CBS_200.50	TRAIN_PREDICT:FUNANNOTATE_PREDICT	TRAIN_PREDICT:FUNANNOTATE_PREDICT (Dactylellina_haptotyla_CBS_200.50)	FAILED	1	60.0													annotate_trace.20260921_170849.txt	overhead
v1.9.0-rc1_conda_rust	Sporobolomyces_koalae_JCM15063	TRAIN_PREDICT:FUNANNOTATE_PREDICT	TRAIN_PREDICT:FUNANNOTATE_PREDICT (Sporobolomyces_koalae_JCM15063)	FAILED	1	0.003													annotate_trace.20260921_170849.txt	overhead
v1.9.0-rc1_conda_rust	Mixia_osmundae_IAM_14324	TRAIN_PREDICT:FUNANNOTATE_PREDICT	TRAIN_PREDICT:FUNANNOTATE_PREDICT (Mixia_osmundae_IAM_14324)	FAILED	1	0.003													annotate_trace.20260921_170849.txt	overhead
v1.9.0-rc1_conda_rust	Phycomyces_blakesleeanus	TRAIN_PREDICT:RNASEQ_PREPARE	TRAIN_PREDICT:RNASEQ_PREPARE (Phycomyces_blakesleeanus)	COMPLETED	0	12655.0	545.8	2.9	rss	19.18638611111111									annotate_trace.20260921_170849.txt	final
v1.9.0-rc1_conda_rust	Leptographium_clavigerum_kw1407	TRAIN_PREDICT:FUNANNOTATE_PREDICT	TRAIN_PREDICT:FUNANNOTATE_PREDICT (Leptographium_clavigerum_kw1407)	COMPLETED	0	5612.0	547.6	4.1	rss	8.536475555555556									annotate_trace.20260921_170849.txt	final
v1.9.0-rc1_conda_rust	Talaromyces_stipitatus_ATCC_10500	TRAIN_PREDICT:FUNANNOTATE_PREDICT	TRAIN_PREDICT:FUNANNOTATE_PREDICT (Talaromyces_stipitatus_ATCC_10500)	FAILED	1	59.9													annotate_trace.20260921_170849.txt	overhead
v1.9.0-rc1_conda_rust	Pyricularia_oryzae_70-15	TRAIN_PREDICT:FUNANNOTATE_PREDICT	TRAIN_PREDICT:FUNANNOTATE_PREDICT (Pyricularia_oryzae_70-15)	COMPLETED	0	5545.0	561.0	4.5	rss	8.640958333333334									annotate_trace.20260921_170849.txt	final
v1.9.0-rc1_conda_rust	Cystobasidium_minutum_MCA_4210	TRAIN_PREDICT:FUNANNOTATE_PREDICT	TRAIN_PREDICT:FUNANNOTATE_PREDICT (Cystobasidium_minutum_MCA_4210)	COMPLETED	0	3296.0	602.9	4.4	rss	5.519884444444444									annotate_trace.20260921_170849.txt	final
v1.9.0-rc1_conda_rust	Botrytis_cinerea	TRAIN_PREDICT:RNASEQ_PREPARE	TRAIN_PREDICT:RNASEQ_PREPARE (Botrytis_cinerea)	FAILED	-	1980.0													annotate_trace.20260921_170849.txt	overhead
v1.9.0-rc1_conda_rust	Aspergillus_fumigatus	TRAIN_PREDICT:RNASEQ_PREPARE	TRAIN_PREDICT:RNASEQ_PREPARE (Aspergillus_fumigatus)	FAILED	-	1980.0													annotate_trace.20260921_170849.txt	overhead
v1.9.0-rc1_conda_rust	Rhizopus_delemar	TRAIN_PREDICT:RNASEQ_PREPARE	TRAIN_PREDICT:RNASEQ_PREPARE (Rhizopus_delemar)	COMPLETED	0	13554.0	726.8	3.3	rss	27.36402									annotate_trace.20260921_170849.txt	final
v1.9.0-rc1_conda_rust	Schizophyllum_commune	TRAIN_PREDICT:RNASEQ_PREPARE	TRAIN_PREDICT:RNASEQ_PREPARE (Schizophyllum_commune)	FAILED	-	1980.0													annotate_trace.20260921_170849.txt	overhead
v1.9.0-rc1_conda_rust	Pyrenophora_tritici-repentis	TRAIN_PREDICT:RNASEQ_PREPARE	TRAIN_PREDICT:RNASEQ_PREPARE (Pyrenophora_tritici-repentis)	FAILED	-	1980.0													annotate_trace.20260921_170849.txt	overhead
v1.9.0-rc1_conda_rust	Tremella_mesenterica_Fries	TRAIN_PREDICT:FUNANNOTATE_PREDICT	TRAIN_PREDICT:FUNANNOTATE_PREDICT (Tremella_mesenterica_Fries)	FAILED	-	1980.0													annotate_trace.20260921_170849.txt	overhead
v1.9.0-rc1_conda_rust	Tilletiopsis_washingtonensis	TRAIN_PREDICT:RNASEQ_PREPARE	TRAIN_PREDICT:RNASEQ_PREPARE (Tilletiopsis_washingtonensis)	FAILED	-	1980.0													annotate_trace.20260921_170849.txt	overhead
v1.9.0-rc1_conda_rust	Pyrenophora_teres	TRAIN_PREDICT:RNASEQ_PREPARE	TRAIN_PREDICT:RNASEQ_PREPARE (Pyrenophora_teres)	FAILED	-	1980.0													annotate_trace.20260921_170849.txt	overhead
v1.9.0-rc1_conda_rust	Aspergillus_clavatus_NRRL_1	TRAIN_PREDICT:FUNANNOTATE_PREDICT	TRAIN_PREDICT:FUNANNOTATE_PREDICT (Aspergillus_clavatus_NRRL_1)	COMPLETED	0	4311.0	632.4	4.3	rss	7.57299									annotate_trace.20260921_170849.txt	final
v1.9.0-rc1_conda_rust	Nakaseomyces_glabratus_CBS_138	TRAIN_PREDICT:FUNANNOTATE_PREDICT	TRAIN_PREDICT:FUNANNOTATE_PREDICT (Nakaseomyces_glabratus_CBS_138)	COMPLETED	0	2611.0	614.1	3.4	rss	4.453930833333334									annotate_trace.20260921_170849.txt	final
v1.9.0-rc1_conda_rust	Synchytrium_microbalum_JEL517	TRAIN_PREDICT:FUNANNOTATE_PREDICT	TRAIN_PREDICT:FUNANNOTATE_PREDICT (Synchytrium_microbalum_JEL517)	COMPLETED	0	1923.0	626.2	2.9	rss	3.3449516666666668									annotate_trace.20260921_170849.txt	final
v1.9.0-rc1_conda_rust	Kluyveromyces_lactis	TRAIN_PREDICT:RNASEQ_PREPARE	TRAIN_PREDICT:RNASEQ_PREPARE (Kluyveromyces_lactis)	FAILED	-	1980.0													annotate_trace.20260921_170849.txt	overhead
v1.9.0-rc1_conda_rust	Zygosaccharomyces_rouxii	TRAIN_PREDICT:RNASEQ_PREPARE	TRAIN_PREDICT:RNASEQ_PREPARE (Zygosaccharomyces_rouxii)	COMPLETED	0	2004.0	655.3	2.6	rss	3.6478366666666666									annotate_trace.20260921_170849.txt	final
v1.9.0-rc1_conda_rust	Yarrowia_lipolytica	TRAIN_PREDICT:RNASEQ_PREPARE	TRAIN_PREDICT:RNASEQ_PREPARE (Yarrowia_lipolytica)	FAILED	-	1980.0													annotate_trace.20260921_170849.txt	overhead
v1.9.0-rc1_conda_rust	Wallemia_mellicola_CBS_633.66	TRAIN_PREDICT:FUNANNOTATE_PREDICT	TRAIN_PREDICT:FUNANNOTATE_PREDICT (Wallemia_mellicola_CBS_633.66)	COMPLETED	0	2909.0	582.1	3.0	rss	4.703691388888889									annotate_trace.20260921_170849.txt	final
v1.9.0-rc1_conda_rust	Orbilia_oligospora	TRAIN_PREDICT:RNASEQ_PREPARE	TRAIN_PREDICT:RNASEQ_PREPARE (Orbilia_oligospora)	FAILED	-	1980.0													annotate_trace.20260921_170849.txt	overhead
v1.9.0-rc1_conda_rust	Morchella_importuna	TRAIN_PREDICT:RNASEQ_PREPARE	TRAIN_PREDICT:RNASEQ_PREPARE (Morchella_importuna)	FAILED	-	1980.0													annotate_trace.20260921_170849.txt	overhead
v1.9.0-rc1_conda_rust	Letharia_columbiana_WasteWater2	TRAIN_PREDICT:FUNANNOTATE_PREDICT	TRAIN_PREDICT:FUNANNOTATE_PREDICT (Letharia_columbiana_WasteWater2)	COMPLETED	0	3949.0	525.8	4.2	rss	5.7677338888888885									annotate_trace.20260921_170849.txt	final
v1.9.0-rc1_conda_rust	Uncinocarpus_reesii_1704	TRAIN_PREDICT:FUNANNOTATE_PREDICT	TRAIN_PREDICT:FUNANNOTATE_PREDICT (Uncinocarpus_reesii_1704)	COMPLETED	0	6568.0	489.2	4.0	rss	8.925182222222222									annotate_trace.20260921_170849.txt	final
v1.9.0-rc1_conda_rust	Tricharina_praecox	TRAIN_PREDICT:RNASEQ_PREPARE	TRAIN_PREDICT:RNASEQ_PREPARE (Tricharina_praecox)	FAILED	-	1980.0													annotate_trace.20260921_170849.txt	overhead
v1.9.0-rc1_conda_rust	Sugiyamaella_lignohabitans_CBS_10342	TRAIN_PREDICT:FUNANNOTATE_PREDICT	TRAIN_PREDICT:FUNANNOTATE_PREDICT (Sugiyamaella_lignohabitans_CBS_10342)	COMPLETED	0	5475.0	366.3	1.6	rss	5.5708125									annotate_trace.20260921_170849.txt	final
v1.9.0-rc1_conda_rust	Protomyces_lactucae-debilis	TRAIN_PREDICT:RNASEQ_PREPARE	TRAIN_PREDICT:RNASEQ_PREPARE (Protomyces_lactucae-debilis)	FAILED	-	1980.0													annotate_trace.20260921_170849.txt	unresolved
v1.9.0-rc1_conda_rust	Laccaria_bicolor_S238N-H82	TRAIN_PREDICT:FUNANNOTATE_PREDICT	TRAIN_PREDICT:FUNANNOTATE_PREDICT (Laccaria_bicolor_S238N-H82)	COMPLETED	0	7011.0	599.9	4.5	rss	11.683052499999999									annotate_trace.20260921_170849.txt	final
v1.9.0-rc1_conda_rust	Cokeromyces_recurvatus	TRAIN_PREDICT:RNASEQ_PREPARE	TRAIN_PREDICT:RNASEQ_PREPARE (Cokeromyces_recurvatus)	FAILED	-	1980.0													annotate_trace.20260921_170849.txt	unresolved
v1.9.0-rc1_conda_rust	Sporobolomyces_salmoneus_JCM6883	TRAIN_PREDICT:FUNANNOTATE_PREDICT	TRAIN_PREDICT:FUNANNOTATE_PREDICT (Sporobolomyces_salmoneus_JCM6883)	COMPLETED	0	5450.0	409.6	1.1	rss	6.200888888888889									annotate_trace.20260921_170849.txt	final
v1.9.0-rc1_conda_rust	Pseudogymnoascus_destructans	TRAIN_PREDICT:RNASEQ_PREPARE	TRAIN_PREDICT:RNASEQ_PREPARE (Pseudogymnoascus_destructans)	FAILED	-	1966.0													annotate_trace.20260921_170849.txt	unresolved
v1.9.0-rc1_conda_rust	Tilletiaria_anomala	TRAIN_PREDICT:RNASEQ_PREPARE	TRAIN_PREDICT:RNASEQ_PREPARE (Tilletiaria_anomala)	COMPLETED	0	9351.0	308.8	2.1	rss	8.021080000000001									annotate_trace.20260921_170849.txt	final
v1.9.0-rc1_conda_rust	Blastomyces_dermatitidis_ER-3	TRAIN_PREDICT:FUNANNOTATE_PREDICT	TRAIN_PREDICT:FUNANNOTATE_PREDICT (Blastomyces_dermatitidis_ER-3)	COMPLETED	0	8726.0	396.1	2.6	rss	9.60102388888889									annotate_trace.20260921_170849.txt	final
v1.9.0-rc1_conda_rust	Talaromyces_marneffei	TRAIN_PREDICT:RNASEQ_PREPARE	TRAIN_PREDICT:RNASEQ_PREPARE (Talaromyces_marneffei)	COMPLETED	0	18396.0	302.6	7.8	rss	15.462860000000003									annotate_trace.20260921_170849.txt	final
v1.9.0-rc1_conda_rust	Malassezia_sympodialis	TRAIN_PREDICT:RNASEQ_PREPARE	TRAIN_PREDICT:RNASEQ_PREPARE (Malassezia_sympodialis)	COMPLETED	0	5758.0	309.4	1.0033	rss	4.948681111111111									annotate_trace.20260921_170849.txt	final
v1.9.0-rc1_conda_rust	Parastagonospora_nodorum	TRAIN_PREDICT:RNASEQ_PREPARE	TRAIN_PREDICT:RNASEQ_PREPARE (Parastagonospora_nodorum)	COMPLETED	0	18592.0	328.2	3.8	rss	16.949706666666668									annotate_trace.20260921_170849.txt	final
v1.9.0-rc1_conda_rust	Morchella_sextelata	TRAIN_PREDICT:RNASEQ_PREPARE	TRAIN_PREDICT:RNASEQ_PREPARE (Morchella_sextelata)	COMPLETED	0	12653.0	1002.0	12.6	rss	35.21751666666667									annotate_trace.20260921_170849.txt	final
v1.9.0-rc1_conda_rust	Lipomyces_tetrasporus	TRAIN_PREDICT:RNASEQ_PREPARE	TRAIN_PREDICT:RNASEQ_PREPARE (Lipomyces_tetrasporus)	COMPLETED	0	9152.0	549.3	2.8	rss	13.964426666666665									annotate_trace.20260921_170849.txt	final
v1.9.0-rc1_conda_rust	Lachancea_thermotolerans	TRAIN_PREDICT:RNASEQ_PREPARE	TRAIN_PREDICT:RNASEQ_PREPARE (Lachancea_thermotolerans)	COMPLETED	0	2211.0	947.3	1.1	rss	5.818000833333333									annotate_trace.20260921_170849.txt	final
v1.9.0-rc1_conda_rust	Batrachochytrium_dendrobatidis	TRAIN_PREDICT:RNASEQ_PREPARE	TRAIN_PREDICT:RNASEQ_PREPARE (Batrachochytrium_dendrobatidis)	COMPLETED	0	10773.0	488.5	10.4	rss	14.6183625									annotate_trace.20260921_170849.txt	overhead
v1.9.0-rc1_conda_rust	Mucor_mucedo	TRAIN_PREDICT:RNASEQ_PREPARE	TRAIN_PREDICT:RNASEQ_PREPARE (Mucor_mucedo)	COMPLETED	0	14699.0	404.5	2.2	rss	16.51595972222222									annotate_trace.20260921_170849.txt	final
v1.9.0-rc1_conda_rust	Zymoseptoria_tritici	TRAIN_PREDICT:RNASEQ_PREPARE	TRAIN_PREDICT:RNASEQ_PREPARE (Zymoseptoria_tritici)	COMPLETED	0	5624.0	1012.1	7.1	rss	15.811251111111112									annotate_trace.20260921_170849.txt	final
v1.9.0-rc1_conda_rust	Gaeumannomyces_tritici	TRAIN_PREDICT:RNASEQ_PREPARE	TRAIN_PREDICT:RNASEQ_PREPARE (Gaeumannomyces_tritici)	COMPLETED	0	18448.0	381.0	2.5	rss	19.52413333333333									annotate_trace.20260921_170849.txt	final
v1.9.0-rc1_conda_rust	Chaetomium_globosum	TRAIN_PREDICT:RNASEQ_PREPARE	TRAIN_PREDICT:RNASEQ_PREPARE (Chaetomium_globosum)	COMPLETED	0	25776.0	284.6	2.7	rss	20.37736									annotate_trace.20260921_170849.txt	final
v1.9.0-rc1_conda_rust	Sclerotinia_sclerotiorum	TRAIN_PREDICT:RNASEQ_PREPARE	TRAIN_PREDICT:RNASEQ_PREPARE (Sclerotinia_sclerotiorum)	COMPLETED	0	18498.0	361.8	2.7	rss	18.590490000000003									annotate_trace.20260921_170849.txt	final
v1.9.0-rc1_conda_rust	Trichosporon_asahii	TRAIN_PREDICT:RNASEQ_PREPARE	TRAIN_PREDICT:RNASEQ_PREPARE (Trichosporon_asahii)	COMPLETED	0	16763.0	267.4	2.2	rss	12.451183888888888									annotate_trace.20260921_170849.txt	final
v1.9.0-rc1_conda_rust	Drepanopeziza_brunnea	TRAIN_PREDICT:RNASEQ_PREPARE	TRAIN_PREDICT:RNASEQ_PREPARE (Drepanopeziza_brunnea)	COMPLETED	0	1302.0	252.5	2.9	rss	0.9132083333333334									annotate_trace.20260921_170849.txt	final
v1.9.0-rc1_conda_rust	Saccharomyces_cerevisiae	TRAIN_PREDICT:RNASEQ_PREPARE	TRAIN_PREDICT:RNASEQ_PREPARE (Saccharomyces_cerevisiae)	COMPLETED	0	7014.0	248.1	1.6	rss	4.8338149999999995									annotate_trace.20260921_170849.txt	final
v1.9.0-rc1_conda_rust	Umbelopsis_ramanniana	TRAIN_PREDICT:RNASEQ_PREPARE	TRAIN_PREDICT:RNASEQ_PREPARE (Umbelopsis_ramanniana)	COMPLETED	0	9781.0	413.3	2.1	rss	11.22913138888889									annotate_trace.20260921_170849.txt	final
v1.9.0-rc1_conda_rust	Rhizopus_microsporus_ATCC_52813	TRAIN_PREDICT:FUNANNOTATE_TRAIN	TRAIN_PREDICT:FUNANNOTATE_TRAIN (Rhizopus_microsporus_ATCC_52813)	FAILED	1	1080.0													annotate_trace.20260921_170849.txt	overhead
v1.9.0-rc1_conda_rust	Cryptococcus_deneoformans_JEC21	TRAIN_PREDICT:FUNANNOTATE_TRAIN	TRAIN_PREDICT:FUNANNOTATE_TRAIN (Cryptococcus_deneoformans_JEC21)	FAILED	-	1980.0													annotate_trace.20260921_170849.txt	overhead
v1.9.0-rc1_conda_rust	Malassezia_globosa_CBS_7966	TRAIN_PREDICT:FUNANNOTATE_TRAIN	TRAIN_PREDICT:FUNANNOTATE_TRAIN (Malassezia_globosa_CBS_7966)	COMPLETED	0	2021.0	113.7	1.2	rss	0.6382991666666668									annotate_trace.20260921_170849.txt	final
v1.9.0-rc1_conda_rust	Allomyces_macrogynus	TRAIN_PREDICT:RNASEQ_PREPARE	TRAIN_PREDICT:RNASEQ_PREPARE (Allomyces_macrogynus)	COMPLETED	0	26623.0	250.1	2.1	rss	18.49558972222222									annotate_trace.20260921_170849.txt	final
v1.9.0-rc1_conda_rust	Colletotrichum_graminicola	TRAIN_PREDICT:RNASEQ_PREPARE	TRAIN_PREDICT:RNASEQ_PREPARE (Colletotrichum_graminicola)	COMPLETED	0	24670.0	277.1	3.1	rss	18.989047222222226									annotate_trace.20260921_170849.txt	final
v1.9.0-rc1_conda_rust	Cryptococcus_neoformans_H99	TRAIN_PREDICT:FUNANNOTATE_TRAIN	TRAIN_PREDICT:FUNANNOTATE_TRAIN (Cryptococcus_neoformans_H99)	FAILED	-	1980.0													annotate_trace.20260921_170849.txt	overhead
v1.9.0-rc1_conda_rust	Pneumocystis_murina_B123	TRAIN_PREDICT:FUNANNOTATE_PREDICT	TRAIN_PREDICT:FUNANNOTATE_PREDICT (Pneumocystis_murina_B123)	FAILED	-	1980.0													annotate_trace.20260921_170849.txt	overhead
v1.9.0-rc1_conda_rust	Dactylellina_haptotyla_CBS_200.50	TRAIN_PREDICT:FUNANNOTATE_PREDICT	TRAIN_PREDICT:FUNANNOTATE_PREDICT (Dactylellina_haptotyla_CBS_200.50)	FAILED	-	1980.0													annotate_trace.20260921_170849.txt	overhead
v1.9.0-rc1_conda_rust	Eremothecium_gossypii_ATCC_10895	TRAIN_PREDICT:FUNANNOTATE_PREDICT	TRAIN_PREDICT:FUNANNOTATE_PREDICT (Eremothecium_gossypii_ATCC_10895)	FAILED	-	1980.0													annotate_trace.20260921_170849.txt	overhead
v1.9.0-rc1_conda_rust	Sporobolomyces_koalae_JCM15063	TRAIN_PREDICT:FUNANNOTATE_PREDICT	TRAIN_PREDICT:FUNANNOTATE_PREDICT (Sporobolomyces_koalae_JCM15063)	FAILED	-	1980.0													annotate_trace.20260921_170849.txt	overhead
v1.9.0-rc1_conda_rust	Fusarium_verticillioides	TRAIN_PREDICT:RNASEQ_PREPARE	TRAIN_PREDICT:RNASEQ_PREPARE (Fusarium_verticillioides)	COMPLETED	0	23501.0	270.0	3.5	rss	17.62575									annotate_trace.20260921_170849.txt	final
v1.9.0-rc1_conda_rust	Fusarium_oxysporum	TRAIN_PREDICT:RNASEQ_PREPARE	TRAIN_PREDICT:RNASEQ_PREPARE (Fusarium_oxysporum)	COMPLETED	0	20963.0	408.0	5.6	rss	23.758066666666668									annotate_trace.20260921_170849.txt	final
v1.9.0-rc1_conda_rust	Malassezia_globosa_CBS_7966	TRAIN_PREDICT:FUNANNOTATE_PREDICT	TRAIN_PREDICT:FUNANNOTATE_PREDICT (Malassezia_globosa_CBS_7966)	COMPLETED	0	891.0	423.3	3.2	rss	1.0476675000000002									annotate_trace.20260921_170849.txt	final
v1.9.0-rc1_conda_rust	Mixia_osmundae_IAM_14324	TRAIN_PREDICT:FUNANNOTATE_PREDICT	TRAIN_PREDICT:FUNANNOTATE_PREDICT (Mixia_osmundae_IAM_14324)	COMPLETED	0	1812.0	1022.5	6.0	rss	5.146583333333333									annotate_trace.20260921_170849.txt	final
v1.9.0-rc1_conda_rust	Tremella_mesenterica_Fries	TRAIN_PREDICT:FUNANNOTATE_PREDICT	TRAIN_PREDICT:FUNANNOTATE_PREDICT (Tremella_mesenterica_Fries)	COMPLETED	0	0.23800000000000002	27.7	0.0031000000000000003	rss	1.8312777777777777e-05									annotate_trace.20260921_170849.txt	final
v1.9.0-rc1_conda_rust	Talaromyces_stipitatus_ATCC_10500	TRAIN_PREDICT:FUNANNOTATE_PREDICT	TRAIN_PREDICT:FUNANNOTATE_PREDICT (Talaromyces_stipitatus_ATCC_10500)	FAILED	-	1980.0													annotate_trace.20260921_170849.txt	overhead
v1.9.0-rc1_conda_rust	Aspergillus_fumigatus	TRAIN_PREDICT:RNASEQ_PREPARE	TRAIN_PREDICT:RNASEQ_PREPARE (Aspergillus_fumigatus)	FAILED	-	1980.0													annotate_trace.20260921_170849.txt	overhead
v1.9.0-rc1_conda_rust	Botrytis_cinerea	TRAIN_PREDICT:RNASEQ_PREPARE	TRAIN_PREDICT:RNASEQ_PREPARE (Botrytis_cinerea)	FAILED	-	1980.0													annotate_trace.20260921_170849.txt	overhead
v1.9.0-rc1_conda_rust	Rhizopus_delemar_RA_99-880	TRAIN_PREDICT:FUNANNOTATE_TRAIN	TRAIN_PREDICT:FUNANNOTATE_TRAIN (Rhizopus_delemar_RA_99-880)	FAILED	-	1980.0													annotate_trace.20260921_170849.txt	overhead
v1.9.0-rc1_conda_rust	Phycomyces_blakesleeanus_NRRL_1555_-	TRAIN_PREDICT:FUNANNOTATE_TRAIN	TRAIN_PREDICT:FUNANNOTATE_TRAIN (Phycomyces_blakesleeanus_NRRL_1555_-)	COMPLETED	0	6360.0	216.7	1.7	rss	3.8283666666666663									annotate_trace.20260921_170849.txt	final
v1.9.0-rc1_conda_rust	Schizophyllum_commune	TRAIN_PREDICT:RNASEQ_PREPARE	TRAIN_PREDICT:RNASEQ_PREPARE (Schizophyllum_commune)	FAILED	-	1980.0													annotate_trace.20260921_170849.txt	overhead
v1.9.0-rc1_conda_rust	Pyrenophora_tritici-repentis	TRAIN_PREDICT:RNASEQ_PREPARE	TRAIN_PREDICT:RNASEQ_PREPARE (Pyrenophora_tritici-repentis)	FAILED	-	1980.0													annotate_trace.20260921_170849.txt	overhead
v1.9.0-rc1_conda_rust	Cryptococcus_deneoformans_JEC21	TRAIN_PREDICT:FUNANNOTATE_TRAIN	TRAIN_PREDICT:FUNANNOTATE_TRAIN (Cryptococcus_deneoformans_JEC21)	COMPLETED	0	0.462	22.1	0.003	rss	2.8361666666666666e-05									annotate_trace.20260921_170849.txt	final
v1.9.0-rc1_conda_rust	Cryptococcus_neoformans_H99	TRAIN_PREDICT:FUNANNOTATE_TRAIN	TRAIN_PREDICT:FUNANNOTATE_TRAIN (Cryptococcus_neoformans_H99)	COMPLETED	0	0.735	12.9	0.003	rss	2.63375e-05									annotate_trace.20260921_170849.txt	final
v1.9.0-rc1_conda_rust	Zygosaccharomyces_rouxii_CBS_732	TRAIN_PREDICT:FUNANNOTATE_TRAIN	TRAIN_PREDICT:FUNANNOTATE_TRAIN (Zygosaccharomyces_rouxii_CBS_732)	COMPLETED	0	1176.0	124.5	1.5	rss	0.4067									annotate_trace.20260921_170849.txt	final
v1.9.0-rc1_conda_rust	Kluyveromyces_lactis	TRAIN_PREDICT:RNASEQ_PREPARE	TRAIN_PREDICT:RNASEQ_PREPARE (Kluyveromyces_lactis)	COMPLETED	0	1850.0	485.5	2.4	rss	2.4949305555555554									annotate_trace.20260921_170849.txt	final
v1.9.0-rc1_conda_rust	Tilletiopsis_washingtonensis	TRAIN_PREDICT:RNASEQ_PREPARE	TRAIN_PREDICT:RNASEQ_PREPARE (Tilletiopsis_washingtonensis)	FAILED	-	1980.0													annotate_trace.20260921_170849.txt	overhead
v1.9.0-rc1_conda_rust	Pyrenophora_teres	TRAIN_PREDICT:RNASEQ_PREPARE	TRAIN_PREDICT:RNASEQ_PREPARE (Pyrenophora_teres)	FAILED	-	1980.0													annotate_trace.20260921_170849.txt	overhead
v1.9.0-rc1_conda_rust	Allomyces_macrogynus_ATCC_38327	TRAIN_PREDICT:FUNANNOTATE_TRAIN	TRAIN_PREDICT:FUNANNOTATE_TRAIN (Allomyces_macrogynus_ATCC_38327)	FAILED	-	2040.0													annotate_trace.20260921_170849.txt	overhead
v1.9.0-rc1_conda_rust	Colletotrichum_graminicola_M1.001	TRAIN_PREDICT:FUNANNOTATE_TRAIN	TRAIN_PREDICT:FUNANNOTATE_TRAIN (Colletotrichum_graminicola_M1.001)	FAILED	-	2040.0													annotate_trace.20260921_170849.txt	overhead
v1.9.0-rc1_conda_rust	Tilletiaria_anomala_UBC_951	TRAIN_PREDICT:FUNANNOTATE_TRAIN	TRAIN_PREDICT:FUNANNOTATE_TRAIN (Tilletiaria_anomala_UBC_951)	FAILED	143	1860.0													annotate_trace.20260921_170849.txt	overhead
v1.9.0-rc1_conda_rust	Talaromyces_marneffei_ATCC_18224	TRAIN_PREDICT:FUNANNOTATE_TRAIN	TRAIN_PREDICT:FUNANNOTATE_TRAIN (Talaromyces_marneffei_ATCC_18224)	FAILED	-	1980.0													annotate_trace.20260921_170849.txt	overhead
v1.9.0-rc1_conda_rust	Yarrowia_lipolytica	TRAIN_PREDICT:RNASEQ_PREPARE	TRAIN_PREDICT:RNASEQ_PREPARE (Yarrowia_lipolytica)	FAILED	-	1980.0													annotate_trace.20260921_170849.txt	overhead
v1.9.0-rc1_conda_rust	Dactylellina_haptotyla_CBS_200.50	TRAIN_PREDICT:FUNANNOTATE_PREDICT	TRAIN_PREDICT:FUNANNOTATE_PREDICT (Dactylellina_haptotyla_CBS_200.50)	COMPLETED	0	0.37	24.5	0.0032	rss	2.5180555555555555e-05									annotate_trace.20260921_170849.txt	final
v1.9.0-rc1_conda_rust	Pneumocystis_murina_B123	TRAIN_PREDICT:FUNANNOTATE_PREDICT	TRAIN_PREDICT:FUNANNOTATE_PREDICT (Pneumocystis_murina_B123)	COMPLETED	0	0.248	43.0	0.0032	rss	2.9622222222222224e-05									annotate_trace.20260921_170849.txt	final
v1.9.0-rc1_conda_rust	Sporobolomyces_koalae_JCM15063	TRAIN_PREDICT:FUNANNOTATE_PREDICT	TRAIN_PREDICT:FUNANNOTATE_PREDICT (Sporobolomyces_koalae_JCM15063)	COMPLETED	0	0.365	26.5			2.6868055555555555e-05									annotate_trace.20260921_170849.txt	final
v1.9.0-rc1_conda_rust	Eremothecium_gossypii_ATCC_10895	TRAIN_PREDICT:FUNANNOTATE_PREDICT	TRAIN_PREDICT:FUNANNOTATE_PREDICT (Eremothecium_gossypii_ATCC_10895)	COMPLETED	0	0.277	37.8	0.0031000000000000003	rss	2.9084999999999997e-05									annotate_trace.20260921_170849.txt	final
v1.9.0-rc1_conda_rust	Orbilia_oligospora	TRAIN_PREDICT:RNASEQ_PREPARE	TRAIN_PREDICT:RNASEQ_PREPARE (Orbilia_oligospora)	FAILED	-	1980.0													annotate_trace.20260921_170849.txt	overhead
v1.9.0-rc1_conda_rust	Malassezia_sympodialis_ATCC_42132	TRAIN_PREDICT:FUNANNOTATE_TRAIN	TRAIN_PREDICT:FUNANNOTATE_TRAIN (Malassezia_sympodialis_ATCC_42132)	FAILED	-	1980.0													annotate_trace.20260921_170849.txt	unresolved
v1.9.0-rc1_conda_rust	Talaromyces_stipitatus_ATCC_10500	TRAIN_PREDICT:FUNANNOTATE_PREDICT	TRAIN_PREDICT:FUNANNOTATE_PREDICT (Talaromyces_stipitatus_ATCC_10500)	COMPLETED	0	0.432	17.9	0.0032	rss	2.148e-05									annotate_trace.20260921_170849.txt	final
v1.9.0-rc1_conda_rust	Parastagonospora_nodorum_SN15	TRAIN_PREDICT:FUNANNOTATE_TRAIN	TRAIN_PREDICT:FUNANNOTATE_TRAIN (Parastagonospora_nodorum_SN15)	FAILED	-	1980.0													annotate_trace.20260921_170849.txt	unresolved
v1.9.0-rc1_conda_rust	Fusarium_oxysporum_4287	TRAIN_PREDICT:FUNANNOTATE_TRAIN	TRAIN_PREDICT:FUNANNOTATE_TRAIN (Fusarium_oxysporum_4287)	COMPLETED	0	3081.0	253.0	1.9	rss	2.165258333333333									annotate_trace.20260921_170849.txt	final
v1.9.0-rc1_conda_rust	Morchella_importuna	TRAIN_PREDICT:RNASEQ_PREPARE	TRAIN_PREDICT:RNASEQ_PREPARE (Morchella_importuna)	FAILED	-	2040.0													annotate_trace.20260921_170849.txt	overhead
v1.9.0-rc1_conda_rust	Morchella_sextelata_SCLS	TRAIN_PREDICT:FUNANNOTATE_TRAIN	TRAIN_PREDICT:FUNANNOTATE_TRAIN (Morchella_sextelata_SCLS)	FAILED	-	1980.0													annotate_trace.20260921_170849.txt	unresolved
v1.9.0-rc1_conda_rust	Fusarium_verticillioides_7600	TRAIN_PREDICT:FUNANNOTATE_TRAIN	TRAIN_PREDICT:FUNANNOTATE_TRAIN (Fusarium_verticillioides_7600)	COMPLETED	0	4053.0	191.0	1.4	rss	2.1503416666666664									annotate_trace.20260921_170849.txt	final
v1.9.0-rc1_conda_rust	Tricharina_praecox	TRAIN_PREDICT:RNASEQ_PREPARE	TRAIN_PREDICT:RNASEQ_PREPARE (Tricharina_praecox)	FAILED	-	1980.0													annotate_trace.20260921_170849.txt	overhead
v1.9.0-rc1_conda_rust	Phycomyces_blakesleeanus_NRRL_1555_-	TRAIN_PREDICT:FUNANNOTATE_PREDICT	TRAIN_PREDICT:FUNANNOTATE_PREDICT (Phycomyces_blakesleeanus_NRRL_1555_-)	COMPLETED	0	1973.0	539.0	4.5	rss	2.954019444444444									annotate_trace.20260921_170849.txt	final
v1.9.0-rc1_conda_rust	Lipomyces_tetrasporus_NRRL_Y-64009	TRAIN_PREDICT:FUNANNOTATE_TRAIN	TRAIN_PREDICT:FUNANNOTATE_TRAIN (Lipomyces_tetrasporus_NRRL_Y-64009)	FAILED	-	1980.0													annotate_trace.20260921_170849.txt	unresolved
v1.9.0-rc1_conda_rust	Protomyces_lactucae-debilis	TRAIN_PREDICT:RNASEQ_PREPARE	TRAIN_PREDICT:RNASEQ_PREPARE (Protomyces_lactucae-debilis)	FAILED	-	1980.0													annotate_trace.20260921_170849.txt	unresolved
v1.9.0-rc1_conda_rust	Lachancea_thermotolerans_CBS_6340	TRAIN_PREDICT:FUNANNOTATE_TRAIN	TRAIN_PREDICT:FUNANNOTATE_TRAIN (Lachancea_thermotolerans_CBS_6340)	FAILED	-	1980.0													annotate_trace.20260921_170849.txt	unresolved
v1.9.0-rc1_conda_rust	Cokeromyces_recurvatus	TRAIN_PREDICT:RNASEQ_PREPARE	TRAIN_PREDICT:RNASEQ_PREPARE (Cokeromyces_recurvatus)	FAILED	-	1980.0													annotate_trace.20260921_170849.txt	unresolved
v1.9.0-rc1_conda_rust	Cryptococcus_deneoformans_JEC21	TRAIN_PREDICT:FUNANNOTATE_PREDICT	TRAIN_PREDICT:FUNANNOTATE_PREDICT (Cryptococcus_deneoformans_JEC21)	COMPLETED	0	1278.0	359.1	1.7	rss	1.274805									annotate_trace.20260921_170849.txt	final
v1.9.0-rc1_conda_rust	Batrachochytrium_dendrobatidis_JAM81	TRAIN_PREDICT:FUNANNOTATE_TRAIN	TRAIN_PREDICT:FUNANNOTATE_TRAIN (Batrachochytrium_dendrobatidis_JAM81)	FAILED	-	1980.0													annotate_trace.20260921_170849.txt	overhead
v1.9.0-rc1_conda_rust	Cryptococcus_neoformans_H99	TRAIN_PREDICT:FUNANNOTATE_PREDICT	TRAIN_PREDICT:FUNANNOTATE_PREDICT (Cryptococcus_neoformans_H99)	COMPLETED	0	951.0	498.2	4.4	rss	1.3160783333333335									annotate_trace.20260921_170849.txt	final
v1.9.0-rc1_conda_rust	Mucor_mucedo_NRRL_3635	TRAIN_PREDICT:FUNANNOTATE_TRAIN	TRAIN_PREDICT:FUNANNOTATE_TRAIN (Mucor_mucedo_NRRL_3635)	FAILED	-	1980.0													annotate_trace.20260921_170849.txt	unresolved
v1.9.0-rc1_conda_rust	Zymoseptoria_tritici_IPO323	TRAIN_PREDICT:FUNANNOTATE_TRAIN	TRAIN_PREDICT:FUNANNOTATE_TRAIN (Zymoseptoria_tritici_IPO323)	FAILED	-	1980.0													annotate_trace.20260921_170849.txt	unresolved
v1.9.0-rc1_conda_rust	Gaeumannomyces_tritici_R3-111a-1	TRAIN_PREDICT:FUNANNOTATE_TRAIN	TRAIN_PREDICT:FUNANNOTATE_TRAIN (Gaeumannomyces_tritici_R3-111a-1)	FAILED	-	1980.0													annotate_trace.20260921_170849.txt	overhead
v1.9.0-rc1_conda_rust	Pseudogymnoascus_destructans	TRAIN_PREDICT:RNASEQ_PREPARE	TRAIN_PREDICT:RNASEQ_PREPARE (Pseudogymnoascus_destructans)	FAILED	-	1980.0													annotate_trace.20260921_170849.txt	unresolved
v1.9.0-rc1_conda_rust	Zygosaccharomyces_rouxii_CBS_732	TRAIN_PREDICT:FUNANNOTATE_PREDICT	TRAIN_PREDICT:FUNANNOTATE_PREDICT (Zygosaccharomyces_rouxii_CBS_732)	COMPLETED	0	960.0	412.6	3.9	rss	1.1002666666666667									annotate_trace.20260921_170849.txt	final
v1.9.0-rc1_conda_rust	Chaetomium_globosum_CBS_148.51	TRAIN_PREDICT:FUNANNOTATE_TRAIN	TRAIN_PREDICT:FUNANNOTATE_TRAIN (Chaetomium_globosum_CBS_148.51)	FAILED	-	1980.0													annotate_trace.20260921_170849.txt	overhead
v1.9.0-rc1_conda_rust	Aspergillus_fumigatus	TRAIN_PREDICT:RNASEQ_PREPARE	TRAIN_PREDICT:RNASEQ_PREPARE (Aspergillus_fumigatus)	COMPLETED	0	3895.0	1012.3	4.1	rss	10.95252361111111									annotate_trace.20260921_170849.txt	final
v1.9.0-rc1_conda_rust	Drepanopeziza_brunnea_MB_m1	TRAIN_PREDICT:FUNANNOTATE_TRAIN	TRAIN_PREDICT:FUNANNOTATE_TRAIN (Drepanopeziza_brunnea_MB_m1)	COMPLETED	0	1.9	2.2			1.1611111111111112e-05									annotate_trace.20260921_170849.txt	overhead
v1.9.0-rc1_conda_rust	Sclerotinia_sclerotiorum_1980	TRAIN_PREDICT:FUNANNOTATE_TRAIN	TRAIN_PREDICT:FUNANNOTATE_TRAIN (Sclerotinia_sclerotiorum_1980)	COMPLETED	0	1963.0	307.8	1.6	rss	1.678365									annotate_trace.20260921_170849.txt	final
v1.9.0-rc1_conda_rust	Saccharomyces_cerevisiae_S288C	TRAIN_PREDICT:FUNANNOTATE_TRAIN	TRAIN_PREDICT:FUNANNOTATE_TRAIN (Saccharomyces_cerevisiae_S288C)	COMPLETED	0	604.0	232.4	1.6	rss	0.3899155555555555									annotate_trace.20260921_170849.txt	final
v1.9.0-rc1_conda_rust	Trichosporon_asahii_CBS_2479	TRAIN_PREDICT:FUNANNOTATE_TRAIN	TRAIN_PREDICT:FUNANNOTATE_TRAIN (Trichosporon_asahii_CBS_2479)	FAILED	-	2040.0													annotate_trace.20260921_170849.txt	overhead
v1.9.0-rc1_conda_rust	Kluyveromyces_lactis_NRRL_Y-1140	TRAIN_PREDICT:FUNANNOTATE_TRAIN	TRAIN_PREDICT:FUNANNOTATE_TRAIN (Kluyveromyces_lactis_NRRL_Y-1140)	COMPLETED	0	811.0	200.1	1.5	rss	0.4507808333333333									annotate_trace.20260921_170849.txt	final
v1.9.0-rc1_conda_rust	Umbelopsis_ramanniana_AG	TRAIN_PREDICT:FUNANNOTATE_TRAIN	TRAIN_PREDICT:FUNANNOTATE_TRAIN (Umbelopsis_ramanniana_AG)	FAILED	-	1980.0													annotate_trace.20260921_170849.txt	unresolved
v1.9.0-rc1_conda_rust	Fusarium_verticillioides_7600	TRAIN_PREDICT:FUNANNOTATE_PREDICT	TRAIN_PREDICT:FUNANNOTATE_PREDICT (Fusarium_verticillioides_7600)	COMPLETED	0	1904.0	452.8	4.7	rss	2.394808888888889									annotate_trace.20260921_170849.txt	final
v1.9.0-rc1_conda_rust	Botrytis_cinerea	TRAIN_PREDICT:RNASEQ_PREPARE	TRAIN_PREDICT:RNASEQ_PREPARE (Botrytis_cinerea)	COMPLETED	0	13033.0	572.3	2.5	rss	20.718849722222224									annotate_trace.20260921_170849.txt	final
v1.9.0-rc1_conda_rust	Fusarium_oxysporum_4287	TRAIN_PREDICT:FUNANNOTATE_PREDICT	TRAIN_PREDICT:FUNANNOTATE_PREDICT (Fusarium_oxysporum_4287)	COMPLETED	0	2729.0	493.3	4.8	rss	3.7394880555555554									annotate_trace.20260921_170849.txt	final
v1.9.0-rc1_conda_rust	Rhizopus_microsporus_ATCC_52813	TRAIN_PREDICT:FUNANNOTATE_TRAIN	TRAIN_PREDICT:FUNANNOTATE_TRAIN (Rhizopus_microsporus_ATCC_52813)	FAILED	1	360.0													annotate_trace.20260921_170849.txt	overhead
v1.9.0-rc1_conda_rust	Sclerotinia_sclerotiorum_1980	TRAIN_PREDICT:FUNANNOTATE_PREDICT	TRAIN_PREDICT:FUNANNOTATE_PREDICT (Sclerotinia_sclerotiorum_1980)	COMPLETED	0	1859.0	511.5	4.3	rss	2.641329166666667									annotate_trace.20260921_170849.txt	final
v1.9.0-rc1_conda_rust	Schizophyllum_commune	TRAIN_PREDICT:RNASEQ_PREPARE	TRAIN_PREDICT:RNASEQ_PREPARE (Schizophyllum_commune)	COMPLETED	0	5178.0	841.3	2.6	rss	12.100698333333334									annotate_trace.20260921_170849.txt	final
v1.9.0-rc1_conda_rust	Saccharomyces_cerevisiae_S288C	TRAIN_PREDICT:FUNANNOTATE_PREDICT	TRAIN_PREDICT:FUNANNOTATE_PREDICT (Saccharomyces_cerevisiae_S288C)	COMPLETED	0	1123.0	421.7	3.5	rss	1.3154697222222222									annotate_trace.20260921_170849.txt	final
v1.9.0-rc1_conda_rust	Kluyveromyces_lactis_NRRL_Y-1140	TRAIN_PREDICT:FUNANNOTATE_PREDICT	TRAIN_PREDICT:FUNANNOTATE_PREDICT (Kluyveromyces_lactis_NRRL_Y-1140)	COMPLETED	0	1079.0	434.9	4.0	rss	1.3034919444444446									annotate_trace.20260921_170849.txt	final
v1.9.0-rc1_conda_rust	Drepanopeziza_brunnea_MB_m1	TRAIN_PREDICT:FUNANNOTATE_PREDICT	TRAIN_PREDICT:FUNANNOTATE_PREDICT (Drepanopeziza_brunnea_MB_m1)	COMPLETED	0	5856.0	581.8	4.5	rss	9.463946666666667									annotate_trace.20260921_170849.txt	final
v1.9.0-rc1_conda_rust	Aspergillus_fumigatus_Af293	TRAIN_PREDICT:FUNANNOTATE_TRAIN	TRAIN_PREDICT:FUNANNOTATE_TRAIN (Aspergillus_fumigatus_Af293)	COMPLETED	0	2214.0	223.5	1.5	rss	1.374525									annotate_trace.20260921_170849.txt	final
v1.9.0-rc1_conda_rust	Schizophyllum_commune_H4-8	TRAIN_PREDICT:FUNANNOTATE_TRAIN	TRAIN_PREDICT:FUNANNOTATE_TRAIN (Schizophyllum_commune_H4-8)	COMPLETED	0	885.0	264.9	1.5	rss	0.6512124999999999									annotate_trace.20260921_170849.txt	final
v1.9.0-rc1_conda_rust	Botrytis_cinerea_B05.10	TRAIN_PREDICT:FUNANNOTATE_TRAIN	TRAIN_PREDICT:FUNANNOTATE_TRAIN (Botrytis_cinerea_B05.10)	COMPLETED	0	2456.0	272.6	1.8	rss	1.859737777777778									annotate_trace.20260921_170849.txt	final
v1.9.0-rc1_conda_rust	Aspergillus_fumigatus_Af293	TRAIN_PREDICT:FUNANNOTATE_PREDICT	TRAIN_PREDICT:FUNANNOTATE_PREDICT (Aspergillus_fumigatus_Af293)	COMPLETED	0	1676.0	496.0	4.6	rss	2.3091555555555554									annotate_trace.20260921_170849.txt	final
v1.9.0-rc1_conda_rust	Rhizopus_delemar_RA_99-880	TRAIN_PREDICT:FUNANNOTATE_TRAIN	TRAIN_PREDICT:FUNANNOTATE_TRAIN (Rhizopus_delemar_RA_99-880)	COMPLETED	0	0.462	26.9	0.0029	rss	3.452166666666666e-05									annotate_trace.20260921_170849.txt	final
v1.9.0-rc1_conda_rust	Pyrenophora_teres	TRAIN_PREDICT:RNASEQ_PREPARE	TRAIN_PREDICT:RNASEQ_PREPARE (Pyrenophora_teres)	COMPLETED	0	7328.0	288.5	4.5	rss	5.872577777777777									annotate_trace.20260921_170849.txt	final
v1.9.0-rc1_conda_rust	Schizophyllum_commune_H4-8	TRAIN_PREDICT:FUNANNOTATE_PREDICT	TRAIN_PREDICT:FUNANNOTATE_PREDICT (Schizophyllum_commune_H4-8)	COMPLETED	0	1809.0	462.4	8.5	rss	2.3235599999999996									annotate_trace.20260921_170849.txt	final
v1.9.0-rc1_conda_rust	Pyrenophora_teres_0-1	TRAIN_PREDICT:FUNANNOTATE_TRAIN	TRAIN_PREDICT:FUNANNOTATE_TRAIN (Pyrenophora_teres_0-1)	COMPLETED	0	949.0	163.5	0.38830000000000003	rss	0.4310041666666667									annotate_trace.20260921_170849.txt	final
v1.9.0-rc1_conda_rust	Tilletiopsis_washingtonensis	TRAIN_PREDICT:RNASEQ_PREPARE	TRAIN_PREDICT:RNASEQ_PREPARE (Tilletiopsis_washingtonensis)	COMPLETED	0	8352.0	367.9	1.7	rss	8.535279999999998									annotate_trace.20260921_170849.txt	final
v1.9.0-rc1_conda_rust	Botrytis_cinerea_B05.10	TRAIN_PREDICT:FUNANNOTATE_PREDICT	TRAIN_PREDICT:FUNANNOTATE_PREDICT (Botrytis_cinerea_B05.10)	COMPLETED	0	2026.0	471.7	4.5	rss	2.654622777777778									annotate_trace.20260921_170849.txt	final
v1.9.0-rc1_conda_rust	Pyrenophora_tritici-repentis	TRAIN_PREDICT:RNASEQ_PREPARE	TRAIN_PREDICT:RNASEQ_PREPARE (Pyrenophora_tritici-repentis)	COMPLETED	0	12944.0	540.3	3.6	rss	19.426786666666665									annotate_trace.20260921_170849.txt	final
v1.9.0-rc1_conda_rust	Rhizopus_delemar_RA_99-880	TRAIN_PREDICT:FUNANNOTATE_PREDICT	TRAIN_PREDICT:FUNANNOTATE_PREDICT (Rhizopus_delemar_RA_99-880)	COMPLETED	0	2040.0	442.1	14.5	rss	2.5052333333333334									annotate_trace.20260921_170849.txt	final
v1.9.0-rc1_conda_rust	Pyrenophora_teres_0-1	TRAIN_PREDICT:FUNANNOTATE_PREDICT	TRAIN_PREDICT:FUNANNOTATE_PREDICT (Pyrenophora_teres_0-1)	COMPLETED	0	2508.0	370.4	1.3	rss	2.5804533333333333									annotate_trace.20260921_170849.txt	final
v1.9.0-rc1_conda_rust	Colletotrichum_graminicola_M1.001	TRAIN_PREDICT:FUNANNOTATE_TRAIN	TRAIN_PREDICT:FUNANNOTATE_TRAIN (Colletotrichum_graminicola_M1.001)	COMPLETED	0	0.446	32.1	0.0032	rss	3.976833333333334e-05									annotate_trace.20260921_170849.txt	final
v1.9.0-rc1_conda_rust	Tilletiopsis_washingtonensis_MCA_4186	TRAIN_PREDICT:FUNANNOTATE_TRAIN	TRAIN_PREDICT:FUNANNOTATE_TRAIN (Tilletiopsis_washingtonensis_MCA_4186)	COMPLETED	0	2686.0	177.1	1.3	rss	1.3213627777777777									annotate_trace.20260921_170849.txt	final
v1.9.0-rc1_conda_rust	Pyrenophora_tritici-repentis_Pt-1C-BFP	TRAIN_PREDICT:FUNANNOTATE_TRAIN	TRAIN_PREDICT:FUNANNOTATE_TRAIN (Pyrenophora_tritici-repentis_Pt-1C-BFP)	COMPLETED	0	2851.0	316.1	1.7	rss	2.503336388888889									annotate_trace.20260921_170849.txt	final
v1.9.0-rc1_conda_rust	Allomyces_macrogynus_ATCC_38327	TRAIN_PREDICT:FUNANNOTATE_TRAIN	TRAIN_PREDICT:FUNANNOTATE_TRAIN (Allomyces_macrogynus_ATCC_38327)	COMPLETED	0	0.255	35.3	0.0028	rss	2.5004166666666667e-05									annotate_trace.20260921_170849.txt	final
v1.9.0-rc1_conda_rust	Tilletiaria_anomala_UBC_951	TRAIN_PREDICT:FUNANNOTATE_TRAIN	TRAIN_PREDICT:FUNANNOTATE_TRAIN (Tilletiaria_anomala_UBC_951)	FAILED	1	60.0													annotate_trace.20260921_170849.txt	overhead
v1.9.0-rc1_conda_rust	Talaromyces_marneffei_ATCC_18224	TRAIN_PREDICT:FUNANNOTATE_TRAIN	TRAIN_PREDICT:FUNANNOTATE_TRAIN (Talaromyces_marneffei_ATCC_18224)	COMPLETED	0	0.516	27.3	0.0028	rss	3.9130000000000007e-05									annotate_trace.20260921_170849.txt	final
v1.9.0-rc1_conda_rust	Tilletiopsis_washingtonensis_MCA_4186	TRAIN_PREDICT:FUNANNOTATE_PREDICT	TRAIN_PREDICT:FUNANNOTATE_PREDICT (Tilletiopsis_washingtonensis_MCA_4186)	COMPLETED	0	853.0	534.5	4.3	rss	1.2664680555555556									annotate_trace.20260921_170849.txt	final
v1.9.0-rc1_conda_rust	Colletotrichum_graminicola_M1.001	TRAIN_PREDICT:FUNANNOTATE_PREDICT	TRAIN_PREDICT:FUNANNOTATE_PREDICT (Colletotrichum_graminicola_M1.001)	COMPLETED	0	2313.0	529.4	4.4	rss	3.4013949999999995									annotate_trace.20260921_170849.txt	final
v1.9.0-rc1_conda_rust	Pyrenophora_tritici-repentis_Pt-1C-BFP	TRAIN_PREDICT:FUNANNOTATE_PREDICT	TRAIN_PREDICT:FUNANNOTATE_PREDICT (Pyrenophora_tritici-repentis_Pt-1C-BFP)	COMPLETED	0	2138.0	467.8	11.6	rss	2.7782122222222223									annotate_trace.20260921_170849.txt	final
v1.9.0-rc1_conda_rust	Allomyces_macrogynus_ATCC_38327	TRAIN_PREDICT:FUNANNOTATE_PREDICT	TRAIN_PREDICT:FUNANNOTATE_PREDICT (Allomyces_macrogynus_ATCC_38327)	COMPLETED	0	1954.0	570.8	10.5	rss	3.0981755555555552									annotate_trace.20260921_170849.txt	final
v1.9.0-rc1_conda_rust	Yarrowia_lipolytica	TRAIN_PREDICT:RNASEQ_PREPARE	TRAIN_PREDICT:RNASEQ_PREPARE (Yarrowia_lipolytica)	COMPLETED	0	7204.0	670.2	1.8	rss	13.41144666666667									annotate_trace.20260921_170849.txt	final
v1.9.0-rc1_conda_rust	Talaromyces_marneffei_ATCC_18224	TRAIN_PREDICT:FUNANNOTATE_PREDICT	TRAIN_PREDICT:FUNANNOTATE_PREDICT (Talaromyces_marneffei_ATCC_18224)	COMPLETED	0	1741.0	464.1	4.4	rss	2.2444391666666665									annotate_trace.20260921_170849.txt	final
v1.9.0-rc1_conda_rust	Yarrowia_lipolytica_CLIB122	TRAIN_PREDICT:FUNANNOTATE_TRAIN	TRAIN_PREDICT:FUNANNOTATE_TRAIN (Yarrowia_lipolytica_CLIB122)	COMPLETED	0	1218.0	276.2	1.7	rss	0.9344766666666666									annotate_trace.20260921_170849.txt	final
v1.9.0-rc1_conda_rust	Yarrowia_lipolytica_CLIB122	TRAIN_PREDICT:FUNANNOTATE_PREDICT	TRAIN_PREDICT:FUNANNOTATE_PREDICT (Yarrowia_lipolytica_CLIB122)	COMPLETED	0	1081.0	546.1	4.7	rss	1.6398169444444444									annotate_trace.20260921_170849.txt	final
v1.9.0-rc1_conda_rust	Orbilia_oligospora	TRAIN_PREDICT:RNASEQ_PREPARE	TRAIN_PREDICT:RNASEQ_PREPARE (Orbilia_oligospora)	COMPLETED	0	6596.0	966.3	3.0	rss	17.704763333333332									annotate_trace.20260921_170849.txt	final
v1.9.0-rc1_conda_rust	Tricharina_praecox	TRAIN_PREDICT:RNASEQ_PREPARE	TRAIN_PREDICT:RNASEQ_PREPARE (Tricharina_praecox)	COMPLETED	0	7521.0	801.4	2.9	rss	16.742581666666666									annotate_trace.20260921_170849.txt	final
v1.9.0-rc1_conda_rust	Morchella_importuna	TRAIN_PREDICT:RNASEQ_PREPARE	TRAIN_PREDICT:RNASEQ_PREPARE (Morchella_importuna)	COMPLETED	0	8660.0	769.7	6.7	rss	18.51556111111111									annotate_trace.20260921_170849.txt	final
v1.9.0-rc1_conda_rust	-	FETCH_RNASEQ:COLLECT_SRA_QUERY	FETCH_RNASEQ:COLLECT_SRA_QUERY	CACHED	0	0.504	76.7	0.0031000000000000003	peak_rss	0.00010737999999999999	1	1	2.0	short		2026-09-21 17:13:05.671	2026-09-21 17:14:04.857	2026-09-21 17:14:04.859	annotate_trace.20260923_120820.txt	cached
v1.9.0-rc1_conda_rust	Drepanopeziza_brunnea_MB_m1	TRAIN_PREDICT:FUNANNOTATE_TRAIN	TRAIN_PREDICT:FUNANNOTATE_TRAIN (Drepanopeziza_brunnea_MB_m1)	CACHED	0	1.9	2.2			1.1611111111111112e-05	1	8	48.0	epyc		2026-09-22 07:32:07.483	2026-09-23 02:32:10.569	2026-09-23 02:34:10.627	annotate_trace.20260923_120820.txt	cached
v1.9.0-rc1_conda_rust	Rhizopus_microsporus_ATCC_52813	TRAIN_PREDICT:FUNANNOTATE_TRAIN	TRAIN_PREDICT:FUNANNOTATE_TRAIN (Rhizopus_microsporus_ATCC_52813)	FAILED	1	480.0					1	8	48.0	epyc		2026-09-23 12:08:40.484	2026-09-23 18:58:40.229	2026-09-23 19:06:40.145	annotate_trace.20260923_120820.txt	overhead
v1.9.0-rc1_conda_rust	Orbilia_oligospora_ATCC_24927	TRAIN_PREDICT:FUNANNOTATE_TRAIN	TRAIN_PREDICT:FUNANNOTATE_TRAIN (Orbilia_oligospora_ATCC_24927)	COMPLETED	0	2612.0	286.0	1.7	peak_rss	2.0750888888888888	1	8	48.0	epyc		2026-09-23 12:08:39.959	2026-09-23 18:58:40.114	2026-09-23 19:42:40.270	annotate_trace.20260923_120820.txt	final
v1.9.0-rc1_conda_rust	Chaetomium_globosum_CBS_148.51	TRAIN_PREDICT:FUNANNOTATE_TRAIN	TRAIN_PREDICT:FUNANNOTATE_TRAIN (Chaetomium_globosum_CBS_148.51)	COMPLETED	0	0.58	19.9	0.0048	peak_rss	3.2061111111111106e-05	1	8	48.0	epyc		2026-09-23 12:08:54.432	2026-09-23 20:22:40.471	2026-09-23 20:22:40.474	annotate_trace.20260923_120820.txt	overhead
v1.9.0-rc1_conda_rust	Gaeumannomyces_tritici_R3-111a-1	TRAIN_PREDICT:FUNANNOTATE_TRAIN	TRAIN_PREDICT:FUNANNOTATE_TRAIN (Gaeumannomyces_tritici_R3-111a-1)	COMPLETED	0	0.556	24.5	0.0029	peak_rss	3.783888888888889e-05	1	8	48.0	epyc		2026-09-23 12:09:04.448	2026-09-23 20:22:40.525	2026-09-23 20:22:40.531	annotate_trace.20260923_120820.txt	overhead
v1.9.0-rc1_conda_rust	Trichosporon_asahii_CBS_2479	TRAIN_PREDICT:FUNANNOTATE_TRAIN	TRAIN_PREDICT:FUNANNOTATE_TRAIN (Trichosporon_asahii_CBS_2479)	COMPLETED	0	0.454	18.8	0.006	peak_rss	2.3708888888888894e-05	1	8	48.0	epyc		2026-09-23 12:09:16.427	2026-09-23 20:22:40.550	2026-09-23 20:23:40.464	annotate_trace.20260923_120820.txt	overhead
v1.9.0-rc1_conda_rust	Lachancea_thermotolerans_CBS_6340	TRAIN_PREDICT:FUNANNOTATE_PREDICT	TRAIN_PREDICT:FUNANNOTATE_PREDICT (Lachancea_thermotolerans_CBS_6340)	COMPLETED	0	823.0	475.9	2.4	peak_rss	1.0879602777777775	1	8	32.0	epyc		2026-09-23 12:09:00.420	2026-09-23 20:22:40.512	2026-09-23 20:36:41.219	annotate_trace.20260923_120820.txt	final
v1.9.0-rc1_conda_rust	Umbelopsis_ramanniana_AG	TRAIN_PREDICT:FUNANNOTATE_PREDICT	TRAIN_PREDICT:FUNANNOTATE_PREDICT (Umbelopsis_ramanniana_AG)	COMPLETED	0	806.0	449.4	3.4	peak_rss	1.0061566666666666	1	8	32.0	epyc		2026-09-23 12:09:12.424	2026-09-23 20:23:40.459	2026-09-23 20:36:41.271	annotate_trace.20260923_120820.txt	final
v1.9.0-rc1_conda_rust	Morchella_sextelata_SCLS	TRAIN_PREDICT:FUNANNOTATE_PREDICT	TRAIN_PREDICT:FUNANNOTATE_PREDICT (Morchella_sextelata_SCLS)	FAILED	1	59.9					1	8	32.0	epyc		2026-09-23 12:08:44.438	2026-09-23 20:36:41.179	2026-09-23 20:37:41.047	annotate_trace.20260923_120820.txt	overhead
v1.9.0-rc1_conda_rust	Batrachochytrium_dendrobatidis_JAM81	TRAIN_PREDICT:FUNANNOTATE_PREDICT	TRAIN_PREDICT:FUNANNOTATE_PREDICT (Batrachochytrium_dendrobatidis_JAM81)	COMPLETED	0	1017.0	399.5	1.7	peak_rss	1.1285874999999999	1	8	32.0	epyc		2026-09-23 12:08:58.433	2026-09-23 20:22:40.508	2026-09-23 20:39:41.212	annotate_trace.20260923_120820.txt	overhead
v1.9.0-rc1_conda_rust	Lipomyces_tetrasporus_NRRL_Y-64009	TRAIN_PREDICT:FUNANNOTATE_PREDICT	TRAIN_PREDICT:FUNANNOTATE_PREDICT (Lipomyces_tetrasporus_NRRL_Y-64009)	COMPLETED	0	1090.0	344.1	3.8	peak_rss	1.0418583333333333	1	8	32.0	epyc		2026-09-23 12:08:48.436	2026-09-23 20:22:40.461	2026-09-23 20:40:57.654	annotate_trace.20260923_120820.txt	final
v1.9.0-rc1_conda_rust	Protomyces_lactucae-debilis_12-1054	TRAIN_PREDICT:FUNANNOTATE_TRAIN	TRAIN_PREDICT:FUNANNOTATE_TRAIN (Protomyces_lactucae-debilis_12-1054)	COMPLETED	0	1330.0	151.2	1.6	peak_rss	0.5586	1	8	48.0	epyc		2026-09-23 12:09:10.446	2026-09-23 20:22:40.545	2026-09-23 20:44:41.558	annotate_trace.20260923_120820.txt	final
v1.9.0-rc1_conda_rust	Malassezia_sympodialis_ATCC_42132	TRAIN_PREDICT:FUNANNOTATE_PREDICT	TRAIN_PREDICT:FUNANNOTATE_PREDICT (Malassezia_sympodialis_ATCC_42132)	COMPLETED	0	645.0	483.9	2.8	peak_rss	0.8669874999999999	1	8	32.0	epyc		2026-09-23 12:08:46.444	2026-09-23 20:36:41.182	2026-09-23 20:46:41.516	annotate_trace.20260923_120820.txt	final
v1.9.0-rc1_conda_rust	Parastagonospora_nodorum_SN15	TRAIN_PREDICT:FUNANNOTATE_PREDICT	TRAIN_PREDICT:FUNANNOTATE_PREDICT (Parastagonospora_nodorum_SN15)	COMPLETED	0	1524.0	527.4	4.1	peak_rss	2.23266	1	8	32.0	epyc		2026-09-23 12:08:42.445	2026-09-23 20:22:40.414	2026-09-23 20:48:41.456	annotate_trace.20260923_120820.txt	final
v1.9.0-rc1_conda_rust	Mucor_mucedo_NRRL_3635	TRAIN_PREDICT:FUNANNOTATE_PREDICT	TRAIN_PREDICT:FUNANNOTATE_PREDICT (Mucor_mucedo_NRRL_3635)	COMPLETED	0	1584.0	441.4	3.8	peak_rss	1.9421599999999999	1	8	32.0	epyc		2026-09-23 12:08:50.531	2026-09-23 20:22:40.464	2026-09-23 20:49:41.507	annotate_trace.20260923_120820.txt	final
v1.9.0-rc1_conda_rust	Pseudogymnoascus_destructans_20631-21	TRAIN_PREDICT:FUNANNOTATE_TRAIN	TRAIN_PREDICT:FUNANNOTATE_TRAIN (Pseudogymnoascus_destructans_20631-21)	COMPLETED	0	1672.0	245.5	1.5	peak_rss	1.140211111111111	1	8	48.0	epyc		2026-09-23 12:09:14.440	2026-09-23 20:22:40.549	2026-09-23 20:50:41.482	annotate_trace.20260923_120820.txt	final
v1.9.0-rc1_conda_rust	Zymoseptoria_tritici_IPO323	TRAIN_PREDICT:FUNANNOTATE_PREDICT	TRAIN_PREDICT:FUNANNOTATE_PREDICT (Zymoseptoria_tritici_IPO323)	COMPLETED	0	1745.0	440.6	13.7	peak_rss	2.135686111111111	1	8	32.0	epyc		2026-09-23 12:09:02.443	2026-09-23 20:22:40.514	2026-09-23 20:51:41.573	annotate_trace.20260923_120820.txt	final
v1.9.0-rc1_conda_rust	Rhizopus_microsporus_ATCC_52813	TRAIN_PREDICT:FUNANNOTATE_TRAIN	TRAIN_PREDICT:FUNANNOTATE_TRAIN (Rhizopus_microsporus_ATCC_52813)	FAILED	1	1080.0					2	24	192.0	epyc		2026-09-23 19:06:40.743	2026-09-23 20:41:41.445	2026-09-23 20:59:41.893	annotate_trace.20260923_120820.txt	overhead
v1.9.0-rc1_conda_rust	Morchella_sextelata_SCLS	TRAIN_PREDICT:FUNANNOTATE_PREDICT	TRAIN_PREDICT:FUNANNOTATE_PREDICT (Morchella_sextelata_SCLS)	COMPLETED	0	1307.0	769.3	9.0	peak_rss	2.792986388888889	2	16	64.0	epyc		2026-09-23 20:37:41.119	2026-09-23 20:38:41.263	2026-09-23 21:00:41.733	annotate_trace.20260923_120820.txt	final
v1.9.0-rc1_conda_rust	Protomyces_lactucae-debilis_12-1054	TRAIN_PREDICT:FUNANNOTATE_PREDICT	TRAIN_PREDICT:FUNANNOTATE_PREDICT (Protomyces_lactucae-debilis_12-1054)	COMPLETED	0	1011.0	518.9	3.5	peak_rss	1.4572441666666667	1	8	32.0	epyc		2026-09-23 20:44:41.829	2026-09-23 20:45:41.608	2026-09-23 21:02:41.992	annotate_trace.20260923_120820.txt	final
v1.9.0-rc1_conda_rust	Morchella_importuna_M04M26	TRAIN_PREDICT:FUNANNOTATE_TRAIN	TRAIN_PREDICT:FUNANNOTATE_TRAIN (Morchella_importuna_M04M26)	COMPLETED	0	2408.0	246.4	1.8	peak_rss	1.6481422222222222	1	8	48.0	epyc		2026-09-23 12:08:52.444	2026-09-23 20:22:40.468	2026-09-23 21:03:41.832	annotate_trace.20260923_120820.txt	final
v1.9.0-rc1_conda_rust	Tilletiaria_anomala_UBC_951	TRAIN_PREDICT:FUNANNOTATE_TRAIN	TRAIN_PREDICT:FUNANNOTATE_TRAIN (Tilletiaria_anomala_UBC_951)	COMPLETED	0	2561.0	113.9	1.3	peak_rss	0.8102719444444444	1	8	48.0	epyc		2026-09-23 12:08:56.450	2026-09-23 20:22:40.505	2026-09-23 21:05:42.075	annotate_trace.20260923_120820.txt	final
v1.9.0-rc1_conda_rust	Orbilia_oligospora_ATCC_24927	TRAIN_PREDICT:FUNANNOTATE_PREDICT	TRAIN_PREDICT:FUNANNOTATE_PREDICT (Orbilia_oligospora_ATCC_24927)	COMPLETED	0	1689.0	409.8	7.3	peak_rss	1.922645	1	8	32.0	epyc		2026-09-23 19:42:40.411	2026-09-23 20:37:41.261	2026-09-23 21:05:42.142	annotate_trace.20260923_120820.txt	final
v1.9.0-rc1_conda_rust	Tricharina_praecox_CBS_144465	TRAIN_PREDICT:FUNANNOTATE_TRAIN	TRAIN_PREDICT:FUNANNOTATE_TRAIN (Tricharina_praecox_CBS_144465)	COMPLETED	0	2972.0	177.4	1.7	peak_rss	1.4645355555555557	1	8	48.0	epyc		2026-09-23 12:09:06.445	2026-09-23 20:22:40.534	2026-09-23 21:12:42.348	annotate_trace.20260923_120820.txt	final
v1.9.0-rc1_conda_rust	Cokeromyces_recurvatus_NRRL_2243	TRAIN_PREDICT:FUNANNOTATE_TRAIN	TRAIN_PREDICT:FUNANNOTATE_TRAIN (Cokeromyces_recurvatus_NRRL_2243)	COMPLETED	0	2992.0	212.3	1.7	peak_rss	1.7644488888888892	1	8	48.0	epyc		2026-09-23 12:09:08.451	2026-09-23 20:22:40.542	2026-09-23 21:12:42.396	annotate_trace.20260923_120820.txt	final
v1.9.0-rc1_conda_rust	Pseudogymnoascus_destructans_20631-21	TRAIN_PREDICT:FUNANNOTATE_PREDICT	TRAIN_PREDICT:FUNANNOTATE_PREDICT (Pseudogymnoascus_destructans_20631-21)	COMPLETED	0	1914.0	501.9	3.3	peak_rss	2.6684349999999997	1	8	32.0	epyc		2026-09-23 20:50:57.174	2026-09-23 20:51:41.656	2026-09-23 21:23:42.671	annotate_trace.20260923_120820.txt	final
v1.9.0-rc1_conda_rust	Tilletiaria_anomala_UBC_951	TRAIN_PREDICT:FUNANNOTATE_PREDICT	TRAIN_PREDICT:FUNANNOTATE_PREDICT (Tilletiaria_anomala_UBC_951)	COMPLETED	0	1448.0	379.9	1.6	peak_rss	1.528042222222222	1	8	32.0	epyc		2026-09-23 21:05:42.295	2026-09-23 21:06:42.251	2026-09-23 21:31:42.795	annotate_trace.20260923_120820.txt	final
v1.9.0-rc1_conda_rust	Cokeromyces_recurvatus_NRRL_2243	TRAIN_PREDICT:FUNANNOTATE_PREDICT	TRAIN_PREDICT:FUNANNOTATE_PREDICT (Cokeromyces_recurvatus_NRRL_2243)	COMPLETED	0	1592.0	394.5	6.1	peak_rss	1.7445666666666666	1	8	32.0	epyc		2026-09-23 21:12:43.500	2026-09-23 21:13:42.302	2026-09-23 21:40:57.717	annotate_trace.20260923_120820.txt	final
v1.9.0-rc1_conda_rust	Morchella_importuna_M04M26	TRAIN_PREDICT:FUNANNOTATE_PREDICT	TRAIN_PREDICT:FUNANNOTATE_PREDICT (Morchella_importuna_M04M26)	COMPLETED	0	2171.0	486.9	3.8	peak_rss	2.9362775	1	8	32.0	epyc		2026-09-23 21:03:42.186	2026-09-23 21:04:42.014	2026-09-23 21:40:57.715	annotate_trace.20260923_120820.txt	final
v1.9.0-rc1_conda_rust	Tricharina_praecox_CBS_144465	TRAIN_PREDICT:FUNANNOTATE_PREDICT	TRAIN_PREDICT:FUNANNOTATE_PREDICT (Tricharina_praecox_CBS_144465)	COMPLETED	0	2174.0	390.4	4.5	peak_rss	2.3575822222222222	1	8	32.0	epyc		2026-09-23 21:12:42.624	2026-09-23 21:13:42.299	2026-09-23 21:50:59.397	annotate_trace.20260923_120820.txt	final
v1.9.0-rc1_conda_rust	Gaeumannomyces_tritici_R3-111a-1	TRAIN_PREDICT:FUNANNOTATE_PREDICT	TRAIN_PREDICT:FUNANNOTATE_PREDICT (Gaeumannomyces_tritici_R3-111a-1)	COMPLETED	0	5781.0	592.8	6.9	peak_rss	9.51938	1	8	32.0	epyc		2026-09-23 20:22:41.615	2026-09-23 20:38:41.253	2026-09-23 22:15:43.933	annotate_trace.20260923_120820.txt	final
v1.9.0-rc1_conda_rust	Rhizopus_microsporus_ATCC_52813	TRAIN_PREDICT:FUNANNOTATE_TRAIN	TRAIN_PREDICT:FUNANNOTATE_TRAIN (Rhizopus_microsporus_ATCC_52813)	FAILED	1	961.0					3	24	256.0	highmem		2026-09-23 20:59:42.031	2026-09-23 22:17:43.905	2026-09-23 22:33:44.812	annotate_trace.20260923_120820.txt	overhead
v1.9.0-rc1_conda_rust	Trichosporon_asahii_CBS_2479	TRAIN_PREDICT:FUNANNOTATE_PREDICT	TRAIN_PREDICT:FUNANNOTATE_PREDICT (Trichosporon_asahii_CBS_2479)	COMPLETED	0	6953.0	647.3	4.0	peak_rss	12.501880277777778	1	8	32.0	epyc		2026-09-23 20:23:40.627	2026-09-23 20:38:41.256	2026-09-23 22:34:45.321	annotate_trace.20260923_120820.txt	final
v1.9.0-rc1_conda_rust	Chaetomium_globosum_CBS_148.51	TRAIN_PREDICT:FUNANNOTATE_PREDICT	TRAIN_PREDICT:FUNANNOTATE_PREDICT (Chaetomium_globosum_CBS_148.51)	COMPLETED	0	8022.0	534.0	4.6	peak_rss	11.8993	1	8	32.0	epyc		2026-09-23 20:22:40.645	2026-09-23 20:38:41.248	2026-09-23 22:52:45.537	annotate_trace.20260923_120820.txt	final
v1.9.0-rc1_conda_rust	-	FETCH_RNASEQ:COLLECT_SRA_QUERY	FETCH_RNASEQ:COLLECT_SRA_QUERY	CACHED	0	0.504	76.7	0.0031000000000000003	peak_rss	0.00010737999999999999	1	1	2.0	short		2026-09-21 17:13:05.671	2026-09-21 17:14:04.857	2026-09-21 17:14:04.859	annotate_trace.20260924_123201.txt	cached
v1.9.0-rc1_conda_rust	Gaeumannomyces_tritici_R3-111a-1	TRAIN_PREDICT:FUNANNOTATE_TRAIN	TRAIN_PREDICT:FUNANNOTATE_TRAIN (Gaeumannomyces_tritici_R3-111a-1)	COMPLETED	0	1.6	9.0	0.0029	peak_rss	4e-05	1	8	48.0	epyc		2026-09-24 12:32:28.441	2026-09-24 14:58:21.010	2026-09-24 14:59:21.087	annotate_trace.20260924_123201.txt	final
v1.9.0-rc1_conda_rust	Chaetomium_globosum_CBS_148.51	TRAIN_PREDICT:FUNANNOTATE_TRAIN	TRAIN_PREDICT:FUNANNOTATE_TRAIN (Chaetomium_globosum_CBS_148.51)	COMPLETED	0	1.2	12.1	0.0031000000000000003	peak_rss	4.033333333333333e-05	1	8	48.0	epyc		2026-09-24 12:32:30.467	2026-09-24 14:59:21.153	2026-09-24 15:00:21.102	annotate_trace.20260924_123201.txt	final
v1.9.0-rc1_conda_rust	Trichosporon_asahii_CBS_2479	TRAIN_PREDICT:FUNANNOTATE_TRAIN	TRAIN_PREDICT:FUNANNOTATE_TRAIN (Trichosporon_asahii_CBS_2479)	COMPLETED	0	0.753	11.2	0.0028	peak_rss	2.3426666666666664e-05	1	8	48.0	epyc		2026-09-24 12:32:32.403	2026-09-24 15:20:21.207	2026-09-24 15:21:21.095	annotate_trace.20260924_123201.txt	final
v1.9.0-rc1_conda_rust	Drepanopeziza_brunnea_MB_m1	TRAIN_PREDICT:FUNANNOTATE_TRAIN	TRAIN_PREDICT:FUNANNOTATE_TRAIN (Drepanopeziza_brunnea_MB_m1)	COMPLETED	0	0.45	14.5	0.0028	peak_rss	1.8125e-05	1	8	48.0	epyc		2026-09-24 12:32:34.416	2026-09-24 15:29:21.175	2026-09-24 15:29:21.178	annotate_trace.20260924_123201.txt	final
v1.9.0-rc1_conda_rust	Batrachochytrium_dendrobatidis	TRAIN_PREDICT:RNASEQ_PREPARE	TRAIN_PREDICT:RNASEQ_PREPARE (Batrachochytrium_dendrobatidis)	COMPLETED	0	5453.0	1137.8	14.5	peak_rss	17.234509444444445	1	16	52.0	epyc		2026-09-24 12:32:26.696	2026-09-24 14:52:20.969	2026-09-24 16:23:21.279	annotate_trace.20260924_123201.txt	final
v1.9.0-rc1_conda_rust	Rhizopus_microsporus	TRAIN_PREDICT:RNASEQ_PREPARE	TRAIN_PREDICT:RNASEQ_PREPARE (Rhizopus_microsporus)	COMPLETED	0	8770.0	673.5	2.4	peak_rss	16.407208333333333	1	16	52.0	epyc		2026-09-24 12:32:25.697	2026-09-24 14:47:20.963	2026-09-24 17:14:21.227	annotate_trace.20260924_123201.txt	final
v1.9.0-rc1_conda_rust	Batrachochytrium_dendrobatidis_JAM81	TRAIN_PREDICT:FUNANNOTATE_TRAIN	TRAIN_PREDICT:FUNANNOTATE_TRAIN (Batrachochytrium_dendrobatidis_JAM81)	COMPLETED	0	2981.0	210.5	2.0	peak_rss	1.7430569444444444	1	8	48.0	epyc		2026-09-24 16:23:21.682	2026-09-24 21:21:21.462	2026-09-24 22:11:21.525	annotate_trace.20260924_123201.txt	final
v1.9.0-rc1_conda_rust	Rhizopus_microsporus_ATCC_52813	TRAIN_PREDICT:FUNANNOTATE_TRAIN	TRAIN_PREDICT:FUNANNOTATE_TRAIN (Rhizopus_microsporus_ATCC_52813)	COMPLETED	0	2827.0	288.8	1.5	peak_rss	2.267882222222222	1	8	48.0	epyc		2026-09-24 17:14:21.907	2026-09-25 00:07:21.789	2026-09-25 00:55:21.803	annotate_trace.20260924_123201.txt	final
v1.9.0-rc1_conda_rust	Batrachochytrium_dendrobatidis_JAM81	TRAIN_PREDICT:FUNANNOTATE_PREDICT	TRAIN_PREDICT:FUNANNOTATE_PREDICT (Batrachochytrium_dendrobatidis_JAM81)	COMPLETED	0	765.0	526.8	4.3	peak_rss	1.1194499999999998	1	8	32.0	epyc		2026-09-24 22:11:22.110	2026-09-25 02:20:21.998	2026-09-25 02:34:21.959	annotate_trace.20260924_123201.txt	final
v1.9.0-rc1_conda_rust	Rhizopus_microsporus_ATCC_52813	TRAIN_PREDICT:FUNANNOTATE_PREDICT	TRAIN_PREDICT:FUNANNOTATE_PREDICT (Rhizopus_microsporus_ATCC_52813)	COMPLETED	0	1383.0	476.4	4.5	peak_rss	1.8301699999999996	1	8	32.0	epyc		2026-09-25 00:55:38.870	2026-09-25 03:56:22.019	2026-09-25 04:19:22.053	annotate_trace.20260924_123201.txt	final
v1.9.0-rc1_container	-	FETCH_RNASEQ:COLLECT_SRA_QUERY	FETCH_RNASEQ:COLLECT_SRA_QUERY	CACHED	0	0.0	58.9	0.0031000000000000003	peak_rss	0.0	1	1	2.0	short		2026-09-21 17:13:04.115	2026-09-21 17:14:03.251	2026-09-21 17:14:03.254	annotate_trace.20260924_011756.txt	cached
v1.9.0-rc1_container	Rhizopus_microsporus	TRAIN_PREDICT:RNASEQ_PREPARE	TRAIN_PREDICT:RNASEQ_PREPARE (Rhizopus_microsporus)	COMPLETED	0	1054.0	909.3	6.8	peak_rss	2.6622283333333336	1	16	52.0	epyc		2026-09-24 01:18:31.179	2026-09-24 01:22:15.780	2026-09-24 01:40:16.069	annotate_trace.20260924_011756.txt	overhead
v1.9.0-rc1_container	Spizellomyces_punctatus_DAOM_BR117	TRAIN_PREDICT:FUNANNOTATE_PREDICT	TRAIN_PREDICT:FUNANNOTATE_PREDICT (Spizellomyces_punctatus_DAOM_BR117)	COMPLETED	0	2982.0	642.0	7.3	peak_rss	5.3179	1	8	32.0	epyc		2026-09-24 01:18:21.320	2026-09-24 01:19:15.987	2026-09-24 02:09:16.263	annotate_trace.20260924_011756.txt	final
v1.9.0-rc1_container	Cryptococcus_neoformans	TRAIN_PREDICT:RNASEQ_PREPARE	TRAIN_PREDICT:RNASEQ_PREPARE (Cryptococcus_neoformans)	COMPLETED	0	2702.0	1293.6	2.2	peak_rss	9.709186666666666	1	16	52.0	epyc		2026-09-24 01:18:37.192	2026-09-24 01:40:16.125	2026-09-24 02:25:16.313	annotate_trace.20260924_011756.txt	final
v1.9.0-rc1_container	Rhodotorula_toruloides_NP11	TRAIN_PREDICT:FUNANNOTATE_PREDICT	TRAIN_PREDICT:FUNANNOTATE_PREDICT (Rhodotorula_toruloides_NP11)	COMPLETED	0	4307.0	670.1	4.3	peak_rss	8.017001944444445	1	8	32.0	epyc		2026-09-24 01:18:20.873	2026-09-24 01:19:15.766	2026-09-24 02:31:16.261	annotate_trace.20260924_011756.txt	final
v1.9.0-rc1_container	Allomyces_macrogynus	TRAIN_PREDICT:RNASEQ_PREPARE	TRAIN_PREDICT:RNASEQ_PREPARE (Allomyces_macrogynus)	COMPLETED	0	4402.0	1272.2	2.2	peak_rss	15.55617888888889	1	16	52.0	epyc		2026-09-24 01:18:25.182	2026-09-24 01:19:16.003	2026-09-24 02:33:16.262	annotate_trace.20260924_011756.txt	final
v1.9.0-rc1_container	Rhodotorula_graminis_WP1	TRAIN_PREDICT:FUNANNOTATE_PREDICT	TRAIN_PREDICT:FUNANNOTATE_PREDICT (Rhodotorula_graminis_WP1)	COMPLETED	0	4856.0	628.6	9.0	peak_rss	8.479115555555556	1	8	32.0	epyc		2026-09-24 01:18:27.185	2026-09-24 01:19:16.039	2026-09-24 02:40:16.316	annotate_trace.20260924_011756.txt	final
v1.9.0-rc1_container	Nakaseomyces_glabratus_CBS_138	TRAIN_PREDICT:FUNANNOTATE_PREDICT	TRAIN_PREDICT:FUNANNOTATE_PREDICT (Nakaseomyces_glabratus_CBS_138)	COMPLETED	0	3693.0	585.3	5.7	peak_rss	6.0042025	1	8	32.0	epyc		2026-09-24 01:18:39.184	2026-09-24 01:40:16.146	2026-09-24 02:42:16.378	annotate_trace.20260924_011756.txt	final
v1.9.0-rc1_container	Malassezia_globosa	TRAIN_PREDICT:RNASEQ_PREPARE	TRAIN_PREDICT:RNASEQ_PREPARE (Malassezia_globosa)	COMPLETED	0	1116.0	1246.1	1.5	peak_rss	3.8629099999999994	1	16	52.0	epyc		2026-09-24 01:18:45.183	2026-09-24 02:23:16.228	2026-09-24 02:42:16.381	annotate_trace.20260924_011756.txt	final
v1.9.0-rc1_container	Cryptococcus_deneoformans	TRAIN_PREDICT:RNASEQ_PREPARE	TRAIN_PREDICT:RNASEQ_PREPARE (Cryptococcus_deneoformans)	COMPLETED	0	2417.0	1199.5	3.1	peak_rss	8.053309722222222	1	16	52.0	epyc		2026-09-24 01:18:43.209	2026-09-24 02:09:16.267	2026-09-24 02:50:16.444	annotate_trace.20260924_011756.txt	final
v1.9.0-rc1_container	Phycomyces_blakesleeanus	TRAIN_PREDICT:RNASEQ_PREPARE	TRAIN_PREDICT:RNASEQ_PREPARE (Phycomyces_blakesleeanus)	COMPLETED	0	6135.0	1143.2	2.8	peak_rss	19.482033333333334	1	16	52.0	epyc		2026-09-24 01:18:23.254	2026-09-24 01:19:15.993	2026-09-24 03:01:16.408	annotate_trace.20260924_011756.txt	final
v1.9.0-rc1_container	Kluyveromyces_lactis	TRAIN_PREDICT:RNASEQ_PREPARE	TRAIN_PREDICT:RNASEQ_PREPARE (Kluyveromyces_lactis)	COMPLETED	0	918.0	1211.2	4.7	peak_rss	3.08856	1	16	52.0	epyc		2026-09-24 01:18:53.182	2026-09-24 02:50:16.460	2026-09-24 03:06:16.430	annotate_trace.20260924_011756.txt	final
v1.9.0-rc1_container	Pyricularia_oryzae_70-15	TRAIN_PREDICT:FUNANNOTATE_PREDICT	TRAIN_PREDICT:FUNANNOTATE_PREDICT (Pyricularia_oryzae_70-15)	COMPLETED	0	5745.0	619.3	12.1	peak_rss	9.882995833333334	1	8	32.0	epyc		2026-09-24 01:18:35.181	2026-09-24 01:34:16.045	2026-09-24 03:10:16.513	annotate_trace.20260924_011756.txt	final
v1.9.0-rc1_container	Leptographium_clavigerum_kw1407	TRAIN_PREDICT:FUNANNOTATE_PREDICT	TRAIN_PREDICT:FUNANNOTATE_PREDICT (Leptographium_clavigerum_kw1407)	COMPLETED	0	6581.0	617.6	6.5	peak_rss	11.29007111111111	1	8	32.0	epyc		2026-09-24 01:18:33.182	2026-09-24 01:21:15.850	2026-09-24 03:11:16.455	annotate_trace.20260924_011756.txt	final
v1.9.0-rc1_container	Rhizopus_delemar	TRAIN_PREDICT:RNASEQ_PREPARE	TRAIN_PREDICT:RNASEQ_PREPARE (Rhizopus_delemar)	COMPLETED	0	7160.0	1231.5	3.3	peak_rss	24.493166666666667	1	16	52.0	epyc		2026-09-24 01:18:29.202	2026-09-24 01:19:16.048	2026-09-24 03:19:16.537	annotate_trace.20260924_011756.txt	final
v1.9.0-rc1_container	Cystobasidium_minutum_MCA_4210	TRAIN_PREDICT:FUNANNOTATE_PREDICT	TRAIN_PREDICT:FUNANNOTATE_PREDICT (Cystobasidium_minutum_MCA_4210)	COMPLETED	0	5121.0	584.5	12.3	peak_rss	8.314512500000001	1	8	32.0	epyc		2026-09-24 01:18:41.213	2026-09-24 01:59:16.276	2026-09-24 03:24:16.546	annotate_trace.20260924_011756.txt	final
v1.9.0-rc1_container	Talaromyces_marneffei	TRAIN_PREDICT:RNASEQ_PREPARE	TRAIN_PREDICT:RNASEQ_PREPARE (Talaromyces_marneffei)	COMPLETED	0	4131.0	1291.3	7.9	peak_rss	14.8176675	1	16	52.0	epyc		2026-09-24 01:18:49.202	2026-09-24 02:26:16.313	2026-09-24 03:35:16.592	annotate_trace.20260924_011756.txt	final
v1.9.0-rc1_container	Mixia_osmundae_IAM_14324	TRAIN_PREDICT:FUNANNOTATE_PREDICT	TRAIN_PREDICT:FUNANNOTATE_PREDICT (Mixia_osmundae_IAM_14324)	COMPLETED	0	4271.0	518.5	4.2	peak_rss	6.151426388888889	1	8	32.0	epyc		2026-09-24 01:18:55.275	2026-09-24 02:33:16.266	2026-09-24 03:45:16.622	annotate_trace.20260924_011756.txt	final
v1.9.0-rc1_container	Sporobolomyces_koalae_JCM15063	TRAIN_PREDICT:FUNANNOTATE_PREDICT	TRAIN_PREDICT:FUNANNOTATE_PREDICT (Sporobolomyces_koalae_JCM15063)	COMPLETED	0	3837.0	644.5	2.8	peak_rss	6.869295833333334	1	8	32.0	epyc		2026-09-24 01:19:01.178	2026-09-24 02:46:16.350	2026-09-24 03:50:16.700	annotate_trace.20260924_011756.txt	final
v1.9.0-rc1_container	Sporobolomyces_salmoneus_JCM6883	TRAIN_PREDICT:FUNANNOTATE_PREDICT	TRAIN_PREDICT:FUNANNOTATE_PREDICT (Sporobolomyces_salmoneus_JCM6883)	COMPLETED	0	3631.0	637.9	3.5	peak_rss	6.433930277777778	1	8	32.0	epyc		2026-09-24 01:19:07.183	2026-09-24 03:07:16.434	2026-09-24 04:08:16.763	annotate_trace.20260924_011756.txt	final
v1.9.0-rc1_container	Parastagonospora_nodorum	TRAIN_PREDICT:RNASEQ_PREPARE	TRAIN_PREDICT:RNASEQ_PREPARE (Parastagonospora_nodorum)	COMPLETED	0	3750.0	1263.9	3.8	peak_rss	13.165625000000002	1	16	52.0	epyc		2026-09-24 01:19:03.182	2026-09-24 03:10:16.516	2026-09-24 04:13:16.726	annotate_trace.20260924_011756.txt	final
v1.9.0-rc1_container	Tremella_mesenterica_Fries	TRAIN_PREDICT:FUNANNOTATE_PREDICT	TRAIN_PREDICT:FUNANNOTATE_PREDICT (Tremella_mesenterica_Fries)	COMPLETED	0	6955.0	653.9	8.0	peak_rss	12.632984722222222	1	8	32.0	epyc		2026-09-24 01:18:47.182	2026-09-24 02:18:16.277	2026-09-24 04:14:16.756	annotate_trace.20260924_011756.txt	final
v1.9.0-rc1_container	Aspergillus_clavatus_NRRL_1	TRAIN_PREDICT:FUNANNOTATE_PREDICT	TRAIN_PREDICT:FUNANNOTATE_PREDICT (Aspergillus_clavatus_NRRL_1)	COMPLETED	0	6201.0	670.9	11.2	peak_rss	11.5562525	1	8	32.0	epyc		2026-09-24 01:18:51.185	2026-09-24 02:32:16.266	2026-09-24 04:15:16.775	annotate_trace.20260924_011756.txt	final
v1.9.0-rc1_container	Orbilia_oligospora	TRAIN_PREDICT:RNASEQ_PREPARE	TRAIN_PREDICT:RNASEQ_PREPARE (Orbilia_oligospora)	COMPLETED	0	4783.0	1241.9	3.5	peak_rss	16.50002138888889	1	16	52.0	epyc		2026-09-24 01:18:57.183	2026-09-24 03:02:16.405	2026-09-24 04:22:16.840	annotate_trace.20260924_011756.txt	final
v1.9.0-rc1_container	Pyrenophora_tritici-repentis	TRAIN_PREDICT:RNASEQ_PREPARE	TRAIN_PREDICT:RNASEQ_PREPARE (Pyrenophora_tritici-repentis)	COMPLETED	0	4786.0	1204.6	3.7	peak_rss	16.014487777777777	1	16	52.0	epyc		2026-09-24 01:18:59.181	2026-09-24 03:03:16.475	2026-09-24 04:23:16.842	annotate_trace.20260924_011756.txt	final
v1.9.0-rc1_container	Dactylellina_haptotyla_CBS_200.50	TRAIN_PREDICT:FUNANNOTATE_PREDICT	TRAIN_PREDICT:FUNANNOTATE_PREDICT (Dactylellina_haptotyla_CBS_200.50)	COMPLETED	0	3837.0	582.2	2.6	peak_rss	6.205281666666667	1	8	32.0	epyc		2026-09-24 01:19:15.191	2026-09-24 03:20:16.539	2026-09-24 04:24:17.017	annotate_trace.20260924_011756.txt	final
v1.9.0-rc1_container	Yarrowia_lipolytica	TRAIN_PREDICT:RNASEQ_PREPARE	TRAIN_PREDICT:RNASEQ_PREPARE (Yarrowia_lipolytica)	COMPLETED	0	2694.0	1179.5	1.8	peak_rss	8.826591666666666	1	16	52.0	epyc		2026-09-24 01:19:11.188	2026-09-24 03:51:16.718	2026-09-24 04:36:16.890	annotate_trace.20260924_011756.txt	final
v1.9.0-rc1_container	Talaromyces_stipitatus_ATCC_10500	TRAIN_PREDICT:FUNANNOTATE_PREDICT	TRAIN_PREDICT:FUNANNOTATE_PREDICT (Talaromyces_stipitatus_ATCC_10500)	COMPLETED	0	5965.0	610.9	11.1	peak_rss	10.122273611111112	1	8	32.0	epyc		2026-09-24 01:19:05.180	2026-09-24 03:04:16.500	2026-09-24 04:44:16.929	annotate_trace.20260924_011756.txt	final
v1.9.0-rc1_container	Tilletiaria_anomala	TRAIN_PREDICT:RNASEQ_PREPARE	TRAIN_PREDICT:RNASEQ_PREPARE (Tilletiaria_anomala)	COMPLETED	0	2124.0	1214.2	2.2	peak_rss	7.16378	1	16	52.0	epyc		2026-09-24 01:19:17.180	2026-09-24 04:14:16.850	2026-09-24 04:50:17.051	annotate_trace.20260924_011756.txt	final
v1.9.0-rc1_container	Morchella_importuna	TRAIN_PREDICT:RNASEQ_PREPARE	TRAIN_PREDICT:RNASEQ_PREPARE (Morchella_importuna)	COMPLETED	0	4860.0	1106.8	6.9	peak_rss	14.9418	1	16	52.0	epyc		2026-09-24 01:19:09.180	2026-09-24 03:30:16.637	2026-09-24 04:51:16.951	annotate_trace.20260924_011756.txt	final
v1.9.0-rc1_container	Pyrenophora_teres	TRAIN_PREDICT:RNASEQ_PREPARE	TRAIN_PREDICT:RNASEQ_PREPARE (Pyrenophora_teres)	COMPLETED	0	1327.0	1273.1	4.4	peak_rss	4.692788055555556	1	16	52.0	epyc		2026-09-24 01:19:23.178	2026-09-24 04:31:16.875	2026-09-24 04:54:17.015	annotate_trace.20260924_011756.txt	final
v1.9.0-rc1_container	Pneumocystis_murina_B123	TRAIN_PREDICT:FUNANNOTATE_PREDICT	TRAIN_PREDICT:FUNANNOTATE_PREDICT (Pneumocystis_murina_B123)	COMPLETED	0	3026.0	693.9	2.6	peak_rss	5.832615	1	8	32.0	epyc		2026-09-24 01:19:25.176	2026-09-24 04:04:16.771	2026-09-24 04:55:17.012	annotate_trace.20260924_011756.txt	final
v1.9.0-rc1_container	Synchytrium_microbalum_JEL517	TRAIN_PREDICT:FUNANNOTATE_PREDICT	TRAIN_PREDICT:FUNANNOTATE_PREDICT (Synchytrium_microbalum_JEL517)	COMPLETED	0	3154.0	662.8	5.2	peak_rss	5.806864444444443	1	8	32.0	epyc		2026-09-24 01:19:31.183	2026-09-24 04:14:16.854	2026-09-24 05:07:16.983	annotate_trace.20260924_011756.txt	final
v1.9.0-rc1_container	Zygosaccharomyces_rouxii	TRAIN_PREDICT:RNASEQ_PREPARE	TRAIN_PREDICT:RNASEQ_PREPARE (Zygosaccharomyces_rouxii)	COMPLETED	0	1014.0	1116.0	2.7	peak_rss	3.1434	1	16	52.0	epyc		2026-09-24 01:19:33.380	2026-09-24 04:51:17.084	2026-09-24 05:09:17.100	annotate_trace.20260924_011756.txt	final
v1.9.0-rc1_container	Uncinocarpus_reesii_1704	TRAIN_PREDICT:FUNANNOTATE_PREDICT	TRAIN_PREDICT:FUNANNOTATE_PREDICT (Uncinocarpus_reesii_1704)	COMPLETED	0	5377.0	651.0	11.6	peak_rss	9.723408333333332	1	8	32.0	epyc		2026-09-24 01:19:19.181	2026-09-24 03:45:16.699	2026-09-24 05:15:17.095	annotate_trace.20260924_011756.txt	final
v1.9.0-rc1_container	Schizophyllum_commune	TRAIN_PREDICT:RNASEQ_PREPARE	TRAIN_PREDICT:RNASEQ_PREPARE (Schizophyllum_commune)	COMPLETED	0	3206.0	1229.8	2.6	peak_rss	10.952052222222223	1	16	52.0	epyc		2026-09-24 01:19:21.252	2026-09-24 04:24:17.019	2026-09-24 05:18:17.026	annotate_trace.20260924_011756.txt	final
v1.9.0-rc1_container	Letharia_columbiana_WasteWater2	TRAIN_PREDICT:FUNANNOTATE_PREDICT	TRAIN_PREDICT:FUNANNOTATE_PREDICT (Letharia_columbiana_WasteWater2)	COMPLETED	0	4495.0	616.7	4.3	peak_rss	7.7001847222222235	1	8	32.0	epyc		2026-09-24 01:19:35.175	2026-09-24 04:16:16.763	2026-09-24 05:31:17.102	annotate_trace.20260924_011756.txt	final
v1.9.0-rc1_container	Tilletiopsis_washingtonensis	TRAIN_PREDICT:RNASEQ_PREPARE	TRAIN_PREDICT:RNASEQ_PREPARE (Tilletiopsis_washingtonensis)	COMPLETED	0	2468.0	1228.5	1.7	peak_rss	8.42205	1	16	52.0	epyc		2026-09-24 01:19:29.184	2026-09-24 04:50:17.056	2026-09-24 05:32:17.100	annotate_trace.20260924_011756.txt	final
v1.9.0-rc1_container	Sugiyamaella_lignohabitans_CBS_10342	TRAIN_PREDICT:FUNANNOTATE_PREDICT	TRAIN_PREDICT:FUNANNOTATE_PREDICT (Sugiyamaella_lignohabitans_CBS_10342)	COMPLETED	0	4200.0	652.6	12.3	peak_rss	7.613666666666667	1	8	32.0	epyc		2026-09-24 01:19:37.197	2026-09-24 04:24:17.035	2026-09-24 05:35:17.122	annotate_trace.20260924_011756.txt	final
v1.9.0-rc1_container	Wallemia_mellicola_CBS_633.66	TRAIN_PREDICT:FUNANNOTATE_PREDICT	TRAIN_PREDICT:FUNANNOTATE_PREDICT (Wallemia_mellicola_CBS_633.66)	COMPLETED	0	3252.0	633.8	2.8	peak_rss	5.725326666666666	1	8	32.0	epyc		2026-09-24 01:19:43.177	2026-09-24 04:46:16.999	2026-09-24 05:40:17.173	annotate_trace.20260924_011756.txt	final
v1.9.0-rc1_container	Aspergillus_fumigatus	TRAIN_PREDICT:RNASEQ_PREPARE	TRAIN_PREDICT:RNASEQ_PREPARE (Aspergillus_fumigatus)	COMPLETED	0	3619.0	1290.1	3.9	peak_rss	12.96908861111111	1	16	52.0	epyc		2026-09-24 01:19:41.216	2026-09-24 05:02:17.021	2026-09-24 06:02:17.284	annotate_trace.20260924_011756.txt	final
v1.9.0-rc1_container	Botrytis_cinerea	TRAIN_PREDICT:RNASEQ_PREPARE	TRAIN_PREDICT:RNASEQ_PREPARE (Botrytis_cinerea)	COMPLETED	0	5084.0	1266.0	2.6	peak_rss	17.878733333333333	1	16	52.0	epyc		2026-09-24 01:19:27.185	2026-09-24 04:39:16.961	2026-09-24 06:04:17.384	annotate_trace.20260924_011756.txt	final
v1.9.0-rc1_container	Eremothecium_gossypii_ATCC_10895	TRAIN_PREDICT:FUNANNOTATE_PREDICT	TRAIN_PREDICT:FUNANNOTATE_PREDICT (Eremothecium_gossypii_ATCC_10895)	COMPLETED	0	10594.0	294.6	3.3	peak_rss	8.669423333333334	1	8	32.0	epyc		2026-09-24 01:19:13.182	2026-09-24 03:12:16.457	2026-09-24 06:09:17.388	annotate_trace.20260924_011756.txt	final
v1.9.0-rc1_container	Malassezia_sympodialis	TRAIN_PREDICT:RNASEQ_PREPARE	TRAIN_PREDICT:RNASEQ_PREPARE (Malassezia_sympodialis)	COMPLETED	0	1380.0	1158.2	1.0	peak_rss	4.439766666666667	1	16	52.0	epyc		2026-09-24 01:19:57.190	2026-09-24 05:52:17.318	2026-09-24 06:15:17.469	annotate_trace.20260924_011756.txt	final
v1.9.0-rc1_container	Blastomyces_dermatitidis_ER-3	TRAIN_PREDICT:FUNANNOTATE_PREDICT	TRAIN_PREDICT:FUNANNOTATE_PREDICT (Blastomyces_dermatitidis_ER-3)	COMPLETED	0	6052.0	641.2	23.2	peak_rss	10.779284444444444	1	8	32.0	epyc		2026-09-24 01:19:39.177	2026-09-24 04:35:16.972	2026-09-24 06:17:17.426	annotate_trace.20260924_011756.txt	final
v1.9.0-rc1_container	Protomyces_lactucae-debilis	TRAIN_PREDICT:RNASEQ_PREPARE	TRAIN_PREDICT:RNASEQ_PREPARE (Protomyces_lactucae-debilis)	COMPLETED	0	1240.0	1235.8	4.6	peak_rss	4.256644444444444	1	16	52.0	epyc		2026-09-24 01:20:01.183	2026-09-24 06:04:17.390	2026-09-24 06:25:17.692	annotate_trace.20260924_011756.txt	final
v1.9.0-rc1_container	Lipomyces_tetrasporus	TRAIN_PREDICT:RNASEQ_PREPARE	TRAIN_PREDICT:RNASEQ_PREPARE (Lipomyces_tetrasporus)	COMPLETED	0	4275.0	1289.2	3.0	peak_rss	15.309250000000002	1	16	52.0	epyc		2026-09-24 01:19:49.177	2026-09-24 05:18:17.148	2026-09-24 06:30:17.540	annotate_trace.20260924_011756.txt	final
v1.9.0-rc1_container	Sclerotinia_sclerotiorum	TRAIN_PREDICT:RNASEQ_PREPARE	TRAIN_PREDICT:RNASEQ_PREPARE (Sclerotinia_sclerotiorum)	COMPLETED	0	3854.0	1220.3	2.8	peak_rss	13.063989444444443	1	16	52.0	epyc		2026-09-24 01:19:55.179	2026-09-24 05:40:17.247	2026-09-24 06:45:17.631	annotate_trace.20260924_011756.txt	final
v1.9.0-rc1_container	Gaeumannomyces_tritici	TRAIN_PREDICT:RNASEQ_PREPARE	TRAIN_PREDICT:RNASEQ_PREPARE (Gaeumannomyces_tritici)	COMPLETED	0	5060.0	1214.6	2.6	peak_rss	17.071877777777775	1	16	52.0	epyc		2026-09-24 01:19:51.183	2026-09-24 05:20:17.116	2026-09-24 06:45:17.613	annotate_trace.20260924_011756.txt	final
v1.9.0-rc1_container	Chaetomium_globosum	TRAIN_PREDICT:RNASEQ_PREPARE	TRAIN_PREDICT:RNASEQ_PREPARE (Chaetomium_globosum)	COMPLETED	0	5446.0	1236.2	2.8	peak_rss	18.700958888888888	1	16	52.0	epyc		2026-09-24 01:19:53.178	2026-09-24 05:32:17.180	2026-09-24 07:03:17.638	annotate_trace.20260924_011756.txt	final
v1.9.0-rc1_container	Laccaria_bicolor_S238N-H82	TRAIN_PREDICT:FUNANNOTATE_PREDICT	TRAIN_PREDICT:FUNANNOTATE_PREDICT (Laccaria_bicolor_S238N-H82)	COMPLETED	0	8915.0	644.7	6.9	peak_rss	15.965279166666665	1	8	32.0	epyc		2026-09-24 01:19:47.174	2026-09-24 04:48:16.934	2026-09-24 07:17:17.792	annotate_trace.20260924_011756.txt	final
v1.9.0-rc1_container	Pseudogymnoascus_destructans	TRAIN_PREDICT:RNASEQ_PREPARE	TRAIN_PREDICT:RNASEQ_PREPARE (Pseudogymnoascus_destructans)	COMPLETED	0	3785.0	1171.1	2.9	peak_rss	12.312815277777776	1	16	52.0	epyc		2026-09-24 01:20:03.178	2026-09-24 06:15:17.553	2026-09-24 07:19:17.899	annotate_trace.20260924_011756.txt	final
v1.9.0-rc1_container	Mucor_mucedo	TRAIN_PREDICT:RNASEQ_PREPARE	TRAIN_PREDICT:RNASEQ_PREPARE (Mucor_mucedo)	COMPLETED	0	4620.0	1173.7	2.1	peak_rss	15.062483333333335	1	16	52.0	epyc		2026-09-24 01:19:59.173	2026-09-24 06:02:17.458	2026-09-24 07:20:17.805	annotate_trace.20260924_011756.txt	final
v1.9.0-rc1_container	Colletotrichum_graminicola	TRAIN_PREDICT:RNASEQ_PREPARE	TRAIN_PREDICT:RNASEQ_PREPARE (Colletotrichum_graminicola)	COMPLETED	0	4472.0	1165.1	3.3	peak_rss	14.47313111111111	1	16	52.0	epyc		2026-09-24 01:20:05.181	2026-09-24 06:25:17.757	2026-09-24 07:40:17.757	annotate_trace.20260924_011756.txt	final
v1.9.0-rc1_container	Lachancea_thermotolerans	TRAIN_PREDICT:RNASEQ_PREPARE	TRAIN_PREDICT:RNASEQ_PREPARE (Lachancea_thermotolerans)	COMPLETED	0	1431.0	1275.1	1.2	peak_rss	5.0685225	1	16	52.0	epyc		2026-09-24 01:20:17.179	2026-09-24 07:19:17.904	2026-09-24 07:43:17.836	annotate_trace.20260924_011756.txt	final
v1.9.0-rc1_container	Tricharina_praecox	TRAIN_PREDICT:RNASEQ_PREPARE	TRAIN_PREDICT:RNASEQ_PREPARE (Tricharina_praecox)	COMPLETED	0	4563.0	1222.4	3.0	peak_rss	15.493920000000001	1	16	52.0	epyc		2026-09-24 01:20:07.621	2026-09-24 06:31:17.493	2026-09-24 07:49:17.865	annotate_trace.20260924_011756.txt	final
v1.9.0-rc1_container	Cokeromyces_recurvatus	TRAIN_PREDICT:RNASEQ_PREPARE	TRAIN_PREDICT:RNASEQ_PREPARE (Cokeromyces_recurvatus)	COMPLETED	0	3471.0	1228.1	2.2	peak_rss	11.840930833333331	1	16	52.0	epyc		2026-09-24 01:20:11.192	2026-09-24 06:52:17.632	2026-09-24 07:50:17.829	annotate_trace.20260924_011756.txt	final
v1.9.0-rc1_container	Drepanopeziza_brunnea	TRAIN_PREDICT:RNASEQ_PREPARE	TRAIN_PREDICT:RNASEQ_PREPARE (Drepanopeziza_brunnea)	COMPLETED	0	278.0	1122.7	3.0	peak_rss	0.8669738888888889	1	16	52.0	epyc		2026-09-24 01:20:25.223	2026-09-24 07:49:17.867	2026-09-24 07:54:17.901	annotate_trace.20260924_011756.txt	final
v1.9.0-rc1_container	Trichosporon_asahii	TRAIN_PREDICT:RNASEQ_PREPARE	TRAIN_PREDICT:RNASEQ_PREPARE (Trichosporon_asahii)	COMPLETED	0	3151.0	1252.5	2.2	peak_rss	10.962854166666668	1	16	52.0	epyc		2026-09-24 01:20:13.180	2026-09-24 07:03:17.642	2026-09-24 07:56:17.854	annotate_trace.20260924_011756.txt	final
v1.9.0-rc1_container	Umbelopsis_ramanniana	TRAIN_PREDICT:RNASEQ_PREPARE	TRAIN_PREDICT:RNASEQ_PREPARE (Umbelopsis_ramanniana)	COMPLETED	0	3263.0	1199.6	2.1	peak_rss	10.87304111111111	1	16	52.0	epyc		2026-09-24 01:20:15.177	2026-09-24 07:08:17.663	2026-09-24 08:03:18.025	annotate_trace.20260924_011756.txt	final
v1.9.0-rc1_container	Batrachochytrium_dendrobatidis	TRAIN_PREDICT:RNASEQ_PREPARE	TRAIN_PREDICT:RNASEQ_PREPARE (Batrachochytrium_dendrobatidis)	COMPLETED	0	4732.0	1210.1	11.1	peak_rss	15.906092222222222	1	16	52.0	epyc		2026-09-24 01:20:09.200	2026-09-24 06:45:17.649	2026-09-24 08:04:17.892	annotate_trace.20260924_011756.txt	overhead
v1.9.0-rc1_container	Morchella_sextelata	TRAIN_PREDICT:RNASEQ_PREPARE	TRAIN_PREDICT:RNASEQ_PREPARE (Morchella_sextelata)	COMPLETED	0	10552.0	1265.4	14.7	peak_rss	37.09028000000001	1	16	52.0	epyc		2026-09-24 01:19:45.176	2026-09-24 05:09:17.104	2026-09-24 08:05:17.894	annotate_trace.20260924_011756.txt	final
v1.9.0-rc1_container	Saccharomyces_cerevisiae	TRAIN_PREDICT:RNASEQ_PREPARE	TRAIN_PREDICT:RNASEQ_PREPARE (Saccharomyces_cerevisiae)	COMPLETED	0	1451.0	1244.9	1.8	peak_rss	5.017638611111112	1	16	52.0	epyc		2026-09-24 01:20:23.200	2026-09-24 07:43:17.840	2026-09-24 08:08:17.970	annotate_trace.20260924_011756.txt	final
v1.9.0-rc1_container	Rhizopus_microsporus_ATCC_52813	TRAIN_PREDICT:FUNANNOTATE_TRAIN	TRAIN_PREDICT:FUNANNOTATE_TRAIN (Rhizopus_microsporus_ATCC_52813)	FAILED	1	1200.0					1	8	48.0	epyc		2026-09-24 01:40:17.187	2026-09-24 08:03:18.075	2026-09-24 08:23:18.392	annotate_trace.20260924_011756.txt	overhead
v1.9.0-rc1_container	Malassezia_globosa_CBS_7966	TRAIN_PREDICT:FUNANNOTATE_TRAIN	TRAIN_PREDICT:FUNANNOTATE_TRAIN (Malassezia_globosa_CBS_7966)	COMPLETED	0	1479.0	220.8	1.7	peak_rss	0.90712	1	8	48.0	epyc		2026-09-24 02:42:16.563	2026-09-24 08:09:17.967	2026-09-24 08:34:18.161	annotate_trace.20260924_011756.txt	final
v1.9.0-rc1_container	Fusarium_verticillioides	TRAIN_PREDICT:RNASEQ_PREPARE	TRAIN_PREDICT:RNASEQ_PREPARE (Fusarium_verticillioides)	COMPLETED	0	4848.0	1237.6	3.6	peak_rss	16.666346666666666	1	16	52.0	epyc		2026-09-24 01:20:19.188	2026-09-24 07:20:17.809	2026-09-24 08:41:18.131	annotate_trace.20260924_011756.txt	final
v1.9.0-rc1_container	Kluyveromyces_lactis_NRRL_Y-1140	TRAIN_PREDICT:FUNANNOTATE_TRAIN	TRAIN_PREDICT:FUNANNOTATE_TRAIN (Kluyveromyces_lactis_NRRL_Y-1140)	COMPLETED	0	1089.0	218.6	1.9	peak_rss	0.661265	1	8	48.0	epyc		2026-09-24 03:06:16.876	2026-09-24 08:28:18.131	2026-09-24 08:46:18.291	annotate_trace.20260924_011756.txt	final
v1.9.0-rc1_container	Zymoseptoria_tritici	TRAIN_PREDICT:RNASEQ_PREPARE	TRAIN_PREDICT:RNASEQ_PREPARE (Zymoseptoria_tritici)	COMPLETED	0	4127.0	1118.4	7.4	peak_rss	12.821213333333334	1	16	52.0	epyc		2026-09-24 01:20:21.234	2026-09-24 07:40:17.840	2026-09-24 08:49:18.167	annotate_trace.20260924_011756.txt	final
v1.9.0-rc1_container	Malassezia_globosa_CBS_7966	TRAIN_PREDICT:FUNANNOTATE_PREDICT	TRAIN_PREDICT:FUNANNOTATE_PREDICT (Malassezia_globosa_CBS_7966)	COMPLETED	0	1005.0	573.0	3.5	peak_rss	1.599625	1	8	32.0	epyc		2026-09-24 08:34:18.419	2026-09-24 08:35:18.177	2026-09-24 08:52:18.169	annotate_trace.20260924_011756.txt	final
v1.9.0-rc1_container	Cryptococcus_neoformans_H99	TRAIN_PREDICT:FUNANNOTATE_TRAIN	TRAIN_PREDICT:FUNANNOTATE_TRAIN (Cryptococcus_neoformans_H99)	COMPLETED	0	3403.0	255.0	1.9	peak_rss	2.410458333333333	1	8	48.0	epyc		2026-09-24 02:25:16.693	2026-09-24 08:05:17.960	2026-09-24 09:02:18.206	annotate_trace.20260924_011756.txt	final
v1.9.0-rc1_container	Cryptococcus_deneoformans_JEC21	TRAIN_PREDICT:FUNANNOTATE_TRAIN	TRAIN_PREDICT:FUNANNOTATE_TRAIN (Cryptococcus_deneoformans_JEC21)	COMPLETED	0	3045.0	269.2	1.9	peak_rss	2.276983333333333	1	8	48.0	epyc		2026-09-24 02:50:16.668	2026-09-24 08:14:18.073	2026-09-24 09:05:18.244	annotate_trace.20260924_011756.txt	final
v1.9.0-rc1_container	Allomyces_macrogynus_ATCC_38327	TRAIN_PREDICT:FUNANNOTATE_TRAIN	TRAIN_PREDICT:FUNANNOTATE_TRAIN (Allomyces_macrogynus_ATCC_38327)	COMPLETED	0	3590.0	364.4	1.9	peak_rss	3.6338777777777773	1	8	48.0	epyc		2026-09-24 02:33:16.447	2026-09-24 08:08:17.973	2026-09-24 09:08:18.293	annotate_trace.20260924_011756.txt	final
v1.9.0-rc1_container	Fusarium_oxysporum	TRAIN_PREDICT:RNASEQ_PREPARE	TRAIN_PREDICT:RNASEQ_PREPARE (Fusarium_oxysporum)	COMPLETED	0	5404.0	1148.3	5.7	peak_rss	17.237258888888885	1	16	52.0	epyc		2026-09-24 01:20:27.177	2026-09-24 07:51:17.815	2026-09-24 09:21:18.338	annotate_trace.20260924_011756.txt	final
v1.9.0-rc1_container	Pyrenophora_teres_0-1	TRAIN_PREDICT:FUNANNOTATE_TRAIN	TRAIN_PREDICT:FUNANNOTATE_TRAIN (Pyrenophora_teres_0-1)	COMPLETED	0	711.0	310.1	0.8137000000000001	peak_rss	0.6124475000000001	1	8	48.0	epyc		2026-09-24 04:54:17.250	2026-09-24 09:17:18.366	2026-09-24 09:29:18.398	annotate_trace.20260924_011756.txt	final
v1.9.0-rc1_container	Tilletiaria_anomala_UBC_951	TRAIN_PREDICT:FUNANNOTATE_TRAIN	TRAIN_PREDICT:FUNANNOTATE_TRAIN (Tilletiaria_anomala_UBC_951)	COMPLETED	0	1500.0	244.7	1.5	peak_rss	1.0195833333333335	1	8	48.0	epyc		2026-09-24 04:50:17.312	2026-09-24 09:06:18.268	2026-09-24 09:31:18.372	annotate_trace.20260924_011756.txt	final
v1.9.0-rc1_container	Yarrowia_lipolytica_CLIB122	TRAIN_PREDICT:FUNANNOTATE_TRAIN	TRAIN_PREDICT:FUNANNOTATE_TRAIN (Yarrowia_lipolytica_CLIB122)	COMPLETED	0	1904.0	262.4	2.0	peak_rss	1.3878044444444442	1	8	48.0	epyc		2026-09-24 04:36:17.359	2026-09-24 09:02:18.264	2026-09-24 09:34:18.453	annotate_trace.20260924_011756.txt	final
v1.9.0-rc1_container	Talaromyces_marneffei_ATCC_18224	TRAIN_PREDICT:FUNANNOTATE_TRAIN	TRAIN_PREDICT:FUNANNOTATE_TRAIN (Talaromyces_marneffei_ATCC_18224)	COMPLETED	0	3271.0	296.5	2.0	peak_rss	2.6940319444444443	1	8	48.0	epyc		2026-09-24 03:35:16.745	2026-09-24 08:46:18.294	2026-09-24 09:40:18.495	annotate_trace.20260924_011756.txt	final
v1.9.0-rc1_container	Zygosaccharomyces_rouxii_CBS_732	TRAIN_PREDICT:FUNANNOTATE_TRAIN	TRAIN_PREDICT:FUNANNOTATE_TRAIN (Zygosaccharomyces_rouxii_CBS_732)	COMPLETED	0	961.0	233.0	1.8	peak_rss	0.6219805555555555	1	8	48.0	epyc		2026-09-24 05:09:17.392	2026-09-24 09:24:18.347	2026-09-24 09:40:18.500	annotate_trace.20260924_011756.txt	final
v1.9.0-rc1_container	Rhizopus_delemar_RA_99-880	TRAIN_PREDICT:FUNANNOTATE_TRAIN	TRAIN_PREDICT:FUNANNOTATE_TRAIN (Rhizopus_delemar_RA_99-880)	COMPLETED	0	4196.0	372.4	2.3	peak_rss	4.340528888888889	1	8	48.0	epyc		2026-09-24 03:19:16.663	2026-09-24 08:34:18.163	2026-09-24 09:44:18.525	annotate_trace.20260924_011756.txt	final
v1.9.0-rc1_container	Parastagonospora_nodorum_SN15	TRAIN_PREDICT:FUNANNOTATE_TRAIN	TRAIN_PREDICT:FUNANNOTATE_TRAIN (Parastagonospora_nodorum_SN15)	COMPLETED	0	3764.0	285.6	3.7	peak_rss	2.986106666666667	1	8	48.0	epyc		2026-09-24 04:13:17.025	2026-09-24 08:49:18.219	2026-09-24 09:52:18.577	annotate_trace.20260924_011756.txt	final
v1.9.0-rc1_container	Schizophyllum_commune_H4-8	TRAIN_PREDICT:FUNANNOTATE_TRAIN	TRAIN_PREDICT:FUNANNOTATE_TRAIN (Schizophyllum_commune_H4-8)	COMPLETED	0	1387.0	254.0	1.8	peak_rss	0.9786055555555555	1	8	48.0	epyc		2026-09-24 05:18:17.366	2026-09-24 09:29:18.401	2026-09-24 09:53:18.525	annotate_trace.20260924_011756.txt	final
v1.9.0-rc1_container	Phycomyces_blakesleeanus_NRRL_1555_-	TRAIN_PREDICT:FUNANNOTATE_TRAIN	TRAIN_PREDICT:FUNANNOTATE_TRAIN (Phycomyces_blakesleeanus_NRRL_1555_-)	COMPLETED	0	5617.0	347.3	2.5	peak_rss	5.418844722222223	1	8	48.0	epyc		2026-09-24 03:01:16.618	2026-09-24 08:23:18.402	2026-09-24 09:57:18.547	annotate_trace.20260924_011756.txt	final
v1.9.0-rc1_container	Orbilia_oligospora_ATCC_24927	TRAIN_PREDICT:FUNANNOTATE_TRAIN	TRAIN_PREDICT:FUNANNOTATE_TRAIN (Orbilia_oligospora_ATCC_24927)	COMPLETED	0	4075.0	277.4	1.9	peak_rss	3.1400138888888884	1	8	48.0	epyc		2026-09-24 04:22:17.088	2026-09-24 08:53:18.219	2026-09-24 10:01:18.564	annotate_trace.20260924_011756.txt	final
v1.9.0-rc1_container	Morchella_importuna_M04M26	TRAIN_PREDICT:FUNANNOTATE_TRAIN	TRAIN_PREDICT:FUNANNOTATE_TRAIN (Morchella_importuna_M04M26)	COMPLETED	0	3267.0	333.6	1.9	peak_rss	3.02742	1	8	48.0	epyc		2026-09-24 04:51:17.236	2026-09-24 09:08:18.296	2026-09-24 10:03:18.650	annotate_trace.20260924_011756.txt	final
v1.9.0-rc1_container	Pyrenophora_tritici-repentis_Pt-1C-BFP	TRAIN_PREDICT:FUNANNOTATE_TRAIN	TRAIN_PREDICT:FUNANNOTATE_TRAIN (Pyrenophora_tritici-repentis_Pt-1C-BFP)	COMPLETED	0	3997.0	311.8	2.1	peak_rss	3.4618461111111114	1	8	48.0	epyc		2026-09-24 04:23:16.980	2026-09-24 09:00:18.281	2026-09-24 10:07:18.637	annotate_trace.20260924_011756.txt	final
v1.9.0-rc1_container	Malassezia_sympodialis_ATCC_42132	TRAIN_PREDICT:FUNANNOTATE_TRAIN	TRAIN_PREDICT:FUNANNOTATE_TRAIN (Malassezia_sympodialis_ATCC_42132)	COMPLETED	0	1236.0	277.5	1.3	peak_rss	0.95275	1	8	48.0	epyc		2026-09-24 06:15:17.848	2026-09-24 09:47:18.533	2026-09-24 10:08:18.621	annotate_trace.20260924_011756.txt	final
v1.9.0-rc1_container	Protomyces_lactucae-debilis_12-1054	TRAIN_PREDICT:FUNANNOTATE_TRAIN	TRAIN_PREDICT:FUNANNOTATE_TRAIN (Protomyces_lactucae-debilis_12-1054)	COMPLETED	0	1269.0	217.8	1.8	peak_rss	0.7677449999999999	1	8	48.0	epyc		2026-09-24 06:25:18.119	2026-09-24 09:49:18.607	2026-09-24 10:10:18.691	annotate_trace.20260924_011756.txt	final
v1.9.0-rc1_container	Tilletiopsis_washingtonensis_MCA_4186	TRAIN_PREDICT:FUNANNOTATE_TRAIN	TRAIN_PREDICT:FUNANNOTATE_TRAIN (Tilletiopsis_washingtonensis_MCA_4186)	COMPLETED	0	2141.0	248.7	1.7	peak_rss	1.479074166666667	1	8	48.0	epyc		2026-09-24 05:32:17.273	2026-09-24 09:35:18.454	2026-09-24 10:11:18.701	annotate_trace.20260924_011756.txt	final
v1.9.0-rc1_container	Aspergillus_fumigatus_Af293	TRAIN_PREDICT:FUNANNOTATE_TRAIN	TRAIN_PREDICT:FUNANNOTATE_TRAIN (Aspergillus_fumigatus_Af293)	COMPLETED	0	2409.0	259.2	1.9	peak_rss	1.73448	1	8	48.0	epyc		2026-09-24 06:02:17.641	2026-09-24 09:42:18.463	2026-09-24 10:23:18.719	annotate_trace.20260924_011756.txt	final
v1.9.0-rc1_container	Lachancea_thermotolerans_CBS_6340	TRAIN_PREDICT:FUNANNOTATE_TRAIN	TRAIN_PREDICT:FUNANNOTATE_TRAIN (Lachancea_thermotolerans_CBS_6340)	COMPLETED	0	805.0	280.1	1.4	peak_rss	0.6263347222222223	1	8	48.0	epyc		2026-09-24 07:43:18.658	2026-09-24 10:19:18.762	2026-09-24 10:33:18.848	annotate_trace.20260924_011756.txt	final
v1.9.0-rc1_container	Drepanopeziza_brunnea_MB_m1	TRAIN_PREDICT:FUNANNOTATE_TRAIN	TRAIN_PREDICT:FUNANNOTATE_TRAIN (Drepanopeziza_brunnea_MB_m1)	COMPLETED	0	0.176	11.4	0.0031000000000000003	peak_rss	5.573333333333333e-06	1	8	48.0	epyc		2026-09-24 07:54:18.151	2026-09-24 10:35:18.763	2026-09-24 10:36:18.820	annotate_trace.20260924_011756.txt	overhead
v1.9.0-rc1_container	Botrytis_cinerea_B05.10	TRAIN_PREDICT:FUNANNOTATE_TRAIN	TRAIN_PREDICT:FUNANNOTATE_TRAIN (Botrytis_cinerea_B05.10)	COMPLETED	0	3075.0	279.7	2.2	peak_rss	2.3891041666666664	1	8	48.0	epyc		2026-09-24 06:04:17.618	2026-09-24 09:45:18.496	2026-09-24 10:37:18.774	annotate_trace.20260924_011756.txt	final
v1.9.0-rc1_container	Batrachochytrium_dendrobatidis_JAM81	TRAIN_PREDICT:FUNANNOTATE_TRAIN	TRAIN_PREDICT:FUNANNOTATE_TRAIN (Batrachochytrium_dendrobatidis_JAM81)	FAILED	1	0.002					1	8	48.0	epyc		2026-09-24 08:04:18.132	2026-09-24 10:37:18.846	2026-09-24 10:37:18.848	annotate_trace.20260924_011756.txt	overhead
v1.9.0-rc1_container	Lipomyces_tetrasporus_NRRL_Y-64009	TRAIN_PREDICT:FUNANNOTATE_TRAIN	TRAIN_PREDICT:FUNANNOTATE_TRAIN (Lipomyces_tetrasporus_NRRL_Y-64009)	COMPLETED	0	2721.0	301.3	1.9	peak_rss	2.2773258333333333	1	8	48.0	epyc		2026-09-24 06:30:19.104	2026-09-24 09:52:18.610	2026-09-24 10:38:18.779	annotate_trace.20260924_011756.txt	final
v1.9.0-rc1_container	Mucor_mucedo_NRRL_3635	TRAIN_PREDICT:FUNANNOTATE_TRAIN	TRAIN_PREDICT:FUNANNOTATE_TRAIN (Mucor_mucedo_NRRL_3635)	COMPLETED	0	2538.0	349.0	2.7	peak_rss	2.46045	1	8	48.0	epyc		2026-09-24 07:20:18.212	2026-09-24 10:08:18.636	2026-09-24 10:50:18.806	annotate_trace.20260924_011756.txt	final
v1.9.0-rc1_container	Pseudogymnoascus_destructans_20631-21	TRAIN_PREDICT:FUNANNOTATE_TRAIN	TRAIN_PREDICT:FUNANNOTATE_TRAIN (Pseudogymnoascus_destructans_20631-21)	COMPLETED	0	2837.0	292.3	1.6	peak_rss	2.3034863888888886	1	8	48.0	epyc		2026-09-24 07:19:18.160	2026-09-24 10:03:18.653	2026-09-24 10:50:18.804	annotate_trace.20260924_011756.txt	final
v1.9.0-rc1_container	Sclerotinia_sclerotiorum_1980	TRAIN_PREDICT:FUNANNOTATE_TRAIN	TRAIN_PREDICT:FUNANNOTATE_TRAIN (Sclerotinia_sclerotiorum_1980)	COMPLETED	0	3467.0	296.7	1.9	peak_rss	2.8573858333333333	1	8	48.0	epyc		2026-09-24 06:45:17.956	2026-09-24 09:53:18.605	2026-09-24 10:51:18.803	annotate_trace.20260924_011756.txt	final
v1.9.0-rc1_container	Gaeumannomyces_tritici_R3-111a-1	TRAIN_PREDICT:FUNANNOTATE_TRAIN	TRAIN_PREDICT:FUNANNOTATE_TRAIN (Gaeumannomyces_tritici_R3-111a-1)	COMPLETED	0	3691.0	265.5	1.9	peak_rss	2.7221124999999997	1	8	48.0	epyc		2026-09-24 06:45:18.930	2026-09-24 09:56:18.602	2026-09-24 10:58:18.816	annotate_trace.20260924_011756.txt	final
v1.9.0-rc1_container	Colletotrichum_graminicola_M1.001	TRAIN_PREDICT:FUNANNOTATE_TRAIN	TRAIN_PREDICT:FUNANNOTATE_TRAIN (Colletotrichum_graminicola_M1.001)	COMPLETED	0	2862.0	309.0	1.9	peak_rss	2.45655	1	8	48.0	epyc		2026-09-24 07:40:18.061	2026-09-24 10:11:18.729	2026-09-24 10:59:18.866	annotate_trace.20260924_011756.txt	final
v1.9.0-rc1_container	Saccharomyces_cerevisiae_S288C	TRAIN_PREDICT:FUNANNOTATE_TRAIN	TRAIN_PREDICT:FUNANNOTATE_TRAIN (Saccharomyces_cerevisiae_S288C)	COMPLETED	0	1002.0	233.9	1.8	peak_rss	0.6510216666666666	1	8	48.0	epyc		2026-09-24 08:08:18.192	2026-09-24 10:43:18.774	2026-09-24 11:00:18.878	annotate_trace.20260924_011756.txt	final
v1.9.0-rc1_container	Umbelopsis_ramanniana_AG	TRAIN_PREDICT:FUNANNOTATE_TRAIN	TRAIN_PREDICT:FUNANNOTATE_TRAIN (Umbelopsis_ramanniana_AG)	COMPLETED	0	1506.0	288.6	1.6	peak_rss	1.20731	1	8	48.0	epyc		2026-09-24 08:03:18.431	2026-09-24 10:36:18.830	2026-09-24 11:01:22.202	annotate_trace.20260924_011756.txt	final
v1.9.0-rc1_container	Chaetomium_globosum_CBS_148.51	TRAIN_PREDICT:FUNANNOTATE_TRAIN	TRAIN_PREDICT:FUNANNOTATE_TRAIN (Chaetomium_globosum_CBS_148.51)	COMPLETED	0	3975.0	288.5	3.4	peak_rss	3.1855208333333334	1	8	48.0	epyc		2026-09-24 07:03:17.817	2026-09-24 09:57:18.680	2026-09-24 11:04:18.843	annotate_trace.20260924_011756.txt	final
v1.9.0-rc1_container	Tricharina_praecox_CBS_144465	TRAIN_PREDICT:FUNANNOTATE_TRAIN	TRAIN_PREDICT:FUNANNOTATE_TRAIN (Tricharina_praecox_CBS_144465)	COMPLETED	0	2563.0	309.8	1.9	peak_rss	2.205603888888889	1	8	48.0	epyc		2026-09-24 07:49:18.163	2026-09-24 10:23:18.813	2026-09-24 11:06:18.846	annotate_trace.20260924_011756.txt	final
v1.9.0-rc1_container	Kluyveromyces_lactis_NRRL_Y-1140	TRAIN_PREDICT:FUNANNOTATE_PREDICT	TRAIN_PREDICT:FUNANNOTATE_PREDICT (Kluyveromyces_lactis_NRRL_Y-1140)	COMPLETED	0	1364.0	535.1	4.3	peak_rss	2.0274344444444443	1	8	32.0	epyc		2026-09-24 08:46:18.456	2026-09-24 10:51:18.816	2026-09-24 11:14:19.008	annotate_trace.20260924_011756.txt	final
v1.9.0-rc1_container	Yarrowia_lipolytica_CLIB122	TRAIN_PREDICT:FUNANNOTATE_PREDICT	TRAIN_PREDICT:FUNANNOTATE_PREDICT (Yarrowia_lipolytica_CLIB122)	FAILED	1	60.0					1	8	32.0	epyc		2026-09-24 09:34:18.585	2026-09-24 11:14:19.008	2026-09-24 11:15:19.017	annotate_trace.20260924_011756.txt	overhead
v1.9.0-rc1_container	Talaromyces_marneffei_ATCC_18224	TRAIN_PREDICT:FUNANNOTATE_PREDICT	TRAIN_PREDICT:FUNANNOTATE_PREDICT (Talaromyces_marneffei_ATCC_18224)	FAILED	1	60.0					1	8	32.0	epyc		2026-09-24 09:40:18.742	2026-09-24 11:14:19.010	2026-09-24 11:15:19.056	annotate_trace.20260924_011756.txt	overhead
v1.9.0-rc1_container	Zygosaccharomyces_rouxii_CBS_732	TRAIN_PREDICT:FUNANNOTATE_PREDICT	TRAIN_PREDICT:FUNANNOTATE_PREDICT (Zygosaccharomyces_rouxii_CBS_732)	FAILED	1	60.0					1	8	32.0	epyc		2026-09-24 09:40:19.769	2026-09-24 11:14:19.013	2026-09-24 11:15:19.103	annotate_trace.20260924_011756.txt	overhead
v1.9.0-rc1_container	Cokeromyces_recurvatus_NRRL_2243	TRAIN_PREDICT:FUNANNOTATE_TRAIN	TRAIN_PREDICT:FUNANNOTATE_TRAIN (Cokeromyces_recurvatus_NRRL_2243)	COMPLETED	0	2594.0	324.4	1.9	peak_rss	2.337482222222222	1	8	48.0	epyc		2026-09-24 07:50:18.086	2026-09-24 10:33:18.851	2026-09-24 11:16:18.996	annotate_trace.20260924_011756.txt	final
v1.9.0-rc1_container	Schizophyllum_commune_H4-8	TRAIN_PREDICT:FUNANNOTATE_PREDICT	TRAIN_PREDICT:FUNANNOTATE_PREDICT (Schizophyllum_commune_H4-8)	FAILED	1	59.9					1	8	32.0	epyc		2026-09-24 09:53:18.841	2026-09-24 11:15:19.119	2026-09-24 11:16:19.055	annotate_trace.20260924_011756.txt	overhead
v1.9.0-rc1_container	Phycomyces_blakesleeanus_NRRL_1555_-	TRAIN_PREDICT:FUNANNOTATE_PREDICT	TRAIN_PREDICT:FUNANNOTATE_PREDICT (Phycomyces_blakesleeanus_NRRL_1555_-)	FAILED	1	59.9					1	8	32.0	epyc		2026-09-24 09:57:18.903	2026-09-24 11:15:19.126	2026-09-24 11:16:19.065	annotate_trace.20260924_011756.txt	overhead
v1.9.0-rc1_container	Trichosporon_asahii_CBS_2479	TRAIN_PREDICT:FUNANNOTATE_TRAIN	TRAIN_PREDICT:FUNANNOTATE_TRAIN (Trichosporon_asahii_CBS_2479)	COMPLETED	0	2541.0	250.3	1.7	peak_rss	1.7667008333333334	1	8	48.0	epyc		2026-09-24 07:56:18.173	2026-09-24 10:36:18.821	2026-09-24 11:18:18.964	annotate_trace.20260924_011756.txt	final
v1.9.0-rc1_container	Cryptococcus_neoformans_H99	TRAIN_PREDICT:FUNANNOTATE_PREDICT	TRAIN_PREDICT:FUNANNOTATE_PREDICT (Cryptococcus_neoformans_H99)	COMPLETED	0	1533.0	509.3	8.1	peak_rss	2.168769166666667	1	8	32.0	epyc		2026-09-24 09:02:18.357	2026-09-24 11:00:18.893	2026-09-24 11:26:19.050	annotate_trace.20260924_011756.txt	final
v1.9.0-rc1_container	Tilletiaria_anomala_UBC_951	TRAIN_PREDICT:FUNANNOTATE_PREDICT	TRAIN_PREDICT:FUNANNOTATE_PREDICT (Tilletiaria_anomala_UBC_951)	COMPLETED	0	1152.0	557.3	3.1	peak_rss	1.7833599999999998	1	8	32.0	epyc		2026-09-24 09:31:18.542	2026-09-24 11:12:18.928	2026-09-24 11:32:19.074	annotate_trace.20260924_011756.txt	final
v1.9.0-rc1_container	Pyrenophora_teres_0-1	TRAIN_PREDICT:FUNANNOTATE_PREDICT	TRAIN_PREDICT:FUNANNOTATE_PREDICT (Pyrenophora_teres_0-1)	COMPLETED	0	1761.0	526.8	1.2	peak_rss	2.57693	1	8	32.0	epyc		2026-09-24 09:29:18.620	2026-09-24 11:09:18.985	2026-09-24 11:38:19.091	annotate_trace.20260924_011756.txt	final
v1.9.0-rc1_container	Cryptococcus_deneoformans_JEC21	TRAIN_PREDICT:FUNANNOTATE_PREDICT	TRAIN_PREDICT:FUNANNOTATE_PREDICT (Cryptococcus_deneoformans_JEC21)	COMPLETED	0	2269.0	453.0	5.2	peak_rss	2.8551583333333337	1	8	32.0	epyc		2026-09-24 09:05:18.438	2026-09-24 11:00:18.898	2026-09-24 11:38:19.076	annotate_trace.20260924_011756.txt	final
v1.9.0-rc1_container	Lachancea_thermotolerans_CBS_6340	TRAIN_PREDICT:FUNANNOTATE_PREDICT	TRAIN_PREDICT:FUNANNOTATE_PREDICT (Lachancea_thermotolerans_CBS_6340)	COMPLETED	0	1530.0	614.0	4.2	peak_rss	2.6094999999999997	1	8	32.0	epyc		2026-09-24 10:33:19.082	2026-09-24 11:15:19.172	2026-09-24 11:41:19.163	annotate_trace.20260924_011756.txt	final
v1.9.0-rc1_container	Protomyces_lactucae-debilis_12-1054	TRAIN_PREDICT:FUNANNOTATE_PREDICT	TRAIN_PREDICT:FUNANNOTATE_PREDICT (Protomyces_lactucae-debilis_12-1054)	COMPLETED	0	1665.0	637.5	3.2	peak_rss	2.9484375000000003	1	8	32.0	epyc		2026-09-24 10:10:19.081	2026-09-24 11:15:19.146	2026-09-24 11:44:19.451	annotate_trace.20260924_011756.txt	final
v1.9.0-rc1_container	Tilletiopsis_washingtonensis_MCA_4186	TRAIN_PREDICT:FUNANNOTATE_PREDICT	TRAIN_PREDICT:FUNANNOTATE_PREDICT (Tilletiopsis_washingtonensis_MCA_4186)	COMPLETED	0	1798.0	600.7	4.8	peak_rss	3.000162777777778	1	8	32.0	epyc		2026-09-24 10:11:18.928	2026-09-24 11:15:19.151	2026-09-24 11:46:19.126	annotate_trace.20260924_011756.txt	final
v1.9.0-rc1_container	Fusarium_verticillioides_7600	TRAIN_PREDICT:FUNANNOTATE_TRAIN	TRAIN_PREDICT:FUNANNOTATE_TRAIN (Fusarium_verticillioides_7600)	COMPLETED	0	3501.0	292.2	1.9	peak_rss	2.8416449999999998	1	8	48.0	epyc		2026-09-24 08:41:18.378	2026-09-24 10:50:18.912	2026-09-24 11:49:19.223	annotate_trace.20260924_011756.txt	final
v1.9.0-rc1_container	Malassezia_sympodialis_ATCC_42132	TRAIN_PREDICT:FUNANNOTATE_PREDICT	TRAIN_PREDICT:FUNANNOTATE_PREDICT (Malassezia_sympodialis_ATCC_42132)	COMPLETED	0	2158.0	455.0	2.7	peak_rss	2.727472222222222	1	8	32.0	epyc		2026-09-24 10:08:18.914	2026-09-24 11:15:19.140	2026-09-24 11:51:19.166	annotate_trace.20260924_011756.txt	final
v1.9.0-rc1_container	Zymoseptoria_tritici_IPO323	TRAIN_PREDICT:FUNANNOTATE_TRAIN	TRAIN_PREDICT:FUNANNOTATE_TRAIN (Zymoseptoria_tritici_IPO323)	COMPLETED	0	3621.0	254.8	1.9	peak_rss	2.5628633333333335	1	8	48.0	epyc		2026-09-24 08:49:18.576	2026-09-24 10:54:18.873	2026-09-24 11:55:19.244	annotate_trace.20260924_011756.txt	final
v1.9.0-rc1_container	Lipomyces_tetrasporus_NRRL_Y-64009	TRAIN_PREDICT:FUNANNOTATE_PREDICT	TRAIN_PREDICT:FUNANNOTATE_PREDICT (Lipomyces_tetrasporus_NRRL_Y-64009)	COMPLETED	0	1756.0	532.9	8.8	peak_rss	2.5993677777777777	1	8	32.0	epyc		2026-09-24 10:38:18.918	2026-09-24 11:26:19.134	2026-09-24 11:55:19.268	annotate_trace.20260924_011756.txt	final
v1.9.0-rc1_container	Aspergillus_fumigatus_Af293	TRAIN_PREDICT:FUNANNOTATE_PREDICT	TRAIN_PREDICT:FUNANNOTATE_PREDICT (Aspergillus_fumigatus_Af293)	COMPLETED	0	2430.0	638.1	20.5	peak_rss	4.307175000000001	1	8	32.0	epyc		2026-09-24 10:23:18.847	2026-09-24 11:15:19.156	2026-09-24 11:56:19.170	annotate_trace.20260924_011756.txt	final
v1.9.0-rc1_container	Pyrenophora_tritici-repentis_Pt-1C-BFP	TRAIN_PREDICT:FUNANNOTATE_PREDICT	TRAIN_PREDICT:FUNANNOTATE_PREDICT (Pyrenophora_tritici-repentis_Pt-1C-BFP)	COMPLETED	0	2727.0	637.5	13.8	peak_rss	4.8290625	1	8	32.0	epyc		2026-09-24 10:07:18.939	2026-09-24 11:15:19.137	2026-09-24 12:01:19.338	annotate_trace.20260924_011756.txt	final
v1.9.0-rc1_container	Allomyces_macrogynus_ATCC_38327	TRAIN_PREDICT:FUNANNOTATE_PREDICT	TRAIN_PREDICT:FUNANNOTATE_PREDICT (Allomyces_macrogynus_ATCC_38327)	COMPLETED	0	3553.0	585.7	11.0	peak_rss	5.780533611111111	1	8	32.0	epyc		2026-09-24 09:08:18.477	2026-09-24 11:02:18.876	2026-09-24 12:02:19.214	annotate_trace.20260924_011756.txt	final
v1.9.0-rc1_container	Rhizopus_delemar_RA_99-880	TRAIN_PREDICT:FUNANNOTATE_PREDICT	TRAIN_PREDICT:FUNANNOTATE_PREDICT (Rhizopus_delemar_RA_99-880)	COMPLETED	0	2854.0	634.9	13.6	peak_rss	5.033346111111111	1	8	32.0	epyc		2026-09-24 09:44:18.701	2026-09-24 11:14:19.095	2026-09-24 12:02:19.284	annotate_trace.20260924_011756.txt	final
v1.9.0-rc1_container	Morchella_importuna_M04M26	TRAIN_PREDICT:FUNANNOTATE_PREDICT	TRAIN_PREDICT:FUNANNOTATE_PREDICT (Morchella_importuna_M04M26)	COMPLETED	0	2772.0	632.3	6.1	peak_rss	4.86871	1	8	32.0	epyc		2026-09-24 10:03:18.857	2026-09-24 11:15:19.134	2026-09-24 12:02:19.287	annotate_trace.20260924_011756.txt	final
v1.9.0-rc1_container	Parastagonospora_nodorum_SN15	TRAIN_PREDICT:FUNANNOTATE_PREDICT	TRAIN_PREDICT:FUNANNOTATE_PREDICT (Parastagonospora_nodorum_SN15)	COMPLETED	0	2915.0	578.1	6.7	peak_rss	4.681004166666667	1	8	32.0	epyc		2026-09-24 09:52:18.709	2026-09-24 11:15:19.117	2026-09-24 12:04:19.217	annotate_trace.20260924_011756.txt	final
v1.9.0-rc1_container	Botrytis_cinerea_B05.10	TRAIN_PREDICT:FUNANNOTATE_PREDICT	TRAIN_PREDICT:FUNANNOTATE_PREDICT (Botrytis_cinerea_B05.10)	COMPLETED	0	2660.0	542.7	14.4	peak_rss	4.009950000000001	1	8	32.0	epyc		2026-09-24 10:37:18.914	2026-09-24 11:20:19.093	2026-09-24 12:05:19.219	annotate_trace.20260924_011756.txt	final
v1.9.0-rc1_container	Pseudogymnoascus_destructans_20631-21	TRAIN_PREDICT:FUNANNOTATE_PREDICT	TRAIN_PREDICT:FUNANNOTATE_PREDICT (Pseudogymnoascus_destructans_20631-21)	COMPLETED	0	1813.0	526.0	3.0	peak_rss	2.6489944444444444	1	8	32.0	epyc		2026-09-24 10:50:19.951	2026-09-24 11:35:19.138	2026-09-24 12:05:19.257	annotate_trace.20260924_011756.txt	final
v1.9.0-rc1_container	Saccharomyces_cerevisiae_S288C	TRAIN_PREDICT:FUNANNOTATE_PREDICT	TRAIN_PREDICT:FUNANNOTATE_PREDICT (Saccharomyces_cerevisiae_S288C)	COMPLETED	0	1196.0	612.0	4.7	peak_rss	2.0332	1	8	32.0	epyc		2026-09-24 11:00:18.979	2026-09-24 11:45:19.221	2026-09-24 12:06:19.272	annotate_trace.20260924_011756.txt	final
v1.9.0-rc1_container	Morchella_sextelata_SCLS	TRAIN_PREDICT:FUNANNOTATE_TRAIN	TRAIN_PREDICT:FUNANNOTATE_TRAIN (Morchella_sextelata_SCLS)	COMPLETED	0	5390.0	318.8	2.8	peak_rss	4.773144444444445	1	8	48.0	epyc		2026-09-24 08:05:18.125	2026-09-24 10:38:18.849	2026-09-24 12:08:19.234	annotate_trace.20260924_011756.txt	final
v1.9.0-rc1_container	Fusarium_oxysporum_4287	TRAIN_PREDICT:FUNANNOTATE_TRAIN	TRAIN_PREDICT:FUNANNOTATE_TRAIN (Fusarium_oxysporum_4287)	COMPLETED	0	3737.0	320.4	2.3	peak_rss	3.3259299999999996	1	8	48.0	epyc		2026-09-24 09:21:18.672	2026-09-24 11:06:18.905	2026-09-24 12:09:19.232	annotate_trace.20260924_011756.txt	final
v1.9.0-rc1_container	Mucor_mucedo_NRRL_3635	TRAIN_PREDICT:FUNANNOTATE_PREDICT	TRAIN_PREDICT:FUNANNOTATE_PREDICT (Mucor_mucedo_NRRL_3635)	COMPLETED	0	2232.0	560.9	4.0	peak_rss	3.47758	1	8	32.0	epyc		2026-09-24 10:50:18.934	2026-09-24 11:33:19.075	2026-09-24 12:10:19.310	annotate_trace.20260924_011756.txt	final
v1.9.0-rc1_container	Orbilia_oligospora_ATCC_24927	TRAIN_PREDICT:FUNANNOTATE_PREDICT	TRAIN_PREDICT:FUNANNOTATE_PREDICT (Orbilia_oligospora_ATCC_24927)	COMPLETED	0	3462.0	469.1	11.8	peak_rss	4.5111783333333335	1	8	32.0	epyc		2026-09-24 10:01:18.918	2026-09-24 11:15:19.130	2026-09-24 12:13:19.303	annotate_trace.20260924_011756.txt	final
v1.9.0-rc1_container	Yarrowia_lipolytica_CLIB122	TRAIN_PREDICT:FUNANNOTATE_PREDICT	TRAIN_PREDICT:FUNANNOTATE_PREDICT (Yarrowia_lipolytica_CLIB122)	COMPLETED	0	1079.0	1076.1	23.9	peak_rss	3.225310833333333	2	16	64.0	epyc		2026-09-24 11:15:19.152	2026-09-24 11:56:19.243	2026-09-24 12:14:19.313	annotate_trace.20260924_011756.txt	final
v1.9.0-rc1_container	Sclerotinia_sclerotiorum_1980	TRAIN_PREDICT:FUNANNOTATE_PREDICT	TRAIN_PREDICT:FUNANNOTATE_PREDICT (Sclerotinia_sclerotiorum_1980)	COMPLETED	0	2202.0	609.2	10.9	peak_rss	3.7262733333333338	1	8	32.0	epyc		2026-09-24 10:51:19.069	2026-09-24 11:38:19.106	2026-09-24 12:15:19.259	annotate_trace.20260924_011756.txt	final
v1.9.0-rc1_container	Umbelopsis_ramanniana_AG	TRAIN_PREDICT:FUNANNOTATE_PREDICT	TRAIN_PREDICT:FUNANNOTATE_PREDICT (Umbelopsis_ramanniana_AG)	COMPLETED	0	1781.0	545.6	4.0	peak_rss	2.6992044444444447	1	8	32.0	epyc		2026-09-24 11:01:22.400	2026-09-24 11:47:19.121	2026-09-24 12:17:19.258	annotate_trace.20260924_011756.txt	final
v1.9.0-rc1_container	Talaromyces_marneffei_ATCC_18224	TRAIN_PREDICT:FUNANNOTATE_PREDICT	TRAIN_PREDICT:FUNANNOTATE_PREDICT (Talaromyces_marneffei_ATCC_18224)	COMPLETED	0	1134.0	977.4	21.9	peak_rss	3.07881	2	16	64.0	epyc		2026-09-24 11:15:20.130	2026-09-24 12:06:19.342	2026-09-24 12:25:19.409	annotate_trace.20260924_011756.txt	final
v1.9.0-rc1_container	Zygosaccharomyces_rouxii_CBS_732	TRAIN_PREDICT:FUNANNOTATE_PREDICT	TRAIN_PREDICT:FUNANNOTATE_PREDICT (Zygosaccharomyces_rouxii_CBS_732)	COMPLETED	0	862.0	1035.7	6.8	peak_rss	2.4799261111111113	2	16	64.0	epyc		2026-09-24 11:15:22.175	2026-09-24 12:11:19.235	2026-09-24 12:25:19.412	annotate_trace.20260924_011756.txt	final
v1.9.0-rc1_container	Gaeumannomyces_tritici_R3-111a-1	TRAIN_PREDICT:FUNANNOTATE_PREDICT	TRAIN_PREDICT:FUNANNOTATE_PREDICT (Gaeumannomyces_tritici_R3-111a-1)	COMPLETED	0	2806.0	604.1	13.3	peak_rss	4.70862388888889	1	8	32.0	epyc		2026-09-24 10:58:18.967	2026-09-24 11:40:19.174	2026-09-24 12:27:19.355	annotate_trace.20260924_011756.txt	final
v1.9.0-rc1_container	Colletotrichum_graminicola_M1.001	TRAIN_PREDICT:FUNANNOTATE_PREDICT	TRAIN_PREDICT:FUNANNOTATE_PREDICT (Colletotrichum_graminicola_M1.001)	COMPLETED	0	2609.0	595.6	6.1	peak_rss	4.316445555555556	1	8	32.0	epyc		2026-09-24 10:59:19.055	2026-09-24 11:43:19.170	2026-09-24 12:27:19.378	annotate_trace.20260924_011756.txt	final
v1.9.0-rc1_container	Trichosporon_asahii_CBS_2479	TRAIN_PREDICT:FUNANNOTATE_PREDICT	TRAIN_PREDICT:FUNANNOTATE_PREDICT (Trichosporon_asahii_CBS_2479)	COMPLETED	0	1723.0	550.3	4.4	peak_rss	2.633796944444444	1	8	32.0	epyc		2026-09-24 11:18:19.125	2026-09-24 12:00:19.270	2026-09-24 12:29:19.495	annotate_trace.20260924_011756.txt	final
v1.9.0-rc1_container	Tricharina_praecox_CBS_144465	TRAIN_PREDICT:FUNANNOTATE_PREDICT	TRAIN_PREDICT:FUNANNOTATE_PREDICT (Tricharina_praecox_CBS_144465)	COMPLETED	0	2328.0	592.8	7.7	peak_rss	3.8334399999999995	1	8	32.0	epyc		2026-09-24 11:06:19.107	2026-09-24 11:51:19.238	2026-09-24 12:30:19.540	annotate_trace.20260924_011756.txt	final
v1.9.0-rc1_container	Chaetomium_globosum_CBS_148.51	TRAIN_PREDICT:FUNANNOTATE_PREDICT	TRAIN_PREDICT:FUNANNOTATE_PREDICT (Chaetomium_globosum_CBS_148.51)	COMPLETED	0	2910.0	570.3	17.7	peak_rss	4.609925	1	8	32.0	epyc		2026-09-24 11:04:18.998	2026-09-24 11:51:19.234	2026-09-24 12:39:19.576	annotate_trace.20260924_011756.txt	final
v1.9.0-rc1_container	Cokeromyces_recurvatus_NRRL_2243	TRAIN_PREDICT:FUNANNOTATE_PREDICT	TRAIN_PREDICT:FUNANNOTATE_PREDICT (Cokeromyces_recurvatus_NRRL_2243)	COMPLETED	0	2479.0	504.0	6.5	peak_rss	3.4705999999999997	1	8	32.0	epyc		2026-09-24 11:16:19.146	2026-09-24 11:59:19.280	2026-09-24 12:40:19.575	annotate_trace.20260924_011756.txt	final
v1.9.0-rc1_container	Schizophyllum_commune_H4-8	TRAIN_PREDICT:FUNANNOTATE_PREDICT	TRAIN_PREDICT:FUNANNOTATE_PREDICT (Schizophyllum_commune_H4-8)	COMPLETED	0	1519.0	1010.4	28.4	peak_rss	4.263326666666666	2	16	64.0	epyc		2026-09-24 11:16:20.101	2026-09-24 12:25:19.437	2026-09-24 12:51:19.563	annotate_trace.20260924_011756.txt	final
v1.9.0-rc1_container	Phycomyces_blakesleeanus_NRRL_1555_-	TRAIN_PREDICT:FUNANNOTATE_PREDICT	TRAIN_PREDICT:FUNANNOTATE_PREDICT (Phycomyces_blakesleeanus_NRRL_1555_-)	COMPLETED	0	1815.0	1030.2	28.3	peak_rss	5.193924999999999	2	16	64.0	epyc		2026-09-24 11:16:22.126	2026-09-24 12:27:19.520	2026-09-24 12:58:19.653	annotate_trace.20260924_011756.txt	final
v1.9.0-rc1_container	Zymoseptoria_tritici_IPO323	TRAIN_PREDICT:FUNANNOTATE_PREDICT	TRAIN_PREDICT:FUNANNOTATE_PREDICT (Zymoseptoria_tritici_IPO323)	COMPLETED	0	2629.0	611.0	18.1	peak_rss	4.461997222222222	1	8	32.0	epyc		2026-09-24 11:55:19.437	2026-09-24 12:16:19.260	2026-09-24 13:00:19.607	annotate_trace.20260924_011756.txt	final
v1.9.0-rc1_container	Fusarium_verticillioides_7600	TRAIN_PREDICT:FUNANNOTATE_PREDICT	TRAIN_PREDICT:FUNANNOTATE_PREDICT (Fusarium_verticillioides_7600)	COMPLETED	0	3089.0	610.6	17.1	peak_rss	5.239287222222222	1	8	32.0	epyc		2026-09-24 11:49:19.560	2026-09-24 12:11:19.290	2026-09-24 13:03:19.607	annotate_trace.20260924_011756.txt	final
v1.9.0-rc1_container	Morchella_sextelata_SCLS	TRAIN_PREDICT:FUNANNOTATE_PREDICT	TRAIN_PREDICT:FUNANNOTATE_PREDICT (Morchella_sextelata_SCLS)	COMPLETED	0	2844.0	607.2	15.0	peak_rss	4.796880000000001	1	8	32.0	epyc		2026-09-24 12:08:19.616	2026-09-24 12:17:19.328	2026-09-24 13:04:19.659	annotate_trace.20260924_011756.txt	final
v1.9.0-rc1_container	Drepanopeziza_brunnea_MB_m1	TRAIN_PREDICT:FUNANNOTATE_PREDICT	TRAIN_PREDICT:FUNANNOTATE_PREDICT (Drepanopeziza_brunnea_MB_m1)	COMPLETED	0	7133.0	621.2	8.9	peak_rss	12.30838777777778	1	8	32.0	epyc		2026-09-24 10:36:18.946	2026-09-24 11:16:19.073	2026-09-24 13:15:19.628	annotate_trace.20260924_011756.txt	final
v1.9.0-rc1_container	Fusarium_oxysporum_4287	TRAIN_PREDICT:FUNANNOTATE_PREDICT	TRAIN_PREDICT:FUNANNOTATE_PREDICT (Fusarium_oxysporum_4287)	COMPLETED	0	3618.0	579.4	19.5	peak_rss	5.822969999999999	1	8	32.0	epyc		2026-09-24 12:09:19.343	2026-09-24 12:19:19.383	2026-09-24 13:20:19.669	annotate_trace.20260924_011756.txt	final
v1.9.0-rc1_container	Rhizopus_microsporus_ATCC_52813	TRAIN_PREDICT:FUNANNOTATE_TRAIN	TRAIN_PREDICT:FUNANNOTATE_TRAIN (Rhizopus_microsporus_ATCC_52813)	FAILED	1	360.0					2	24	192.0	epyc		2026-09-24 08:23:18.723	2026-09-24 15:29:19.916	2026-09-24 15:35:19.920	annotate_trace.20260924_011756.txt	overhead
v1.9.0-rc1_container	Rhizopus_microsporus_ATCC_52813	TRAIN_PREDICT:FUNANNOTATE_TRAIN	TRAIN_PREDICT:FUNANNOTATE_TRAIN (Rhizopus_microsporus_ATCC_52813)	FAILED	1	300.0					3	24	256.0	highmem		2026-09-24 15:35:35.422	2026-09-24 15:36:19.955	2026-09-24 15:41:19.922	annotate_trace.20260924_011756.txt	overhead
v1.9.0-rc1_container	Batrachochytrium_dendrobatidis_JAM81	TRAIN_PREDICT:FUNANNOTATE_TRAIN	TRAIN_PREDICT:FUNANNOTATE_TRAIN (Batrachochytrium_dendrobatidis_JAM81)	COMPLETED	0	2408.0	523.6	4.5	peak_rss	3.5023022222222226	2	24	192.0	epyc		2026-09-24 10:37:19.925	2026-09-24 15:29:19.982	2026-09-24 16:10:20.116	annotate_trace.20260924_011756.txt	overhead
v1.9.0-rc1_container	-	FETCH_RNASEQ:COLLECT_SRA_QUERY	FETCH_RNASEQ:COLLECT_SRA_QUERY	CACHED	0	0.0	58.9	0.0031000000000000003	peak_rss	0.0	1	1	2.0	short		2026-09-21 17:13:04.115	2026-09-21 17:14:03.251	2026-09-21 17:14:03.254	annotate_trace.20260924_162406.txt	cached
v1.9.0-rc1_container	Drepanopeziza_brunnea_MB_m1	TRAIN_PREDICT:FUNANNOTATE_TRAIN	TRAIN_PREDICT:FUNANNOTATE_TRAIN (Drepanopeziza_brunnea_MB_m1)	COMPLETED	0	2.7	1.4	0.006900000000000001	peak_rss	1.05e-05	1	8	48.0	epyc		2026-09-24 16:24:31.668	2026-09-24 22:13:25.398	2026-09-24 22:14:25.515	annotate_trace.20260924_162406.txt	final
v1.9.0-rc1_container	Rhizopus_microsporus	TRAIN_PREDICT:RNASEQ_PREPARE	TRAIN_PREDICT:RNASEQ_PREPARE (Rhizopus_microsporus)	COMPLETED	0	4118.0	1223.2	2.4	peak_rss	13.99204888888889	1	16	52.0	epyc		2026-09-24 16:24:29.012	2026-09-24 22:06:25.408	2026-09-24 23:16:25.688	annotate_trace.20260924_162406.txt	final
v1.9.0-rc1_container	Batrachochytrium_dendrobatidis	TRAIN_PREDICT:RNASEQ_PREPARE	TRAIN_PREDICT:RNASEQ_PREPARE (Batrachochytrium_dendrobatidis)	COMPLETED	0	5122.0	1290.3	5.4	peak_rss	18.358101666666663	1	16	52.0	epyc		2026-09-24 16:24:29.746	2026-09-24 22:11:25.463	2026-09-24 23:38:25.779	annotate_trace.20260924_162406.txt	final
v1.9.0-rc1_container	Rhizopus_microsporus_ATCC_52813	TRAIN_PREDICT:FUNANNOTATE_TRAIN	TRAIN_PREDICT:FUNANNOTATE_TRAIN (Rhizopus_microsporus_ATCC_52813)	COMPLETED	0	2475.0	348.6	1.7	peak_rss	2.3966250000000002	1	8	48.0	epyc		2026-09-24 23:16:26.417	2026-09-25 02:53:25.892	2026-09-25 03:35:25.942	annotate_trace.20260924_162406.txt	final
v1.9.0-rc1_container	Batrachochytrium_dendrobatidis_JAM81	TRAIN_PREDICT:FUNANNOTATE_TRAIN	TRAIN_PREDICT:FUNANNOTATE_TRAIN (Batrachochytrium_dendrobatidis_JAM81)	COMPLETED	0	2506.0	286.2	2.1	peak_rss	1.9922700000000002	1	8	48.0	epyc		2026-09-24 23:38:26.289	2026-09-25 03:35:25.944	2026-09-25 04:17:26.029	annotate_trace.20260924_162406.txt	final
v1.9.0-rc1_container	Rhizopus_microsporus_ATCC_52813	TRAIN_PREDICT:FUNANNOTATE_PREDICT	TRAIN_PREDICT:FUNANNOTATE_PREDICT (Rhizopus_microsporus_ATCC_52813)	COMPLETED	0	1942.0	540.4	10.5	peak_rss	2.9151577777777775	1	8	32.0	epyc		2026-09-25 03:35:39.992	2026-09-25 05:07:26.097	2026-09-25 05:40:26.111	annotate_trace.20260924_162406.txt	final
v1.9.0-rc1_container	Batrachochytrium_dendrobatidis_JAM81	TRAIN_PREDICT:FUNANNOTATE_PREDICT	TRAIN_PREDICT:FUNANNOTATE_PREDICT (Batrachochytrium_dendrobatidis_JAM81)	COMPLETED	0	1772.0	568.0	7.4	peak_rss	2.795822222222222	1	8	32.0	epyc		2026-09-25 04:17:26.240	2026-09-25 05:24:26.149	2026-09-25 05:54:26.129	annotate_trace.20260924_162406.txt	final
v1.9.0-rc1_container_rust	-	FETCH_RNASEQ:COLLECT_SRA_QUERY	FETCH_RNASEQ:COLLECT_SRA_QUERY	CACHED	0	0.0	50.8	0.0031000000000000003	peak_rss	0.0	1	1	2.0	short		2026-09-21 17:13:05.895	2026-09-21 17:14:04.973	2026-09-21 17:14:04.976	annotate_trace.20260924_011757.txt	cached
v1.9.0-rc1_container_rust	Rhizopus_microsporus	TRAIN_PREDICT:RNASEQ_PREPARE	TRAIN_PREDICT:RNASEQ_PREPARE (Rhizopus_microsporus)	COMPLETED	0	870.0	915.6	7.0	peak_rss	2.2127000000000003	1	16	52.0	epyc		2026-09-24 01:18:24.779	2026-09-24 01:19:18.826	2026-09-24 01:34:18.908	annotate_trace.20260924_011757.txt	overhead
v1.9.0-rc1_container_rust	Spizellomyces_punctatus_DAOM_BR117	TRAIN_PREDICT:FUNANNOTATE_PREDICT	TRAIN_PREDICT:FUNANNOTATE_PREDICT (Spizellomyces_punctatus_DAOM_BR117)	COMPLETED	0	2360.0	637.1	4.2	peak_rss	4.176544444444445	1	8	32.0	epyc		2026-09-24 01:18:26.560	2026-09-24 01:19:18.839	2026-09-24 01:58:18.981	annotate_trace.20260924_011757.txt	final
v1.9.0-rc1_container_rust	Cryptococcus_deneoformans	TRAIN_PREDICT:RNASEQ_PREPARE	TRAIN_PREDICT:RNASEQ_PREPARE (Cryptococcus_deneoformans)	COMPLETED	0	2912.0	1226.0	3.1	peak_rss	9.916977777777777	1	16	52.0	epyc		2026-09-24 01:18:32.536	2026-09-24 01:26:18.887	2026-09-24 02:16:19.057	annotate_trace.20260924_011757.txt	final
v1.9.0-rc1_container_rust	Rhodotorula_toruloides_NP11	TRAIN_PREDICT:FUNANNOTATE_PREDICT	TRAIN_PREDICT:FUNANNOTATE_PREDICT (Rhodotorula_toruloides_NP11)	COMPLETED	0	3475.0	629.1	4.2	peak_rss	6.0725625	1	8	32.0	epyc		2026-09-24 01:18:28.548	2026-09-24 01:19:18.856	2026-09-24 02:17:19.070	annotate_trace.20260924_011757.txt	final
v1.9.0-rc1_container_rust	Rhodotorula_graminis_WP1	TRAIN_PREDICT:FUNANNOTATE_PREDICT	TRAIN_PREDICT:FUNANNOTATE_PREDICT (Rhodotorula_graminis_WP1)	COMPLETED	0	3664.0	646.4	6.5	peak_rss	6.578915555555555	1	8	32.0	epyc		2026-09-24 01:18:30.549	2026-09-24 01:19:18.864	2026-09-24 02:20:19.106	annotate_trace.20260924_011757.txt	final
v1.9.0-rc1_container_rust	Allomyces_macrogynus	TRAIN_PREDICT:RNASEQ_PREPARE	TRAIN_PREDICT:RNASEQ_PREPARE (Allomyces_macrogynus)	COMPLETED	0	3798.0	1240.6	2.2	peak_rss	13.088329999999997	1	16	52.0	epyc		2026-09-24 01:18:24.169	2026-09-24 01:19:18.683	2026-09-24 02:23:19.106	annotate_trace.20260924_011757.txt	final
v1.9.0-rc1_container_rust	Malassezia_globosa	TRAIN_PREDICT:RNASEQ_PREPARE	TRAIN_PREDICT:RNASEQ_PREPARE (Malassezia_globosa)	COMPLETED	0	1192.0	1218.0	1.5	peak_rss	4.032933333333333	1	16	52.0	epyc		2026-09-24 01:18:49.600	2026-09-24 02:34:19.310	2026-09-24 02:54:19.373	annotate_trace.20260924_011757.txt	final
v1.9.0-rc1_container_rust	Leptographium_clavigerum_kw1407	TRAIN_PREDICT:FUNANNOTATE_PREDICT	TRAIN_PREDICT:FUNANNOTATE_PREDICT (Leptographium_clavigerum_kw1407)	COMPLETED	0	5136.0	620.4	4.1	peak_rss	8.85104	1	8	32.0	epyc		2026-09-24 01:18:38.591	2026-09-24 01:34:19.046	2026-09-24 03:00:19.407	annotate_trace.20260924_011757.txt	final
v1.9.0-rc1_container_rust	Cryptococcus_neoformans	TRAIN_PREDICT:RNASEQ_PREPARE	TRAIN_PREDICT:RNASEQ_PREPARE (Cryptococcus_neoformans)	COMPLETED	0	2808.0	1235.0	2.2	peak_rss	9.633000000000001	1	16	52.0	epyc		2026-09-24 01:18:44.550	2026-09-24 02:16:19.370	2026-09-24 03:03:19.332	annotate_trace.20260924_011757.txt	final
v1.9.0-rc1_container_rust	Nakaseomyces_glabratus_CBS_138	TRAIN_PREDICT:FUNANNOTATE_PREDICT	TRAIN_PREDICT:FUNANNOTATE_PREDICT (Nakaseomyces_glabratus_CBS_138)	COMPLETED	0	2965.0	634.3	2.9	peak_rss	5.224165277777778	1	8	32.0	epyc		2026-09-24 01:18:46.533	2026-09-24 02:14:19.117	2026-09-24 03:04:19.441	annotate_trace.20260924_011757.txt	final
v1.9.0-rc1_container_rust	Pyricularia_oryzae_70-15	TRAIN_PREDICT:FUNANNOTATE_PREDICT	TRAIN_PREDICT:FUNANNOTATE_PREDICT (Pyricularia_oryzae_70-15)	COMPLETED	0	5559.0	594.2	6.2	peak_rss	9.175438333333334	1	8	32.0	epyc		2026-09-24 01:18:34.826	2026-09-24 01:34:19.038	2026-09-24 03:07:19.368	annotate_trace.20260924_011757.txt	final
v1.9.0-rc1_container_rust	Rhizopus_delemar	TRAIN_PREDICT:RNASEQ_PREPARE	TRAIN_PREDICT:RNASEQ_PREPARE (Rhizopus_delemar)	COMPLETED	0	5690.0	1224.2	3.3	peak_rss	19.349161111111112	1	16	52.0	epyc		2026-09-24 01:18:36.550	2026-09-24 01:34:19.042	2026-09-24 03:09:19.382	annotate_trace.20260924_011757.txt	final
v1.9.0-rc1_container_rust	Cystobasidium_minutum_MCA_4210	TRAIN_PREDICT:FUNANNOTATE_PREDICT	TRAIN_PREDICT:FUNANNOTATE_PREDICT (Cystobasidium_minutum_MCA_4210)	COMPLETED	0	3574.0	639.5	4.4	peak_rss	6.3488138888888885	1	8	32.0	epyc		2026-09-24 01:18:42.540	2026-09-24 02:08:19.017	2026-09-24 03:09:19.462	annotate_trace.20260924_011757.txt	final
v1.9.0-rc1_container_rust	Mixia_osmundae_IAM_14324	TRAIN_PREDICT:FUNANNOTATE_PREDICT	TRAIN_PREDICT:FUNANNOTATE_PREDICT (Mixia_osmundae_IAM_14324)	COMPLETED	0	2299.0	680.8	2.3	peak_rss	4.347664444444445	1	8	32.0	epyc		2026-09-24 01:18:56.545	2026-09-24 02:41:19.230	2026-09-24 03:19:19.545	annotate_trace.20260924_011757.txt	final
v1.9.0-rc1_container_rust	Kluyveromyces_lactis	TRAIN_PREDICT:RNASEQ_PREPARE	TRAIN_PREDICT:RNASEQ_PREPARE (Kluyveromyces_lactis)	COMPLETED	0	809.0	1184.3	13.1	peak_rss	2.661385277777778	1	16	52.0	epyc		2026-09-24 01:19:00.545	2026-09-24 03:06:19.424	2026-09-24 03:20:19.489	annotate_trace.20260924_011757.txt	final
v1.9.0-rc1_container_rust	Phycomyces_blakesleeanus	TRAIN_PREDICT:RNASEQ_PREPARE	TRAIN_PREDICT:RNASEQ_PREPARE (Phycomyces_blakesleeanus)	COMPLETED	0	6555.0	1154.9	2.9	peak_rss	21.028804166666667	1	16	52.0	epyc		2026-09-24 01:18:40.543	2026-09-24 01:40:18.966	2026-09-24 03:30:19.528	annotate_trace.20260924_011757.txt	final
v1.9.0-rc1_container_rust	Pneumocystis_murina_B123	TRAIN_PREDICT:FUNANNOTATE_PREDICT	TRAIN_PREDICT:FUNANNOTATE_PREDICT (Pneumocystis_murina_B123)	COMPLETED	0	2781.0	643.0	3.5	peak_rss	4.967174999999999	1	8	32.0	epyc		2026-09-24 01:19:02.535	2026-09-24 03:00:19.414	2026-09-24 03:47:19.714	annotate_trace.20260924_011757.txt	final
v1.9.0-rc1_container_rust	Talaromyces_marneffei	TRAIN_PREDICT:RNASEQ_PREPARE	TRAIN_PREDICT:RNASEQ_PREPARE (Talaromyces_marneffei)	COMPLETED	0	4089.0	1288.6	7.8	peak_rss	14.63634833333333	1	16	52.0	epyc		2026-09-24 01:18:52.543	2026-09-24 02:42:19.230	2026-09-24 03:50:19.661	annotate_trace.20260924_011757.txt	final
v1.9.0-rc1_container_rust	Sporobolomyces_koalae_JCM15063	TRAIN_PREDICT:FUNANNOTATE_PREDICT	TRAIN_PREDICT:FUNANNOTATE_PREDICT (Sporobolomyces_koalae_JCM15063)	COMPLETED	0	3310.0	650.6	3.2	peak_rss	5.981905555555556	1	8	32.0	epyc		2026-09-24 01:19:08.537	2026-09-24 03:09:19.484	2026-09-24 04:04:19.747	annotate_trace.20260924_011757.txt	final
v1.9.0-rc1_container_rust	Eremothecium_gossypii_ATCC_10895	TRAIN_PREDICT:FUNANNOTATE_PREDICT	TRAIN_PREDICT:FUNANNOTATE_PREDICT (Eremothecium_gossypii_ATCC_10895)	COMPLETED	0	2689.0	643.5	4.0	peak_rss	4.806587499999999	1	8	32.0	epyc		2026-09-24 01:19:18.567	2026-09-24 03:25:19.563	2026-09-24 04:10:19.694	annotate_trace.20260924_011757.txt	final
v1.9.0-rc1_container_rust	Tilletiaria_anomala	TRAIN_PREDICT:RNASEQ_PREPARE	TRAIN_PREDICT:RNASEQ_PREPARE (Tilletiaria_anomala)	COMPLETED	0	2178.0	1261.2	2.2	peak_rss	7.63026	1	16	52.0	epyc		2026-09-24 01:19:10.549	2026-09-24 03:35:19.545	2026-09-24 04:12:19.746	annotate_trace.20260924_011757.txt	final
v1.9.0-rc1_container_rust	Aspergillus_clavatus_NRRL_1	TRAIN_PREDICT:FUNANNOTATE_PREDICT	TRAIN_PREDICT:FUNANNOTATE_PREDICT (Aspergillus_clavatus_NRRL_1)	COMPLETED	0	5457.0	622.4	4.0	peak_rss	9.434546666666668	1	8	32.0	epyc		2026-09-24 01:18:58.530	2026-09-24 02:42:19.300	2026-09-24 04:13:19.755	annotate_trace.20260924_011757.txt	final
v1.9.0-rc1_container_rust	Parastagonospora_nodorum	TRAIN_PREDICT:RNASEQ_PREPARE	TRAIN_PREDICT:RNASEQ_PREPARE (Parastagonospora_nodorum)	COMPLETED	0	4758.0	1207.5	3.8	peak_rss	15.959125	1	16	52.0	epyc		2026-09-24 01:18:54.649	2026-09-24 02:54:19.381	2026-09-24 04:14:19.762	annotate_trace.20260924_011757.txt	final
v1.9.0-rc1_container_rust	Tremella_mesenterica_Fries	TRAIN_PREDICT:FUNANNOTATE_PREDICT	TRAIN_PREDICT:FUNANNOTATE_PREDICT (Tremella_mesenterica_Fries)	COMPLETED	0	7774.0	674.5	5.2	peak_rss	14.565452777777779	1	8	32.0	epyc		2026-09-24 01:18:50.541	2026-09-24 02:20:19.182	2026-09-24 04:30:19.770	annotate_trace.20260924_011757.txt	final
v1.9.0-rc1_container_rust	Morchella_importuna	TRAIN_PREDICT:RNASEQ_PREPARE	TRAIN_PREDICT:RNASEQ_PREPARE (Morchella_importuna)	COMPLETED	0	4259.0	1179.7	6.9	peak_rss	13.95650638888889	1	16	52.0	epyc		2026-09-24 01:19:06.690	2026-09-24 03:20:19.589	2026-09-24 04:31:19.769	annotate_trace.20260924_011757.txt	final
v1.9.0-rc1_container_rust	Talaromyces_stipitatus_ATCC_10500	TRAIN_PREDICT:FUNANNOTATE_PREDICT	TRAIN_PREDICT:FUNANNOTATE_PREDICT (Talaromyces_stipitatus_ATCC_10500)	COMPLETED	0	5012.0	627.2	4.6	peak_rss	8.732017777777779	1	8	32.0	epyc		2026-09-24 01:19:12.539	2026-09-24 03:11:19.385	2026-09-24 04:35:19.849	annotate_trace.20260924_011757.txt	final
v1.9.0-rc1_container_rust	Orbilia_oligospora	TRAIN_PREDICT:RNASEQ_PREPARE	TRAIN_PREDICT:RNASEQ_PREPARE (Orbilia_oligospora)	COMPLETED	0	4766.0	1260.5	3.0	peak_rss	16.687619444444444	1	16	52.0	epyc		2026-09-24 01:19:04.583	2026-09-24 03:19:19.547	2026-09-24 04:39:19.779	annotate_trace.20260924_011757.txt	final
v1.9.0-rc1_container_rust	Dactylellina_haptotyla_CBS_200.50	TRAIN_PREDICT:FUNANNOTATE_PREDICT	TRAIN_PREDICT:FUNANNOTATE_PREDICT (Dactylellina_haptotyla_CBS_200.50)	COMPLETED	0	3276.0	632.6	2.4	peak_rss	5.756660000000001	1	8	32.0	epyc		2026-09-24 01:19:24.532	2026-09-24 03:51:19.661	2026-09-24 04:46:19.807	annotate_trace.20260924_011757.txt	final
v1.9.0-rc1_container_rust	Sporobolomyces_salmoneus_JCM6883	TRAIN_PREDICT:FUNANNOTATE_PREDICT	TRAIN_PREDICT:FUNANNOTATE_PREDICT (Sporobolomyces_salmoneus_JCM6883)	COMPLETED	0	3568.0	608.1	3.5	peak_rss	6.026946666666667	1	8	32.0	epyc		2026-09-24 01:19:22.527	2026-09-24 03:47:19.721	2026-09-24 04:47:19.791	annotate_trace.20260924_011757.txt	final
v1.9.0-rc1_container_rust	Synchytrium_microbalum_JEL517	TRAIN_PREDICT:FUNANNOTATE_PREDICT	TRAIN_PREDICT:FUNANNOTATE_PREDICT (Synchytrium_microbalum_JEL517)	COMPLETED	0	2209.0	651.3	4.1	peak_rss	3.9964491666666664	1	8	32.0	epyc		2026-09-24 01:19:30.537	2026-09-24 04:10:19.787	2026-09-24 04:48:19.851	annotate_trace.20260924_011757.txt	final
v1.9.0-rc1_container_rust	Tilletiopsis_washingtonensis	TRAIN_PREDICT:RNASEQ_PREPARE	TRAIN_PREDICT:RNASEQ_PREPARE (Tilletiopsis_washingtonensis)	COMPLETED	0	2504.0	1203.1	1.7	peak_rss	8.368228888888888	1	16	52.0	epyc		2026-09-24 01:19:16.531	2026-09-24 04:13:19.758	2026-09-24 04:55:19.856	annotate_trace.20260924_011757.txt	final
v1.9.0-rc1_container_rust	Pyrenophora_teres	TRAIN_PREDICT:RNASEQ_PREPARE	TRAIN_PREDICT:RNASEQ_PREPARE (Pyrenophora_teres)	COMPLETED	0	1510.0	1151.6	4.4	peak_rss	4.830322222222222	1	16	52.0	epyc		2026-09-24 01:19:26.548	2026-09-24 04:36:19.846	2026-09-24 05:02:19.876	annotate_trace.20260924_011757.txt	final
v1.9.0-rc1_container_rust	Sugiyamaella_lignohabitans_CBS_10342	TRAIN_PREDICT:FUNANNOTATE_PREDICT	TRAIN_PREDICT:FUNANNOTATE_PREDICT (Sugiyamaella_lignohabitans_CBS_10342)	COMPLETED	0	3128.0	645.4	4.5	peak_rss	5.607808888888889	1	8	32.0	epyc		2026-09-24 01:19:32.533	2026-09-24 04:14:19.767	2026-09-24 05:07:19.879	annotate_trace.20260924_011757.txt	final
v1.9.0-rc1_container_rust	Yarrowia_lipolytica	TRAIN_PREDICT:RNASEQ_PREPARE	TRAIN_PREDICT:RNASEQ_PREPARE (Yarrowia_lipolytica)	COMPLETED	0	3429.0	1222.3	1.8	peak_rss	11.6424075	1	16	52.0	epyc		2026-09-24 01:19:20.607	2026-09-24 04:22:19.740	2026-09-24 05:20:19.956	annotate_trace.20260924_011757.txt	final
v1.9.0-rc1_container_rust	Zygosaccharomyces_rouxii	TRAIN_PREDICT:RNASEQ_PREPARE	TRAIN_PREDICT:RNASEQ_PREPARE (Zygosaccharomyces_rouxii)	COMPLETED	0	758.0	1205.4	2.7	peak_rss	2.5380366666666667	1	16	52.0	epyc		2026-09-24 01:19:42.529	2026-09-24 05:07:19.977	2026-09-24 05:20:19.976	annotate_trace.20260924_011757.txt	final
v1.9.0-rc1_container_rust	Wallemia_mellicola_CBS_633.66	TRAIN_PREDICT:FUNANNOTATE_PREDICT	TRAIN_PREDICT:FUNANNOTATE_PREDICT (Wallemia_mellicola_CBS_633.66)	COMPLETED	0	3208.0	681.6	2.7	peak_rss	6.073813333333333	1	8	32.0	epyc		2026-09-24 01:19:38.536	2026-09-24 04:30:19.868	2026-09-24 05:24:19.964	annotate_trace.20260924_011757.txt	final
v1.9.0-rc1_container_rust	Uncinocarpus_reesii_1704	TRAIN_PREDICT:FUNANNOTATE_PREDICT	TRAIN_PREDICT:FUNANNOTATE_PREDICT (Uncinocarpus_reesii_1704)	COMPLETED	0	5012.0	631.0	3.7	peak_rss	8.784922222222221	1	8	32.0	epyc		2026-09-24 01:19:28.525	2026-09-24 04:08:19.747	2026-09-24 05:32:19.939	annotate_trace.20260924_011757.txt	final
v1.9.0-rc1_container_rust	Pyrenophora_tritici-repentis	TRAIN_PREDICT:RNASEQ_PREPARE	TRAIN_PREDICT:RNASEQ_PREPARE (Pyrenophora_tritici-repentis)	COMPLETED	0	4765.0	1266.7	3.7	peak_rss	16.766181944444444	1	16	52.0	epyc		2026-09-24 01:19:14.563	2026-09-24 04:12:19.749	2026-09-24 05:32:19.914	annotate_trace.20260924_011757.txt	final
v1.9.0-rc1_container_rust	Malassezia_sympodialis	TRAIN_PREDICT:RNASEQ_PREPARE	TRAIN_PREDICT:RNASEQ_PREPARE (Malassezia_sympodialis)	COMPLETED	0	1349.0	1196.1	1.1	peak_rss	4.4820525	1	16	52.0	epyc		2026-09-24 01:19:50.542	2026-09-24 05:20:19.980	2026-09-24 05:43:19.965	annotate_trace.20260924_011757.txt	final
v1.9.0-rc1_container_rust	Rhizopus_microsporus_ATCC_52813	TRAIN_PREDICT:FUNANNOTATE_TRAIN	TRAIN_PREDICT:FUNANNOTATE_TRAIN (Rhizopus_microsporus_ATCC_52813)	FAILED	1	1080.0					1	8	48.0	epyc		2026-09-24 01:34:20.371	2026-09-24 05:33:20.085	2026-09-24 05:51:20.047	annotate_trace.20260924_011757.txt	overhead
v1.9.0-rc1_container_rust	Letharia_columbiana_WasteWater2	TRAIN_PREDICT:FUNANNOTATE_PREDICT	TRAIN_PREDICT:FUNANNOTATE_PREDICT (Letharia_columbiana_WasteWater2)	COMPLETED	0	4085.0	585.1	4.3	peak_rss	6.639259722222222	1	8	32.0	epyc		2026-09-24 01:19:40.544	2026-09-24 04:44:19.856	2026-09-24 05:53:19.993	annotate_trace.20260924_011757.txt	final
v1.9.0-rc1_container_rust	Schizophyllum_commune	TRAIN_PREDICT:RNASEQ_PREPARE	TRAIN_PREDICT:RNASEQ_PREPARE (Schizophyllum_commune)	COMPLETED	0	3715.0	1226.8	2.6	peak_rss	12.659894444444445	1	16	52.0	epyc		2026-09-24 01:19:36.532	2026-09-24 04:55:19.935	2026-09-24 05:57:20.018	annotate_trace.20260924_011757.txt	final
v1.9.0-rc1_container_rust	Aspergillus_fumigatus	TRAIN_PREDICT:RNASEQ_PREPARE	TRAIN_PREDICT:RNASEQ_PREPARE (Aspergillus_fumigatus)	COMPLETED	0	4088.0	1233.3	3.9	peak_rss	14.004806666666669	1	16	52.0	epyc		2026-09-24 01:19:34.564	2026-09-24 04:54:19.929	2026-09-24 06:02:20.003	annotate_trace.20260924_011757.txt	final
v1.9.0-rc1_container_rust	Botrytis_cinerea	TRAIN_PREDICT:RNASEQ_PREPARE	TRAIN_PREDICT:RNASEQ_PREPARE (Botrytis_cinerea)	COMPLETED	0	4353.0	1223.0	2.6	peak_rss	14.788108333333335	1	16	52.0	epyc		2026-09-24 01:19:46.572	2026-09-24 05:18:19.884	2026-09-24 06:31:20.241	annotate_trace.20260924_011757.txt	final
v1.9.0-rc1_container_rust	Blastomyces_dermatitidis_ER-3	TRAIN_PREDICT:FUNANNOTATE_PREDICT	TRAIN_PREDICT:FUNANNOTATE_PREDICT (Blastomyces_dermatitidis_ER-3)	COMPLETED	0	6305.0	633.7	22.3	peak_rss	11.09855138888889	1	8	32.0	epyc		2026-09-24 01:19:48.525	2026-09-24 04:55:19.942	2026-09-24 06:41:20.273	annotate_trace.20260924_011757.txt	final
v1.9.0-rc1_container_rust	Chaetomium_globosum	TRAIN_PREDICT:RNASEQ_PREPARE	TRAIN_PREDICT:RNASEQ_PREPARE (Chaetomium_globosum)	COMPLETED	0	4730.0	1291.8	2.8	peak_rss	16.972816666666667	1	16	52.0	epyc		2026-09-24 01:19:54.539	2026-09-24 05:32:20.031	2026-09-24 06:51:20.338	annotate_trace.20260924_011757.txt	final
v1.9.0-rc1_container_rust	Protomyces_lactucae-debilis	TRAIN_PREDICT:RNASEQ_PREPARE	TRAIN_PREDICT:RNASEQ_PREPARE (Protomyces_lactucae-debilis)	COMPLETED	0	1260.0	1177.6	1.9	peak_rss	4.1216	1	16	52.0	epyc		2026-09-24 01:20:06.537	2026-09-24 06:30:20.289	2026-09-24 06:52:20.280	annotate_trace.20260924_011757.txt	final
v1.9.0-rc1_container_rust	Laccaria_bicolor_S238N-H82	TRAIN_PREDICT:FUNANNOTATE_PREDICT	TRAIN_PREDICT:FUNANNOTATE_PREDICT (Laccaria_bicolor_S238N-H82)	COMPLETED	0	8079.0	620.0	4.9	peak_rss	13.913833333333333	1	8	32.0	epyc		2026-09-24 01:19:44.551	2026-09-24 04:47:19.797	2026-09-24 07:02:20.418	annotate_trace.20260924_011757.txt	final
v1.9.0-rc1_container_rust	Lipomyces_tetrasporus	TRAIN_PREDICT:RNASEQ_PREPARE	TRAIN_PREDICT:RNASEQ_PREPARE (Lipomyces_tetrasporus)	COMPLETED	0	3484.0	1257.4	2.9	peak_rss	12.168837777777778	1	16	52.0	epyc		2026-09-24 01:20:02.533	2026-09-24 06:09:20.136	2026-09-24 07:07:20.492	annotate_trace.20260924_011757.txt	final
v1.9.0-rc1_container_rust	Sclerotinia_sclerotiorum	TRAIN_PREDICT:RNASEQ_PREPARE	TRAIN_PREDICT:RNASEQ_PREPARE (Sclerotinia_sclerotiorum)	COMPLETED	0	5044.0	1213.6	2.8	peak_rss	17.003884444444445	1	16	52.0	epyc		2026-09-24 01:19:56.534	2026-09-24 05:43:20.039	2026-09-24 07:08:20.431	annotate_trace.20260924_011757.txt	final
v1.9.0-rc1_container_rust	Mucor_mucedo	TRAIN_PREDICT:RNASEQ_PREPARE	TRAIN_PREDICT:RNASEQ_PREPARE (Mucor_mucedo)	COMPLETED	0	4689.0	1230.0	2.3	peak_rss	16.02075	1	16	52.0	epyc		2026-09-24 01:19:58.541	2026-09-24 05:57:20.117	2026-09-24 07:16:20.477	annotate_trace.20260924_011757.txt	final
v1.9.0-rc1_container_rust	Gaeumannomyces_tritici	TRAIN_PREDICT:RNASEQ_PREPARE	TRAIN_PREDICT:RNASEQ_PREPARE (Gaeumannomyces_tritici)	COMPLETED	0	4592.0	1259.1	2.6	peak_rss	16.06052	1	16	52.0	epyc		2026-09-24 01:20:00.540	2026-09-24 06:02:20.118	2026-09-24 07:19:20.461	annotate_trace.20260924_011757.txt	final
v1.9.0-rc1_container_rust	Tricharina_praecox	TRAIN_PREDICT:RNASEQ_PREPARE	TRAIN_PREDICT:RNASEQ_PREPARE (Tricharina_praecox)	COMPLETED	0	4666.0	1098.4	3.0	peak_rss	14.236484444444448	1	16	52.0	epyc		2026-09-24 01:20:04.530	2026-09-24 06:17:20.068	2026-09-24 07:35:20.587	annotate_trace.20260924_011757.txt	final
v1.9.0-rc1_container_rust	Drepanopeziza_brunnea	TRAIN_PREDICT:RNASEQ_PREPARE	TRAIN_PREDICT:RNASEQ_PREPARE (Drepanopeziza_brunnea)	COMPLETED	0	257.0	1063.3	3.0	peak_rss	0.7590780555555555	1	16	52.0	epyc		2026-09-24 01:20:20.538	2026-09-24 07:35:20.589	2026-09-24 07:40:20.608	annotate_trace.20260924_011757.txt	final
v1.9.0-rc1_container_rust	Lachancea_thermotolerans	TRAIN_PREDICT:RNASEQ_PREPARE	TRAIN_PREDICT:RNASEQ_PREPARE (Lachancea_thermotolerans)	COMPLETED	0	1598.0	1202.5	1.1	peak_rss	5.337763888888889	1	16	52.0	epyc		2026-09-24 01:20:16.529	2026-09-24 07:16:20.564	2026-09-24 07:43:20.611	annotate_trace.20260924_011757.txt	final
v1.9.0-rc1_container_rust	Pseudogymnoascus_destructans	TRAIN_PREDICT:RNASEQ_PREPARE	TRAIN_PREDICT:RNASEQ_PREPARE (Pseudogymnoascus_destructans)	COMPLETED	0	3785.0	1196.4	3.0	peak_rss	12.578816666666668	1	16	52.0	epyc		2026-09-24 01:20:08.533	2026-09-24 06:45:20.275	2026-09-24 07:49:20.571	annotate_trace.20260924_011757.txt	final
v1.9.0-rc1_container_rust	Trichosporon_asahii	TRAIN_PREDICT:RNASEQ_PREPARE	TRAIN_PREDICT:RNASEQ_PREPARE (Trichosporon_asahii)	COMPLETED	0	3654.0	1074.7	2.2	peak_rss	10.908204999999999	1	16	52.0	epyc		2026-09-24 01:20:12.690	2026-09-24 07:02:20.499	2026-09-24 08:04:20.688	annotate_trace.20260924_011757.txt	final
v1.9.0-rc1_container_rust	Batrachochytrium_dendrobatidis	TRAIN_PREDICT:RNASEQ_PREPARE	TRAIN_PREDICT:RNASEQ_PREPARE (Batrachochytrium_dendrobatidis)	COMPLETED	0	4612.0	1300.5	11.4	peak_rss	16.66085	1	16	52.0	epyc		2026-09-24 01:20:10.538	2026-09-24 06:52:20.369	2026-09-24 08:09:20.692	annotate_trace.20260924_011757.txt	overhead
v1.9.0-rc1_container_rust	Saccharomyces_cerevisiae	TRAIN_PREDICT:RNASEQ_PREPARE	TRAIN_PREDICT:RNASEQ_PREPARE (Saccharomyces_cerevisiae)	COMPLETED	0	1460.0	1190.0	1.9	peak_rss	4.8261111111111115	1	16	52.0	epyc		2026-09-24 01:20:26.535	2026-09-24 07:49:20.665	2026-09-24 08:14:20.924	annotate_trace.20260924_011757.txt	final
v1.9.0-rc1_container_rust	Umbelopsis_ramanniana	TRAIN_PREDICT:RNASEQ_PREPARE	TRAIN_PREDICT:RNASEQ_PREPARE (Umbelopsis_ramanniana)	COMPLETED	0	2589.0	1171.5	2.1	peak_rss	8.4250375	1	16	52.0	epyc		2026-09-24 01:20:22.538	2026-09-24 07:40:20.610	2026-09-24 08:24:20.935	annotate_trace.20260924_011757.txt	final
v1.9.0-rc1_container_rust	Cokeromyces_recurvatus	TRAIN_PREDICT:RNASEQ_PREPARE	TRAIN_PREDICT:RNASEQ_PREPARE (Cokeromyces_recurvatus)	COMPLETED	0	4063.0	1172.5	2.2	peak_rss	13.232965277777776	1	16	52.0	epyc		2026-09-24 01:20:18.536	2026-09-24 07:20:20.539	2026-09-24 08:28:20.929	annotate_trace.20260924_011757.txt	final
v1.9.0-rc1_container_rust	Colletotrichum_graminicola	TRAIN_PREDICT:RNASEQ_PREPARE	TRAIN_PREDICT:RNASEQ_PREPARE (Colletotrichum_graminicola)	COMPLETED	0	4952.0	1142.1	3.2	peak_rss	15.71022	1	16	52.0	epyc		2026-09-24 01:20:14.542	2026-09-24 07:08:20.534	2026-09-24 08:31:20.949	annotate_trace.20260924_011757.txt	final
v1.9.0-rc1_container_rust	Morchella_sextelata	TRAIN_PREDICT:RNASEQ_PREPARE	TRAIN_PREDICT:RNASEQ_PREPARE (Morchella_sextelata)	COMPLETED	0	10897.0	1295.0	15.0	peak_rss	39.198930555555556	1	16	52.0	epyc		2026-09-24 01:19:52.532	2026-09-24 05:31:19.994	2026-09-24 08:33:20.966	annotate_trace.20260924_011757.txt	final
v1.9.0-rc1_container_rust	Malassezia_globosa_CBS_7966	TRAIN_PREDICT:FUNANNOTATE_TRAIN	TRAIN_PREDICT:FUNANNOTATE_TRAIN (Malassezia_globosa_CBS_7966)	COMPLETED	0	1329.0	231.7	1.6	peak_rss	0.8553591666666666	1	8	48.0	epyc		2026-09-24 02:54:19.596	2026-09-24 08:23:20.930	2026-09-24 08:45:21.086	annotate_trace.20260924_011757.txt	final
v1.9.0-rc1_container_rust	Kluyveromyces_lactis_NRRL_Y-1140	TRAIN_PREDICT:FUNANNOTATE_TRAIN	TRAIN_PREDICT:FUNANNOTATE_TRAIN (Kluyveromyces_lactis_NRRL_Y-1140)	COMPLETED	0	839.0	232.7	1.8	peak_rss	0.5423202777777777	1	8	48.0	epyc		2026-09-24 03:20:19.644	2026-09-24 08:35:21.048	2026-09-24 08:49:21.043	annotate_trace.20260924_011757.txt	final
v1.9.0-rc1_container_rust	Cryptococcus_deneoformans_JEC21	TRAIN_PREDICT:FUNANNOTATE_TRAIN	TRAIN_PREDICT:FUNANNOTATE_TRAIN (Cryptococcus_deneoformans_JEC21)	COMPLETED	0	2924.0	266.8	1.7	peak_rss	2.1670088888888888	1	8	48.0	epyc		2026-09-24 02:16:19.439	2026-09-24 08:04:20.787	2026-09-24 08:53:21.044	annotate_trace.20260924_011757.txt	final
v1.9.0-rc1_container_rust	Zymoseptoria_tritici	TRAIN_PREDICT:RNASEQ_PREPARE	TRAIN_PREDICT:RNASEQ_PREPARE (Zymoseptoria_tritici)	COMPLETED	0	4560.0	1208.5	7.2	peak_rss	15.307666666666668	1	16	52.0	epyc		2026-09-24 01:20:24.549	2026-09-24 07:44:20.612	2026-09-24 09:00:21.083	annotate_trace.20260924_011757.txt	final
v1.9.0-rc1_container_rust	Cryptococcus_neoformans_H99	TRAIN_PREDICT:FUNANNOTATE_TRAIN	TRAIN_PREDICT:FUNANNOTATE_TRAIN (Cryptococcus_neoformans_H99)	COMPLETED	0	2194.0	273.9	1.8	peak_rss	1.6692683333333334	1	8	48.0	epyc		2026-09-24 03:03:19.511	2026-09-24 08:24:21.009	2026-09-24 09:01:21.089	annotate_trace.20260924_011757.txt	final
v1.9.0-rc1_container_rust	Allomyces_macrogynus_ATCC_38327	TRAIN_PREDICT:FUNANNOTATE_TRAIN	TRAIN_PREDICT:FUNANNOTATE_TRAIN (Allomyces_macrogynus_ATCC_38327)	COMPLETED	0	3436.0	360.0	1.9	peak_rss	3.436	1	8	48.0	epyc		2026-09-24 02:23:19.480	2026-09-24 08:05:20.690	2026-09-24 09:02:21.086	annotate_trace.20260924_011757.txt	final
v1.9.0-rc1_container_rust	Fusarium_oxysporum	TRAIN_PREDICT:RNASEQ_PREPARE	TRAIN_PREDICT:RNASEQ_PREPARE (Fusarium_oxysporum)	COMPLETED	0	4807.0	1301.7	5.7	peak_rss	17.381310833333334	1	16	52.0	epyc		2026-09-24 01:20:30.540	2026-09-24 07:56:20.661	2026-09-24 09:17:21.212	annotate_trace.20260924_011757.txt	final
v1.9.0-rc1_container_rust	Fusarium_verticillioides	TRAIN_PREDICT:RNASEQ_PREPARE	TRAIN_PREDICT:RNASEQ_PREPARE (Fusarium_verticillioides)	COMPLETED	0	5015.0	1143.3	3.6	peak_rss	15.926804166666665	1	16	52.0	epyc		2026-09-24 01:20:28.542	2026-09-24 07:54:20.672	2026-09-24 09:18:21.162	annotate_trace.20260924_011757.txt	final
v1.9.0-rc1_container_rust	Tilletiaria_anomala_UBC_951	TRAIN_PREDICT:FUNANNOTATE_TRAIN	TRAIN_PREDICT:FUNANNOTATE_TRAIN (Tilletiaria_anomala_UBC_951)	COMPLETED	0	2070.0	244.7	1.4	peak_rss	1.407025	1	8	48.0	epyc		2026-09-24 04:12:19.987	2026-09-24 08:49:21.133	2026-09-24 09:24:21.161	annotate_trace.20260924_011757.txt	final
v1.9.0-rc1_container_rust	Pyrenophora_teres_0-1	TRAIN_PREDICT:FUNANNOTATE_TRAIN	TRAIN_PREDICT:FUNANNOTATE_TRAIN (Pyrenophora_teres_0-1)	COMPLETED	0	611.0	314.3	0.9373	peak_rss	0.5334369444444444	1	8	48.0	epyc		2026-09-24 05:02:20.116	2026-09-24 09:22:21.321	2026-09-24 09:32:21.199	annotate_trace.20260924_011757.txt	final
v1.9.0-rc1_container_rust	Morchella_importuna_M04M26	TRAIN_PREDICT:FUNANNOTATE_TRAIN	TRAIN_PREDICT:FUNANNOTATE_TRAIN (Morchella_importuna_M04M26)	COMPLETED	0	2332.0	341.4	1.9	peak_rss	2.211513333333333	1	8	48.0	epyc		2026-09-24 04:31:19.950	2026-09-24 09:01:21.149	2026-09-24 09:40:21.295	annotate_trace.20260924_011757.txt	final
v1.9.0-rc1_container_rust	Zygosaccharomyces_rouxii_CBS_732	TRAIN_PREDICT:FUNANNOTATE_TRAIN	TRAIN_PREDICT:FUNANNOTATE_TRAIN (Zygosaccharomyces_rouxii_CBS_732)	COMPLETED	0	630.0	256.7	1.8	peak_rss	0.44922499999999993	1	8	48.0	epyc		2026-09-24 05:20:20.253	2026-09-24 09:31:21.217	2026-09-24 09:42:21.251	annotate_trace.20260924_011757.txt	final
v1.9.0-rc1_container_rust	Rhizopus_delemar_RA_99-880	TRAIN_PREDICT:FUNANNOTATE_TRAIN	TRAIN_PREDICT:FUNANNOTATE_TRAIN (Rhizopus_delemar_RA_99-880)	COMPLETED	0	4436.0	379.1	2.0	peak_rss	4.671354444444446	1	8	48.0	epyc		2026-09-24 03:09:19.560	2026-09-24 08:31:21.014	2026-09-24 09:45:21.286	annotate_trace.20260924_011757.txt	final
v1.9.0-rc1_container_rust	Talaromyces_marneffei_ATCC_18224	TRAIN_PREDICT:FUNANNOTATE_TRAIN	TRAIN_PREDICT:FUNANNOTATE_TRAIN (Talaromyces_marneffei_ATCC_18224)	COMPLETED	0	3620.0	302.5	2.0	peak_rss	3.0418055555555554	1	8	48.0	epyc		2026-09-24 03:50:19.881	2026-09-24 08:46:21.139	2026-09-24 09:47:21.303	annotate_trace.20260924_011757.txt	final
v1.9.0-rc1_container_rust	Phycomyces_blakesleeanus_NRRL_1555_-	TRAIN_PREDICT:FUNANNOTATE_TRAIN	TRAIN_PREDICT:FUNANNOTATE_TRAIN (Phycomyces_blakesleeanus_NRRL_1555_-)	COMPLETED	0	4046.0	389.2	2.5	peak_rss	4.3741755555555555	1	8	48.0	epyc		2026-09-24 03:30:19.698	2026-09-24 08:41:21.015	2026-09-24 09:49:21.319	annotate_trace.20260924_011757.txt	final
v1.9.0-rc1_container_rust	Parastagonospora_nodorum_SN15	TRAIN_PREDICT:FUNANNOTATE_TRAIN	TRAIN_PREDICT:FUNANNOTATE_TRAIN (Parastagonospora_nodorum_SN15)	COMPLETED	0	3585.0	292.5	4.1	peak_rss	2.9128125	1	8	48.0	epyc		2026-09-24 04:14:19.882	2026-09-24 08:52:21.094	2026-09-24 09:52:21.303	annotate_trace.20260924_011757.txt	final
v1.9.0-rc1_container_rust	Yarrowia_lipolytica_CLIB122	TRAIN_PREDICT:FUNANNOTATE_TRAIN	TRAIN_PREDICT:FUNANNOTATE_TRAIN (Yarrowia_lipolytica_CLIB122)	COMPLETED	0	1431.0	318.8	2.0	peak_rss	1.26723	1	8	48.0	epyc		2026-09-24 05:20:21.236	2026-09-24 09:32:21.205	2026-09-24 09:56:21.327	annotate_trace.20260924_011757.txt	final
v1.9.0-rc1_container_rust	Schizophyllum_commune_H4-8	TRAIN_PREDICT:FUNANNOTATE_TRAIN	TRAIN_PREDICT:FUNANNOTATE_TRAIN (Schizophyllum_commune_H4-8)	COMPLETED	0	881.0	315.5	1.8	peak_rss	0.7720986111111111	1	8	48.0	epyc		2026-09-24 05:57:20.250	2026-09-24 09:41:21.344	2026-09-24 09:56:21.459	annotate_trace.20260924_011757.txt	final
v1.9.0-rc1_container_rust	Orbilia_oligospora_ATCC_24927	TRAIN_PREDICT:FUNANNOTATE_TRAIN	TRAIN_PREDICT:FUNANNOTATE_TRAIN (Orbilia_oligospora_ATCC_24927)	COMPLETED	0	3234.0	302.7	1.9	peak_rss	2.7192549999999995	1	8	48.0	epyc		2026-09-24 04:39:20.039	2026-09-24 09:02:21.211	2026-09-24 09:57:21.316	annotate_trace.20260924_011757.txt	final
v1.9.0-rc1_container_rust	Tilletiopsis_washingtonensis_MCA_4186	TRAIN_PREDICT:FUNANNOTATE_TRAIN	TRAIN_PREDICT:FUNANNOTATE_TRAIN (Tilletiopsis_washingtonensis_MCA_4186)	COMPLETED	0	2348.0	236.9	1.6	peak_rss	1.5451144444444447	1	8	48.0	epyc		2026-09-24 04:55:20.053	2026-09-24 09:18:21.224	2026-09-24 09:57:21.319	annotate_trace.20260924_011757.txt	final
v1.9.0-rc1_container_rust	Malassezia_sympodialis_ATCC_42132	TRAIN_PREDICT:FUNANNOTATE_TRAIN	TRAIN_PREDICT:FUNANNOTATE_TRAIN (Malassezia_sympodialis_ATCC_42132)	COMPLETED	0	1121.0	287.5	1.3	peak_rss	0.8952430555555555	1	8	48.0	epyc		2026-09-24 05:43:20.296	2026-09-24 09:41:21.321	2026-09-24 10:00:21.391	annotate_trace.20260924_011757.txt	final
v1.9.0-rc1_container_rust	Protomyces_lactucae-debilis_12-1054	TRAIN_PREDICT:FUNANNOTATE_TRAIN	TRAIN_PREDICT:FUNANNOTATE_TRAIN (Protomyces_lactucae-debilis_12-1054)	COMPLETED	0	1296.0	226.4	1.9	peak_rss	0.8150400000000001	1	8	48.0	epyc		2026-09-24 06:52:20.546	2026-09-24 09:57:21.432	2026-09-24 10:19:21.425	annotate_trace.20260924_011757.txt	final
v1.9.0-rc1_container_rust	Drepanopeziza_brunnea_MB_m1	TRAIN_PREDICT:FUNANNOTATE_TRAIN	TRAIN_PREDICT:FUNANNOTATE_TRAIN (Drepanopeziza_brunnea_MB_m1)	COMPLETED	0	0.202	14.7	0.0031000000000000003	peak_rss	8.248333333333334e-06	1	8	48.0	epyc		2026-09-24 07:40:20.741	2026-09-24 10:19:21.484	2026-09-24 10:19:21.486	annotate_trace.20260924_011757.txt	overhead
v1.9.0-rc1_container_rust	Pyrenophora_tritici-repentis_Pt-1C-BFP	TRAIN_PREDICT:FUNANNOTATE_TRAIN	TRAIN_PREDICT:FUNANNOTATE_TRAIN (Pyrenophora_tritici-repentis_Pt-1C-BFP)	COMPLETED	0	2511.0	363.1	2.1	peak_rss	2.5326225	1	8	48.0	epyc		2026-09-24 05:32:20.115	2026-09-24 09:40:21.302	2026-09-24 10:23:21.444	annotate_trace.20260924_011757.txt	final
v1.9.0-rc1_container_rust	Aspergillus_fumigatus_Af293	TRAIN_PREDICT:FUNANNOTATE_TRAIN	TRAIN_PREDICT:FUNANNOTATE_TRAIN (Aspergillus_fumigatus_Af293)	COMPLETED	0	2343.0	273.8	1.9	peak_rss	1.7819816666666668	1	8	48.0	epyc		2026-09-24 06:02:20.185	2026-09-24 09:44:21.299	2026-09-24 10:23:21.498	annotate_trace.20260924_011757.txt	final
v1.9.0-rc1_container_rust	Botrytis_cinerea_B05.10	TRAIN_PREDICT:FUNANNOTATE_TRAIN	TRAIN_PREDICT:FUNANNOTATE_TRAIN (Botrytis_cinerea_B05.10)	COMPLETED	0	2554.0	315.3	2.2	peak_rss	2.2368783333333333	1	8	48.0	epyc		2026-09-24 06:31:21.206	2026-09-24 09:52:21.475	2026-09-24 10:35:21.529	annotate_trace.20260924_011757.txt	final
v1.9.0-rc1_container_rust	Lachancea_thermotolerans_CBS_6340	TRAIN_PREDICT:FUNANNOTATE_TRAIN	TRAIN_PREDICT:FUNANNOTATE_TRAIN (Lachancea_thermotolerans_CBS_6340)	COMPLETED	0	766.0	273.2	1.5	peak_rss	0.5813088888888889	1	8	48.0	epyc		2026-09-24 07:43:20.865	2026-09-24 10:23:21.501	2026-09-24 10:36:21.479	annotate_trace.20260924_011757.txt	final
v1.9.0-rc1_container_rust	Lipomyces_tetrasporus_NRRL_Y-64009	TRAIN_PREDICT:FUNANNOTATE_TRAIN	TRAIN_PREDICT:FUNANNOTATE_TRAIN (Lipomyces_tetrasporus_NRRL_Y-64009)	COMPLETED	0	2672.0	299.1	1.9	peak_rss	2.2199866666666668	1	8	48.0	epyc		2026-09-24 07:07:20.678	2026-09-24 09:57:21.436	2026-09-24 10:42:21.513	annotate_trace.20260924_011757.txt	final
v1.9.0-rc1_container_rust	Chaetomium_globosum_CBS_148.51	TRAIN_PREDICT:FUNANNOTATE_TRAIN	TRAIN_PREDICT:FUNANNOTATE_TRAIN (Chaetomium_globosum_CBS_148.51)	COMPLETED	0	2792.0	336.3	3.4	peak_rss	2.6081933333333334	1	8	48.0	epyc		2026-09-24 06:51:20.523	2026-09-24 09:57:21.327	2026-09-24 10:44:21.543	annotate_trace.20260924_011757.txt	final
v1.9.0-rc1_container_rust	Batrachochytrium_dendrobatidis_JAM81	TRAIN_PREDICT:FUNANNOTATE_TRAIN	TRAIN_PREDICT:FUNANNOTATE_TRAIN (Batrachochytrium_dendrobatidis_JAM81)	FAILED	1	0.003					1	8	48.0	epyc		2026-09-24 08:09:21.126	2026-09-24 10:44:21.545	2026-09-24 10:44:21.548	annotate_trace.20260924_011757.txt	overhead
v1.9.0-rc1_container_rust	Sclerotinia_sclerotiorum_1980	TRAIN_PREDICT:FUNANNOTATE_TRAIN	TRAIN_PREDICT:FUNANNOTATE_TRAIN (Sclerotinia_sclerotiorum_1980)	COMPLETED	0	2725.0	361.3	1.9	peak_rss	2.734840277777778	1	8	48.0	epyc		2026-09-24 07:08:20.614	2026-09-24 10:00:21.396	2026-09-24 10:46:21.521	annotate_trace.20260924_011757.txt	final
v1.9.0-rc1_container_rust	Mucor_mucedo_NRRL_3635	TRAIN_PREDICT:FUNANNOTATE_TRAIN	TRAIN_PREDICT:FUNANNOTATE_TRAIN (Mucor_mucedo_NRRL_3635)	COMPLETED	0	2883.0	345.7	2.8	peak_rss	2.768480833333333	1	8	48.0	epyc		2026-09-24 07:16:20.726	2026-09-24 10:01:21.415	2026-09-24 10:49:21.527	annotate_trace.20260924_011757.txt	final
v1.9.0-rc1_container_rust	Trichosporon_asahii_CBS_2479	TRAIN_PREDICT:FUNANNOTATE_TRAIN	TRAIN_PREDICT:FUNANNOTATE_TRAIN (Trichosporon_asahii_CBS_2479)	FAILED	1	720.0					1	8	48.0	epyc		2026-09-24 08:04:21.032	2026-09-24 10:37:21.481	2026-09-24 10:49:21.589	annotate_trace.20260924_011757.txt	overhead
v1.9.0-rc1_container_rust	Tricharina_praecox_CBS_144465	TRAIN_PREDICT:FUNANNOTATE_TRAIN	TRAIN_PREDICT:FUNANNOTATE_TRAIN (Tricharina_praecox_CBS_144465)	COMPLETED	0	2593.0	338.3	1.9	peak_rss	2.4366997222222224	1	8	48.0	epyc		2026-09-24 07:35:20.730	2026-09-24 10:11:21.446	2026-09-24 10:54:21.581	annotate_trace.20260924_011757.txt	final
v1.9.0-rc1_container_rust	Saccharomyces_cerevisiae_S288C	TRAIN_PREDICT:FUNANNOTATE_TRAIN	TRAIN_PREDICT:FUNANNOTATE_TRAIN (Saccharomyces_cerevisiae_S288C)	COMPLETED	0	688.0	271.4	1.8	peak_rss	0.5186755555555556	1	8	48.0	epyc		2026-09-24 08:14:21.130	2026-09-24 10:44:21.552	2026-09-24 10:56:21.584	annotate_trace.20260924_011757.txt	final
v1.9.0-rc1_container_rust	Gaeumannomyces_tritici_R3-111a-1	TRAIN_PREDICT:FUNANNOTATE_TRAIN	TRAIN_PREDICT:FUNANNOTATE_TRAIN (Gaeumannomyces_tritici_R3-111a-1)	COMPLETED	0	3119.0	275.0	1.9	peak_rss	2.3825694444444445	1	8	48.0	epyc		2026-09-24 07:19:20.655	2026-09-24 10:07:21.480	2026-09-24 10:59:21.607	annotate_trace.20260924_011757.txt	final
v1.9.0-rc1_container_rust	Pseudogymnoascus_destructans_20631-21	TRAIN_PREDICT:FUNANNOTATE_TRAIN	TRAIN_PREDICT:FUNANNOTATE_TRAIN (Pseudogymnoascus_destructans_20631-21)	COMPLETED	0	2388.0	277.8	1.7	peak_rss	1.84274	1	8	48.0	epyc		2026-09-24 07:49:20.833	2026-09-24 10:23:21.505	2026-09-24 11:03:21.672	annotate_trace.20260924_011757.txt	final
v1.9.0-rc1_container_rust	Malassezia_globosa_CBS_7966	TRAIN_PREDICT:FUNANNOTATE_PREDICT	TRAIN_PREDICT:FUNANNOTATE_PREDICT (Malassezia_globosa_CBS_7966)	COMPLETED	0	860.0	445.7	3.5	peak_rss	1.0647277777777777	1	8	32.0	epyc		2026-09-24 08:45:21.266	2026-09-24 10:51:21.619	2026-09-24 11:06:21.633	annotate_trace.20260924_011757.txt	final
v1.9.0-rc1_container_rust	Kluyveromyces_lactis_NRRL_Y-1140	TRAIN_PREDICT:FUNANNOTATE_PREDICT	TRAIN_PREDICT:FUNANNOTATE_PREDICT (Kluyveromyces_lactis_NRRL_Y-1140)	COMPLETED	0	706.0	567.1	4.0	peak_rss	1.1121461111111113	1	8	32.0	epyc		2026-09-24 08:49:21.254	2026-09-24 10:56:21.669	2026-09-24 11:08:21.633	annotate_trace.20260924_011757.txt	final
v1.9.0-rc1_container_rust	Cryptococcus_neoformans_H99	TRAIN_PREDICT:FUNANNOTATE_PREDICT	TRAIN_PREDICT:FUNANNOTATE_PREDICT (Cryptococcus_neoformans_H99)	COMPLETED	0	823.0	523.4	4.4	peak_rss	1.1965505555555556	1	8	32.0	epyc		2026-09-24 09:01:21.227	2026-09-24 10:58:21.640	2026-09-24 11:12:21.691	annotate_trace.20260924_011757.txt	final
v1.9.0-rc1_container_rust	Rhizopus_microsporus_ATCC_52813	TRAIN_PREDICT:FUNANNOTATE_TRAIN	TRAIN_PREDICT:FUNANNOTATE_TRAIN (Rhizopus_microsporus_ATCC_52813)	COMPLETED	0	0.194	9.7	0.003	peak_rss	5.227222222222222e-06	2	24	192.0	epyc		2026-09-24 05:51:20.394	2026-09-24 11:14:21.632	2026-09-24 11:14:21.634	annotate_trace.20260924_011757.txt	overhead
v1.9.0-rc1_container_rust	Cryptococcus_deneoformans_JEC21	TRAIN_PREDICT:FUNANNOTATE_PREDICT	TRAIN_PREDICT:FUNANNOTATE_PREDICT (Cryptococcus_deneoformans_JEC21)	COMPLETED	0	945.0	505.3	6.7	peak_rss	1.3264125	1	8	32.0	epyc		2026-09-24 08:53:21.308	2026-09-24 10:58:21.632	2026-09-24 11:14:21.794	annotate_trace.20260924_011757.txt	final
v1.9.0-rc1_container_rust	Umbelopsis_ramanniana_AG	TRAIN_PREDICT:FUNANNOTATE_TRAIN	TRAIN_PREDICT:FUNANNOTATE_TRAIN (Umbelopsis_ramanniana_AG)	COMPLETED	0	1691.0	314.4	1.6	peak_rss	1.4768066666666664	1	8	48.0	epyc		2026-09-24 08:24:21.282	2026-09-24 10:46:21.600	2026-09-24 11:15:21.653	annotate_trace.20260924_011757.txt	final
v1.9.0-rc1_container_rust	Pyrenophora_teres_0-1	TRAIN_PREDICT:FUNANNOTATE_PREDICT	TRAIN_PREDICT:FUNANNOTATE_PREDICT (Pyrenophora_teres_0-1)	FAILED	1	59.9					1	8	32.0	epyc		2026-09-24 09:32:21.472	2026-09-24 11:14:21.795	2026-09-24 11:15:21.725	annotate_trace.20260924_011757.txt	overhead
v1.9.0-rc1_container_rust	Morchella_importuna_M04M26	TRAIN_PREDICT:FUNANNOTATE_PREDICT	TRAIN_PREDICT:FUNANNOTATE_PREDICT (Morchella_importuna_M04M26)	FAILED	1	120.0					1	8	32.0	epyc		2026-09-24 09:40:21.581	2026-09-24 11:14:21.797	2026-09-24 11:16:21.655	annotate_trace.20260924_011757.txt	overhead
v1.9.0-rc1_container_rust	Yarrowia_lipolytica_CLIB122	TRAIN_PREDICT:FUNANNOTATE_PREDICT	TRAIN_PREDICT:FUNANNOTATE_PREDICT (Yarrowia_lipolytica_CLIB122)	FAILED	1	60.0					1	8	32.0	epyc		2026-09-24 09:56:21.580	2026-09-24 11:15:21.755	2026-09-24 11:16:21.731	annotate_trace.20260924_011757.txt	overhead
v1.9.0-rc1_container_rust	Schizophyllum_commune_H4-8	TRAIN_PREDICT:FUNANNOTATE_PREDICT	TRAIN_PREDICT:FUNANNOTATE_PREDICT (Schizophyllum_commune_H4-8)	FAILED	1	60.0					1	8	32.0	epyc		2026-09-24 09:56:22.586	2026-09-24 11:15:21.757	2026-09-24 11:16:21.731	annotate_trace.20260924_011757.txt	overhead
v1.9.0-rc1_container_rust	Tilletiaria_anomala_UBC_951	TRAIN_PREDICT:FUNANNOTATE_PREDICT	TRAIN_PREDICT:FUNANNOTATE_PREDICT (Tilletiaria_anomala_UBC_951)	COMPLETED	0	1141.0	479.5	3.2	peak_rss	1.519748611111111	1	8	32.0	epyc		2026-09-24 09:24:21.415	2026-09-24 11:06:21.694	2026-09-24 11:25:21.864	annotate_trace.20260924_011757.txt	final
v1.9.0-rc1_container_rust	Zygosaccharomyces_rouxii_CBS_732	TRAIN_PREDICT:FUNANNOTATE_PREDICT	TRAIN_PREDICT:FUNANNOTATE_PREDICT (Zygosaccharomyces_rouxii_CBS_732)	COMPLETED	0	860.0	596.1	3.8	peak_rss	1.4240166666666667	1	8	32.0	epyc		2026-09-24 09:42:21.420	2026-09-24 11:14:21.805	2026-09-24 11:29:21.812	annotate_trace.20260924_011757.txt	final
v1.9.0-rc1_container_rust	Malassezia_sympodialis_ATCC_42132	TRAIN_PREDICT:FUNANNOTATE_PREDICT	TRAIN_PREDICT:FUNANNOTATE_PREDICT (Malassezia_sympodialis_ATCC_42132)	COMPLETED	0	802.0	599.5	2.8	peak_rss	1.3355527777777778	1	8	32.0	epyc		2026-09-24 10:00:21.763	2026-09-24 11:15:21.777	2026-09-24 11:29:21.817	annotate_trace.20260924_011757.txt	final
v1.9.0-rc1_container_rust	Cokeromyces_recurvatus_NRRL_2243	TRAIN_PREDICT:FUNANNOTATE_TRAIN	TRAIN_PREDICT:FUNANNOTATE_TRAIN (Cokeromyces_recurvatus_NRRL_2243)	COMPLETED	0	2524.0	347.7	2.0	peak_rss	2.4377633333333333	1	8	48.0	epyc		2026-09-24 08:28:21.195	2026-09-24 10:49:21.591	2026-09-24 11:31:21.815	annotate_trace.20260924_011757.txt	final
v1.9.0-rc1_container_rust	Protomyces_lactucae-debilis_12-1054	TRAIN_PREDICT:FUNANNOTATE_PREDICT	TRAIN_PREDICT:FUNANNOTATE_PREDICT (Protomyces_lactucae-debilis_12-1054)	COMPLETED	0	1001.0	599.8	3.5	peak_rss	1.667777222222222	1	8	32.0	epyc		2026-09-24 10:19:21.640	2026-09-24 11:15:21.781	2026-09-24 11:32:21.816	annotate_trace.20260924_011757.txt	final
v1.9.0-rc1_container_rust	Lachancea_thermotolerans_CBS_6340	TRAIN_PREDICT:FUNANNOTATE_PREDICT	TRAIN_PREDICT:FUNANNOTATE_PREDICT (Lachancea_thermotolerans_CBS_6340)	COMPLETED	0	755.0	496.8	4.2	peak_rss	1.0419	1	8	32.0	epyc		2026-09-24 10:36:21.704	2026-09-24 11:19:21.655	2026-09-24 11:32:21.820	annotate_trace.20260924_011757.txt	final
v1.9.0-rc1_container_rust	Colletotrichum_graminicola_M1.001	TRAIN_PREDICT:FUNANNOTATE_TRAIN	TRAIN_PREDICT:FUNANNOTATE_TRAIN (Colletotrichum_graminicola_M1.001)	COMPLETED	0	2567.0	310.2	1.9	peak_rss	2.211898333333333	1	8	48.0	epyc		2026-09-24 08:31:21.212	2026-09-24 10:50:21.645	2026-09-24 11:33:21.816	annotate_trace.20260924_011757.txt	final
v1.9.0-rc1_container_rust	Tilletiopsis_washingtonensis_MCA_4186	TRAIN_PREDICT:FUNANNOTATE_PREDICT	TRAIN_PREDICT:FUNANNOTATE_PREDICT (Tilletiopsis_washingtonensis_MCA_4186)	COMPLETED	0	1124.0	585.0	4.2	peak_rss	1.8265	1	8	32.0	epyc		2026-09-24 09:57:22.483	2026-09-24 11:15:21.774	2026-09-24 11:34:21.870	annotate_trace.20260924_011757.txt	final
v1.9.0-rc1_container_rust	Allomyces_macrogynus_ATCC_38327	TRAIN_PREDICT:FUNANNOTATE_PREDICT	TRAIN_PREDICT:FUNANNOTATE_PREDICT (Allomyces_macrogynus_ATCC_38327)	COMPLETED	0	2285.0	568.4	4.3	peak_rss	3.607761111111111	1	8	32.0	epyc		2026-09-24 09:02:21.243	2026-09-24 11:00:21.659	2026-09-24 11:39:21.879	annotate_trace.20260924_011757.txt	final
v1.9.0-rc1_container_rust	Parastagonospora_nodorum_SN15	TRAIN_PREDICT:FUNANNOTATE_PREDICT	TRAIN_PREDICT:FUNANNOTATE_PREDICT (Parastagonospora_nodorum_SN15)	COMPLETED	0	1482.0	564.1	4.5	peak_rss	2.3222116666666666	1	8	32.0	epyc		2026-09-24 09:52:21.589	2026-09-24 11:15:21.753	2026-09-24 11:40:21.938	annotate_trace.20260924_011757.txt	final
v1.9.0-rc1_container_rust	Aspergillus_fumigatus_Af293	TRAIN_PREDICT:FUNANNOTATE_PREDICT	TRAIN_PREDICT:FUNANNOTATE_PREDICT (Aspergillus_fumigatus_Af293)	COMPLETED	0	1453.0	612.8	4.0	peak_rss	2.4733288888888882	1	8	32.0	epyc		2026-09-24 10:23:22.666	2026-09-24 11:15:21.798	2026-09-24 11:40:21.941	annotate_trace.20260924_011757.txt	final
v1.9.0-rc1_container_rust	Talaromyces_marneffei_ATCC_18224	TRAIN_PREDICT:FUNANNOTATE_PREDICT	TRAIN_PREDICT:FUNANNOTATE_PREDICT (Talaromyces_marneffei_ATCC_18224)	COMPLETED	0	1611.0	614.6	4.3	peak_rss	2.750335	1	8	32.0	epyc		2026-09-24 09:47:21.486	2026-09-24 11:14:21.814	2026-09-24 11:42:21.916	annotate_trace.20260924_011757.txt	final
v1.9.0-rc1_container_rust	Zymoseptoria_tritici_IPO323	TRAIN_PREDICT:FUNANNOTATE_TRAIN	TRAIN_PREDICT:FUNANNOTATE_TRAIN (Zymoseptoria_tritici_IPO323)	COMPLETED	0	2651.0	263.7	1.9	peak_rss	1.9418575	1	8	48.0	epyc		2026-09-24 09:00:21.325	2026-09-24 10:59:21.671	2026-09-24 11:43:21.889	annotate_trace.20260924_011757.txt	final
v1.9.0-rc1_container_rust	Orbilia_oligospora_ATCC_24927	TRAIN_PREDICT:FUNANNOTATE_PREDICT	TRAIN_PREDICT:FUNANNOTATE_PREDICT (Orbilia_oligospora_ATCC_24927)	COMPLETED	0	1674.0	594.0	3.9	peak_rss	2.7621	1	8	32.0	epyc		2026-09-24 09:57:21.490	2026-09-24 11:15:21.771	2026-09-24 11:43:21.919	annotate_trace.20260924_011757.txt	final
v1.9.0-rc1_container_rust	Botrytis_cinerea_B05.10	TRAIN_PREDICT:FUNANNOTATE_PREDICT	TRAIN_PREDICT:FUNANNOTATE_PREDICT (Botrytis_cinerea_B05.10)	COMPLETED	0	1625.0	605.9	4.6	peak_rss	2.734965277777778	1	8	32.0	epyc		2026-09-24 10:35:21.651	2026-09-24 11:15:21.801	2026-09-24 11:43:22.056	annotate_trace.20260924_011757.txt	final
v1.9.0-rc1_container_rust	Rhizopus_delemar_RA_99-880	TRAIN_PREDICT:FUNANNOTATE_PREDICT	TRAIN_PREDICT:FUNANNOTATE_PREDICT (Rhizopus_delemar_RA_99-880)	COMPLETED	0	1787.0	599.2	4.7	peak_rss	2.9743622222222226	1	8	32.0	epyc		2026-09-24 09:45:21.424	2026-09-24 11:14:21.810	2026-09-24 11:45:22.024	annotate_trace.20260924_011757.txt	final
v1.9.0-rc1_container_rust	Phycomyces_blakesleeanus_NRRL_1555_-	TRAIN_PREDICT:FUNANNOTATE_PREDICT	TRAIN_PREDICT:FUNANNOTATE_PREDICT (Phycomyces_blakesleeanus_NRRL_1555_-)	COMPLETED	0	1834.0	586.1	4.7	peak_rss	2.9858538888888893	1	8	32.0	epyc		2026-09-24 09:49:21.491	2026-09-24 11:14:21.818	2026-09-24 11:45:22.025	annotate_trace.20260924_011757.txt	final
v1.9.0-rc1_container_rust	Fusarium_verticillioides_7600	TRAIN_PREDICT:FUNANNOTATE_TRAIN	TRAIN_PREDICT:FUNANNOTATE_TRAIN (Fusarium_verticillioides_7600)	COMPLETED	0	2432.0	325.0	2.0	peak_rss	2.1955555555555555	1	8	48.0	epyc		2026-09-24 09:18:21.574	2026-09-24 11:04:21.748	2026-09-24 11:45:22.023	annotate_trace.20260924_011757.txt	final
v1.9.0-rc1_container_rust	Lipomyces_tetrasporus_NRRL_Y-64009	TRAIN_PREDICT:FUNANNOTATE_PREDICT	TRAIN_PREDICT:FUNANNOTATE_PREDICT (Lipomyces_tetrasporus_NRRL_Y-64009)	COMPLETED	0	1230.0	500.5	4.3	peak_rss	1.7100416666666667	1	8	32.0	epyc		2026-09-24 10:42:21.710	2026-09-24 11:26:21.866	2026-09-24 11:47:21.977	annotate_trace.20260924_011757.txt	final
v1.9.0-rc1_container_rust	Pyrenophora_tritici-repentis_Pt-1C-BFP	TRAIN_PREDICT:FUNANNOTATE_PREDICT	TRAIN_PREDICT:FUNANNOTATE_PREDICT (Pyrenophora_tritici-repentis_Pt-1C-BFP)	COMPLETED	0	2002.0	603.0	13.4	peak_rss	3.3533500000000003	1	8	32.0	epyc		2026-09-24 10:23:21.650	2026-09-24 11:15:21.792	2026-09-24 11:49:22.029	annotate_trace.20260924_011757.txt	final
v1.9.0-rc1_container_rust	Fusarium_oxysporum_4287	TRAIN_PREDICT:FUNANNOTATE_TRAIN	TRAIN_PREDICT:FUNANNOTATE_TRAIN (Fusarium_oxysporum_4287)	COMPLETED	0	2770.0	376.0	2.3	peak_rss	2.893111111111111	1	8	48.0	epyc		2026-09-24 09:17:21.586	2026-09-24 11:04:21.672	2026-09-24 11:50:22.063	annotate_trace.20260924_011757.txt	final
v1.9.0-rc1_container_rust	Saccharomyces_cerevisiae_S288C	TRAIN_PREDICT:FUNANNOTATE_PREDICT	TRAIN_PREDICT:FUNANNOTATE_PREDICT (Saccharomyces_cerevisiae_S288C)	COMPLETED	0	997.0	517.4	3.4	peak_rss	1.4329105555555555	1	8	32.0	epyc		2026-09-24 10:56:21.794	2026-09-24 11:39:21.951	2026-09-24 11:56:22.077	annotate_trace.20260924_011757.txt	final
v1.9.0-rc1_container_rust	Mucor_mucedo_NRRL_3635	TRAIN_PREDICT:FUNANNOTATE_PREDICT	TRAIN_PREDICT:FUNANNOTATE_PREDICT (Mucor_mucedo_NRRL_3635)	COMPLETED	0	1555.0	521.2	4.4	peak_rss	2.251294444444445	1	8	32.0	epyc		2026-09-24 10:49:21.686	2026-09-24 11:32:21.904	2026-09-24 11:58:22.110	annotate_trace.20260924_011757.txt	final
v1.9.0-rc1_container_rust	Sclerotinia_sclerotiorum_1980	TRAIN_PREDICT:FUNANNOTATE_PREDICT	TRAIN_PREDICT:FUNANNOTATE_PREDICT (Sclerotinia_sclerotiorum_1980)	COMPLETED	0	1589.0	507.3	4.0	peak_rss	2.2391658333333333	1	8	32.0	epyc		2026-09-24 10:46:21.694	2026-09-24 11:32:21.901	2026-09-24 11:59:22.110	annotate_trace.20260924_011757.txt	final
v1.9.0-rc1_container_rust	Chaetomium_globosum_CBS_148.51	TRAIN_PREDICT:FUNANNOTATE_PREDICT	TRAIN_PREDICT:FUNANNOTATE_PREDICT (Chaetomium_globosum_CBS_148.51)	COMPLETED	0	1693.0	546.6	4.5	peak_rss	2.5705383333333334	1	8	32.0	epyc		2026-09-24 10:44:22.686	2026-09-24 11:31:21.901	2026-09-24 12:00:22.144	annotate_trace.20260924_011757.txt	final
v1.9.0-rc1_container_rust	Tricharina_praecox_CBS_144465	TRAIN_PREDICT:FUNANNOTATE_PREDICT	TRAIN_PREDICT:FUNANNOTATE_PREDICT (Tricharina_praecox_CBS_144465)	COMPLETED	0	1465.0	542.7	4.5	peak_rss	2.2084875000000004	1	8	32.0	epyc		2026-09-24 10:54:21.815	2026-09-24 11:38:21.966	2026-09-24 12:03:22.069	annotate_trace.20260924_011757.txt	final
v1.9.0-rc1_container_rust	Morchella_sextelata_SCLS	TRAIN_PREDICT:FUNANNOTATE_TRAIN	TRAIN_PREDICT:FUNANNOTATE_TRAIN (Morchella_sextelata_SCLS)	COMPLETED	0	4803.0	358.8	2.6	peak_rss	4.78699	1	8	48.0	epyc		2026-09-24 08:33:21.155	2026-09-24 10:50:21.647	2026-09-24 12:10:22.073	annotate_trace.20260924_011757.txt	final
v1.9.0-rc1_container_rust	Umbelopsis_ramanniana_AG	TRAIN_PREDICT:FUNANNOTATE_PREDICT	TRAIN_PREDICT:FUNANNOTATE_PREDICT (Umbelopsis_ramanniana_AG)	COMPLETED	0	995.0	524.4	3.9	peak_rss	1.4493833333333335	1	8	32.0	epyc		2026-09-24 11:15:21.760	2026-09-24 11:58:22.115	2026-09-24 12:15:22.144	annotate_trace.20260924_011757.txt	final
v1.9.0-rc1_container_rust	Pseudogymnoascus_destructans_20631-21	TRAIN_PREDICT:FUNANNOTATE_PREDICT	TRAIN_PREDICT:FUNANNOTATE_PREDICT (Pseudogymnoascus_destructans_20631-21)	COMPLETED	0	1750.0	504.2	3.2	peak_rss	2.450972222222222	1	8	32.0	epyc		2026-09-24 11:03:21.854	2026-09-24 11:49:22.033	2026-09-24 12:19:22.095	annotate_trace.20260924_011757.txt	final
v1.9.0-rc1_container_rust	Gaeumannomyces_tritici_R3-111a-1	TRAIN_PREDICT:FUNANNOTATE_PREDICT	TRAIN_PREDICT:FUNANNOTATE_PREDICT (Gaeumannomyces_tritici_R3-111a-1)	COMPLETED	0	2203.0	519.3	6.8	peak_rss	3.1778274999999994	1	8	32.0	epyc		2026-09-24 10:59:21.905	2026-09-24 11:45:22.044	2026-09-24 12:22:22.124	annotate_trace.20260924_011757.txt	final
v1.9.0-rc1_container_rust	Cokeromyces_recurvatus_NRRL_2243	TRAIN_PREDICT:FUNANNOTATE_PREDICT	TRAIN_PREDICT:FUNANNOTATE_PREDICT (Cokeromyces_recurvatus_NRRL_2243)	COMPLETED	0	1269.0	451.5	4.2	peak_rss	1.5915374999999998	1	8	32.0	epyc		2026-09-24 11:31:21.975	2026-09-24 12:02:22.122	2026-09-24 12:23:22.124	annotate_trace.20260924_011757.txt	final
v1.9.0-rc1_container_rust	Zymoseptoria_tritici_IPO323	TRAIN_PREDICT:FUNANNOTATE_PREDICT	TRAIN_PREDICT:FUNANNOTATE_PREDICT (Zymoseptoria_tritici_IPO323)	COMPLETED	0	1697.0	544.3	4.8	peak_rss	2.565769722222222	1	8	32.0	epyc		2026-09-24 11:43:22.125	2026-09-24 12:04:22.071	2026-09-24 12:33:22.324	annotate_trace.20260924_011757.txt	final
v1.9.0-rc1_container_rust	Pyrenophora_teres_0-1	TRAIN_PREDICT:FUNANNOTATE_PREDICT	TRAIN_PREDICT:FUNANNOTATE_PREDICT (Pyrenophora_teres_0-1)	COMPLETED	0	1150.0	820.4	2.2	peak_rss	2.620722222222222	2	16	64.0	epyc		2026-09-24 11:15:22.750	2026-09-24 12:14:22.077	2026-09-24 12:34:22.273	annotate_trace.20260924_011757.txt	final
v1.9.0-rc1_container_rust	Drepanopeziza_brunnea_MB_m1	TRAIN_PREDICT:FUNANNOTATE_PREDICT	TRAIN_PREDICT:FUNANNOTATE_PREDICT (Drepanopeziza_brunnea_MB_m1)	COMPLETED	0	5144.0	698.0	4.2	peak_rss	9.973644444444444	1	8	32.0	epyc		2026-09-24 10:19:22.571	2026-09-24 11:15:21.789	2026-09-24 12:41:22.283	annotate_trace.20260924_011757.txt	final
v1.9.0-rc1_container_rust	Yarrowia_lipolytica_CLIB122	TRAIN_PREDICT:FUNANNOTATE_PREDICT	TRAIN_PREDICT:FUNANNOTATE_PREDICT (Yarrowia_lipolytica_CLIB122)	COMPLETED	0	715.0	841.1	21.7	peak_rss	1.6705180555555554	2	16	64.0	epyc		2026-09-24 11:16:22.741	2026-09-24 12:29:22.201	2026-09-24 12:42:22.283	annotate_trace.20260924_011757.txt	final
v1.9.0-rc1_container_rust	Colletotrichum_graminicola_M1.001	TRAIN_PREDICT:FUNANNOTATE_PREDICT	TRAIN_PREDICT:FUNANNOTATE_PREDICT (Colletotrichum_graminicola_M1.001)	COMPLETED	0	2446.0	510.7	4.0	peak_rss	3.4699227777777777	1	8	32.0	epyc		2026-09-24 11:33:21.975	2026-09-24 12:03:22.194	2026-09-24 12:44:22.285	annotate_trace.20260924_011757.txt	final
v1.9.0-rc1_container_rust	Fusarium_verticillioides_7600	TRAIN_PREDICT:FUNANNOTATE_PREDICT	TRAIN_PREDICT:FUNANNOTATE_PREDICT (Fusarium_verticillioides_7600)	COMPLETED	0	2267.0	485.1	16.8	peak_rss	3.0547825	1	8	32.0	epyc		2026-09-24 11:45:22.321	2026-09-24 12:09:22.125	2026-09-24 12:47:22.336	annotate_trace.20260924_011757.txt	final
v1.9.0-rc1_container_rust	Morchella_importuna_M04M26	TRAIN_PREDICT:FUNANNOTATE_PREDICT	TRAIN_PREDICT:FUNANNOTATE_PREDICT (Morchella_importuna_M04M26)	COMPLETED	0	1297.0	853.0	8.6	peak_rss	3.073169444444444	2	16	64.0	epyc		2026-09-24 11:16:21.748	2026-09-24 12:26:22.214	2026-09-24 12:48:22.334	annotate_trace.20260924_011757.txt	final
v1.9.0-rc1_container_rust	Schizophyllum_commune_H4-8	TRAIN_PREDICT:FUNANNOTATE_PREDICT	TRAIN_PREDICT:FUNANNOTATE_PREDICT (Schizophyllum_commune_H4-8)	COMPLETED	0	913.0	902.4	32.6	peak_rss	2.2885866666666663	2	16	64.0	epyc		2026-09-24 11:16:24.747	2026-09-24 12:34:22.354	2026-09-24 12:50:22.385	annotate_trace.20260924_011757.txt	final
v1.9.0-rc1_container_rust	Rhizopus_microsporus_ATCC_52813	TRAIN_PREDICT:FUNANNOTATE_PREDICT	TRAIN_PREDICT:FUNANNOTATE_PREDICT (Rhizopus_microsporus_ATCC_52813)	COMPLETED	0	3479.0	629.7	3.4	peak_rss	6.085350833333334	1	8	32.0	epyc		2026-09-24 11:14:21.778	2026-09-24 11:55:22.125	2026-09-24 12:54:22.341	annotate_trace.20260924_011757.txt	overhead
v1.9.0-rc1_container_rust	Fusarium_oxysporum_4287	TRAIN_PREDICT:FUNANNOTATE_PREDICT	TRAIN_PREDICT:FUNANNOTATE_PREDICT (Fusarium_oxysporum_4287)	COMPLETED	0	2471.0	518.9	5.4	peak_rss	3.561671944444445	1	8	32.0	epyc		2026-09-24 11:50:22.202	2026-09-24 12:15:22.147	2026-09-24 12:57:22.343	annotate_trace.20260924_011757.txt	final
v1.9.0-rc1_container_rust	Morchella_sextelata_SCLS	TRAIN_PREDICT:FUNANNOTATE_PREDICT	TRAIN_PREDICT:FUNANNOTATE_PREDICT (Morchella_sextelata_SCLS)	COMPLETED	0	2017.0	543.0	4.8	peak_rss	3.042308333333333	1	8	32.0	epyc		2026-09-24 12:10:22.304	2026-09-24 12:23:22.184	2026-09-24 12:57:22.348	annotate_trace.20260924_011757.txt	final
v1.9.0-rc1_container_rust	Trichosporon_asahii_CBS_2479	TRAIN_PREDICT:FUNANNOTATE_TRAIN	TRAIN_PREDICT:FUNANNOTATE_TRAIN (Trichosporon_asahii_CBS_2479)	COMPLETED	0	1696.0	621.5	3.9	peak_rss	2.927955555555555	2	24	192.0	epyc		2026-09-24 10:49:22.713	2026-09-24 15:29:22.728	2026-09-24 15:58:22.801	annotate_trace.20260924_011757.txt	final
v1.9.0-rc1_container_rust	Batrachochytrium_dendrobatidis_JAM81	TRAIN_PREDICT:FUNANNOTATE_TRAIN	TRAIN_PREDICT:FUNANNOTATE_TRAIN (Batrachochytrium_dendrobatidis_JAM81)	COMPLETED	0	2026.0	603.9	4.4	peak_rss	3.398615	2	24	192.0	epyc		2026-09-24 10:44:21.775	2026-09-24 15:29:22.680	2026-09-24 16:03:22.743	annotate_trace.20260924_011757.txt	overhead
v1.9.0-rc1_container_rust	Batrachochytrium_dendrobatidis_JAM81	TRAIN_PREDICT:FUNANNOTATE_PREDICT	TRAIN_PREDICT:FUNANNOTATE_PREDICT (Batrachochytrium_dendrobatidis_JAM81)	COMPLETED	0	872.0	516.4	7.1	peak_rss	1.2508355555555555	1	8	32.0	epyc		2026-09-24 16:03:23.019	2026-09-24 16:04:22.735	2026-09-24 16:19:22.940	annotate_trace.20260924_011757.txt	overhead
v1.9.0-rc1_container_rust	Trichosporon_asahii_CBS_2479	TRAIN_PREDICT:FUNANNOTATE_PREDICT	TRAIN_PREDICT:FUNANNOTATE_PREDICT (Trichosporon_asahii_CBS_2479)	COMPLETED	0	1255.0	464.8	4.4	peak_rss	1.6203444444444444	1	8	32.0	epyc		2026-09-24 15:58:23.160	2026-09-24 15:59:22.782	2026-09-24 16:20:22.862	annotate_trace.20260924_011757.txt	final
v1.9.0-rc1_container_rust	-	FETCH_RNASEQ:COLLECT_SRA_QUERY	FETCH_RNASEQ:COLLECT_SRA_QUERY	CACHED	0	0.0	50.8	0.0031000000000000003	peak_rss	0.0	1	1	2.0	short		2026-09-21 17:13:05.895	2026-09-21 17:14:04.973	2026-09-21 17:14:04.976	annotate_trace.20260924_162409.txt	cached
v1.9.0-rc1_container_rust	Drepanopeziza_brunnea_MB_m1	TRAIN_PREDICT:FUNANNOTATE_TRAIN	TRAIN_PREDICT:FUNANNOTATE_TRAIN (Drepanopeziza_brunnea_MB_m1)	COMPLETED	0	0.355	7.9	0.0044	peak_rss	7.790277777777778e-06	1	8	48.0	epyc		2026-09-24 16:24:35.402	2026-09-24 23:16:28.684	2026-09-24 23:16:28.687	annotate_trace.20260924_162409.txt	final
v1.9.0-rc1_container_rust	Rhizopus_microsporus	TRAIN_PREDICT:RNASEQ_PREPARE	TRAIN_PREDICT:RNASEQ_PREPARE (Rhizopus_microsporus)	COMPLETED	0	4032.0	1187.9	2.4	peak_rss	13.304480000000003	1	16	52.0	epyc		2026-09-24 16:24:32.641	2026-09-24 22:14:28.531	2026-09-24 23:21:28.748	annotate_trace.20260924_162409.txt	final
v1.9.0-rc1_container_rust	Batrachochytrium_dendrobatidis	TRAIN_PREDICT:RNASEQ_PREPARE	TRAIN_PREDICT:RNASEQ_PREPARE (Batrachochytrium_dendrobatidis)	COMPLETED	0	4798.0	1316.3	14.2	peak_rss	17.54335388888889	1	16	52.0	epyc		2026-09-24 16:24:33.650	2026-09-24 22:27:28.614	2026-09-24 23:47:28.817	annotate_trace.20260924_162409.txt	final
v1.9.0-rc1_container_rust	Rhizopus_microsporus_ATCC_52813	TRAIN_PREDICT:FUNANNOTATE_TRAIN	TRAIN_PREDICT:FUNANNOTATE_TRAIN (Rhizopus_microsporus_ATCC_52813)	COMPLETED	0	3334.0	375.4	1.8	peak_rss	3.4766211111111107	1	8	48.0	epyc		2026-09-24 23:21:29.168	2026-09-25 02:59:29.100	2026-09-25 03:55:29.113	annotate_trace.20260924_162409.txt	final
v1.9.0-rc1_container_rust	Batrachochytrium_dendrobatidis_JAM81	TRAIN_PREDICT:FUNANNOTATE_TRAIN	TRAIN_PREDICT:FUNANNOTATE_TRAIN (Batrachochytrium_dendrobatidis_JAM81)	COMPLETED	0	2670.0	277.7	2.2	peak_rss	2.0596083333333333	1	8	48.0	epyc		2026-09-24 23:47:29.664	2026-09-25 03:36:29.144	2026-09-25 04:22:29.121	annotate_trace.20260924_162409.txt	final
v1.9.0-rc1_container_rust	Rhizopus_microsporus_ATCC_52813	TRAIN_PREDICT:FUNANNOTATE_PREDICT	TRAIN_PREDICT:FUNANNOTATE_PREDICT (Rhizopus_microsporus_ATCC_52813)	COMPLETED	0	1226.0	517.9	4.5	peak_rss	1.763737222222222	1	8	32.0	epyc		2026-09-25 03:55:38.284	2026-09-25 05:19:29.175	2026-09-25 05:40:29.209	annotate_trace.20260924_162409.txt	final
v1.9.0-rc1_container_rust	Batrachochytrium_dendrobatidis_JAM81	TRAIN_PREDICT:FUNANNOTATE_PREDICT	TRAIN_PREDICT:FUNANNOTATE_PREDICT (Batrachochytrium_dendrobatidis_JAM81)	COMPLETED	0	1325.0	441.1	4.3	peak_rss	1.6234930555555558	1	8	32.0	epyc		2026-09-25 04:22:29.369	2026-09-25 05:28:29.273	2026-09-25 05:51:29.308	annotate_trace.20260924_162409.txt	final
v1.9.0-rc3_container_rust	-	SETUP_DBS:SETUP_AUGUSTUS_CONFIG	SETUP_DBS:SETUP_AUGUSTUS_CONFIG	COMPLETED	0	2.1	21.0	0.0079	peak_rss	0.0001225	1	1	4.0	short		2026-09-26 17:50:30.750	2026-09-26 17:51:28.701	2026-09-26 17:51:28.703	annotate_trace.20260926_175016.txt	final
v1.9.0-rc3_container_rust	-	SETUP_DBS:SETUP_MARIADB_DATADIR	SETUP_DBS:SETUP_MARIADB_DATADIR	COMPLETED	0	5.8	21.6	0.2119	peak_rss	0.00034800000000000006	1	1	32.0			2026-09-26 17:50:32.625	2026-09-26 17:51:28.712	2026-09-26 17:51:28.714	annotate_trace.20260926_175016.txt	final
v1.9.0-rc3_container_rust	Malassezia_globosa_CBS_7966	MASK_GENOME:MASKREPEAT_TANTAN_RUN	MASK_GENOME:MASKREPEAT_TANTAN_RUN (Malassezia_globosa_CBS_7966)	COMPLETED	0	4.8	101.2	0.054700000000000006	peak_rss	0.0013493333333333332	1	8	16.0	short		2026-09-26 17:50:50.625	2026-09-26 17:51:28.826	2026-09-26 17:51:28.831	annotate_trace.20260926_175016.txt	final
v1.9.0-rc3_container_rust	Kluyveromyces_lactis_NRRL_Y-1140	MASK_GENOME:MASKREPEAT_TANTAN_RUN	MASK_GENOME:MASKREPEAT_TANTAN_RUN (Kluyveromyces_lactis_NRRL_Y-1140)	COMPLETED	0	5.2	107.9	0.0598	peak_rss	0.0015585555555555556	1	8	16.0	short		2026-09-26 17:51:08.637	2026-09-26 17:51:28.879	2026-09-26 17:51:28.882	annotate_trace.20260926_175016.txt	final
v1.9.0-rc3_container_rust	-	ASM_STATS	ASM_STATS	COMPLETED	0	37.4	124.4	0.014	peak_rss	0.012923777777777777	1	2	12.0			2026-09-26 17:50:29.788	2026-09-26 17:51:28.578	2026-09-26 17:52:28.577	annotate_trace.20260926_175016.txt	final
v1.9.0-rc3_container_rust	Rhizopus_delemar_RA_99-880	MASK_GENOME:MASKREPEAT_TANTAN_RUN	MASK_GENOME:MASKREPEAT_TANTAN_RUN (Rhizopus_delemar_RA_99-880)	COMPLETED	0	12.7	153.0	0.08109999999999999	peak_rss	0.0053974999999999995	1	8	16.0	short		2026-09-26 17:50:38.624	2026-09-26 17:51:28.750	2026-09-26 17:52:28.604	annotate_trace.20260926_175016.txt	final
v1.9.0-rc3_container_rust	Allomyces_macrogynus_ATCC_38327	MASK_GENOME:MASKREPEAT_TANTAN_RUN	MASK_GENOME:MASKREPEAT_TANTAN_RUN (Allomyces_macrogynus_ATCC_38327)	COMPLETED	0	14.5	148.6	0.06770000000000001	peak_rss	0.005985277777777778	1	8	16.0	short		2026-09-26 17:50:36.642	2026-09-26 17:51:28.731	2026-09-26 17:52:28.593	annotate_trace.20260926_175016.txt	final
v1.9.0-rc3_container_rust	Spizellomyces_punctatus_DAOM_BR117	MASK_GENOME:MASKREPEAT_TANTAN_RUN	MASK_GENOME:MASKREPEAT_TANTAN_RUN (Spizellomyces_punctatus_DAOM_BR117)	COMPLETED	0	7.9	137.8	0.0625	peak_rss	0.003023944444444445	1	8	16.0	short		2026-09-26 17:50:34.633	2026-09-26 17:51:28.718	2026-09-26 17:52:28.588	annotate_trace.20260926_175016.txt	final
v1.9.0-rc3_container_rust	Phycomyces_blakesleeanus_NRRL_1555_-	MASK_GENOME:MASKREPEAT_TANTAN_RUN	MASK_GENOME:MASKREPEAT_TANTAN_RUN (Phycomyces_blakesleeanus_NRRL_1555_-)	COMPLETED	0	14.4	159.2	0.0747	peak_rss	0.0063679999999999995	1	8	16.0	short		2026-09-26 17:50:40.647	2026-09-26 17:51:28.762	2026-09-26 17:52:28.609	annotate_trace.20260926_175016.txt	final
v1.9.0-rc3_container_rust	Rhizopus_microsporus_ATCC_52813	MASK_GENOME:MASKREPEAT_TANTAN_RUN	MASK_GENOME:MASKREPEAT_TANTAN_RUN (Rhizopus_microsporus_ATCC_52813)	COMPLETED	0	8.3	140.1	0.0659	peak_rss	0.003230083333333334	1	8	16.0	short		2026-09-26 17:50:42.624	2026-09-26 17:51:28.786	2026-09-26 17:52:28.638	annotate_trace.20260926_175016.txt	final
v1.9.0-rc3_container_rust	Cryptococcus_deneoformans_JEC21	MASK_GENOME:MASKREPEAT_TANTAN_RUN	MASK_GENOME:MASKREPEAT_TANTAN_RUN (Cryptococcus_deneoformans_JEC21)	COMPLETED	0	7.0	120.2	0.06409999999999999	peak_rss	0.002337222222222222	1	8	16.0	short		2026-09-26 17:50:44.628	2026-09-26 17:51:28.800	2026-09-26 17:52:28.658	annotate_trace.20260926_175016.txt	final
v1.9.0-rc3_container_rust	Rhodotorula_toruloides_NP11	MASK_GENOME:MASKREPEAT_TANTAN_RUN	MASK_GENOME:MASKREPEAT_TANTAN_RUN (Rhodotorula_toruloides_NP11)	COMPLETED	0	7.2	130.1	0.0585	peak_rss	0.0026019999999999997	1	8	16.0	short		2026-09-26 17:50:46.623	2026-09-26 17:51:28.811	2026-09-26 17:52:28.662	annotate_trace.20260926_175016.txt	final
v1.9.0-rc3_container_rust	Cryptococcus_neoformans_H99	MASK_GENOME:MASKREPEAT_TANTAN_RUN	MASK_GENOME:MASKREPEAT_TANTAN_RUN (Cryptococcus_neoformans_H99)	COMPLETED	0	6.8	130.1	0.0633	peak_rss	0.002457444444444444	1	8	16.0	short		2026-09-26 17:50:48.639	2026-09-26 17:51:28.815	2026-09-26 17:52:28.666	annotate_trace.20260926_175016.txt	final
v1.9.0-rc3_container_rust	Orbilia_oligospora_ATCC_24927	MASK_GENOME:MASKREPEAT_TANTAN_RUN	MASK_GENOME:MASKREPEAT_TANTAN_RUN (Orbilia_oligospora_ATCC_24927)	COMPLETED	0	11.2	157.0	0.124	peak_rss	0.004884444444444445	1	8	16.0	short		2026-09-26 17:50:58.632	2026-09-26 17:51:28.852	2026-09-26 17:52:28.673	annotate_trace.20260926_175016.txt	final
v1.9.0-rc3_container_rust	Pyricularia_oryzae_70-15	MASK_GENOME:MASKREPEAT_TANTAN_RUN	MASK_GENOME:MASKREPEAT_TANTAN_RUN (Pyricularia_oryzae_70-15)	COMPLETED	0	11.5	153.4	0.1186	peak_rss	0.004900277777777779	1	8	16.0	short		2026-09-26 17:50:56.629	2026-09-26 17:51:28.840	2026-09-26 17:52:28.671	annotate_trace.20260926_175016.txt	final
v1.9.0-rc3_container_rust	Talaromyces_marneffei_ATCC_18224	MASK_GENOME:MASKREPEAT_TANTAN_RUN	MASK_GENOME:MASKREPEAT_TANTAN_RUN (Talaromyces_marneffei_ATCC_18224)	COMPLETED	0	8.7	145.1	0.0855	peak_rss	0.0035065833333333325	1	8	16.0	short		2026-09-26 17:51:00.634	2026-09-26 17:51:28.861	2026-09-26 17:52:28.703	annotate_trace.20260926_175016.txt	final
v1.9.0-rc3_container_rust	Leptographium_clavigerum_kw1407	MASK_GENOME:MASKREPEAT_TANTAN_RUN	MASK_GENOME:MASKREPEAT_TANTAN_RUN (Leptographium_clavigerum_kw1407)	COMPLETED	0	9.0	143.3	0.0835	peak_rss	0.0035825	1	8	16.0	short		2026-09-26 17:50:54.613	2026-09-26 17:51:28.838	2026-09-26 17:52:28.669	annotate_trace.20260926_175016.txt	final
v1.9.0-rc3_container_rust	Rhodotorula_graminis_WP1	MASK_GENOME:MASKREPEAT_TANTAN_RUN	MASK_GENOME:MASKREPEAT_TANTAN_RUN (Rhodotorula_graminis_WP1)	COMPLETED	0	7.4	126.4	0.0637	peak_rss	0.0025982222222222223	1	8	16.0	short		2026-09-26 17:50:52.613	2026-09-26 17:51:28.835	2026-09-26 17:52:28.667	annotate_trace.20260926_175016.txt	final
v1.9.0-rc3_container_rust	Parastagonospora_nodorum_SN15	MASK_GENOME:MASKREPEAT_TANTAN_RUN	MASK_GENOME:MASKREPEAT_TANTAN_RUN (Parastagonospora_nodorum_SN15)	COMPLETED	0	10.4	154.7	0.0838	peak_rss	0.004469111111111111	1	8	16.0	short		2026-09-26 17:51:02.617	2026-09-26 17:51:28.864	2026-09-26 17:52:28.736	annotate_trace.20260926_175016.txt	final
v1.9.0-rc3_container_rust	Pyrenophora_tritici-repentis_Pt-1C-BFP	MASK_GENOME:MASKREPEAT_TANTAN_RUN	MASK_GENOME:MASKREPEAT_TANTAN_RUN (Pyrenophora_tritici-repentis_Pt-1C-BFP)	COMPLETED	0	10.6	154.7	0.09640000000000001	peak_rss	0.004555055555555555	1	8	16.0	short		2026-09-26 17:51:04.632	2026-09-26 17:51:28.868	2026-09-26 17:52:28.745	annotate_trace.20260926_175016.txt	final
v1.9.0-rc3_container_rust	Morchella_importuna_M04M26	MASK_GENOME:MASKREPEAT_TANTAN_RUN	MASK_GENOME:MASKREPEAT_TANTAN_RUN (Morchella_importuna_M04M26)	COMPLETED	0	13.7	158.5	0.0691	peak_rss	0.006031805555555555	1	8	16.0	short		2026-09-26 17:51:06.638	2026-09-26 17:51:28.872	2026-09-26 17:52:28.749	annotate_trace.20260926_175016.txt	final
v1.9.0-rc3_container_rust	Nakaseomyces_glabratus_CBS_138	MASK_GENOME:MASKREPEAT_TANTAN_RUN	MASK_GENOME:MASKREPEAT_TANTAN_RUN (Nakaseomyces_glabratus_CBS_138)	COMPLETED	0	5.5	112.0	0.0583	peak_rss	0.0017111111111111114	1	8	16.0	short		2026-09-26 17:51:10.650	2026-09-26 17:51:28.885	2026-09-26 17:52:28.754	annotate_trace.20260926_175016.txt	final
v1.9.0-rc3_container_rust	Yarrowia_lipolytica_CLIB122	MASK_GENOME:MASKREPEAT_TANTAN_RUN	MASK_GENOME:MASKREPEAT_TANTAN_RUN (Yarrowia_lipolytica_CLIB122)	COMPLETED	0	5.4	182.1	0.0728	peak_rss	0.0027315	1	8	16.0	short		2026-09-26 17:51:12.613	2026-09-26 17:51:28.889	2026-09-26 17:52:28.763	annotate_trace.20260926_175016.txt	final
v1.9.0-rc3_container_rust	Tilletiaria_anomala_UBC_951	MASK_GENOME:MASKREPEAT_TANTAN_RUN	MASK_GENOME:MASKREPEAT_TANTAN_RUN (Tilletiaria_anomala_UBC_951)	COMPLETED	0	5.0	181.7	0.0533	peak_rss	0.002523611111111111	1	8	16.0	short		2026-09-26 17:51:14.621	2026-09-26 17:51:28.895	2026-09-26 17:52:28.778	annotate_trace.20260926_175016.txt	final
v1.9.0-rc3_container_rust	Tilletiopsis_washingtonensis_MCA_4186	MASK_GENOME:MASKREPEAT_TANTAN_RUN	MASK_GENOME:MASKREPEAT_TANTAN_RUN (Tilletiopsis_washingtonensis_MCA_4186)	COMPLETED	0	5.1	166.6	0.056299999999999996	peak_rss	0.0023601666666666662	1	8	16.0	short		2026-09-26 17:51:16.695	2026-09-26 17:51:28.904	2026-09-26 17:52:28.790	annotate_trace.20260926_175016.txt	final
v1.9.0-rc3_container_rust	Pyrenophora_teres_0-1	MASK_GENOME:MASKREPEAT_TANTAN_RUN	MASK_GENOME:MASKREPEAT_TANTAN_RUN (Pyrenophora_teres_0-1)	COMPLETED	0	8.6	154.0	0.0528	peak_rss	0.0036788888888888887	1	8	16.0	short		2026-09-26 17:51:18.608	2026-09-26 17:51:28.917	2026-09-26 17:52:28.823	annotate_trace.20260926_175016.txt	final
v1.9.0-rc3_container_rust	Cystobasidium_minutum_MCA_4210	MASK_GENOME:MASKREPEAT_TANTAN_RUN	MASK_GENOME:MASKREPEAT_TANTAN_RUN (Cystobasidium_minutum_MCA_4210)	COMPLETED	0	6.4	152.8	0.0718	peak_rss	0.0027164444444444445	1	8	16.0	short		2026-09-26 17:51:20.622	2026-09-26 17:51:28.919	2026-09-26 17:52:28.831	annotate_trace.20260926_175016.txt	final
v1.9.0-rc3_container_rust	Schizophyllum_commune_H4-8	MASK_GENOME:MASKREPEAT_TANTAN_RUN	MASK_GENOME:MASKREPEAT_TANTAN_RUN (Schizophyllum_commune_H4-8)	COMPLETED	0	9.9	169.3	0.1198	peak_rss	0.004655750000000001	1	8	16.0	short		2026-09-26 17:51:22.607	2026-09-26 17:51:28.927	2026-09-26 17:52:28.843	annotate_trace.20260926_175016.txt	final
v1.9.0-rc3_container_rust	Aspergillus_fumigatus_Af293	MASK_GENOME:MASKREPEAT_TANTAN_RUN	MASK_GENOME:MASKREPEAT_TANTAN_RUN (Aspergillus_fumigatus_Af293)	COMPLETED	0	7.9	169.9	0.0783	peak_rss	0.0037283611111111115	1	8	16.0	short		2026-09-26 17:51:24.611	2026-09-26 17:51:28.931	2026-09-26 17:52:28.854	annotate_trace.20260926_175016.txt	final
v1.9.0-rc3_container_rust	Botrytis_cinerea_B05.10	MASK_GENOME:MASKREPEAT_TANTAN_RUN	MASK_GENOME:MASKREPEAT_TANTAN_RUN (Botrytis_cinerea_B05.10)	COMPLETED	0	10.7	168.3	0.0893	peak_rss	0.00500225	1	8	16.0	short		2026-09-26 17:51:26.822	2026-09-26 17:51:28.934	2026-09-26 17:52:28.860	annotate_trace.20260926_175016.txt	final
v1.9.0-rc3_container_rust	Aspergillus_clavatus_NRRL_1	MASK_GENOME:MASKREPEAT_TANTAN_RUN	MASK_GENOME:MASKREPEAT_TANTAN_RUN (Aspergillus_clavatus_NRRL_1)	COMPLETED	0	7.7	161.0	0.0857	peak_rss	0.0034436111111111113	1	8	16.0	short		2026-09-26 17:51:28.681	2026-09-26 17:52:28.865	2026-09-26 17:52:28.869	annotate_trace.20260926_175016.txt	final
v1.9.0-rc3_container_rust	Zygosaccharomyces_rouxii_CBS_732	MASK_GENOME:MASKREPEAT_TANTAN_RUN	MASK_GENOME:MASKREPEAT_TANTAN_RUN (Zygosaccharomyces_rouxii_CBS_732)	COMPLETED	0	4.1	128.3	0.057600000000000005	peak_rss	0.0014611944444444444	1	8	16.0	short		2026-09-26 17:51:30.613	2026-09-26 17:52:28.871	2026-09-26 17:52:28.884	annotate_trace.20260926_175016.txt	final
v1.9.0-rc3_container_rust	Tremella_mesenterica_Fries	MASK_GENOME:MASKREPEAT_TANTAN_RUN	MASK_GENOME:MASKREPEAT_TANTAN_RUN (Tremella_mesenterica_Fries)	COMPLETED	0	9.4	134.4	0.0828	peak_rss	0.003509333333333334	1	8	16.0	short		2026-09-26 17:51:32.613	2026-09-26 17:52:28.887	2026-09-26 17:52:28.953	annotate_trace.20260926_175016.txt	final
v1.9.0-rc3_container_rust	Morchella_sextelata_SCLS	MASK_GENOME:MASKREPEAT_TANTAN_RUN	MASK_GENOME:MASKREPEAT_TANTAN_RUN (Morchella_sextelata_SCLS)	COMPLETED	0	13.6	169.2	0.0706	peak_rss	0.006391999999999999	1	8	16.0	short		2026-09-26 17:51:34.613	2026-09-26 17:52:28.955	2026-09-26 17:52:28.959	annotate_trace.20260926_175016.txt	final
v1.9.0-rc3_container_rust	Malassezia_sympodialis_ATCC_42132	MASK_GENOME:MASKREPEAT_TANTAN_RUN	MASK_GENOME:MASKREPEAT_TANTAN_RUN (Malassezia_sympodialis_ATCC_42132)	COMPLETED	0	3.7	107.3	0.0548	peak_rss	0.0011028055555555557	1	8	16.0	short		2026-09-26 17:51:36.656	2026-09-26 17:52:28.971	2026-09-26 17:52:28.976	annotate_trace.20260926_175016.txt	final
v1.9.0-rc3_container_rust	Mixia_osmundae_IAM_14324	MASK_GENOME:MASKREPEAT_TANTAN_RUN	MASK_GENOME:MASKREPEAT_TANTAN_RUN (Mixia_osmundae_IAM_14324)	COMPLETED	0	4.6	149.9	0.06559999999999999	peak_rss	0.0019153888888888888	1	8	16.0	short		2026-09-26 17:51:38.633	2026-09-26 17:52:28.978	2026-09-26 17:52:28.983	annotate_trace.20260926_175016.txt	final
v1.9.0-rc3_container_rust	Chaetomium_globosum_CBS_148.51	MASK_GENOME:MASKREPEAT_TANTAN_RUN	MASK_GENOME:MASKREPEAT_TANTAN_RUN (Chaetomium_globosum_CBS_148.51)	COMPLETED	0	9.0	172.5	0.1128	peak_rss	0.0043125	1	8	16.0	short		2026-09-26 17:51:40.659	2026-09-26 17:52:28.998	2026-09-26 17:52:29.013	annotate_trace.20260926_175016.txt	final
v1.9.0-rc3_container_rust	Lipomyces_tetrasporus_NRRL_Y-64009	MASK_GENOME:MASKREPEAT_TANTAN_RUN	MASK_GENOME:MASKREPEAT_TANTAN_RUN (Lipomyces_tetrasporus_NRRL_Y-64009)	COMPLETED	0	6.4	144.8	0.0708	peak_rss	0.0025742222222222225	1	8	16.0	short		2026-09-26 17:51:42.614	2026-09-26 17:52:29.019	2026-09-26 17:52:29.026	annotate_trace.20260926_175016.txt	final
v1.9.0-rc3_container_rust	Gaeumannomyces_tritici_R3-111a-1	MASK_GENOME:MASKREPEAT_TANTAN_RUN	MASK_GENOME:MASKREPEAT_TANTAN_RUN (Gaeumannomyces_tritici_R3-111a-1)	COMPLETED	0	11.3	159.1	0.0928	peak_rss	0.0049939722222222226	1	8	16.0	short		2026-09-26 17:51:44.610	2026-09-26 17:52:29.029	2026-09-26 17:52:29.034	annotate_trace.20260926_175016.txt	final
v1.9.0-rc3_container_rust	Mucor_mucedo_NRRL_3635	MASK_GENOME:MASKREPEAT_TANTAN_RUN	MASK_GENOME:MASKREPEAT_TANTAN_RUN (Mucor_mucedo_NRRL_3635)	COMPLETED	0	11.0	181.7	0.0702	peak_rss	0.005551944444444444	1	8	16.0	short		2026-09-26 17:51:46.627	2026-09-26 17:52:29.038	2026-09-26 17:52:29.045	annotate_trace.20260926_175016.txt	final
v1.9.0-rc3_container_rust	Sclerotinia_sclerotiorum_1980	MASK_GENOME:MASKREPEAT_TANTAN_RUN	MASK_GENOME:MASKREPEAT_TANTAN_RUN (Sclerotinia_sclerotiorum_1980)	COMPLETED	0	9.7	172.6	0.067	peak_rss	0.004650611111111111	1	8	16.0	short		2026-09-26 17:51:48.629	2026-09-26 17:52:29.050	2026-09-26 17:52:29.059	annotate_trace.20260926_175016.txt	final
v1.9.0-rc3_container_rust	Sporobolomyces_koalae_JCM15063	MASK_GENOME:MASKREPEAT_TANTAN_RUN	MASK_GENOME:MASKREPEAT_TANTAN_RUN (Sporobolomyces_koalae_JCM15063)	COMPLETED	0	5.4	160.5	0.0541	peak_rss	0.0024075	1	8	16.0	short		2026-09-26 17:51:50.686	2026-09-26 17:52:29.066	2026-09-26 17:52:29.073	annotate_trace.20260926_175016.txt	final
v1.9.0-rc3_container_rust	Pneumocystis_murina_B123	MASK_GENOME:MASKREPEAT_TANTAN_RUN	MASK_GENOME:MASKREPEAT_TANTAN_RUN (Pneumocystis_murina_B123)	COMPLETED	0	2.9	152.9	0.0534	peak_rss	0.0012316944444444445	1	8	16.0	short		2026-09-26 17:51:52.622	2026-09-26 17:52:29.075	2026-09-26 17:52:29.079	annotate_trace.20260926_175016.txt	final
v1.9.0-rc3_container_rust	Talaromyces_stipitatus_ATCC_10500	MASK_GENOME:MASKREPEAT_TANTAN_RUN	MASK_GENOME:MASKREPEAT_TANTAN_RUN (Talaromyces_stipitatus_ATCC_10500)	COMPLETED	0	8.5	182.8	0.0819	peak_rss	0.004316111111111112	1	8	16.0	short		2026-09-26 17:51:54.660	2026-09-26 17:52:29.081	2026-09-26 17:52:29.085	annotate_trace.20260926_175016.txt	final
v1.9.0-rc3_container_rust	Sporobolomyces_salmoneus_JCM6883	MASK_GENOME:MASKREPEAT_TANTAN_RUN	MASK_GENOME:MASKREPEAT_TANTAN_RUN (Sporobolomyces_salmoneus_JCM6883)	COMPLETED	0	5.5	173.3	0.0589	peak_rss	0.002647638888888889	1	8	16.0	short		2026-09-26 17:51:56.662	2026-09-26 17:52:29.094	2026-09-26 17:52:29.097	annotate_trace.20260926_175016.txt	final
v1.9.0-rc3_container_rust	Tricharina_praecox_CBS_144465	MASK_GENOME:MASKREPEAT_TANTAN_RUN	MASK_GENOME:MASKREPEAT_TANTAN_RUN (Tricharina_praecox_CBS_144465)	COMPLETED	0	9.6	173.5	0.0731	peak_rss	0.004626666666666667	1	8	16.0	short		2026-09-26 17:51:58.684	2026-09-26 17:52:29.121	2026-09-26 17:52:29.126	annotate_trace.20260926_175016.txt	final
v1.9.0-rc3_container_rust	Protomyces_lactucae-debilis_12-1054	MASK_GENOME:MASKREPEAT_TANTAN_RUN	MASK_GENOME:MASKREPEAT_TANTAN_RUN (Protomyces_lactucae-debilis_12-1054)	COMPLETED	0	3.7	180.1	0.0549	peak_rss	0.0018510277777777778	1	8	16.0	short		2026-09-26 17:52:00.711	2026-09-26 17:52:29.128	2026-09-26 17:52:29.132	annotate_trace.20260926_175016.txt	final
v1.9.0-rc3_container_rust	Eremothecium_gossypii_ATCC_10895	MASK_GENOME:MASKREPEAT_TANTAN_RUN	MASK_GENOME:MASKREPEAT_TANTAN_RUN (Eremothecium_gossypii_ATCC_10895)	COMPLETED	0	3.0	155.6	0.055600000000000004	peak_rss	0.0012966666666666669	1	8	16.0	short		2026-09-26 17:52:02.716	2026-09-26 17:52:29.137	2026-09-26 17:52:29.142	annotate_trace.20260926_175016.txt	final
v1.9.0-rc3_container_rust	Pseudogymnoascus_destructans_20631-21	MASK_GENOME:MASKREPEAT_TANTAN_RUN	MASK_GENOME:MASKREPEAT_TANTAN_RUN (Pseudogymnoascus_destructans_20631-21)	COMPLETED	0	6.9	186.0	0.0839	peak_rss	0.0035650000000000005	1	8	16.0	short		2026-09-26 17:52:04.658	2026-09-26 17:52:29.146	2026-09-26 17:52:29.154	annotate_trace.20260926_175016.txt	final
v1.9.0-rc3_container_rust	Batrachochytrium_dendrobatidis_JAM81	MASK_GENOME:MASKREPEAT_TANTAN_RUN	MASK_GENOME:MASKREPEAT_TANTAN_RUN (Batrachochytrium_dendrobatidis_JAM81)	COMPLETED	0	7.4	145.5	0.075	peak_rss	0.0029908333333333336	1	8	16.0	short		2026-09-26 17:52:08.654	2026-09-26 17:52:29.225	2026-09-26 17:52:29.228	annotate_trace.20260926_175016.txt	final
v1.9.0-rc3_container_rust	Colletotrichum_graminicola_M1.001	MASK_GENOME:MASKREPEAT_TANTAN_RUN	MASK_GENOME:MASKREPEAT_TANTAN_RUN (Colletotrichum_graminicola_M1.001)	COMPLETED	0	13.4	167.8	0.0599	peak_rss	0.006245888888888889	1	8	16.0	short		2026-09-26 17:52:06.673	2026-09-26 17:52:29.158	2026-09-26 17:53:28.603	annotate_trace.20260926_175016.txt	final
v1.9.0-rc3_container_rust	Dactylellina_haptotyla_CBS_200.50	MASK_GENOME:MASKREPEAT_TANTAN_RUN	MASK_GENOME:MASKREPEAT_TANTAN_RUN (Dactylellina_haptotyla_CBS_200.50)	COMPLETED	0	10.8	160.6	0.0577	peak_rss	0.004817999999999999	1	8	16.0	short		2026-09-26 17:52:10.610	2026-09-26 17:52:29.231	2026-09-26 17:53:28.606	annotate_trace.20260926_175016.txt	final
v1.9.0-rc3_container_rust	Trichosporon_asahii_CBS_2479	MASK_GENOME:MASKREPEAT_TANTAN_RUN	MASK_GENOME:MASKREPEAT_TANTAN_RUN (Trichosporon_asahii_CBS_2479)	COMPLETED	0	7.4	149.2	0.0738	peak_rss	0.003066888888888889	1	8	16.0	short		2026-09-26 17:52:14.702	2026-09-26 17:52:29.267	2026-09-26 17:53:28.618	annotate_trace.20260926_175016.txt	final
v1.9.0-rc3_container_rust	Cokeromyces_recurvatus_NRRL_2243	MASK_GENOME:MASKREPEAT_TANTAN_RUN	MASK_GENOME:MASKREPEAT_TANTAN_RUN (Cokeromyces_recurvatus_NRRL_2243)	COMPLETED	0	8.6	146.3	0.0643	peak_rss	0.0034949444444444446	1	8	16.0	short		2026-09-26 17:52:12.608	2026-09-26 17:52:29.264	2026-09-26 17:53:28.607	annotate_trace.20260926_175016.txt	final
v1.9.0-rc3_container_rust	Lachancea_thermotolerans_CBS_6340	MASK_GENOME:MASKREPEAT_TANTAN_RUN	MASK_GENOME:MASKREPEAT_TANTAN_RUN (Lachancea_thermotolerans_CBS_6340)	COMPLETED	0	4.2	131.6	0.055700000000000006	peak_rss	0.0015353333333333332	1	8	16.0	short		2026-09-26 17:52:16.661	2026-09-26 17:52:29.272	2026-09-26 17:53:28.625	annotate_trace.20260926_175016.txt	final
v1.9.0-rc3_container_rust	Umbelopsis_ramanniana_AG	MASK_GENOME:MASKREPEAT_TANTAN_RUN	MASK_GENOME:MASKREPEAT_TANTAN_RUN (Umbelopsis_ramanniana_AG)	COMPLETED	0	7.1	152.2	0.0551	peak_rss	0.0030017222222222216	1	8	16.0	short		2026-09-26 17:52:20.609	2026-09-26 17:52:29.281	2026-09-26 17:53:28.642	annotate_trace.20260926_175016.txt	final
v1.9.0-rc3_container_rust	Uncinocarpus_reesii_1704	MASK_GENOME:MASKREPEAT_TANTAN_RUN	MASK_GENOME:MASKREPEAT_TANTAN_RUN (Uncinocarpus_reesii_1704)	COMPLETED	0	7.3	138.2	0.09179999999999999	peak_rss	0.0028023888888888886	1	8	16.0	short		2026-09-26 17:52:18.692	2026-09-26 17:52:29.275	2026-09-26 17:53:28.638	annotate_trace.20260926_175016.txt	final
v1.9.0-rc3_container_rust	Drepanopeziza_brunnea_MB_m1	MASK_GENOME:MASKREPEAT_TANTAN_RUN	MASK_GENOME:MASKREPEAT_TANTAN_RUN (Drepanopeziza_brunnea_MB_m1)	COMPLETED	0	12.5	175.8	0.07859999999999999	peak_rss	0.006104166666666667	1	8	16.0	short		2026-09-26 17:52:22.628	2026-09-26 17:52:29.284	2026-09-26 17:53:28.656	annotate_trace.20260926_175016.txt	final
v1.9.0-rc3_container_rust	Fusarium_verticillioides_7600	MASK_GENOME:MASKREPEAT_TANTAN_RUN	MASK_GENOME:MASKREPEAT_TANTAN_RUN (Fusarium_verticillioides_7600)	COMPLETED	0	10.2	162.8	0.1068	peak_rss	0.004612666666666667	1	8	16.0	short		2026-09-26 17:52:28.643	2026-09-26 17:53:28.672	2026-09-26 17:53:28.674	annotate_trace.20260926_175016.txt	final
v1.9.0-rc3_container_rust	Synchytrium_microbalum_JEL517	MASK_GENOME:MASKREPEAT_TANTAN_RUN	MASK_GENOME:MASKREPEAT_TANTAN_RUN (Synchytrium_microbalum_JEL517)	COMPLETED	0	7.1	164.1	0.0592	peak_rss	0.0032364166666666665	1	8	16.0	short		2026-09-26 17:52:24.611	2026-09-26 17:52:29.288	2026-09-26 17:53:28.666	annotate_trace.20260926_175016.txt	final
v1.9.0-rc3_container_rust	Sugiyamaella_lignohabitans_CBS_10342	MASK_GENOME:MASKREPEAT_TANTAN_RUN	MASK_GENOME:MASKREPEAT_TANTAN_RUN (Sugiyamaella_lignohabitans_CBS_10342)	COMPLETED	0	5.0	154.1	0.08370000000000001	peak_rss	0.002140277777777778	1	8	16.0	short		2026-09-26 17:52:26.641	2026-09-26 17:52:29.293	2026-09-26 17:53:28.670	annotate_trace.20260926_175016.txt	final
v1.9.0-rc3_container_rust	Saccharomyces_cerevisiae_S288C	MASK_GENOME:MASKREPEAT_TANTAN_RUN	MASK_GENOME:MASKREPEAT_TANTAN_RUN (Saccharomyces_cerevisiae_S288C)	COMPLETED	0	4.8	128.8	0.0584	peak_rss	0.0017173333333333333	1	8	16.0	short		2026-09-26 17:52:30.618	2026-09-26 17:53:28.678	2026-09-26 17:53:28.690	annotate_trace.20260926_175016.txt	final
v1.9.0-rc3_container_rust	Zymoseptoria_tritici_IPO323	MASK_GENOME:MASKREPEAT_TANTAN_RUN	MASK_GENOME:MASKREPEAT_TANTAN_RUN (Zymoseptoria_tritici_IPO323)	COMPLETED	0	10.8	161.1	0.0716	peak_rss	0.0048330000000000005	1	8	16.0	short		2026-09-26 17:52:32.676	2026-09-26 17:53:28.700	2026-09-26 17:53:28.702	annotate_trace.20260926_175016.txt	final
v1.9.0-rc3_container_rust	Letharia_columbiana_WasteWater2	MASK_GENOME:MASKREPEAT_TANTAN_RUN	MASK_GENOME:MASKREPEAT_TANTAN_RUN (Letharia_columbiana_WasteWater2)	COMPLETED	0	13.5	163.1	0.0623	peak_rss	0.00611625	1	8	16.0	short		2026-09-26 17:52:34.624	2026-09-26 17:53:28.706	2026-09-26 17:53:28.713	annotate_trace.20260926_175016.txt	final
v1.9.0-rc3_container_rust	Wallemia_mellicola_CBS_633.66	MASK_GENOME:MASKREPEAT_TANTAN_RUN	MASK_GENOME:MASKREPEAT_TANTAN_RUN (Wallemia_mellicola_CBS_633.66)	COMPLETED	0	4.4	121.5	0.0554	peak_rss	0.0014850000000000004	1	8	16.0	short		2026-09-26 17:52:36.627	2026-09-26 17:53:28.719	2026-09-26 17:53:28.723	annotate_trace.20260926_175016.txt	final
v1.9.0-rc3_container_rust	Fusarium_oxysporum_4287	MASK_GENOME:MASKREPEAT_TANTAN_RUN	MASK_GENOME:MASKREPEAT_TANTAN_RUN (Fusarium_oxysporum_4287)	COMPLETED	0	15.1	172.5	0.0877	peak_rss	0.007235416666666667	1	8	16.0	short		2026-09-26 17:52:38.736	2026-09-26 17:53:28.729	2026-09-26 17:53:28.734	annotate_trace.20260926_175016.txt	final
v1.9.0-rc3_container_rust	Laccaria_bicolor_S238N-H82	MASK_GENOME:MASKREPEAT_TANTAN_RUN	MASK_GENOME:MASKREPEAT_TANTAN_RUN (Laccaria_bicolor_S238N-H82)	COMPLETED	0	13.5	163.3	0.0692	peak_rss	0.00612375	1	8	16.0	short		2026-09-26 17:52:40.682	2026-09-26 17:53:28.739	2026-09-26 17:53:28.748	annotate_trace.20260926_175016.txt	final
v1.9.0-rc3_container_rust	Blastomyces_dermatitidis_ER-3	MASK_GENOME:MASKREPEAT_TANTAN_RUN	MASK_GENOME:MASKREPEAT_TANTAN_RUN (Blastomyces_dermatitidis_ER-3)	COMPLETED	0	16.2	168.1	0.1348	peak_rss	0.0075645	1	8	16.0	short		2026-09-26 17:52:42.614	2026-09-26 17:53:28.753	2026-09-26 17:53:28.758	annotate_trace.20260926_175016.txt	final
v1.9.0-rc3_container_rust	-	FETCH_RNASEQ:COLLECT_SRA_QUERY	FETCH_RNASEQ:COLLECT_SRA_QUERY	COMPLETED	0	0.0	38.1	0.0031000000000000003	peak_rss	0.0	1	1	2.0	short		2026-09-26 17:53:29.336	2026-09-26 17:54:28.622	2026-09-26 17:54:28.636	annotate_trace.20260926_175016.txt	final
v1.9.0-rc3_container_rust	Kluyveromyces_lactis_NRRL_Y-1140	TRAIN_PREDICT:FUNANNOTATE_TRAIN	TRAIN_PREDICT:FUNANNOTATE_TRAIN (Kluyveromyces_lactis_NRRL_Y-1140)	COMPLETED	0	673.0	234.4	1.9	peak_rss	0.43819777777777774	1	8	48.0	epyc		2026-09-26 17:53:42.328	2026-09-26 17:54:28.774	2026-09-26 18:05:42.084	annotate_trace.20260926_175016.txt	final
v1.9.0-rc3_container_rust	Spizellomyces_punctatus_DAOM_BR117	TRAIN_PREDICT:FUNANNOTATE_PREDICT	TRAIN_PREDICT:FUNANNOTATE_PREDICT (Spizellomyces_punctatus_DAOM_BR117)	COMPLETED	0	2062.0	573.4	4.3	peak_rss	3.2843077777777783	1	8	32.0	epyc		2026-09-26 17:53:32.233	2026-09-26 17:54:28.746	2026-09-26 18:29:28.775	annotate_trace.20260926_175016.txt	final
v1.9.0-rc3_container_rust	Spizellomyces_punctatus_DAOM_BR117	TRAIN_PREDICT:BUSCO_COMPLETENESS	TRAIN_PREDICT:BUSCO_COMPLETENESS (Spizellomyces_punctatus_DAOM_BR117)	FAILED	1	0.003					1	8	16.0	short		2026-09-26 18:29:29.268	2026-09-26 18:30:28.730	2026-09-26 18:30:28.733	annotate_trace.20260926_175016.txt	unresolved
v1.9.0-rc3_container_rust	Spizellomyces_punctatus_DAOM_BR117	TRAIN_PREDICT:BUSCO_COMPLETENESS	TRAIN_PREDICT:BUSCO_COMPLETENESS (Spizellomyces_punctatus_DAOM_BR117)	FAILED	1	0.059000000000000004					2	8	16.0	short		2026-09-26 18:30:28.810	2026-09-26 18:31:28.752	2026-09-26 18:31:28.811	annotate_trace.20260926_175016.txt	unresolved
v1.9.0-rc3_container_rust	Spizellomyces_punctatus_DAOM_BR117	TRAIN_PREDICT:BUSCO_COMPLETENESS	TRAIN_PREDICT:BUSCO_COMPLETENESS (Spizellomyces_punctatus_DAOM_BR117)	FAILED	1	0.027					3	8	16.0	short		2026-09-26 18:31:28.876	2026-09-26 18:32:28.910	2026-09-26 18:32:28.937	annotate_trace.20260926_175016.txt	unresolved
v1.9.0-rc3_container_rust	Allomyces_macrogynus_ATCC_38327	TRAIN_PREDICT:FUNANNOTATE_TRAIN	TRAIN_PREDICT:FUNANNOTATE_TRAIN (Allomyces_macrogynus_ATCC_38327)	COMPLETED	0	2358.0	380.3	1.9	peak_rss	2.490965	1	8	48.0	epyc		2026-09-26 17:53:40.272	2026-09-26 17:54:28.771	2026-09-26 18:34:29.061	annotate_trace.20260926_175016.txt	final
v1.9.0-rc3_container_rust	Nakaseomyces_glabratus_CBS_138	TRAIN_PREDICT:FUNANNOTATE_PREDICT	TRAIN_PREDICT:FUNANNOTATE_PREDICT (Nakaseomyces_glabratus_CBS_138)	COMPLETED	0	2632.0	557.1	3.4	peak_rss	4.0730200000000005	1	8	32.0	epyc		2026-09-26 17:53:44.225	2026-09-26 17:54:28.776	2026-09-26 18:38:29.050	annotate_trace.20260926_175016.txt	final
v1.9.0-rc3_container_rust	Rhodotorula_toruloides_NP11	TRAIN_PREDICT:FUNANNOTATE_PREDICT	TRAIN_PREDICT:FUNANNOTATE_PREDICT (Rhodotorula_toruloides_NP11)	COMPLETED	0	3241.0	625.6	4.2	peak_rss	5.6321377777777775	1	8	32.0	epyc		2026-09-26 17:53:30.916	2026-09-26 17:54:28.662	2026-09-26 18:49:29.087	annotate_trace.20260926_175016.txt	final
v1.9.0-rc3_container_rust	Rhodotorula_graminis_WP1	TRAIN_PREDICT:FUNANNOTATE_PREDICT	TRAIN_PREDICT:FUNANNOTATE_PREDICT (Rhodotorula_graminis_WP1)	COMPLETED	0	3565.0	606.8	4.1	peak_rss	6.0090055555555555	1	8	32.0	epyc		2026-09-26 17:53:46.225	2026-09-26 17:54:28.780	2026-09-26 18:54:29.106	annotate_trace.20260926_175016.txt	final
v1.9.0-rc3_container_rust	Malassezia_globosa_CBS_7966	TRAIN_PREDICT:FUNANNOTATE_TRAIN	TRAIN_PREDICT:FUNANNOTATE_TRAIN (Malassezia_globosa_CBS_7966)	COMPLETED	0	1432.0	214.4	1.7	peak_rss	0.8528355555555556	1	8	48.0	epyc		2026-09-26 17:53:50.226	2026-09-26 18:34:29.064	2026-09-26 18:58:29.129	annotate_trace.20260926_175016.txt	final
v1.9.0-rc3_container_rust	Rhizopus_delemar_RA_99-880	TRAIN_PREDICT:FUNANNOTATE_TRAIN	TRAIN_PREDICT:FUNANNOTATE_TRAIN (Rhizopus_delemar_RA_99-880)	COMPLETED	0	3879.0	388.4	2.3	peak_rss	4.185009999999999	1	8	48.0	epyc		2026-09-26 17:53:34.294	2026-09-26 17:54:28.750	2026-09-26 18:59:29.116	annotate_trace.20260926_175016.txt	final
v1.9.0-rc3_container_rust	Pneumocystis_murina_B123	TRAIN_PREDICT:FUNANNOTATE_PREDICT	TRAIN_PREDICT:FUNANNOTATE_PREDICT (Pneumocystis_murina_B123)	COMPLETED	0	2303.0	629.8	2.3	peak_rss	4.028970555555555	1	8	32.0	epyc		2026-09-26 17:54:04.223	2026-09-26 18:39:29.015	2026-09-26 19:18:29.192	annotate_trace.20260926_175016.txt	final
v1.9.0-rc3_container_rust	Leptographium_clavigerum_kw1407	TRAIN_PREDICT:FUNANNOTATE_PREDICT	TRAIN_PREDICT:FUNANNOTATE_PREDICT (Leptographium_clavigerum_kw1407)	COMPLETED	0	5048.0	607.3	4.3	peak_rss	8.515695555555554	1	8	32.0	epyc		2026-09-26 17:53:36.293	2026-09-26 17:54:28.753	2026-09-26 19:19:29.153	annotate_trace.20260926_175016.txt	final
v1.9.0-rc3_container_rust	Cryptococcus_neoformans_H99	TRAIN_PREDICT:FUNANNOTATE_TRAIN	TRAIN_PREDICT:FUNANNOTATE_TRAIN (Cryptococcus_neoformans_H99)	COMPLETED	0	1980.0	271.8	1.8	peak_rss	1.4949000000000001	1	8	48.0	epyc		2026-09-26 17:54:12.222	2026-09-26 18:44:29.119	2026-09-26 19:19:29.198	annotate_trace.20260926_175016.txt	final
v1.9.0-rc3_container_rust	Pyricularia_oryzae_70-15	TRAIN_PREDICT:FUNANNOTATE_PREDICT	TRAIN_PREDICT:FUNANNOTATE_PREDICT (Pyricularia_oryzae_70-15)	COMPLETED	0	5213.0	593.8	6.2	peak_rss	8.598553888888889	1	8	32.0	epyc		2026-09-26 17:53:38.223	2026-09-26 17:54:28.760	2026-09-26 19:21:29.169	annotate_trace.20260926_175016.txt	final
v1.9.0-rc3_container_rust	Cryptococcus_deneoformans_JEC21	TRAIN_PREDICT:FUNANNOTATE_TRAIN	TRAIN_PREDICT:FUNANNOTATE_TRAIN (Cryptococcus_deneoformans_JEC21)	COMPLETED	0	2462.0	280.0	1.6	peak_rss	1.9148888888888886	1	8	48.0	epyc		2026-09-26 17:54:02.222	2026-09-26 18:39:29.012	2026-09-26 19:21:29.214	annotate_trace.20260926_175016.txt	final
v1.9.0-rc3_container_rust	Mixia_osmundae_IAM_14324	TRAIN_PREDICT:FUNANNOTATE_PREDICT	TRAIN_PREDICT:FUNANNOTATE_PREDICT (Mixia_osmundae_IAM_14324)	COMPLETED	0	2638.0	615.3	3.4	peak_rss	4.508781666666666	1	8	32.0	epyc		2026-09-26 17:54:00.227	2026-09-26 18:38:29.326	2026-09-26 19:22:29.210	annotate_trace.20260926_175016.txt	final
v1.9.0-rc3_container_rust	Aspergillus_clavatus_NRRL_1	TRAIN_PREDICT:FUNANNOTATE_PREDICT	TRAIN_PREDICT:FUNANNOTATE_PREDICT (Aspergillus_clavatus_NRRL_1)	COMPLETED	0	5267.0	598.1	10.9	peak_rss	8.750535277777777	1	8	32.0	epyc		2026-09-26 17:53:48.243	2026-09-26 17:56:28.755	2026-09-26 19:24:29.173	annotate_trace.20260926_175016.txt	final
v1.9.0-rc3_container_rust	Sporobolomyces_koalae_JCM15063	TRAIN_PREDICT:FUNANNOTATE_PREDICT	TRAIN_PREDICT:FUNANNOTATE_PREDICT (Sporobolomyces_koalae_JCM15063)	COMPLETED	0	2798.0	638.2	3.3	peak_rss	4.960232222222223	1	8	32.0	epyc		2026-09-26 17:53:58.269	2026-09-26 18:37:29.257	2026-09-26 19:24:29.217	annotate_trace.20260926_175016.txt	final
v1.9.0-rc3_container_rust	Eremothecium_gossypii_ATCC_10895	TRAIN_PREDICT:FUNANNOTATE_PREDICT	TRAIN_PREDICT:FUNANNOTATE_PREDICT (Eremothecium_gossypii_ATCC_10895)	COMPLETED	0	2309.0	533.8	3.7	peak_rss	3.4237338888888886	1	8	32.0	epyc		2026-09-26 17:54:16.243	2026-09-26 18:44:29.123	2026-09-26 19:24:29.220	annotate_trace.20260926_175016.txt	final
v1.9.0-rc3_container_rust	Synchytrium_microbalum_JEL517	TRAIN_PREDICT:FUNANNOTATE_PREDICT	TRAIN_PREDICT:FUNANNOTATE_PREDICT (Synchytrium_microbalum_JEL517)	COMPLETED	0	1865.0	586.5	4.1	peak_rss	3.038395833333334	1	8	32.0	epyc		2026-09-26 17:54:26.295	2026-09-26 18:52:29.149	2026-09-26 19:24:29.223	annotate_trace.20260926_175016.txt	final
v1.9.0-rc3_container_rust	Pyrenophora_teres_0-1	TRAIN_PREDICT:FUNANNOTATE_TRAIN	TRAIN_PREDICT:FUNANNOTATE_TRAIN (Pyrenophora_teres_0-1)	FAILED	3	59.9					1	8	48.0	epyc		2026-09-26 17:54:46.225	2026-09-26 19:24:29.232	2026-09-26 19:25:29.176	annotate_trace.20260926_175016.txt	overhead
v1.9.0-rc3_container_rust	Talaromyces_marneffei_ATCC_18224	TRAIN_PREDICT:FUNANNOTATE_TRAIN	TRAIN_PREDICT:FUNANNOTATE_TRAIN (Talaromyces_marneffei_ATCC_18224)	COMPLETED	0	2404.0	306.9	1.9	peak_rss	2.04941	1	8	48.0	epyc		2026-09-26 17:54:14.223	2026-09-26 18:46:29.184	2026-09-26 19:27:29.246	annotate_trace.20260926_175016.txt	final
v1.9.0-rc3_container_rust	Cystobasidium_minutum_MCA_4210	TRAIN_PREDICT:FUNANNOTATE_PREDICT	TRAIN_PREDICT:FUNANNOTATE_PREDICT (Cystobasidium_minutum_MCA_4210)	COMPLETED	0	2970.0	673.4	3.5	peak_rss	5.555549999999999	1	8	32.0	epyc		2026-09-26 17:53:54.226	2026-09-26 18:37:29.031	2026-09-26 19:28:29.190	annotate_trace.20260926_175016.txt	final
v1.9.0-rc3_container_rust	Orbilia_oligospora_ATCC_24927	TRAIN_PREDICT:FUNANNOTATE_TRAIN	TRAIN_PREDICT:FUNANNOTATE_TRAIN (Orbilia_oligospora_ATCC_24927)	COMPLETED	0	3034.0	299.5	2.0	peak_rss	2.5241194444444446	1	8	48.0	epyc		2026-09-26 17:54:06.223	2026-09-26 18:40:29.052	2026-09-26 19:31:29.253	annotate_trace.20260926_175016.txt	final
v1.9.0-rc3_container_rust	Parastagonospora_nodorum_SN15	TRAIN_PREDICT:FUNANNOTATE_TRAIN	TRAIN_PREDICT:FUNANNOTATE_TRAIN (Parastagonospora_nodorum_SN15)	COMPLETED	0	2441.0	319.0	3.9	peak_rss	2.1629972222222222	1	8	48.0	epyc		2026-09-26 17:54:20.273	2026-09-26 18:52:29.141	2026-09-26 19:33:29.218	annotate_trace.20260926_175016.txt	final
v1.9.0-rc3_container_rust	Sporobolomyces_salmoneus_JCM6883	TRAIN_PREDICT:FUNANNOTATE_PREDICT	TRAIN_PREDICT:FUNANNOTATE_PREDICT (Sporobolomyces_salmoneus_JCM6883)	COMPLETED	0	3185.0	639.6	3.4	peak_rss	5.658683333333333	1	8	32.0	epyc		2026-09-26 17:54:08.231	2026-09-26 18:42:29.078	2026-09-26 19:36:29.264	annotate_trace.20260926_175016.txt	final
v1.9.0-rc3_container_rust	Kluyveromyces_lactis_NRRL_Y-1140	TRAIN_PREDICT:FUNANNOTATE_PREDICT	TRAIN_PREDICT:FUNANNOTATE_PREDICT (Kluyveromyces_lactis_NRRL_Y-1140)	COMPLETED	0	777.0	569.3	4.0	peak_rss	1.2287391666666665	1	8	32.0	epyc		2026-09-26 18:05:42.482	2026-09-26 19:23:29.211	2026-09-26 19:36:29.387	annotate_trace.20260926_175016.txt	final
v1.9.0-rc3_container_rust	Sugiyamaella_lignohabitans_CBS_10342	TRAIN_PREDICT:FUNANNOTATE_PREDICT	TRAIN_PREDICT:FUNANNOTATE_PREDICT (Sugiyamaella_lignohabitans_CBS_10342)	COMPLETED	0	2787.0	606.6	4.0	peak_rss	4.696095	1	8	32.0	epyc		2026-09-26 17:54:24.270	2026-09-26 18:52:29.147	2026-09-26 19:39:29.267	annotate_trace.20260926_175016.txt	final
v1.9.0-rc3_container_rust	Schizophyllum_commune_H4-8	TRAIN_PREDICT:FUNANNOTATE_TRAIN	TRAIN_PREDICT:FUNANNOTATE_TRAIN (Schizophyllum_commune_H4-8)	COMPLETED	0	871.0	345.3	1.6	peak_rss	0.8354341666666667	1	8	48.0	epyc		2026-09-26 17:54:48.225	2026-09-26 19:25:29.178	2026-09-26 19:40:29.230	annotate_trace.20260926_175016.txt	final
v1.9.0-rc3_container_rust	Dactylellina_haptotyla_CBS_200.50	TRAIN_PREDICT:FUNANNOTATE_PREDICT	TRAIN_PREDICT:FUNANNOTATE_PREDICT (Dactylellina_haptotyla_CBS_200.50)	COMPLETED	0	3158.0	531.1	2.9	peak_rss	4.658927222222222	1	8	32.0	epyc		2026-09-26 17:54:18.226	2026-09-26 18:49:29.137	2026-09-26 19:42:29.297	annotate_trace.20260926_175016.txt	final
v1.9.0-rc3_container_rust	Morchella_importuna_M04M26	TRAIN_PREDICT:FUNANNOTATE_TRAIN	TRAIN_PREDICT:FUNANNOTATE_TRAIN (Morchella_importuna_M04M26)	COMPLETED	0	2651.0	350.9	1.9	peak_rss	2.583988611111111	1	8	48.0	epyc		2026-09-26 17:54:30.228	2026-09-26 18:58:29.181	2026-09-26 19:43:29.263	annotate_trace.20260926_175016.txt	final
v1.9.0-rc3_container_rust	Yarrowia_lipolytica_CLIB122	TRAIN_PREDICT:FUNANNOTATE_TRAIN	TRAIN_PREDICT:FUNANNOTATE_TRAIN (Yarrowia_lipolytica_CLIB122)	COMPLETED	0	1301.0	344.9	1.8	peak_rss	1.2464302777777776	1	8	48.0	epyc		2026-09-26 17:54:42.228	2026-09-26 19:21:29.228	2026-09-26 19:44:29.263	annotate_trace.20260926_175016.txt	final
v1.9.0-rc3_container_rust	Zygosaccharomyces_rouxii_CBS_732	TRAIN_PREDICT:FUNANNOTATE_TRAIN	TRAIN_PREDICT:FUNANNOTATE_TRAIN (Zygosaccharomyces_rouxii_CBS_732)	COMPLETED	0	670.0	261.9	1.8	peak_rss	0.487425	1	8	48.0	epyc		2026-09-26 17:54:56.237	2026-09-26 19:33:29.270	2026-09-26 19:45:42.518	annotate_trace.20260926_175016.txt	final
v1.9.0-rc3_container_rust	Phycomyces_blakesleeanus_NRRL_1555_-	TRAIN_PREDICT:FUNANNOTATE_TRAIN	TRAIN_PREDICT:FUNANNOTATE_TRAIN (Phycomyces_blakesleeanus_NRRL_1555_-)	COMPLETED	0	4072.0	376.3	2.6	peak_rss	4.256371111111111	1	8	48.0	epyc		2026-09-26 17:53:56.235	2026-09-26 18:38:29.320	2026-09-26 19:46:29.313	annotate_trace.20260926_175016.txt	final
v1.9.0-rc3_container_rust	Letharia_columbiana_WasteWater2	TRAIN_PREDICT:FUNANNOTATE_PREDICT	TRAIN_PREDICT:FUNANNOTATE_PREDICT (Letharia_columbiana_WasteWater2)	COMPLETED	0	3220.0	585.3	4.3	peak_rss	5.2351833333333335	1	8	32.0	epyc		2026-09-26 17:54:28.226	2026-09-26 18:54:29.153	2026-09-26 19:48:29.283	annotate_trace.20260926_175016.txt	final
v1.9.0-rc3_container_rust	Rhizopus_microsporus_ATCC_52813	TRAIN_PREDICT:FUNANNOTATE_TRAIN	TRAIN_PREDICT:FUNANNOTATE_TRAIN (Rhizopus_microsporus_ATCC_52813)	COMPLETED	0	3220.0	342.9	1.8	peak_rss	3.06705	1	8	48.0	epyc		2026-09-26 17:54:32.260	2026-09-26 18:59:29.122	2026-09-26 19:53:29.343	annotate_trace.20260926_175016.txt	final
v1.9.0-rc3_container_rust	Tilletiaria_anomala_UBC_951	TRAIN_PREDICT:FUNANNOTATE_TRAIN	TRAIN_PREDICT:FUNANNOTATE_TRAIN (Tilletiaria_anomala_UBC_951)	COMPLETED	0	1629.0	240.4	1.5	peak_rss	1.08781	1	8	48.0	epyc		2026-09-26 17:54:50.228	2026-09-26 19:27:29.252	2026-09-26 19:55:29.300	annotate_trace.20260926_175016.txt	final
v1.9.0-rc3_container_rust	Malassezia_sympodialis_ATCC_42132	TRAIN_PREDICT:FUNANNOTATE_TRAIN	TRAIN_PREDICT:FUNANNOTATE_TRAIN (Malassezia_sympodialis_ATCC_42132)	COMPLETED	0	1346.0	263.8	1.3	peak_rss	0.9863188888888889	1	8	48.0	epyc		2026-09-26 17:54:58.246	2026-09-26 19:36:29.383	2026-09-26 19:59:29.301	annotate_trace.20260926_175016.txt	final
v1.9.0-rc3_container_rust	Botrytis_cinerea_B05.10	TRAIN_PREDICT:FUNANNOTATE_TRAIN	TRAIN_PREDICT:FUNANNOTATE_TRAIN (Botrytis_cinerea_B05.10)	COMPLETED	0	2351.0	328.8	2.2	peak_rss	2.1472466666666667	1	8	48.0	epyc		2026-09-26 17:54:52.220	2026-09-26 19:28:29.241	2026-09-26 20:07:29.421	annotate_trace.20260926_175016.txt	final
v1.9.0-rc3_container_rust	Talaromyces_stipitatus_ATCC_10500	TRAIN_PREDICT:FUNANNOTATE_PREDICT	TRAIN_PREDICT:FUNANNOTATE_PREDICT (Talaromyces_stipitatus_ATCC_10500)	COMPLETED	0	5121.0	605.6	4.5	peak_rss	8.61466	1	8	32.0	epyc		2026-09-26 17:54:10.233	2026-09-26 18:42:29.143	2026-09-26 20:08:29.382	annotate_trace.20260926_175016.txt	final
v1.9.0-rc3_container_rust	Tilletiopsis_washingtonensis_MCA_4186	TRAIN_PREDICT:FUNANNOTATE_TRAIN	TRAIN_PREDICT:FUNANNOTATE_TRAIN (Tilletiopsis_washingtonensis_MCA_4186)	COMPLETED	0	2586.0	230.2	1.6	peak_rss	1.6536033333333335	1	8	48.0	epyc		2026-09-26 17:54:44.406	2026-09-26 19:24:29.227	2026-09-26 20:08:29.422	annotate_trace.20260926_175016.txt	final
v1.9.0-rc3_container_rust	Protomyces_lactucae-debilis_12-1054	TRAIN_PREDICT:FUNANNOTATE_TRAIN	TRAIN_PREDICT:FUNANNOTATE_TRAIN (Protomyces_lactucae-debilis_12-1054)	COMPLETED	0	1275.0	231.6	1.9	peak_rss	0.82025	1	8	48.0	epyc		2026-09-26 17:55:12.287	2026-09-26 19:46:29.316	2026-09-26 20:08:29.423	annotate_trace.20260926_175016.txt	final
v1.9.0-rc3_container_rust	Drepanopeziza_brunnea_MB_m1	TRAIN_PREDICT:FUNANNOTATE_TRAIN	TRAIN_PREDICT:FUNANNOTATE_TRAIN (Drepanopeziza_brunnea_MB_m1)	COMPLETED	0	0.332	4.9	0.0066	peak_rss	4.5188888888888895e-06	1	8	48.0	epyc		2026-09-26 17:55:43.868	2026-09-26 20:08:29.450	2026-09-26 20:09:29.420	annotate_trace.20260926_175016.txt	final
v1.9.0-rc3_container_rust	Tremella_mesenterica_Fries	TRAIN_PREDICT:FUNANNOTATE_PREDICT	TRAIN_PREDICT:FUNANNOTATE_PREDICT (Tremella_mesenterica_Fries)	COMPLETED	0	6187.0	626.3	4.7	peak_rss	10.763661388888888	1	8	32.0	epyc		2026-09-26 17:53:52.223	2026-09-26 18:29:28.848	2026-09-26 20:13:29.432	annotate_trace.20260926_175016.txt	final
v1.9.0-rc3_container_rust	Pyrenophora_tritici-repentis_Pt-1C-BFP	TRAIN_PREDICT:FUNANNOTATE_TRAIN	TRAIN_PREDICT:FUNANNOTATE_TRAIN (Pyrenophora_tritici-repentis_Pt-1C-BFP)	COMPLETED	0	3273.0	343.9	2.2	peak_rss	3.1266241666666663	1	8	48.0	epyc		2026-09-26 17:54:38.235	2026-09-26 19:19:29.212	2026-09-26 20:14:29.448	annotate_trace.20260926_175016.txt	final
v1.9.0-rc3_container_rust	Wallemia_mellicola_CBS_633.66	TRAIN_PREDICT:FUNANNOTATE_PREDICT	TRAIN_PREDICT:FUNANNOTATE_PREDICT (Wallemia_mellicola_CBS_633.66)	COMPLETED	0	3438.0	617.3	2.7	peak_rss	5.8952149999999985	1	8	32.0	epyc		2026-09-26 17:54:34.281	2026-09-26 19:18:29.198	2026-09-26 20:16:29.440	annotate_trace.20260926_175016.txt	final
v1.9.0-rc3_container_rust	Aspergillus_fumigatus_Af293	TRAIN_PREDICT:FUNANNOTATE_TRAIN	TRAIN_PREDICT:FUNANNOTATE_TRAIN (Aspergillus_fumigatus_Af293)	COMPLETED	0	2426.0	289.1	1.9	peak_rss	1.9482127777777778	1	8	48.0	epyc		2026-09-26 17:55:00.271	2026-09-26 19:39:29.285	2026-09-26 20:20:29.444	annotate_trace.20260926_175016.txt	final
v1.9.0-rc3_container_rust	Lachancea_thermotolerans_CBS_6340	TRAIN_PREDICT:FUNANNOTATE_TRAIN	TRAIN_PREDICT:FUNANNOTATE_TRAIN (Lachancea_thermotolerans_CBS_6340)	COMPLETED	0	654.0	314.6	1.4	peak_rss	0.5715233333333334	1	8	48.0	epyc		2026-09-26 17:55:44.617	2026-09-26 20:09:29.421	2026-09-26 20:21:29.505	annotate_trace.20260926_175016.txt	final
v1.9.0-rc3_container_rust	Lipomyces_tetrasporus_NRRL_Y-64009	TRAIN_PREDICT:FUNANNOTATE_TRAIN	TRAIN_PREDICT:FUNANNOTATE_TRAIN (Lipomyces_tetrasporus_NRRL_Y-64009)	COMPLETED	0	2137.0	320.7	1.9	peak_rss	1.9037108333333332	1	8	48.0	epyc		2026-09-26 17:55:10.229	2026-09-26 19:45:42.521	2026-09-26 20:21:29.503	annotate_trace.20260926_175016.txt	final
v1.9.0-rc3_container_rust	Uncinocarpus_reesii_1704	TRAIN_PREDICT:FUNANNOTATE_PREDICT	TRAIN_PREDICT:FUNANNOTATE_PREDICT (Uncinocarpus_reesii_1704)	COMPLETED	0	5536.0	623.5	5.0	peak_rss	9.588044444444444	1	8	32.0	epyc		2026-09-26 17:54:22.224	2026-09-26 18:52:29.144	2026-09-26 20:25:29.461	annotate_trace.20260926_175016.txt	final
v1.9.0-rc3_container_rust	Sclerotinia_sclerotiorum_1980	TRAIN_PREDICT:FUNANNOTATE_TRAIN	TRAIN_PREDICT:FUNANNOTATE_TRAIN (Sclerotinia_sclerotiorum_1980)	COMPLETED	0	2516.0	350.6	2.0	peak_rss	2.4503044444444444	1	8	48.0	epyc		2026-09-26 17:55:08.422	2026-09-26 19:44:29.266	2026-09-26 20:26:29.544	annotate_trace.20260926_175016.txt	final
v1.9.0-rc3_container_rust	Mucor_mucedo_NRRL_3635	TRAIN_PREDICT:FUNANNOTATE_TRAIN	TRAIN_PREDICT:FUNANNOTATE_TRAIN (Mucor_mucedo_NRRL_3635)	COMPLETED	0	2651.0	339.9	2.8	peak_rss	2.502985833333333	1	8	48.0	epyc		2026-09-26 17:55:06.291	2026-09-26 19:43:29.317	2026-09-26 20:28:29.505	annotate_trace.20260926_175016.txt	final
v1.9.0-rc3_container_rust	Saccharomyces_cerevisiae_S288C	TRAIN_PREDICT:FUNANNOTATE_TRAIN	TRAIN_PREDICT:FUNANNOTATE_TRAIN (Saccharomyces_cerevisiae_S288C)	COMPLETED	0	767.0	265.8	1.8	peak_rss	0.5663016666666666	1	8	48.0	epyc		2026-09-26 17:55:48.622	2026-09-26 20:14:29.537	2026-09-26 20:28:29.575	annotate_trace.20260926_175016.txt	final
v1.9.0-rc3_container_rust	Chaetomium_globosum_CBS_148.51	TRAIN_PREDICT:FUNANNOTATE_TRAIN	TRAIN_PREDICT:FUNANNOTATE_TRAIN (Chaetomium_globosum_CBS_148.51)	COMPLETED	0	2888.0	319.8	3.5	peak_rss	2.5655066666666664	1	8	48.0	epyc		2026-09-26 17:55:04.229	2026-09-26 19:42:29.309	2026-09-26 20:31:29.601	annotate_trace.20260926_175016.txt	final
v1.9.0-rc3_container_rust	Gaeumannomyces_tritici_R3-111a-1	TRAIN_PREDICT:FUNANNOTATE_TRAIN	TRAIN_PREDICT:FUNANNOTATE_TRAIN (Gaeumannomyces_tritici_R3-111a-1)	COMPLETED	0	3069.0	286.9	1.9	peak_rss	2.4458225	1	8	48.0	epyc		2026-09-26 17:55:02.339	2026-09-26 19:40:29.274	2026-09-26 20:31:29.600	annotate_trace.20260926_175016.txt	final
v1.9.0-rc3_container_rust	Tricharina_praecox_CBS_144465	TRAIN_PREDICT:FUNANNOTATE_TRAIN	TRAIN_PREDICT:FUNANNOTATE_TRAIN (Tricharina_praecox_CBS_144465)	COMPLETED	0	2345.0	324.7	1.9	peak_rss	2.115059722222222	1	8	48.0	epyc		2026-09-26 17:55:16.360	2026-09-26 19:55:29.302	2026-09-26 20:35:29.565	annotate_trace.20260926_175016.txt	final
v1.9.0-rc3_container_rust	Umbelopsis_ramanniana_AG	TRAIN_PREDICT:FUNANNOTATE_TRAIN	TRAIN_PREDICT:FUNANNOTATE_TRAIN (Umbelopsis_ramanniana_AG)	COMPLETED	0	1330.0	297.5	1.6	peak_rss	1.0990972222222224	1	8	48.0	epyc		2026-09-26 17:55:46.622	2026-09-26 20:13:29.478	2026-09-26 20:36:29.582	annotate_trace.20260926_175016.txt	final
v1.9.0-rc3_container_rust	Morchella_sextelata_SCLS	TRAIN_PREDICT:FUNANNOTATE_TRAIN	TRAIN_PREDICT:FUNANNOTATE_TRAIN (Morchella_sextelata_SCLS)	COMPLETED	0	4210.0	343.3	2.7	peak_rss	4.014702777777778	1	8	48.0	epyc		2026-09-26 17:54:54.221	2026-09-26 19:31:29.255	2026-09-26 20:41:29.637	annotate_trace.20260926_175016.txt	final
v1.9.0-rc3_container_rust	Pseudogymnoascus_destructans_20631-21	TRAIN_PREDICT:FUNANNOTATE_TRAIN	TRAIN_PREDICT:FUNANNOTATE_TRAIN (Pseudogymnoascus_destructans_20631-21)	COMPLETED	0	3062.0	261.8	1.7	peak_rss	2.2267544444444445	1	8	48.0	epyc		2026-09-26 17:55:14.231	2026-09-26 19:53:29.358	2026-09-26 20:45:43.440	annotate_trace.20260926_175016.txt	final
v1.9.0-rc3_container_rust	Trichosporon_asahii_CBS_2479	TRAIN_PREDICT:FUNANNOTATE_TRAIN	TRAIN_PREDICT:FUNANNOTATE_TRAIN (Trichosporon_asahii_CBS_2479)	COMPLETED	0	2381.0	301.7	1.7	peak_rss	1.9954102777777778	1	8	48.0	epyc		2026-09-26 17:55:22.246	2026-09-26 20:08:29.446	2026-09-26 20:48:29.671	annotate_trace.20260926_175016.txt	final
v1.9.0-rc3_container_rust	Batrachochytrium_dendrobatidis_JAM81	TRAIN_PREDICT:FUNANNOTATE_TRAIN	TRAIN_PREDICT:FUNANNOTATE_TRAIN (Batrachochytrium_dendrobatidis_JAM81)	COMPLETED	0	3042.0	312.8	2.2	peak_rss	2.64316	1	8	48.0	epyc		2026-09-26 17:55:18.243	2026-09-26 19:59:29.350	2026-09-26 20:50:29.668	annotate_trace.20260926_175016.txt	final
v1.9.0-rc3_container_rust	Blastomyces_dermatitidis_ER-3	TRAIN_PREDICT:FUNANNOTATE_PREDICT	TRAIN_PREDICT:FUNANNOTATE_PREDICT (Blastomyces_dermatitidis_ER-3)	COMPLETED	0	5836.0	615.3	6.0	peak_rss	9.974696666666667	1	8	32.0	epyc		2026-09-26 17:54:36.252	2026-09-26 19:19:29.208	2026-09-26 20:57:29.784	annotate_trace.20260926_175016.txt	final
v1.9.0-rc3_container_rust	Fusarium_oxysporum_4287	TRAIN_PREDICT:FUNANNOTATE_TRAIN	TRAIN_PREDICT:FUNANNOTATE_TRAIN (Fusarium_oxysporum_4287)	COMPLETED	0	2526.0	394.7	2.4	peak_rss	2.7694783333333333	1	8	48.0	epyc		2026-09-26 17:55:54.617	2026-09-26 20:21:29.517	2026-09-26 21:03:29.684	annotate_trace.20260926_175016.txt	final
v1.9.0-rc3_container_rust	Cokeromyces_recurvatus_NRRL_2243	TRAIN_PREDICT:FUNANNOTATE_TRAIN	TRAIN_PREDICT:FUNANNOTATE_TRAIN (Cokeromyces_recurvatus_NRRL_2243)	COMPLETED	0	3298.0	336.5	2.0	peak_rss	3.082713888888889	1	8	48.0	epyc		2026-09-26 17:55:43.566	2026-09-26 20:08:29.448	2026-09-26 21:04:29.725	annotate_trace.20260926_175016.txt	final
v1.9.0-rc3_container_rust	Colletotrichum_graminicola_M1.001	TRAIN_PREDICT:FUNANNOTATE_TRAIN	TRAIN_PREDICT:FUNANNOTATE_TRAIN (Colletotrichum_graminicola_M1.001)	COMPLETED	0	3825.0	271.3	2.0	peak_rss	2.8825625	1	8	48.0	epyc		2026-09-26 17:55:20.222	2026-09-26 20:08:29.439	2026-09-26 21:12:29.703	annotate_trace.20260926_175016.txt	final
v1.9.0-rc3_container_rust	Zymoseptoria_tritici_IPO323	TRAIN_PREDICT:FUNANNOTATE_TRAIN	TRAIN_PREDICT:FUNANNOTATE_TRAIN (Zymoseptoria_tritici_IPO323)	COMPLETED	0	3304.0	235.8	2.0	peak_rss	2.16412	1	8	48.0	epyc		2026-09-26 17:55:50.620	2026-09-26 20:20:29.485	2026-09-26 21:16:29.740	annotate_trace.20260926_175016.txt	final
v1.9.0-rc3_container_rust	Laccaria_bicolor_S238N-H82	TRAIN_PREDICT:FUNANNOTATE_PREDICT	TRAIN_PREDICT:FUNANNOTATE_PREDICT (Laccaria_bicolor_S238N-H82)	COMPLETED	0	7057.0	644.4	4.7	peak_rss	12.63203	1	8	32.0	epyc		2026-09-26 17:54:40.250	2026-09-26 19:21:29.224	2026-09-26 21:19:29.706	annotate_trace.20260926_175016.txt	final
v1.9.0-rc3_container_rust	Fusarium_verticillioides_7600	TRAIN_PREDICT:FUNANNOTATE_TRAIN	TRAIN_PREDICT:FUNANNOTATE_TRAIN (Fusarium_verticillioides_7600)	COMPLETED	0	3668.0	295.2	2.0	peak_rss	3.00776	1	8	48.0	epyc		2026-09-26 17:55:52.620	2026-09-26 20:21:29.513	2026-09-26 21:22:29.709	annotate_trace.20260926_175016.txt	final
v1.9.0-rc3_container_rust	-	FETCH_RNASEQ:COLLECT_SRA_QUERY	FETCH_RNASEQ:COLLECT_SRA_QUERY	CACHED	0	0.0	38.1	0.0031000000000000003	peak_rss	0.0	1	1	2.0	short		2026-09-26 17:53:29.336	2026-09-26 17:54:28.622	2026-09-26 17:54:28.636	annotate_trace.20260926_212538.txt	cached
v1.9.0-rc3_container_rust	Drepanopeziza_brunnea_MB_m1	TRAIN_PREDICT:FUNANNOTATE_TRAIN	TRAIN_PREDICT:FUNANNOTATE_TRAIN (Drepanopeziza_brunnea_MB_m1)	CACHED	0	0.332	4.9	0.0066	peak_rss	4.5188888888888895e-06	1	8	48.0	epyc		2026-09-26 17:55:43.868	2026-09-26 20:08:29.450	2026-09-26 20:09:29.420	annotate_trace.20260926_212538.txt	cached
v1.9.0-rc3_container_rust	Pyrenophora_teres_0-1	TRAIN_PREDICT:FUNANNOTATE_TRAIN	TRAIN_PREDICT:FUNANNOTATE_TRAIN (Pyrenophora_teres_0-1)	COMPLETED	0	0.20400000000000001	9.7			5.496666666666667e-06	1	8	48.0	epyc		2026-09-26 21:26:07.994	2026-09-26 21:26:48.590	2026-09-26 21:26:48.592	annotate_trace.20260926_212538.txt	final
v1.9.0-rc3_container_rust	Malassezia_sympodialis_ATCC_42132	TRAIN_PREDICT:FUNANNOTATE_PREDICT	TRAIN_PREDICT:FUNANNOTATE_PREDICT (Malassezia_sympodialis_ATCC_42132)	COMPLETED	0	724.0	568.6	3.1	peak_rss	1.1435177777777776	1	8	32.0	epyc		2026-09-26 21:26:31.977	2026-09-26 21:27:48.530	2026-09-26 21:39:48.521	annotate_trace.20260926_212538.txt	final
v1.9.0-rc3_container_rust	Cryptococcus_deneoformans_JEC21	TRAIN_PREDICT:FUNANNOTATE_PREDICT	TRAIN_PREDICT:FUNANNOTATE_PREDICT (Cryptococcus_deneoformans_JEC21)	COMPLETED	0	841.0	481.2	4.9	peak_rss	1.1241366666666668	1	8	32.0	epyc		2026-09-26 21:25:55.988	2026-09-26 21:26:48.566	2026-09-26 21:40:48.550	annotate_trace.20260926_212538.txt	final
v1.9.0-rc3_container_rust	Malassezia_globosa_CBS_7966	TRAIN_PREDICT:FUNANNOTATE_PREDICT	TRAIN_PREDICT:FUNANNOTATE_PREDICT (Malassezia_globosa_CBS_7966)	COMPLETED	0	879.0	477.7	3.5	peak_rss	1.1663841666666668	1	8	32.0	epyc		2026-09-26 21:26:05.989	2026-09-26 21:26:48.587	2026-09-26 21:41:48.556	annotate_trace.20260926_212538.txt	final
v1.9.0-rc3_container_rust	Protomyces_lactucae-debilis_12-1054	TRAIN_PREDICT:FUNANNOTATE_PREDICT	TRAIN_PREDICT:FUNANNOTATE_PREDICT (Protomyces_lactucae-debilis_12-1054)	COMPLETED	0	839.0	564.7	3.6	peak_rss	1.3160647222222221	1	8	32.0	epyc		2026-09-26 21:26:41.986	2026-09-26 21:27:48.548	2026-09-26 21:41:48.573	annotate_trace.20260926_212538.txt	final
v1.9.0-rc3_container_rust	Malassezia_sympodialis_ATCC_42132	TRAIN_PREDICT:BUSCO_COMPLETENESS	TRAIN_PREDICT:BUSCO_COMPLETENESS (Malassezia_sympodialis_ATCC_42132)	COMPLETED	0	43.9	495.0	0.8977	peak_rss	0.0603625	1	8	16.0	short		2026-09-26 21:39:48.695	2026-09-26 21:40:48.573	2026-09-26 21:41:48.595	annotate_trace.20260926_212538.txt	final
v1.9.0-rc3_container_rust	Yarrowia_lipolytica_CLIB122	TRAIN_PREDICT:FUNANNOTATE_PREDICT	TRAIN_PREDICT:FUNANNOTATE_PREDICT (Yarrowia_lipolytica_CLIB122)	COMPLETED	0	1023.0	544.1	8.8	peak_rss	1.5461508333333334	1	8	32.0	epyc		2026-09-26 21:26:11.977	2026-09-26 21:26:48.630	2026-09-26 21:43:48.564	annotate_trace.20260926_212538.txt	final
v1.9.0-rc3_container_rust	Zygosaccharomyces_rouxii_CBS_732	TRAIN_PREDICT:FUNANNOTATE_PREDICT	TRAIN_PREDICT:FUNANNOTATE_PREDICT (Zygosaccharomyces_rouxii_CBS_732)	COMPLETED	0	960.0	522.4	4.1	peak_rss	1.3930666666666667	1	8	32.0	epyc		2026-09-26 21:26:33.977	2026-09-26 21:27:48.534	2026-09-26 21:43:48.581	annotate_trace.20260926_212538.txt	final
v1.9.0-rc3_container_rust	Malassezia_globosa_CBS_7966	TRAIN_PREDICT:BUSCO_COMPLETENESS	TRAIN_PREDICT:BUSCO_COMPLETENESS (Malassezia_globosa_CBS_7966)	COMPLETED	0	54.1	466.5	0.9621000000000001	peak_rss	0.07010458333333335	1	8	16.0	short		2026-09-26 21:41:48.661	2026-09-26 21:42:48.568	2026-09-26 21:43:48.601	annotate_trace.20260926_212538.txt	final
v1.9.0-rc3_container_rust	Protomyces_lactucae-debilis_12-1054	TRAIN_PREDICT:BUSCO_COMPLETENESS	TRAIN_PREDICT:BUSCO_COMPLETENESS (Protomyces_lactucae-debilis_12-1054)	COMPLETED	0	62.0	520.0	1.1	peak_rss	0.08955555555555555	1	8	16.0	short		2026-09-26 21:41:49.662	2026-09-26 21:42:48.571	2026-09-26 21:43:48.605	annotate_trace.20260926_212538.txt	final
v1.9.0-rc3_container_rust	Tilletiaria_anomala_UBC_951	TRAIN_PREDICT:FUNANNOTATE_PREDICT	TRAIN_PREDICT:FUNANNOTATE_PREDICT (Tilletiaria_anomala_UBC_951)	COMPLETED	0	1050.0	472.4	3.0	peak_rss	1.3778333333333335	1	8	32.0	epyc		2026-09-26 21:26:13.979	2026-09-26 21:26:48.645	2026-09-26 21:44:48.522	annotate_trace.20260926_212538.txt	final
v1.9.0-rc3_container_rust	Tilletiopsis_washingtonensis_MCA_4186	TRAIN_PREDICT:FUNANNOTATE_PREDICT	TRAIN_PREDICT:FUNANNOTATE_PREDICT (Tilletiopsis_washingtonensis_MCA_4186)	COMPLETED	0	1026.0	523.5	4.3	peak_rss	1.491975	1	8	32.0	epyc		2026-09-26 21:26:17.990	2026-09-26 21:26:48.663	2026-09-26 21:44:48.577	annotate_trace.20260926_212538.txt	final
v1.9.0-rc3_container_rust	Cryptococcus_deneoformans_JEC21	TRAIN_PREDICT:BUSCO_COMPLETENESS	TRAIN_PREDICT:BUSCO_COMPLETENESS (Cryptococcus_deneoformans_JEC21)	COMPLETED	0	153.0	571.3	1.2	peak_rss	0.24280249999999998	1	8	16.0	short		2026-09-26 21:40:48.640	2026-09-26 21:41:48.600	2026-09-26 21:44:48.636	annotate_trace.20260926_212538.txt	final
v1.9.0-rc3_container_rust	Zygosaccharomyces_rouxii_CBS_732	TRAIN_PREDICT:BUSCO_COMPLETENESS	TRAIN_PREDICT:BUSCO_COMPLETENESS (Zygosaccharomyces_rouxii_CBS_732)	COMPLETED	0	73.0	438.2	0.9789	peak_rss	0.08885722222222221	1	8	16.0	short		2026-09-26 21:43:48.680	2026-09-26 21:44:48.640	2026-09-26 21:45:48.660	annotate_trace.20260926_212538.txt	final
v1.9.0-rc3_container_rust	Cryptococcus_neoformans_H99	TRAIN_PREDICT:FUNANNOTATE_PREDICT	TRAIN_PREDICT:FUNANNOTATE_PREDICT (Cryptococcus_neoformans_H99)	COMPLETED	0	1141.0	493.9	4.5	peak_rss	1.565388611111111	1	8	32.0	epyc		2026-09-26 21:25:57.988	2026-09-26 21:26:48.569	2026-09-26 21:46:48.528	annotate_trace.20260926_212538.txt	final
v1.9.0-rc3_container_rust	Yarrowia_lipolytica_CLIB122	TRAIN_PREDICT:BUSCO_COMPLETENESS	TRAIN_PREDICT:BUSCO_COMPLETENESS (Yarrowia_lipolytica_CLIB122)	COMPLETED	0	76.0	499.9	1.0157	peak_rss	0.10553444444444444	1	8	16.0	short		2026-09-26 21:43:49.646	2026-09-26 21:44:48.643	2026-09-26 21:46:48.572	annotate_trace.20260926_212538.txt	final
v1.9.0-rc3_container_rust	Tilletiaria_anomala_UBC_951	TRAIN_PREDICT:BUSCO_COMPLETENESS	TRAIN_PREDICT:BUSCO_COMPLETENESS (Tilletiaria_anomala_UBC_951)	COMPLETED	0	53.4	551.3	1.0170000000000001	peak_rss	0.08177616666666666	1	8	16.0	short		2026-09-26 21:44:48.649	2026-09-26 21:45:48.662	2026-09-26 21:46:48.575	annotate_trace.20260926_212538.txt	final
v1.9.0-rc3_container_rust	Tilletiopsis_washingtonensis_MCA_4186	TRAIN_PREDICT:BUSCO_COMPLETENESS	TRAIN_PREDICT:BUSCO_COMPLETENESS (Tilletiopsis_washingtonensis_MCA_4186)	COMPLETED	0	52.5	574.0	1.0201	peak_rss	0.08370833333333334	1	8	16.0	short		2026-09-26 21:44:49.613	2026-09-26 21:45:48.664	2026-09-26 21:46:48.576	annotate_trace.20260926_212538.txt	final
v1.9.0-rc3_container_rust	Rhizopus_microsporus_ATCC_52813	TRAIN_PREDICT:FUNANNOTATE_PREDICT	TRAIN_PREDICT:FUNANNOTATE_PREDICT (Rhizopus_microsporus_ATCC_52813)	COMPLETED	0	1246.0	562.2	4.5	peak_rss	1.9458366666666669	1	8	32.0	epyc		2026-09-26 21:25:53.994	2026-09-26 21:26:48.563	2026-09-26 21:47:48.569	annotate_trace.20260926_212538.txt	final
v1.9.0-rc3_container_rust	Talaromyces_marneffei_ATCC_18224	TRAIN_PREDICT:FUNANNOTATE_PREDICT	TRAIN_PREDICT:FUNANNOTATE_PREDICT (Talaromyces_marneffei_ATCC_18224)	COMPLETED	0	1230.0	572.8	4.3	peak_rss	1.9570666666666667	1	8	32.0	epyc		2026-09-26 21:26:01.995	2026-09-26 21:26:48.577	2026-09-26 21:47:48.572	annotate_trace.20260926_212538.txt	final
v1.9.0-rc3_container_rust	Lipomyces_tetrasporus_NRRL_Y-64009	TRAIN_PREDICT:FUNANNOTATE_PREDICT	TRAIN_PREDICT:FUNANNOTATE_PREDICT (Lipomyces_tetrasporus_NRRL_Y-64009)	COMPLETED	0	1258.0	541.8	4.4	peak_rss	1.8932899999999997	1	8	32.0	epyc		2026-09-26 21:26:35.979	2026-09-26 21:27:48.537	2026-09-26 21:48:48.578	annotate_trace.20260926_212538.txt	final
v1.9.0-rc3_container_rust	Orbilia_oligospora_ATCC_24927	TRAIN_PREDICT:FUNANNOTATE_PREDICT	TRAIN_PREDICT:FUNANNOTATE_PREDICT (Orbilia_oligospora_ATCC_24927)	COMPLETED	0	1390.0	519.1	4.6	peak_rss	2.0043027777777778	1	8	32.0	epyc		2026-09-26 21:26:03.994	2026-09-26 21:26:48.580	2026-09-26 21:50:48.530	annotate_trace.20260926_212538.txt	final
v1.9.0-rc3_container_rust	Cryptococcus_neoformans_H99	TRAIN_PREDICT:BUSCO_COMPLETENESS	TRAIN_PREDICT:BUSCO_COMPLETENESS (Cryptococcus_neoformans_H99)	COMPLETED	0	198.0	536.0	1.0072	peak_rss	0.2948	1	8	16.0	short		2026-09-26 21:46:48.638	2026-09-26 21:47:48.598	2026-09-26 21:50:48.633	annotate_trace.20260926_212538.txt	final
v1.9.0-rc3_container_rust	Rhizopus_microsporus_ATCC_52813	TRAIN_PREDICT:BUSCO_COMPLETENESS	TRAIN_PREDICT:BUSCO_COMPLETENESS (Rhizopus_microsporus_ATCC_52813)	COMPLETED	0	142.0	498.5	1.1	peak_rss	0.19663055555555556	1	8	16.0	short		2026-09-26 21:47:49.659	2026-09-26 21:48:48.597	2026-09-26 21:50:48.636	annotate_trace.20260926_212538.txt	final
v1.9.0-rc3_container_rust	Aspergillus_fumigatus_Af293	TRAIN_PREDICT:FUNANNOTATE_PREDICT	TRAIN_PREDICT:FUNANNOTATE_PREDICT (Aspergillus_fumigatus_Af293)	COMPLETED	0	1457.0	558.2	20.1	peak_rss	2.2591594444444447	1	8	32.0	epyc		2026-09-26 21:26:21.983	2026-09-26 21:26:48.682	2026-09-26 21:51:48.532	annotate_trace.20260926_212538.txt	final
v1.9.0-rc3_container_rust	Talaromyces_marneffei_ATCC_18224	TRAIN_PREDICT:BUSCO_COMPLETENESS	TRAIN_PREDICT:BUSCO_COMPLETENESS (Talaromyces_marneffei_ATCC_18224)	COMPLETED	0	173.0	518.6	1.2	peak_rss	0.24921611111111108	1	8	16.0	short		2026-09-26 21:47:48.666	2026-09-26 21:48:48.595	2026-09-26 21:51:48.620	annotate_trace.20260926_212538.txt	final
v1.9.0-rc3_container_rust	Lipomyces_tetrasporus_NRRL_Y-64009	TRAIN_PREDICT:BUSCO_COMPLETENESS	TRAIN_PREDICT:BUSCO_COMPLETENESS (Lipomyces_tetrasporus_NRRL_Y-64009)	COMPLETED	0	68.0	492.2	1.0	peak_rss	0.0929711111111111	1	8	16.0	short		2026-09-26 21:48:48.690	2026-09-26 21:49:48.580	2026-09-26 21:51:48.621	annotate_trace.20260926_212538.txt	final
v1.9.0-rc3_container_rust	Pseudogymnoascus_destructans_20631-21	TRAIN_PREDICT:FUNANNOTATE_PREDICT	TRAIN_PREDICT:FUNANNOTATE_PREDICT (Pseudogymnoascus_destructans_20631-21)	COMPLETED	0	1573.0	567.9	3.3	peak_rss	2.4814075	1	8	32.0	epyc		2026-09-26 21:26:45.989	2026-09-26 21:27:48.552	2026-09-26 21:53:48.573	annotate_trace.20260926_212538.txt	final
v1.9.0-rc3_container_rust	Orbilia_oligospora_ATCC_24927	TRAIN_PREDICT:BUSCO_COMPLETENESS	TRAIN_PREDICT:BUSCO_COMPLETENESS (Orbilia_oligospora_ATCC_24927)	COMPLETED	0	104.0	563.5	1.3	peak_rss	0.16278888888888887	1	8	16.0	short		2026-09-26 21:50:48.639	2026-09-26 21:51:48.624	2026-09-26 21:53:48.578	annotate_trace.20260926_212538.txt	final
v1.9.0-rc3_container_rust	Morchella_importuna_M04M26	TRAIN_PREDICT:FUNANNOTATE_PREDICT	TRAIN_PREDICT:FUNANNOTATE_PREDICT (Morchella_importuna_M04M26)	COMPLETED	0	1660.0	561.8	4.4	peak_rss	2.590522222222222	1	8	32.0	epyc		2026-09-26 21:26:19.982	2026-09-26 21:26:48.675	2026-09-26 21:54:48.579	annotate_trace.20260926_212538.txt	final
v1.9.0-rc3_container_rust	Pyrenophora_tritici-repentis_Pt-1C-BFP	TRAIN_PREDICT:FUNANNOTATE_PREDICT	TRAIN_PREDICT:FUNANNOTATE_PREDICT (Pyrenophora_tritici-repentis_Pt-1C-BFP)	COMPLETED	0	1702.0	575.5	4.6	peak_rss	2.7208361111111112	1	8	32.0	epyc		2026-09-26 21:26:09.989	2026-09-26 21:26:48.602	2026-09-26 21:55:48.535	annotate_trace.20260926_212538.txt	final
v1.9.0-rc3_container_rust	Parastagonospora_nodorum_SN15	TRAIN_PREDICT:FUNANNOTATE_PREDICT	TRAIN_PREDICT:FUNANNOTATE_PREDICT (Parastagonospora_nodorum_SN15)	COMPLETED	0	1722.0	525.3	4.5	peak_rss	2.512685	1	8	32.0	epyc		2026-09-26 21:26:15.982	2026-09-26 21:26:48.654	2026-09-26 21:55:48.538	annotate_trace.20260926_212538.txt	final
v1.9.0-rc3_container_rust	Botrytis_cinerea_B05.10	TRAIN_PREDICT:FUNANNOTATE_PREDICT	TRAIN_PREDICT:FUNANNOTATE_PREDICT (Botrytis_cinerea_B05.10)	COMPLETED	0	1678.0	574.4	4.6	peak_rss	2.677342222222222	1	8	32.0	epyc		2026-09-26 21:26:23.979	2026-09-26 21:27:48.518	2026-09-26 21:55:48.545	annotate_trace.20260926_212538.txt	final
v1.9.0-rc3_container_rust	Lachancea_thermotolerans_CBS_6340	TRAIN_PREDICT:FUNANNOTATE_PREDICT	TRAIN_PREDICT:FUNANNOTATE_PREDICT (Lachancea_thermotolerans_CBS_6340)	COMPLETED	0	826.0	563.1	3.3	peak_rss	1.2920016666666667	1	8	32.0	epyc		2026-09-26 21:26:53.994	2026-09-26 21:41:48.589	2026-09-26 21:55:48.600	annotate_trace.20260926_212538.txt	final
v1.9.0-rc3_container_rust	Batrachochytrium_dendrobatidis_JAM81	TRAIN_PREDICT:FUNANNOTATE_PREDICT	TRAIN_PREDICT:FUNANNOTATE_PREDICT (Batrachochytrium_dendrobatidis_JAM81)	COMPLETED	0	859.0	502.5	6.2	peak_rss	1.1990208333333334	1	8	32.0	epyc		2026-09-26 21:26:49.995	2026-09-26 21:41:48.576	2026-09-26 21:55:48.597	annotate_trace.20260926_212538.txt	final
v1.9.0-rc3_container_rust	Aspergillus_fumigatus_Af293	TRAIN_PREDICT:BUSCO_COMPLETENESS	TRAIN_PREDICT:BUSCO_COMPLETENESS (Aspergillus_fumigatus_Af293)	COMPLETED	0	178.0	563.5	1.1	peak_rss	0.2786194444444444	1	8	16.0	short		2026-09-26 21:51:48.636	2026-09-26 21:52:48.584	2026-09-26 21:55:48.604	annotate_trace.20260926_212538.txt	final
v1.9.0-rc3_container_rust	Mucor_mucedo_NRRL_3635	TRAIN_PREDICT:FUNANNOTATE_PREDICT	TRAIN_PREDICT:FUNANNOTATE_PREDICT (Mucor_mucedo_NRRL_3635)	COMPLETED	0	1711.0	499.3	4.6	peak_rss	2.3730619444444447	1	8	32.0	epyc		2026-09-26 21:26:43.979	2026-09-26 21:27:48.550	2026-09-26 21:56:48.537	annotate_trace.20260926_212538.txt	final
v1.9.0-rc3_container_rust	Pseudogymnoascus_destructans_20631-21	TRAIN_PREDICT:BUSCO_COMPLETENESS	TRAIN_PREDICT:BUSCO_COMPLETENESS (Pseudogymnoascus_destructans_20631-21)	COMPLETED	0	143.0	522.0	1.1	peak_rss	0.20734999999999998	1	8	16.0	short		2026-09-26 21:53:48.634	2026-09-26 21:54:48.595	2026-09-26 21:56:48.543	annotate_trace.20260926_212538.txt	final
v1.9.0-rc3_container_rust	Morchella_importuna_M04M26	TRAIN_PREDICT:BUSCO_COMPLETENESS	TRAIN_PREDICT:BUSCO_COMPLETENESS (Morchella_importuna_M04M26)	COMPLETED	0	82.0	567.8	1.3	peak_rss	0.12933222222222224	1	8	16.0	short		2026-09-26 21:54:48.667	2026-09-26 21:55:48.609	2026-09-26 21:56:48.547	annotate_trace.20260926_212538.txt	final
v1.9.0-rc3_container_rust	Batrachochytrium_dendrobatidis_JAM81	TRAIN_PREDICT:BUSCO_COMPLETENESS	TRAIN_PREDICT:BUSCO_COMPLETENESS (Batrachochytrium_dendrobatidis_JAM81)	COMPLETED	0	39.1	474.6	1.0172	peak_rss	0.05154683333333334	1	8	16.0	short		2026-09-26 21:55:53.686	2026-09-26 21:56:48.611	2026-09-26 21:56:48.615	annotate_trace.20260926_212538.txt	final
v1.9.0-rc3_container_rust	Lachancea_thermotolerans_CBS_6340	TRAIN_PREDICT:BUSCO_COMPLETENESS	TRAIN_PREDICT:BUSCO_COMPLETENESS (Lachancea_thermotolerans_CBS_6340)	COMPLETED	0	60.0	431.3	0.9067000000000001	peak_rss	0.07188333333333333	1	8	16.0	short		2026-09-26 21:55:55.696	2026-09-26 21:56:48.617	2026-09-26 21:57:48.544	annotate_trace.20260926_212538.txt	final
v1.9.0-rc3_container_rust	Sclerotinia_sclerotiorum_1980	TRAIN_PREDICT:FUNANNOTATE_PREDICT	TRAIN_PREDICT:FUNANNOTATE_PREDICT (Sclerotinia_sclerotiorum_1980)	COMPLETED	0	1868.0	526.3	4.7	peak_rss	2.730912222222222	1	8	32.0	epyc		2026-09-26 21:26:39.981	2026-09-26 21:27:48.544	2026-09-26 21:58:48.582	annotate_trace.20260926_212538.txt	final
v1.9.0-rc3_container_rust	Chaetomium_globosum_CBS_148.51	TRAIN_PREDICT:FUNANNOTATE_PREDICT	TRAIN_PREDICT:FUNANNOTATE_PREDICT (Chaetomium_globosum_CBS_148.51)	COMPLETED	0	1907.0	543.7	4.6	peak_rss	2.8800997222222224	1	8	32.0	epyc		2026-09-26 21:26:29.977	2026-09-26 21:27:48.527	2026-09-26 21:59:48.581	annotate_trace.20260926_212538.txt	final
v1.9.0-rc3_container_rust	Parastagonospora_nodorum_SN15	TRAIN_PREDICT:BUSCO_COMPLETENESS	TRAIN_PREDICT:BUSCO_COMPLETENESS (Parastagonospora_nodorum_SN15)	COMPLETED	0	209.0	560.0	1.2	peak_rss	0.3251111111111111	1	8	16.0	short		2026-09-26 21:55:48.732	2026-09-26 21:56:48.554	2026-09-26 21:59:48.605	annotate_trace.20260926_212538.txt	final
v1.9.0-rc3_container_rust	Pyrenophora_tritici-repentis_Pt-1C-BFP	TRAIN_PREDICT:BUSCO_COMPLETENESS	TRAIN_PREDICT:BUSCO_COMPLETENESS (Pyrenophora_tritici-repentis_Pt-1C-BFP)	COMPLETED	0	203.0	534.7	1.3	peak_rss	0.3015113888888889	1	8	16.0	short		2026-09-26 21:55:49.686	2026-09-26 21:56:48.602	2026-09-26 21:59:48.608	annotate_trace.20260926_212538.txt	final
v1.9.0-rc3_container_rust	Mucor_mucedo_NRRL_3635	TRAIN_PREDICT:BUSCO_COMPLETENESS	TRAIN_PREDICT:BUSCO_COMPLETENESS (Mucor_mucedo_NRRL_3635)	COMPLETED	0	121.0	608.1	1.4	peak_rss	0.20438916666666668	1	8	16.0	short		2026-09-26 21:56:48.669	2026-09-26 21:57:48.546	2026-09-26 21:59:48.633	annotate_trace.20260926_212538.txt	final
v1.9.0-rc3_container_rust	Botrytis_cinerea_B05.10	TRAIN_PREDICT:BUSCO_COMPLETENESS	TRAIN_PREDICT:BUSCO_COMPLETENESS (Botrytis_cinerea_B05.10)	COMPLETED	0	164.0	562.1	1.1	peak_rss	0.2560677777777778	1	8	16.0	short		2026-09-26 21:55:51.689	2026-09-26 21:56:48.605	2026-09-26 21:59:48.613	annotate_trace.20260926_212538.txt	final
v1.9.0-rc3_container_rust	Phycomyces_blakesleeanus_NRRL_1555_-	TRAIN_PREDICT:FUNANNOTATE_PREDICT	TRAIN_PREDICT:FUNANNOTATE_PREDICT (Phycomyces_blakesleeanus_NRRL_1555_-)	COMPLETED	0	2017.0	523.1	4.8	peak_rss	2.9308130555555554	1	8	32.0	epyc		2026-09-26 21:25:51.305	2026-09-26 21:26:48.506	2026-09-26 22:00:48.540	annotate_trace.20260926_212538.txt	final
v1.9.0-rc3_container_rust	Rhizopus_delemar_RA_99-880	TRAIN_PREDICT:FUNANNOTATE_PREDICT	TRAIN_PREDICT:FUNANNOTATE_PREDICT (Rhizopus_delemar_RA_99-880)	COMPLETED	0	2000.0	531.6	18.8	peak_rss	2.9533333333333336	1	8	32.0	epyc		2026-09-26 21:25:52.087	2026-09-26 21:26:48.559	2026-09-26 22:00:48.545	annotate_trace.20260926_212538.txt	final
v1.9.0-rc3_container_rust	Cokeromyces_recurvatus_NRRL_2243	TRAIN_PREDICT:FUNANNOTATE_PREDICT	TRAIN_PREDICT:FUNANNOTATE_PREDICT (Cokeromyces_recurvatus_NRRL_2243)	COMPLETED	0	1211.0	549.1	4.2	peak_rss	1.8471113888888893	1	8	32.0	epyc		2026-09-26 21:26:47.985	2026-09-26 21:40:48.569	2026-09-26 22:00:48.642	annotate_trace.20260926_212538.txt	final
v1.9.0-rc3_container_rust	Morchella_sextelata_SCLS	TRAIN_PREDICT:FUNANNOTATE_PREDICT	TRAIN_PREDICT:FUNANNOTATE_PREDICT (Morchella_sextelata_SCLS)	COMPLETED	0	2037.0	548.9	4.9	peak_rss	3.1058591666666664	1	8	32.0	epyc		2026-09-26 21:26:27.982	2026-09-26 21:27:48.524	2026-09-26 22:01:48.545	annotate_trace.20260926_212538.txt	final
v1.9.0-rc3_container_rust	Umbelopsis_ramanniana_AG	TRAIN_PREDICT:FUNANNOTATE_PREDICT	TRAIN_PREDICT:FUNANNOTATE_PREDICT (Umbelopsis_ramanniana_AG)	COMPLETED	0	1013.0	517.5	4.2	peak_rss	1.4561875	1	8	32.0	epyc		2026-09-26 21:26:57.990	2026-09-26 21:44:48.620	2026-09-26 22:01:48.596	annotate_trace.20260926_212538.txt	final
v1.9.0-rc3_container_rust	Saccharomyces_cerevisiae_S288C	TRAIN_PREDICT:FUNANNOTATE_PREDICT	TRAIN_PREDICT:FUNANNOTATE_PREDICT (Saccharomyces_cerevisiae_S288C)	COMPLETED	0	825.0	552.4	3.8	peak_rss	1.2659166666666666	1	8	32.0	epyc		2026-09-26 21:27:07.978	2026-09-26 21:47:48.592	2026-09-26 22:01:48.600	annotate_trace.20260926_212538.txt	final
v1.9.0-rc3_container_rust	Sclerotinia_sclerotiorum_1980	TRAIN_PREDICT:BUSCO_COMPLETENESS	TRAIN_PREDICT:BUSCO_COMPLETENESS (Sclerotinia_sclerotiorum_1980)	COMPLETED	0	171.0	560.4	1.1	peak_rss	0.26619	1	8	16.0	short		2026-09-26 21:58:48.653	2026-09-26 21:59:48.635	2026-09-26 22:02:48.592	annotate_trace.20260926_212538.txt	final
v1.9.0-rc3_container_rust	Gaeumannomyces_tritici_R3-111a-1	TRAIN_PREDICT:FUNANNOTATE_PREDICT	TRAIN_PREDICT:FUNANNOTATE_PREDICT (Gaeumannomyces_tritici_R3-111a-1)	COMPLETED	0	2155.0	582.9	6.5	peak_rss	3.4893041666666664	1	8	32.0	epyc		2026-09-26 21:26:37.977	2026-09-26 21:27:48.540	2026-09-26 22:03:48.548	annotate_trace.20260926_212538.txt	final
v1.9.0-rc3_container_rust	Chaetomium_globosum_CBS_148.51	TRAIN_PREDICT:BUSCO_COMPLETENESS	TRAIN_PREDICT:BUSCO_COMPLETENESS (Chaetomium_globosum_CBS_148.51)	COMPLETED	0	193.0	507.9	1.1	peak_rss	0.2722908333333333	1	8	16.0	short		2026-09-26 21:59:48.660	2026-09-26 22:00:48.657	2026-09-26 22:03:48.631	annotate_trace.20260926_212538.txt	final
v1.9.0-rc3_container_rust	Phycomyces_blakesleeanus_NRRL_1555_-	TRAIN_PREDICT:BUSCO_COMPLETENESS	TRAIN_PREDICT:BUSCO_COMPLETENESS (Phycomyces_blakesleeanus_NRRL_1555_-)	COMPLETED	0	128.0	658.9	1.5	peak_rss	0.23427555555555554	1	8	16.0	short		2026-09-26 22:00:48.643	2026-09-26 22:01:48.605	2026-09-26 22:03:48.635	annotate_trace.20260926_212538.txt	final
v1.9.0-rc3_container_rust	Rhizopus_delemar_RA_99-880	TRAIN_PREDICT:BUSCO_COMPLETENESS	TRAIN_PREDICT:BUSCO_COMPLETENESS (Rhizopus_delemar_RA_99-880)	COMPLETED	0	137.0	561.0	1.2	peak_rss	0.2134916666666667	1	8	16.0	short		2026-09-26 22:00:49.627	2026-09-26 22:01:48.610	2026-09-26 22:03:48.640	annotate_trace.20260926_212538.txt	final
v1.9.0-rc3_container_rust	Umbelopsis_ramanniana_AG	TRAIN_PREDICT:BUSCO_COMPLETENESS	TRAIN_PREDICT:BUSCO_COMPLETENESS (Umbelopsis_ramanniana_AG)	COMPLETED	0	98.0	672.1	1.0	peak_rss	0.18296055555555554	1	8	16.0	short		2026-09-26 22:01:48.739	2026-09-26 22:02:48.594	2026-09-26 22:03:48.655	annotate_trace.20260926_212538.txt	final
v1.9.0-rc3_container_rust	Cokeromyces_recurvatus_NRRL_2243	TRAIN_PREDICT:BUSCO_COMPLETENESS	TRAIN_PREDICT:BUSCO_COMPLETENESS (Cokeromyces_recurvatus_NRRL_2243)	COMPLETED	0	126.0	491.0	1.1	peak_rss	0.17185000000000003	1	8	16.0	short		2026-09-26 22:00:51.624	2026-09-26 22:01:48.619	2026-09-26 22:03:48.650	annotate_trace.20260926_212538.txt	final
v1.9.0-rc3_container_rust	Saccharomyces_cerevisiae_S288C	TRAIN_PREDICT:BUSCO_COMPLETENESS	TRAIN_PREDICT:BUSCO_COMPLETENESS (Saccharomyces_cerevisiae_S288C)	COMPLETED	0	76.0	426.2	1.0	peak_rss	0.08997555555555554	1	8	16.0	short		2026-09-26 22:01:51.747	2026-09-26 22:02:48.600	2026-09-26 22:03:48.658	annotate_trace.20260926_212538.txt	final
v1.9.0-rc3_container_rust	Morchella_sextelata_SCLS	TRAIN_PREDICT:BUSCO_COMPLETENESS	TRAIN_PREDICT:BUSCO_COMPLETENESS (Morchella_sextelata_SCLS)	COMPLETED	0	98.0	545.6	1.3	peak_rss	0.14852444444444446	1	8	16.0	short		2026-09-26 22:01:49.736	2026-09-26 22:02:48.598	2026-09-26 22:04:48.550	annotate_trace.20260926_212538.txt	final
v1.9.0-rc3_container_rust	Trichosporon_asahii_CBS_2479	TRAIN_PREDICT:FUNANNOTATE_PREDICT	TRAIN_PREDICT:FUNANNOTATE_PREDICT (Trichosporon_asahii_CBS_2479)	COMPLETED	0	1494.0	490.1	4.4	peak_rss	2.033915	1	8	32.0	epyc		2026-09-26 21:26:51.993	2026-09-26 21:41:48.584	2026-09-26 22:06:48.556	annotate_trace.20260926_212538.txt	final
v1.9.0-rc3_container_rust	Tricharina_praecox_CBS_144465	TRAIN_PREDICT:FUNANNOTATE_PREDICT	TRAIN_PREDICT:FUNANNOTATE_PREDICT (Tricharina_praecox_CBS_144465)	COMPLETED	0	1321.0	557.4	4.5	peak_rss	2.0453483333333335	1	8	32.0	epyc		2026-09-26 21:26:55.991	2026-09-26 21:43:48.588	2026-09-26 22:06:48.556	annotate_trace.20260926_212538.txt	final
v1.9.0-rc3_container_rust	Gaeumannomyces_tritici_R3-111a-1	TRAIN_PREDICT:BUSCO_COMPLETENESS	TRAIN_PREDICT:BUSCO_COMPLETENESS (Gaeumannomyces_tritici_R3-111a-1)	COMPLETED	0	207.0	508.7	1.1	peak_rss	0.2925025	1	8	16.0	short		2026-09-26 22:03:48.626	2026-09-26 22:04:48.551	2026-09-26 22:07:48.598	annotate_trace.20260926_212538.txt	final
v1.9.0-rc3_container_rust	Tricharina_praecox_CBS_144465	TRAIN_PREDICT:BUSCO_COMPLETENESS	TRAIN_PREDICT:BUSCO_COMPLETENESS (Tricharina_praecox_CBS_144465)	COMPLETED	0	92.0	487.0	1.2	peak_rss	0.12445555555555557	1	8	16.0	short		2026-09-26 22:06:48.631	2026-09-26 22:07:48.599	2026-09-26 22:08:48.561	annotate_trace.20260926_212538.txt	final
v1.9.0-rc3_container_rust	Allomyces_macrogynus_ATCC_38327	TRAIN_PREDICT:FUNANNOTATE_PREDICT	TRAIN_PREDICT:FUNANNOTATE_PREDICT (Allomyces_macrogynus_ATCC_38327)	COMPLETED	0	2523.0	583.1	4.4	peak_rss	4.0865591666666665	1	8	32.0	epyc		2026-09-26 21:25:59.985	2026-09-26 21:26:48.571	2026-09-26 22:09:48.558	annotate_trace.20260926_212538.txt	final
v1.9.0-rc3_container_rust	Trichosporon_asahii_CBS_2479	TRAIN_PREDICT:BUSCO_COMPLETENESS	TRAIN_PREDICT:BUSCO_COMPLETENESS (Trichosporon_asahii_CBS_2479)	COMPLETED	0	168.0	632.3	1.2	peak_rss	0.2950733333333333	1	8	16.0	short		2026-09-26 22:06:49.631	2026-09-26 22:07:48.603	2026-09-26 22:09:48.565	annotate_trace.20260926_212538.txt	final
v1.9.0-rc3_container_rust	Allomyces_macrogynus_ATCC_38327	TRAIN_PREDICT:BUSCO_COMPLETENESS	TRAIN_PREDICT:BUSCO_COMPLETENESS (Allomyces_macrogynus_ATCC_38327)	COMPLETED	0	67.0	499.8	1.4	peak_rss	0.09301833333333333	1	8	16.0	short		2026-09-26 22:09:48.619	2026-09-26 22:10:48.597	2026-09-26 22:11:48.598	annotate_trace.20260926_212538.txt	final
v1.9.0-rc3_container_rust	Fusarium_verticillioides_7600	TRAIN_PREDICT:FUNANNOTATE_PREDICT	TRAIN_PREDICT:FUNANNOTATE_PREDICT (Fusarium_verticillioides_7600)	COMPLETED	0	1747.0	509.2	4.1	peak_rss	2.4710344444444443	1	8	32.0	epyc		2026-09-26 21:26:59.985	2026-09-26 21:44:48.628	2026-09-26 22:14:48.561	annotate_trace.20260926_212538.txt	final
v1.9.0-rc3_container_rust	Colletotrichum_graminicola_M1.001	TRAIN_PREDICT:FUNANNOTATE_PREDICT	TRAIN_PREDICT:FUNANNOTATE_PREDICT (Colletotrichum_graminicola_M1.001)	COMPLETED	0	1936.0	535.0	4.5	peak_rss	2.877111111111111	1	8	32.0	epyc		2026-09-26 21:27:01.990	2026-09-26 21:44:48.631	2026-09-26 22:17:48.650	annotate_trace.20260926_212538.txt	final
v1.9.0-rc3_container_rust	Fusarium_verticillioides_7600	TRAIN_PREDICT:BUSCO_COMPLETENESS	TRAIN_PREDICT:BUSCO_COMPLETENESS (Fusarium_verticillioides_7600)	COMPLETED	0	288.0	400.0	1.3	peak_rss	0.32	1	8	16.0	short		2026-09-26 22:14:48.653	2026-09-26 22:15:48.597	2026-09-26 22:19:48.590	annotate_trace.20260926_212538.txt	final
v1.9.0-rc3_container_rust	Zymoseptoria_tritici_IPO323	TRAIN_PREDICT:FUNANNOTATE_PREDICT	TRAIN_PREDICT:FUNANNOTATE_PREDICT (Zymoseptoria_tritici_IPO323)	COMPLETED	0	2051.0	525.6	4.8	peak_rss	2.99446	1	8	32.0	epyc		2026-09-26 21:27:03.985	2026-09-26 21:46:48.544	2026-09-26 22:20:48.566	annotate_trace.20260926_212538.txt	final
v1.9.0-rc3_container_rust	Colletotrichum_graminicola_M1.001	TRAIN_PREDICT:BUSCO_COMPLETENESS	TRAIN_PREDICT:BUSCO_COMPLETENESS (Colletotrichum_graminicola_M1.001)	COMPLETED	0	192.0	508.2	1.1	peak_rss	0.27104	1	8	16.0	short		2026-09-26 22:17:48.713	2026-09-26 22:18:48.640	2026-09-26 22:21:48.604	annotate_trace.20260926_212538.txt	final
v1.9.0-rc3_container_rust	Zymoseptoria_tritici_IPO323	TRAIN_PREDICT:BUSCO_COMPLETENESS	TRAIN_PREDICT:BUSCO_COMPLETENESS (Zymoseptoria_tritici_IPO323)	COMPLETED	0	315.0	276.2	1.2	peak_rss	0.24167499999999997	1	8	16.0	short		2026-09-26 22:20:48.642	2026-09-26 22:21:48.606	2026-09-26 22:26:48.608	annotate_trace.20260926_212538.txt	final
v1.9.0-rc3_container_rust	Fusarium_oxysporum_4287	TRAIN_PREDICT:FUNANNOTATE_PREDICT	TRAIN_PREDICT:FUNANNOTATE_PREDICT (Fusarium_oxysporum_4287)	COMPLETED	0	2368.0	541.7	5.5	peak_rss	3.5631822222222227	1	8	32.0	epyc		2026-09-26 21:27:09.987	2026-09-26 21:48:48.591	2026-09-26 22:28:48.571	annotate_trace.20260926_212538.txt	final
v1.9.0-rc3_container_rust	Fusarium_oxysporum_4287	TRAIN_PREDICT:BUSCO_COMPLETENESS	TRAIN_PREDICT:BUSCO_COMPLETENESS (Fusarium_oxysporum_4287)	COMPLETED	0	204.0	613.4	1.3	peak_rss	0.3475933333333333	1	8	16.0	short		2026-09-26 22:28:48.674	2026-09-26 22:29:48.570	2026-09-26 22:33:48.613	annotate_trace.20260926_212538.txt	final
v1.9.0-rc3_container_rust	Schizophyllum_commune_H4-8	TRAIN_PREDICT:FUNANNOTATE_PREDICT	TRAIN_PREDICT:FUNANNOTATE_PREDICT (Schizophyllum_commune_H4-8)	COMPLETED	0	5060.0	648.2	4.0	peak_rss	9.110811111111111	1	8	32.0	epyc		2026-09-26 21:26:25.976	2026-09-26 21:27:48.521	2026-09-26 22:51:48.600	annotate_trace.20260926_212538.txt	final
v1.9.0-rc3_container_rust	Schizophyllum_commune_H4-8	TRAIN_PREDICT:BUSCO_COMPLETENESS	TRAIN_PREDICT:BUSCO_COMPLETENESS (Schizophyllum_commune_H4-8)	COMPLETED	0	160.0	470.3	1.2	peak_rss	0.20902222222222225	1	8	16.0	short		2026-09-26 22:51:48.753	2026-09-26 22:52:48.638	2026-09-26 22:54:48.644	annotate_trace.20260926_212538.txt	final
v1.9.0-rc3_container_rust	Pyrenophora_teres_0-1	TRAIN_PREDICT:FUNANNOTATE_PREDICT	TRAIN_PREDICT:FUNANNOTATE_PREDICT (Pyrenophora_teres_0-1)	COMPLETED	0	5023.0	530.0	2.0	peak_rss	7.394972222222222	1	8	32.0	epyc		2026-09-26 21:27:11.980	2026-09-26 21:50:48.626	2026-09-26 23:14:48.699	annotate_trace.20260926_212538.txt	final
v1.9.0-rc3_container_rust	Pyrenophora_teres_0-1	TRAIN_PREDICT:BUSCO_COMPLETENESS	TRAIN_PREDICT:BUSCO_COMPLETENESS (Pyrenophora_teres_0-1)	COMPLETED	0	295.0	351.0	1.1	peak_rss	0.28762499999999996	1	8	16.0	short		2026-09-26 23:14:48.795	2026-09-26 23:15:48.628	2026-09-26 23:19:48.666	annotate_trace.20260926_212538.txt	final
v1.9.0-rc3_container_rust	Drepanopeziza_brunnea_MB_m1	TRAIN_PREDICT:FUNANNOTATE_PREDICT	TRAIN_PREDICT:FUNANNOTATE_PREDICT (Drepanopeziza_brunnea_MB_m1)	COMPLETED	0	5983.0	626.1	4.6	peak_rss	10.405434166666668	1	8	32.0	epyc		2026-09-26 21:27:05.989	2026-09-26 21:47:48.585	2026-09-26 23:28:48.635	annotate_trace.20260926_212538.txt	final
v1.9.0-rc3_container_rust	Drepanopeziza_brunnea_MB_m1	TRAIN_PREDICT:BUSCO_COMPLETENESS	TRAIN_PREDICT:BUSCO_COMPLETENESS (Drepanopeziza_brunnea_MB_m1)	COMPLETED	0	265.0	346.6	1.1	peak_rss	0.2551361111111111	1	8	16.0	short		2026-09-26 23:28:51.056	2026-09-26 23:29:48.637	2026-09-26 23:33:48.638	annotate_trace.20260926_212538.txt	final
