cell	genome	process	task_name	status	exit	realtime_s	cpu_pct	peak_rss_gb	rss_field	cpu_hours	attempt	cpus	memory_req_gb	queue	hostname	submit	start	complete	trace_file	role
v1.9.0-beta10_conda	-	SETUP_DBS:SETUP_MARIADB_DATADIR	SETUP_DBS:SETUP_MARIADB_DATADIR	COMPLETED	0	3.9	32.8	0.1363	rss	0.00035533333333333326									annotate_trace.20260905_210729.txt	final
v1.9.0-beta10_conda	Allomyces_macrogynus_+9_more	FETCH_RNASEQ:SRA_QUERY_BATCH	FETCH_RNASEQ:SRA_QUERY_BATCH (Allomyces_macrogynus_+9_more)	COMPLETED	0	1.6	3.4	0.0032	rss	1.5111111111111112e-05									annotate_trace.20260905_210729.txt	final
v1.9.0-beta10_conda	Pyricularia_oryzae_+9_more	FETCH_RNASEQ:SRA_QUERY_BATCH	FETCH_RNASEQ:SRA_QUERY_BATCH (Pyricularia_oryzae_+9_more)	COMPLETED	0	2.4	3.0	0.0031000000000000003	rss	1.9999999999999998e-05									annotate_trace.20260905_210729.txt	final
v1.9.0-beta10_conda	Tremella_mesenterica_+9_more	FETCH_RNASEQ:SRA_QUERY_BATCH	FETCH_RNASEQ:SRA_QUERY_BATCH (Tremella_mesenterica_+9_more)	COMPLETED	0	0.678	44.0	0.0033	rss	8.286666666666667e-05									annotate_trace.20260905_210729.txt	overhead
v1.9.0-beta10_conda	Nakaseomyces_glabratus_+9_more	FETCH_RNASEQ:SRA_QUERY_BATCH	FETCH_RNASEQ:SRA_QUERY_BATCH (Nakaseomyces_glabratus_+9_more)	COMPLETED	0	5.1	1.6			2.2666666666666664e-05									annotate_trace.20260905_210729.txt	final
v1.9.0-beta10_conda	Pneumocystis_murina_+9_more	FETCH_RNASEQ:SRA_QUERY_BATCH	FETCH_RNASEQ:SRA_QUERY_BATCH (Pneumocystis_murina_+9_more)	COMPLETED	0	13.0	1.0	0.0033	rss	3.611111111111111e-05									annotate_trace.20260905_210729.txt	final
v1.9.0-beta10_conda	Lachancea_thermotolerans_+9_more	FETCH_RNASEQ:SRA_QUERY_BATCH	FETCH_RNASEQ:SRA_QUERY_BATCH (Lachancea_thermotolerans_+9_more)	COMPLETED	0	3.8	2.0	0.0032	rss	2.111111111111111e-05									annotate_trace.20260905_210729.txt	final
v1.9.0-beta10_conda	Wallemia_mellicola_+4_more	FETCH_RNASEQ:SRA_QUERY_BATCH	FETCH_RNASEQ:SRA_QUERY_BATCH (Wallemia_mellicola_+4_more)	COMPLETED	0	2.5	2.5			1.736111111111111e-05									annotate_trace.20260905_210729.txt	final
v1.9.0-beta10_conda	-	FETCH_RNASEQ:COLLECT_SRA_QUERY	FETCH_RNASEQ:COLLECT_SRA_QUERY	COMPLETED	0	2.0	21.1	0.0032	rss	0.00011722222222222223									annotate_trace.20260905_210729.txt	overhead
v1.9.0-beta10_conda	Malassezia_globosa	FETCH_RNASEQ:SRA_FETCH	FETCH_RNASEQ:SRA_FETCH (Malassezia_globosa)	FAILED	1	300.0													annotate_trace.20260905_210729.txt	unresolved
v1.9.0-beta10_conda	-	SETUP_DBS:SETUP_AUGUSTUS_CONFIG	SETUP_DBS:SETUP_AUGUSTUS_CONFIG	COMPLETED	0	21.2	4.1	0.0096	rss	0.0002414444444444444									annotate_trace.txt	final
v1.9.0-beta10_conda	Allomyces_macrogynus_ATCC_38327	MASK_GENOME:MASKREPEAT_TANTAN_RUN	MASK_GENOME:MASKREPEAT_TANTAN_RUN (Allomyces_macrogynus_ATCC_38327)	COMPLETED	0	22.1	121.8	0.059000000000000004	rss	0.007477166666666667									annotate_trace.txt	final
v1.9.0-beta10_conda	Phycomyces_blakesleeanus_NRRL_1555_-	MASK_GENOME:MASKREPEAT_TANTAN_RUN	MASK_GENOME:MASKREPEAT_TANTAN_RUN (Phycomyces_blakesleeanus_NRRL_1555_-)	COMPLETED	0	22.0	127.2	0.0648	rss	0.0077733333333333335									annotate_trace.txt	final
v1.9.0-beta10_conda	Rhizopus_microsporus_ATCC_52813	MASK_GENOME:MASKREPEAT_TANTAN_RUN	MASK_GENOME:MASKREPEAT_TANTAN_RUN (Rhizopus_microsporus_ATCC_52813)	COMPLETED	0	14.7	92.5	0.0593	rss	0.0037770833333333332									annotate_trace.txt	final
v1.9.0-beta10_conda	Cryptococcus_deneoformans_JEC21	MASK_GENOME:MASKREPEAT_TANTAN_RUN	MASK_GENOME:MASKREPEAT_TANTAN_RUN (Cryptococcus_deneoformans_JEC21)	COMPLETED	0	13.1	83.9	0.0627	rss	0.003053027777777778									annotate_trace.txt	final
v1.9.0-beta10_conda	Rhodotorula_toruloides_NP11	MASK_GENOME:MASKREPEAT_TANTAN_RUN	MASK_GENOME:MASKREPEAT_TANTAN_RUN (Rhodotorula_toruloides_NP11)	COMPLETED	0	13.1	79.5	0.053200000000000004	rss	0.002892916666666667									annotate_trace.txt	final
v1.9.0-beta10_conda	Malassezia_globosa_CBS_7966	MASK_GENOME:MASKREPEAT_TANTAN_RUN	MASK_GENOME:MASKREPEAT_TANTAN_RUN (Malassezia_globosa_CBS_7966)	COMPLETED	0	10.5	52.4	0.0466	rss	0.0015283333333333334									annotate_trace.txt	final
v1.9.0-beta10_conda	Rhodotorula_graminis_WP1	MASK_GENOME:MASKREPEAT_TANTAN_RUN	MASK_GENOME:MASKREPEAT_TANTAN_RUN (Rhodotorula_graminis_WP1)	COMPLETED	0	8.9	115.7	0.056	rss	0.0028603611111111113									annotate_trace.txt	final
v1.9.0-beta10_conda	Nakaseomyces_glabratus_CBS_138	MASK_GENOME:MASKREPEAT_TANTAN_RUN	MASK_GENOME:MASKREPEAT_TANTAN_RUN (Nakaseomyces_glabratus_CBS_138)	COMPLETED	0	3.2	204.2	0.0519	rss	0.001815111111111111									annotate_trace.txt	final
v1.9.0-beta10_conda	Yarrowia_lipolytica_CLIB122	MASK_GENOME:MASKREPEAT_TANTAN_RUN	MASK_GENOME:MASKREPEAT_TANTAN_RUN (Yarrowia_lipolytica_CLIB122)	COMPLETED	0	5.9	191.5	0.06720000000000001	rss	0.003138472222222222									annotate_trace.txt	final
v1.9.0-beta10_conda	Tilletiaria_anomala_UBC_951	MASK_GENOME:MASKREPEAT_TANTAN_RUN	MASK_GENOME:MASKREPEAT_TANTAN_RUN (Tilletiaria_anomala_UBC_951)	COMPLETED	0	5.8	169.2	0.0476	rss	0.002726									annotate_trace.txt	final
v1.9.0-beta10_conda	Pyrenophora_teres_0-1	MASK_GENOME:MASKREPEAT_TANTAN_RUN	MASK_GENOME:MASKREPEAT_TANTAN_RUN (Pyrenophora_teres_0-1)	COMPLETED	0	8.6	177.0	0.0533	rss	0.004228333333333333									annotate_trace.txt	final
v1.9.0-beta10_conda	Rhizopus_delemar_RA_99-880	MASK_GENOME:MASKREPEAT_TANTAN_RUN	MASK_GENOME:MASKREPEAT_TANTAN_RUN (Rhizopus_delemar_RA_99-880)	COMPLETED	0	23.5	99.7	0.0575	rss	0.006508194444444445									annotate_trace.txt	final
v1.9.0-beta10_conda	Tilletiopsis_washingtonensis_MCA_4186	MASK_GENOME:MASKREPEAT_TANTAN_RUN	MASK_GENOME:MASKREPEAT_TANTAN_RUN (Tilletiopsis_washingtonensis_MCA_4186)	COMPLETED	0	10.4	75.9	0.0502	rss	0.002192666666666667									annotate_trace.txt	final
v1.9.0-beta10_conda	Aspergillus_clavatus_NRRL_1	MASK_GENOME:MASKREPEAT_TANTAN_RUN	MASK_GENOME:MASKREPEAT_TANTAN_RUN (Aspergillus_clavatus_NRRL_1)	COMPLETED	0	11.4	91.3	0.0708	rss	0.0028911666666666665									annotate_trace.txt	final
v1.9.0-beta10_conda	Zygosaccharomyces_rouxii_CBS_732	MASK_GENOME:MASKREPEAT_TANTAN_RUN	MASK_GENOME:MASKREPEAT_TANTAN_RUN (Zygosaccharomyces_rouxii_CBS_732)	COMPLETED	0	5.0	123.1	0.0606	rss	0.001709722222222222									annotate_trace.txt	final
v1.9.0-beta10_conda	Spizellomyces_punctatus_DAOM_BR117	MASK_GENOME:MASKREPEAT_TANTAN_RUN	MASK_GENOME:MASKREPEAT_TANTAN_RUN (Spizellomyces_punctatus_DAOM_BR117)	COMPLETED	0	15.0	86.5	0.0418	rss	0.0036041666666666665									annotate_trace.txt	final
v1.9.0-beta10_conda	Botrytis_cinerea_B05.10	MASK_GENOME:MASKREPEAT_TANTAN_RUN	MASK_GENOME:MASKREPEAT_TANTAN_RUN (Botrytis_cinerea_B05.10)	COMPLETED	0	14.4	108.2	0.08209999999999999	rss	0.004328									annotate_trace.txt	final
v1.9.0-beta10_conda	Tremella_mesenterica_Fries	MASK_GENOME:MASKREPEAT_TANTAN_RUN	MASK_GENOME:MASKREPEAT_TANTAN_RUN (Tremella_mesenterica_Fries)	COMPLETED	0	7.0	192.4	0.0697	rss	0.0037411111111111113									annotate_trace.txt	final
v1.9.0-beta10_conda	Cryptococcus_neoformans_H99	MASK_GENOME:MASKREPEAT_TANTAN_RUN	MASK_GENOME:MASKREPEAT_TANTAN_RUN (Cryptococcus_neoformans_H99)	COMPLETED	0	16.2	64.6	0.0433	rss	0.0029069999999999994									annotate_trace.txt	final
v1.9.0-beta10_conda	Aspergillus_fumigatus_Af293	MASK_GENOME:MASKREPEAT_TANTAN_RUN	MASK_GENOME:MASKREPEAT_TANTAN_RUN (Aspergillus_fumigatus_Af293)	COMPLETED	0	7.2	199.8	0.0722	rss	0.003996									annotate_trace.txt	final
v1.9.0-beta10_conda	Cystobasidium_minutum_MCA_4210	MASK_GENOME:MASKREPEAT_TANTAN_RUN	MASK_GENOME:MASKREPEAT_TANTAN_RUN (Cystobasidium_minutum_MCA_4210)	COMPLETED	0	5.6	188.3	0.0694	rss	0.002929111111111111									annotate_trace.txt	final
v1.9.0-beta10_conda	Mixia_osmundae_IAM_14324	MASK_GENOME:MASKREPEAT_TANTAN_RUN	MASK_GENOME:MASKREPEAT_TANTAN_RUN (Mixia_osmundae_IAM_14324)	COMPLETED	0	3.8	199.9	0.0535	rss	0.0021100555555555556									annotate_trace.txt	final
v1.9.0-beta10_conda	Morchella_sextelata_SCLS	MASK_GENOME:MASKREPEAT_TANTAN_RUN	MASK_GENOME:MASKREPEAT_TANTAN_RUN (Morchella_sextelata_SCLS)	COMPLETED	0	13.1	201.3	0.0653	rss	0.007325083333333333									annotate_trace.txt	final
v1.9.0-beta10_conda	Morchella_importuna_M04M26	MASK_GENOME:MASKREPEAT_TANTAN_RUN	MASK_GENOME:MASKREPEAT_TANTAN_RUN (Morchella_importuna_M04M26)	COMPLETED	0	13.0	193.8	0.0603	rss	0.006998333333333334									annotate_trace.txt	final
v1.9.0-beta10_conda	Schizophyllum_commune_H4-8	MASK_GENOME:MASKREPEAT_TANTAN_RUN	MASK_GENOME:MASKREPEAT_TANTAN_RUN (Schizophyllum_commune_H4-8)	COMPLETED	0	13.3	106.9	0.0668	rss	0.003949361111111111									annotate_trace.txt	final
v1.9.0-beta10_conda	Malassezia_sympodialis_ATCC_42132	MASK_GENOME:MASKREPEAT_TANTAN_RUN	MASK_GENOME:MASKREPEAT_TANTAN_RUN (Malassezia_sympodialis_ATCC_42132)	COMPLETED	0	2.2	199.7	0.0545	rss	0.001220388888888889									annotate_trace.txt	final
v1.9.0-beta10_conda	Sporobolomyces_koalae_JCM15063	MASK_GENOME:MASKREPEAT_TANTAN_RUN	MASK_GENOME:MASKREPEAT_TANTAN_RUN (Sporobolomyces_koalae_JCM15063)	COMPLETED	0	4.8	196.4	0.0505	rss	0.0026186666666666667									annotate_trace.txt	final
v1.9.0-beta10_conda	Sclerotinia_sclerotiorum_1980	MASK_GENOME:MASKREPEAT_TANTAN_RUN	MASK_GENOME:MASKREPEAT_TANTAN_RUN (Sclerotinia_sclerotiorum_1980)	COMPLETED	0	9.7	204.3	0.0588	rss	0.00550475									annotate_trace.txt	final
v1.9.0-beta10_conda	Mucor_mucedo_NRRL_3635	MASK_GENOME:MASKREPEAT_TANTAN_RUN	MASK_GENOME:MASKREPEAT_TANTAN_RUN (Mucor_mucedo_NRRL_3635)	COMPLETED	0	11.0	200.8	0.04870000000000001	rss	0.0061355555555555556									annotate_trace.txt	final
v1.9.0-beta10_conda	Talaromyces_stipitatus_ATCC_10500	MASK_GENOME:MASKREPEAT_TANTAN_RUN	MASK_GENOME:MASKREPEAT_TANTAN_RUN (Talaromyces_stipitatus_ATCC_10500)	COMPLETED	0	8.5	206.6	0.0722	rss	0.004878055555555556									annotate_trace.txt	final
v1.9.0-beta10_conda	Sporobolomyces_salmoneus_JCM6883	MASK_GENOME:MASKREPEAT_TANTAN_RUN	MASK_GENOME:MASKREPEAT_TANTAN_RUN (Sporobolomyces_salmoneus_JCM6883)	COMPLETED	0	5.5	186.5	0.0498	rss	0.002849305555555556									annotate_trace.txt	final
v1.9.0-beta10_conda	Tricharina_praecox_CBS_144465	MASK_GENOME:MASKREPEAT_TANTAN_RUN	MASK_GENOME:MASKREPEAT_TANTAN_RUN (Tricharina_praecox_CBS_144465)	COMPLETED	0	6.6	210.8	0.123	rss	0.003864666666666667									annotate_trace.txt	final
v1.9.0-beta10_conda	Pneumocystis_murina_B123	MASK_GENOME:MASKREPEAT_TANTAN_RUN	MASK_GENOME:MASKREPEAT_TANTAN_RUN (Pneumocystis_murina_B123)	COMPLETED	0	2.7	177.6	0.041100000000000005	rss	0.001332									annotate_trace.txt	final
v1.9.0-beta10_conda	Protomyces_lactucae-debilis_12-1054	MASK_GENOME:MASKREPEAT_TANTAN_RUN	MASK_GENOME:MASKREPEAT_TANTAN_RUN (Protomyces_lactucae-debilis_12-1054)	COMPLETED	0	3.8	196.4	0.050100000000000006	rss	0.002073111111111111									annotate_trace.txt	final
v1.9.0-beta10_conda	Eremothecium_gossypii_ATCC_10895	MASK_GENOME:MASKREPEAT_TANTAN_RUN	MASK_GENOME:MASKREPEAT_TANTAN_RUN (Eremothecium_gossypii_ATCC_10895)	COMPLETED	0	2.9	172.1	0.054200000000000005	rss	0.001386361111111111									annotate_trace.txt	final
v1.9.0-beta10_conda	Pseudogymnoascus_destructans_20631-21	MASK_GENOME:MASKREPEAT_TANTAN_RUN	MASK_GENOME:MASKREPEAT_TANTAN_RUN (Pseudogymnoascus_destructans_20631-21)	COMPLETED	0	7.7	179.2	0.0475	rss	0.0038328888888888887									annotate_trace.txt	final
v1.9.0-beta10_conda	Batrachochytrium_dendrobatidis_JAM81	MASK_GENOME:MASKREPEAT_TANTAN_RUN	MASK_GENOME:MASKREPEAT_TANTAN_RUN (Batrachochytrium_dendrobatidis_JAM81)	COMPLETED	0	4.3	205.0	0.0611	rss	0.0024486111111111106									annotate_trace.txt	final
v1.9.0-beta10_conda	Colletotrichum_graminicola_M1.001	MASK_GENOME:MASKREPEAT_TANTAN_RUN	MASK_GENOME:MASKREPEAT_TANTAN_RUN (Colletotrichum_graminicola_M1.001)	COMPLETED	0	8.8	202.0	0.062	rss	0.004937777777777779									annotate_trace.txt	final
v1.9.0-beta10_conda	Cokeromyces_recurvatus_NRRL_2243	MASK_GENOME:MASKREPEAT_TANTAN_RUN	MASK_GENOME:MASKREPEAT_TANTAN_RUN (Cokeromyces_recurvatus_NRRL_2243)	COMPLETED	0	7.5	192.1	0.0548	rss	0.004002083333333333									annotate_trace.txt	final
v1.9.0-beta10_conda	Trichosporon_asahii_CBS_2479	MASK_GENOME:MASKREPEAT_TANTAN_RUN	MASK_GENOME:MASKREPEAT_TANTAN_RUN (Trichosporon_asahii_CBS_2479)	COMPLETED	0	6.9	192.6	0.0565	rss	0.0036915									annotate_trace.txt	final
v1.9.0-beta10_conda	Dactylellina_haptotyla_CBS_200.50	MASK_GENOME:MASKREPEAT_TANTAN_RUN	MASK_GENOME:MASKREPEAT_TANTAN_RUN (Dactylellina_haptotyla_CBS_200.50)	COMPLETED	0	9.7	194.9	0.0518	rss	0.005251472222222222									annotate_trace.txt	final
v1.9.0-beta10_conda	Lachancea_thermotolerans_CBS_6340	MASK_GENOME:MASKREPEAT_TANTAN_RUN	MASK_GENOME:MASKREPEAT_TANTAN_RUN (Lachancea_thermotolerans_CBS_6340)	COMPLETED	0	3.6	163.2	0.058100000000000006	rss	0.001632									annotate_trace.txt	final
v1.9.0-beta10_conda	Synchytrium_microbalum_JEL517	MASK_GENOME:MASKREPEAT_TANTAN_RUN	MASK_GENOME:MASKREPEAT_TANTAN_RUN (Synchytrium_microbalum_JEL517)	COMPLETED	0	4.6	211.5	0.0534	rss	0.0027025									annotate_trace.txt	final
v1.9.0-beta10_conda	Uncinocarpus_reesii_1704	MASK_GENOME:MASKREPEAT_TANTAN_RUN	MASK_GENOME:MASKREPEAT_TANTAN_RUN (Uncinocarpus_reesii_1704)	COMPLETED	0	4.3	195.7	0.07490000000000001	rss	0.0023375277777777773									annotate_trace.txt	final
v1.9.0-beta10_conda	Pyricularia_oryzae_70-15	MASK_GENOME:MASKREPEAT_TANTAN_RUN	MASK_GENOME:MASKREPEAT_TANTAN_RUN (Pyricularia_oryzae_70-15)	COMPLETED	0	21.2	64.4	0.0718	rss	0.0037924444444444446									annotate_trace.txt	final
v1.9.0-beta10_conda	Orbilia_oligospora_ATCC_24927	MASK_GENOME:MASKREPEAT_TANTAN_RUN	MASK_GENOME:MASKREPEAT_TANTAN_RUN (Orbilia_oligospora_ATCC_24927)	COMPLETED	0	20.0	65.9	0.045700000000000005	rss	0.0036611111111111115									annotate_trace.txt	final
v1.9.0-beta10_conda	Leptographium_clavigerum_kw1407	MASK_GENOME:MASKREPEAT_TANTAN_RUN	MASK_GENOME:MASKREPEAT_TANTAN_RUN (Leptographium_clavigerum_kw1407)	COMPLETED	0	21.2	47.2	0.045	rss	0.0027795555555555555									annotate_trace.txt	final
v1.9.0-beta10_conda	Talaromyces_marneffei_ATCC_18224	MASK_GENOME:MASKREPEAT_TANTAN_RUN	MASK_GENOME:MASKREPEAT_TANTAN_RUN (Talaromyces_marneffei_ATCC_18224)	COMPLETED	0	18.1	52.8	0.040299999999999996	rss	0.002654666666666667									annotate_trace.txt	final
v1.9.0-beta10_conda	Parastagonospora_nodorum_SN15	MASK_GENOME:MASKREPEAT_TANTAN_RUN	MASK_GENOME:MASKREPEAT_TANTAN_RUN (Parastagonospora_nodorum_SN15)	COMPLETED	0	19.5	62.1	0.041299999999999996	rss	0.00336375									annotate_trace.txt	final
v1.9.0-beta10_conda	Pyrenophora_tritici-repentis_Pt-1C-BFP	MASK_GENOME:MASKREPEAT_TANTAN_RUN	MASK_GENOME:MASKREPEAT_TANTAN_RUN (Pyrenophora_tritici-repentis_Pt-1C-BFP)	COMPLETED	0	19.8	62.1	0.044	rss	0.0034155									annotate_trace.txt	final
v1.9.0-beta10_conda	Kluyveromyces_lactis_NRRL_Y-1140	MASK_GENOME:MASKREPEAT_TANTAN_RUN	MASK_GENOME:MASKREPEAT_TANTAN_RUN (Kluyveromyces_lactis_NRRL_Y-1140)	COMPLETED	0	16.0	27.6	0.0409	rss	0.0012266666666666667									annotate_trace.txt	final
v1.9.0-beta10_conda	Chaetomium_globosum_CBS_148.51	MASK_GENOME:MASKREPEAT_TANTAN_RUN	MASK_GENOME:MASKREPEAT_TANTAN_RUN (Chaetomium_globosum_CBS_148.51)	COMPLETED	0	14.0	127.3	0.0738	rss	0.004950555555555555									annotate_trace.txt	final
v1.9.0-beta10_conda	Lipomyces_tetrasporus_NRRL_Y-64009	MASK_GENOME:MASKREPEAT_TANTAN_RUN	MASK_GENOME:MASKREPEAT_TANTAN_RUN (Lipomyces_tetrasporus_NRRL_Y-64009)	COMPLETED	0	10.7	103.7	0.0415	rss	0.003082194444444444									annotate_trace.txt	final
v1.9.0-beta10_conda	Gaeumannomyces_tritici_R3-111a-1	MASK_GENOME:MASKREPEAT_TANTAN_RUN	MASK_GENOME:MASKREPEAT_TANTAN_RUN (Gaeumannomyces_tritici_R3-111a-1)	COMPLETED	0	16.9	122.5	0.0863	rss	0.005750694444444444									annotate_trace.txt	final
v1.9.0-beta10_conda	Umbelopsis_ramanniana_AG	MASK_GENOME:MASKREPEAT_TANTAN_RUN	MASK_GENOME:MASKREPEAT_TANTAN_RUN (Umbelopsis_ramanniana_AG)	COMPLETED	0	5.8	198.9	0.049600000000000005	rss	0.0032045000000000003									annotate_trace.txt	final
v1.9.0-beta10_conda	Drepanopeziza_brunnea_MB_m1	MASK_GENOME:MASKREPEAT_TANTAN_RUN	MASK_GENOME:MASKREPEAT_TANTAN_RUN (Drepanopeziza_brunnea_MB_m1)	COMPLETED	0	8.9	200.9	0.06520000000000001	rss	0.004966694444444445									annotate_trace.txt	final
v1.9.0-beta10_conda	Sugiyamaella_lignohabitans_CBS_10342	MASK_GENOME:MASKREPEAT_TANTAN_RUN	MASK_GENOME:MASKREPEAT_TANTAN_RUN (Sugiyamaella_lignohabitans_CBS_10342)	COMPLETED	0	3.1	203.8	0.07840000000000001	rss	0.0017549444444444446									annotate_trace.txt	final
v1.9.0-beta10_conda	Fusarium_verticillioides_7600	MASK_GENOME:MASKREPEAT_TANTAN_RUN	MASK_GENOME:MASKREPEAT_TANTAN_RUN (Fusarium_verticillioides_7600)	COMPLETED	0	12.8	156.0	0.0727	rss	0.005546666666666667									annotate_trace.txt	final
v1.9.0-beta10_conda	Saccharomyces_cerevisiae_S288C	MASK_GENOME:MASKREPEAT_TANTAN_RUN	MASK_GENOME:MASKREPEAT_TANTAN_RUN (Saccharomyces_cerevisiae_S288C)	COMPLETED	0	3.2	210.3	0.051000000000000004	rss	0.0018693333333333335									annotate_trace.txt	final
v1.9.0-beta10_conda	Fusarium_oxysporum_4287	MASK_GENOME:MASKREPEAT_TANTAN_RUN	MASK_GENOME:MASKREPEAT_TANTAN_RUN (Fusarium_oxysporum_4287)	COMPLETED	0	14.7	205.4	0.08470000000000001	rss	0.008387166666666668									annotate_trace.txt	final
v1.9.0-beta10_conda	Letharia_columbiana_WasteWater2	MASK_GENOME:MASKREPEAT_TANTAN_RUN	MASK_GENOME:MASKREPEAT_TANTAN_RUN (Letharia_columbiana_WasteWater2)	COMPLETED	0	18.0	136.1	0.0613	rss	0.006805									annotate_trace.txt	final
v1.9.0-beta10_conda	Laccaria_bicolor_S238N-H82	MASK_GENOME:MASKREPEAT_TANTAN_RUN	MASK_GENOME:MASKREPEAT_TANTAN_RUN (Laccaria_bicolor_S238N-H82)	COMPLETED	0	15.4	188.6	0.0689	rss	0.008067888888888888									annotate_trace.txt	final
v1.9.0-beta10_conda	Wallemia_mellicola_CBS_633.66	MASK_GENOME:MASKREPEAT_TANTAN_RUN	MASK_GENOME:MASKREPEAT_TANTAN_RUN (Wallemia_mellicola_CBS_633.66)	COMPLETED	0	2.9	191.2	0.0492	rss	0.0015402222222222221									annotate_trace.txt	final
v1.9.0-beta10_conda	Blastomyces_dermatitidis_ER-3	MASK_GENOME:MASKREPEAT_TANTAN_RUN	MASK_GENOME:MASKREPEAT_TANTAN_RUN (Blastomyces_dermatitidis_ER-3)	COMPLETED	0	15.4	195.2	0.0999	rss	0.008350222222222222									annotate_trace.txt	final
v1.9.0-beta10_conda	Zymoseptoria_tritici_IPO323	MASK_GENOME:MASKREPEAT_TANTAN_RUN	MASK_GENOME:MASKREPEAT_TANTAN_RUN (Zymoseptoria_tritici_IPO323)	COMPLETED	0	15.2	131.4	0.0628	rss	0.005548									annotate_trace.txt	final
v1.9.0-beta10_conda	Sporobolomyces_salmoneus_+9_more	FETCH_RNASEQ:SRA_QUERY_BATCH	FETCH_RNASEQ:SRA_QUERY_BATCH (Sporobolomyces_salmoneus_+9_more)	COMPLETED	0	0.354	46.6	0.0033	rss	4.582333333333333e-05									annotate_trace.txt	final
v1.9.0-beta10_conda	Letharia_columbiana_+4_more	FETCH_RNASEQ:SRA_QUERY_BATCH	FETCH_RNASEQ:SRA_QUERY_BATCH (Letharia_columbiana_+4_more)	COMPLETED	0	0.23900000000000002	36.1	0.0033	rss	2.396638888888889e-05									annotate_trace.txt	final
v1.9.0-beta10_conda	Pyrenophora_teres_+9_more	FETCH_RNASEQ:SRA_QUERY_BATCH	FETCH_RNASEQ:SRA_QUERY_BATCH (Pyrenophora_teres_+9_more)	COMPLETED	0	0.673	41.5	0.0033	rss	7.758194444444445e-05									annotate_trace.txt	final
v1.9.0-beta10_conda	Tremella_mesenterica_+9_more	FETCH_RNASEQ:SRA_QUERY_BATCH	FETCH_RNASEQ:SRA_QUERY_BATCH (Tremella_mesenterica_+9_more)	COMPLETED	0	0.578	28.0	0.0033	rss	4.495555555555556e-05									annotate_trace.txt	final
v1.9.0-beta10_conda	Phycomyces_blakesleeanus_+9_more	FETCH_RNASEQ:SRA_QUERY_BATCH	FETCH_RNASEQ:SRA_QUERY_BATCH (Phycomyces_blakesleeanus_+9_more)	COMPLETED	0	2.1	38.6	0.0033	rss	0.0002251666666666667									annotate_trace.txt	final
v1.9.0-beta10_conda	Dactylellina_haptotyla_+9_more	FETCH_RNASEQ:SRA_QUERY_BATCH	FETCH_RNASEQ:SRA_QUERY_BATCH (Dactylellina_haptotyla_+9_more)	COMPLETED	0	0.399	35.7	0.0033	rss	3.9567500000000004e-05									annotate_trace.txt	final
v1.9.0-beta10_conda	Kluyveromyces_lactis_+9_more	FETCH_RNASEQ:SRA_QUERY_BATCH	FETCH_RNASEQ:SRA_QUERY_BATCH (Kluyveromyces_lactis_+9_more)	COMPLETED	0	0.324	40.9	0.0033	rss	3.681e-05									annotate_trace.txt	final
v1.9.0-beta10_conda	-	FETCH_RNASEQ:COLLECT_SRA_QUERY	FETCH_RNASEQ:COLLECT_SRA_QUERY	COMPLETED	0	2.6	55.7	0.0033	rss	0.0004022777777777779									annotate_trace.txt	final
v1.9.0-beta10_conda	Malassezia_globosa	FETCH_RNASEQ:SRA_FETCH	FETCH_RNASEQ:SRA_FETCH (Malassezia_globosa)	FAILED	1	240.0													annotate_trace.txt	unresolved
v1.9.0-beta10_conda	Malassezia_globosa	FETCH_RNASEQ:SRA_FETCH	FETCH_RNASEQ:SRA_FETCH (Malassezia_globosa)	FAILED	1	300.0													annotate_trace.txt	unresolved
v1.9.0-beta10_conda_rust	-	SETUP_DBS:SETUP_MARIADB_DATADIR	SETUP_DBS:SETUP_MARIADB_DATADIR	COMPLETED	0	3.9	31.9	0.1341	rss	0.0003455833333333333									annotate_trace.20260905_210728.txt	final
v1.9.0-beta10_conda_rust	Rhodotorula_graminis_+9_more	FETCH_RNASEQ:SRA_QUERY_BATCH	FETCH_RNASEQ:SRA_QUERY_BATCH (Rhodotorula_graminis_+9_more)	COMPLETED	0	2.3	3.1	0.0032	rss	1.9805555555555553e-05									annotate_trace.20260905_210728.txt	final
v1.9.0-beta10_conda_rust	Nakaseomyces_glabratus_+9_more	FETCH_RNASEQ:SRA_QUERY_BATCH	FETCH_RNASEQ:SRA_QUERY_BATCH (Nakaseomyces_glabratus_+9_more)	COMPLETED	0	8.2	1.6	0.0032	rss	3.644444444444444e-05									annotate_trace.20260905_210728.txt	overhead
v1.9.0-beta10_conda_rust	Malassezia_sympodialis_+9_more	FETCH_RNASEQ:SRA_QUERY_BATCH	FETCH_RNASEQ:SRA_QUERY_BATCH (Malassezia_sympodialis_+9_more)	COMPLETED	0	0.432	27.6	0.0032	rss	3.312e-05									annotate_trace.20260905_210728.txt	final
v1.9.0-beta10_conda_rust	Allomyces_macrogynus_+9_more	FETCH_RNASEQ:SRA_QUERY_BATCH	FETCH_RNASEQ:SRA_QUERY_BATCH (Allomyces_macrogynus_+9_more)	COMPLETED	0	6.5	1.6	0.0033	rss	2.8888888888888888e-05									annotate_trace.20260905_210728.txt	final
v1.9.0-beta10_conda_rust	Talaromyces_stipitatus_+9_more	FETCH_RNASEQ:SRA_QUERY_BATCH	FETCH_RNASEQ:SRA_QUERY_BATCH (Talaromyces_stipitatus_+9_more)	COMPLETED	0	8.5	1.3	0.0032	rss	3.0694444444444444e-05									annotate_trace.20260905_210728.txt	final
v1.9.0-beta10_conda_rust	Letharia_columbiana_+4_more	FETCH_RNASEQ:SRA_QUERY_BATCH	FETCH_RNASEQ:SRA_QUERY_BATCH (Letharia_columbiana_+4_more)	COMPLETED	0	3.6	1.5			1.5e-05									annotate_trace.20260905_210728.txt	final
v1.9.0-beta10_conda_rust	Lachancea_thermotolerans_+9_more	FETCH_RNASEQ:SRA_QUERY_BATCH	FETCH_RNASEQ:SRA_QUERY_BATCH (Lachancea_thermotolerans_+9_more)	COMPLETED	0	4.0	2.6	0.0031000000000000003	rss	2.888888888888889e-05									annotate_trace.20260905_210728.txt	final
v1.9.0-beta10_conda_rust	-	FETCH_RNASEQ:COLLECT_SRA_QUERY	FETCH_RNASEQ:COLLECT_SRA_QUERY	COMPLETED	0	2.0	21.5	0.0031000000000000003	rss	0.00011944444444444444									annotate_trace.20260905_210728.txt	overhead
v1.9.0-beta10_conda_rust	Malassezia_globosa	FETCH_RNASEQ:SRA_FETCH	FETCH_RNASEQ:SRA_FETCH (Malassezia_globosa)	FAILED	1	180.0													annotate_trace.20260905_210728.txt	unresolved
v1.9.0-beta10_conda_rust	-	SETUP_DBS:SETUP_AUGUSTUS_CONFIG	SETUP_DBS:SETUP_AUGUSTUS_CONFIG	COMPLETED	0	20.1	4.4	0.0096	rss	0.0002456666666666667									annotate_trace.txt	final
v1.9.0-beta10_conda_rust	Phycomyces_blakesleeanus_NRRL_1555_-	MASK_GENOME:MASKREPEAT_TANTAN_RUN	MASK_GENOME:MASKREPEAT_TANTAN_RUN (Phycomyces_blakesleeanus_NRRL_1555_-)	COMPLETED	0	20.9	115.5	0.08470000000000001	rss	0.006705416666666666									annotate_trace.txt	final
v1.9.0-beta10_conda_rust	Rhodotorula_toruloides_NP11	MASK_GENOME:MASKREPEAT_TANTAN_RUN	MASK_GENOME:MASKREPEAT_TANTAN_RUN (Rhodotorula_toruloides_NP11)	COMPLETED	0	12.0	87.7	0.062	rss	0.0029233333333333333									annotate_trace.txt	final
v1.9.0-beta10_conda_rust	Rhizopus_microsporus_ATCC_52813	MASK_GENOME:MASKREPEAT_TANTAN_RUN	MASK_GENOME:MASKREPEAT_TANTAN_RUN (Rhizopus_microsporus_ATCC_52813)	COMPLETED	0	13.4	97.2	0.06670000000000001	rss	0.003618									annotate_trace.txt	final
v1.9.0-beta10_conda_rust	Cryptococcus_neoformans_H99	MASK_GENOME:MASKREPEAT_TANTAN_RUN	MASK_GENOME:MASKREPEAT_TANTAN_RUN (Cryptococcus_neoformans_H99)	COMPLETED	0	11.4	80.6	0.06540000000000001	rss	0.002552333333333333									annotate_trace.txt	final
v1.9.0-beta10_conda_rust	Cryptococcus_deneoformans_JEC21	MASK_GENOME:MASKREPEAT_TANTAN_RUN	MASK_GENOME:MASKREPEAT_TANTAN_RUN (Cryptococcus_deneoformans_JEC21)	COMPLETED	0	7.4	125.9	0.0664	rss	0.002587944444444445									annotate_trace.txt	final
v1.9.0-beta10_conda_rust	Pyricularia_oryzae_70-15	MASK_GENOME:MASKREPEAT_TANTAN_RUN	MASK_GENOME:MASKREPEAT_TANTAN_RUN (Pyricularia_oryzae_70-15)	COMPLETED	0	12.2	154.1	0.1221	rss	0.005222277777777777									annotate_trace.txt	final
v1.9.0-beta10_conda_rust	Parastagonospora_nodorum_SN15	MASK_GENOME:MASKREPEAT_TANTAN_RUN	MASK_GENOME:MASKREPEAT_TANTAN_RUN (Parastagonospora_nodorum_SN15)	COMPLETED	0	8.6	201.7	0.0638	rss	0.0048183888888888885									annotate_trace.txt	final
v1.9.0-beta10_conda_rust	Tilletiaria_anomala_UBC_951	MASK_GENOME:MASKREPEAT_TANTAN_RUN	MASK_GENOME:MASKREPEAT_TANTAN_RUN (Tilletiaria_anomala_UBC_951)	COMPLETED	0	5.6	171.9	0.0586	rss	0.002674									annotate_trace.txt	final
v1.9.0-beta10_conda_rust	Pyrenophora_tritici-repentis_Pt-1C-BFP	MASK_GENOME:MASKREPEAT_TANTAN_RUN	MASK_GENOME:MASKREPEAT_TANTAN_RUN (Pyrenophora_tritici-repentis_Pt-1C-BFP)	COMPLETED	0	10.3	180.6	0.0908	rss	0.005167166666666667									annotate_trace.txt	final
v1.9.0-beta10_conda_rust	Yarrowia_lipolytica_CLIB122	MASK_GENOME:MASKREPEAT_TANTAN_RUN	MASK_GENOME:MASKREPEAT_TANTAN_RUN (Yarrowia_lipolytica_CLIB122)	COMPLETED	0	6.2	157.4	0.0734	rss	0.0027107777777777777									annotate_trace.txt	final
v1.9.0-beta10_conda_rust	Nakaseomyces_glabratus_CBS_138	MASK_GENOME:MASKREPEAT_TANTAN_RUN	MASK_GENOME:MASKREPEAT_TANTAN_RUN (Nakaseomyces_glabratus_CBS_138)	COMPLETED	0	4.3	141.6	0.062200000000000005	rss	0.001691333333333333									annotate_trace.txt	final
v1.9.0-beta10_conda_rust	Rhizopus_delemar_RA_99-880	MASK_GENOME:MASKREPEAT_TANTAN_RUN	MASK_GENOME:MASKREPEAT_TANTAN_RUN (Rhizopus_delemar_RA_99-880)	COMPLETED	0	20.9	107.5	0.0518	rss	0.0062409722222222215									annotate_trace.txt	final
v1.9.0-beta10_conda_rust	Spizellomyces_punctatus_DAOM_BR117	MASK_GENOME:MASKREPEAT_TANTAN_RUN	MASK_GENOME:MASKREPEAT_TANTAN_RUN (Spizellomyces_punctatus_DAOM_BR117)	COMPLETED	0	15.5	78.7	0.0494	rss	0.0033884722222222224									annotate_trace.txt	final
v1.9.0-beta10_conda_rust	Morchella_importuna_M04M26	MASK_GENOME:MASKREPEAT_TANTAN_RUN	MASK_GENOME:MASKREPEAT_TANTAN_RUN (Morchella_importuna_M04M26)	COMPLETED	0	12.4	186.0	0.0731	rss	0.006406666666666667									annotate_trace.txt	final
v1.9.0-beta10_conda_rust	Allomyces_macrogynus_ATCC_38327	MASK_GENOME:MASKREPEAT_TANTAN_RUN	MASK_GENOME:MASKREPEAT_TANTAN_RUN (Allomyces_macrogynus_ATCC_38327)	COMPLETED	0	22.8	108.8	0.0506	rss	0.006890666666666667									annotate_trace.txt	final
v1.9.0-beta10_conda_rust	Schizophyllum_commune_H4-8	MASK_GENOME:MASKREPEAT_TANTAN_RUN	MASK_GENOME:MASKREPEAT_TANTAN_RUN (Schizophyllum_commune_H4-8)	COMPLETED	0	8.9	202.6	0.0768	rss	0.005008722222222223									annotate_trace.txt	final
v1.9.0-beta10_conda_rust	Pyrenophora_teres_0-1	MASK_GENOME:MASKREPEAT_TANTAN_RUN	MASK_GENOME:MASKREPEAT_TANTAN_RUN (Pyrenophora_teres_0-1)	COMPLETED	0	12.1	91.0	0.1092	rss	0.0030586111111111113									annotate_trace.txt	final
v1.9.0-beta10_conda_rust	Cystobasidium_minutum_MCA_4210	MASK_GENOME:MASKREPEAT_TANTAN_RUN	MASK_GENOME:MASKREPEAT_TANTAN_RUN (Cystobasidium_minutum_MCA_4210)	COMPLETED	0	5.6	182.6	0.0732	rss	0.002840444444444444									annotate_trace.txt	final
v1.9.0-beta10_conda_rust	Tilletiopsis_washingtonensis_MCA_4186	MASK_GENOME:MASKREPEAT_TANTAN_RUN	MASK_GENOME:MASKREPEAT_TANTAN_RUN (Tilletiopsis_washingtonensis_MCA_4186)	COMPLETED	0	5.0	177.4	0.0624	rss	0.002463888888888889									annotate_trace.txt	final
v1.9.0-beta10_conda_rust	Botrytis_cinerea_B05.10	MASK_GENOME:MASKREPEAT_TANTAN_RUN	MASK_GENOME:MASKREPEAT_TANTAN_RUN (Botrytis_cinerea_B05.10)	COMPLETED	0	14.0	104.2	0.0723	rss	0.004052222222222223									annotate_trace.txt	final
v1.9.0-beta10_conda_rust	Aspergillus_clavatus_NRRL_1	MASK_GENOME:MASKREPEAT_TANTAN_RUN	MASK_GENOME:MASKREPEAT_TANTAN_RUN (Aspergillus_clavatus_NRRL_1)	COMPLETED	0	11.3	125.4	0.07100000000000001	rss	0.003936166666666667									annotate_trace.txt	final
v1.9.0-beta10_conda_rust	Zygosaccharomyces_rouxii_CBS_732	MASK_GENOME:MASKREPEAT_TANTAN_RUN	MASK_GENOME:MASKREPEAT_TANTAN_RUN (Zygosaccharomyces_rouxii_CBS_732)	COMPLETED	0	2.7	177.9	0.06520000000000001	rss	0.0013342500000000001									annotate_trace.txt	final
v1.9.0-beta10_conda_rust	Aspergillus_fumigatus_Af293	MASK_GENOME:MASKREPEAT_TANTAN_RUN	MASK_GENOME:MASKREPEAT_TANTAN_RUN (Aspergillus_fumigatus_Af293)	COMPLETED	0	6.9	201.1	0.07940000000000001	rss	0.003854416666666667									annotate_trace.txt	final
v1.9.0-beta10_conda_rust	Tremella_mesenterica_Fries	MASK_GENOME:MASKREPEAT_TANTAN_RUN	MASK_GENOME:MASKREPEAT_TANTAN_RUN (Tremella_mesenterica_Fries)	COMPLETED	0	6.8	186.3	0.0742	rss	0.003519									annotate_trace.txt	final
v1.9.0-beta10_conda_rust	Mixia_osmundae_IAM_14324	MASK_GENOME:MASKREPEAT_TANTAN_RUN	MASK_GENOME:MASKREPEAT_TANTAN_RUN (Mixia_osmundae_IAM_14324)	COMPLETED	0	9.0	73.4	0.062200000000000005	rss	0.0018350000000000003									annotate_trace.txt	final
v1.9.0-beta10_conda_rust	Morchella_sextelata_SCLS	MASK_GENOME:MASKREPEAT_TANTAN_RUN	MASK_GENOME:MASKREPEAT_TANTAN_RUN (Morchella_sextelata_SCLS)	COMPLETED	0	31.5	136.7	0.0742	rss	0.011961250000000001									annotate_trace.txt	final
v1.9.0-beta10_conda_rust	Malassezia_sympodialis_ATCC_42132	MASK_GENOME:MASKREPEAT_TANTAN_RUN	MASK_GENOME:MASKREPEAT_TANTAN_RUN (Malassezia_sympodialis_ATCC_42132)	COMPLETED	0	7.7	51.5	0.051000000000000004	rss	0.0011015277777777779									annotate_trace.txt	final
v1.9.0-beta10_conda_rust	Chaetomium_globosum_CBS_148.51	MASK_GENOME:MASKREPEAT_TANTAN_RUN	MASK_GENOME:MASKREPEAT_TANTAN_RUN (Chaetomium_globosum_CBS_148.51)	COMPLETED	0	8.9	190.9	0.0888	rss	0.004719472222222223									annotate_trace.txt	final
v1.9.0-beta10_conda_rust	Gaeumannomyces_tritici_R3-111a-1	MASK_GENOME:MASKREPEAT_TANTAN_RUN	MASK_GENOME:MASKREPEAT_TANTAN_RUN (Gaeumannomyces_tritici_R3-111a-1)	COMPLETED	0	10.2	194.5	0.09570000000000001	rss	0.005510833333333333									annotate_trace.txt	final
v1.9.0-beta10_conda_rust	Pneumocystis_murina_B123	MASK_GENOME:MASKREPEAT_TANTAN_RUN	MASK_GENOME:MASKREPEAT_TANTAN_RUN (Pneumocystis_murina_B123)	COMPLETED	0	2.3	165.3	0.0583	rss	0.0010560833333333331									annotate_trace.txt	final
v1.9.0-beta10_conda_rust	Mucor_mucedo_NRRL_3635	MASK_GENOME:MASKREPEAT_TANTAN_RUN	MASK_GENOME:MASKREPEAT_TANTAN_RUN (Mucor_mucedo_NRRL_3635)	COMPLETED	0	11.6	196.4	0.057600000000000005	rss	0.006328444444444445									annotate_trace.txt	final
v1.9.0-beta10_conda_rust	Sclerotinia_sclerotiorum_1980	MASK_GENOME:MASKREPEAT_TANTAN_RUN	MASK_GENOME:MASKREPEAT_TANTAN_RUN (Sclerotinia_sclerotiorum_1980)	COMPLETED	0	9.6	190.5	0.0703	rss	0.00508									annotate_trace.txt	final
v1.9.0-beta10_conda_rust	Tricharina_praecox_CBS_144465	MASK_GENOME:MASKREPEAT_TANTAN_RUN	MASK_GENOME:MASKREPEAT_TANTAN_RUN (Tricharina_praecox_CBS_144465)	COMPLETED	0	10.3	186.7	0.0692	rss	0.005341694444444445									annotate_trace.txt	final
v1.9.0-beta10_conda_rust	Sporobolomyces_koalae_JCM15063	MASK_GENOME:MASKREPEAT_TANTAN_RUN	MASK_GENOME:MASKREPEAT_TANTAN_RUN (Sporobolomyces_koalae_JCM15063)	COMPLETED	0	7.0	131.1	0.0583	rss	0.0025491666666666666									annotate_trace.txt	final
v1.9.0-beta10_conda_rust	Protomyces_lactucae-debilis_12-1054	MASK_GENOME:MASKREPEAT_TANTAN_RUN	MASK_GENOME:MASKREPEAT_TANTAN_RUN (Protomyces_lactucae-debilis_12-1054)	COMPLETED	0	3.2	193.9	0.0598	rss	0.0017235555555555556									annotate_trace.txt	final
v1.9.0-beta10_conda_rust	Talaromyces_stipitatus_ATCC_10500	MASK_GENOME:MASKREPEAT_TANTAN_RUN	MASK_GENOME:MASKREPEAT_TANTAN_RUN (Talaromyces_stipitatus_ATCC_10500)	COMPLETED	0	9.3	173.1	0.08259999999999999	rss	0.00447175									annotate_trace.txt	final
v1.9.0-beta10_conda_rust	Eremothecium_gossypii_ATCC_10895	MASK_GENOME:MASKREPEAT_TANTAN_RUN	MASK_GENOME:MASKREPEAT_TANTAN_RUN (Eremothecium_gossypii_ATCC_10895)	COMPLETED	0	2.5	176.1	0.0633	rss	0.0012229166666666666									annotate_trace.txt	final
v1.9.0-beta10_conda_rust	Pseudogymnoascus_destructans_20631-21	MASK_GENOME:MASKREPEAT_TANTAN_RUN	MASK_GENOME:MASKREPEAT_TANTAN_RUN (Pseudogymnoascus_destructans_20631-21)	COMPLETED	0	5.2	188.4	0.0605	rss	0.002721333333333334									annotate_trace.txt	final
v1.9.0-beta10_conda_rust	Sporobolomyces_salmoneus_JCM6883	MASK_GENOME:MASKREPEAT_TANTAN_RUN	MASK_GENOME:MASKREPEAT_TANTAN_RUN (Sporobolomyces_salmoneus_JCM6883)	COMPLETED	0	8.5	114.5	0.0511	rss	0.002703472222222222									annotate_trace.txt	final
v1.9.0-beta10_conda_rust	Colletotrichum_graminicola_M1.001	MASK_GENOME:MASKREPEAT_TANTAN_RUN	MASK_GENOME:MASKREPEAT_TANTAN_RUN (Colletotrichum_graminicola_M1.001)	COMPLETED	0	11.7	201.7	0.0624	rss	0.0065552499999999994									annotate_trace.txt	final
v1.9.0-beta10_conda_rust	Batrachochytrium_dendrobatidis_JAM81	MASK_GENOME:MASKREPEAT_TANTAN_RUN	MASK_GENOME:MASKREPEAT_TANTAN_RUN (Batrachochytrium_dendrobatidis_JAM81)	COMPLETED	0	6.9	176.9	0.0723	rss	0.003390583333333334									annotate_trace.txt	final
v1.9.0-beta10_conda_rust	Cokeromyces_recurvatus_NRRL_2243	MASK_GENOME:MASKREPEAT_TANTAN_RUN	MASK_GENOME:MASKREPEAT_TANTAN_RUN (Cokeromyces_recurvatus_NRRL_2243)	COMPLETED	0	7.7	168.8	0.0631	rss	0.0036104444444444448									annotate_trace.txt	final
v1.9.0-beta10_conda_rust	Dactylellina_haptotyla_CBS_200.50	MASK_GENOME:MASKREPEAT_TANTAN_RUN	MASK_GENOME:MASKREPEAT_TANTAN_RUN (Dactylellina_haptotyla_CBS_200.50)	COMPLETED	0	10.1	184.7	0.0579	rss	0.005181861111111111									annotate_trace.txt	final
v1.9.0-beta10_conda_rust	Uncinocarpus_reesii_1704	MASK_GENOME:MASKREPEAT_TANTAN_RUN	MASK_GENOME:MASKREPEAT_TANTAN_RUN (Uncinocarpus_reesii_1704)	COMPLETED	0	5.6	188.8	0.09570000000000001	rss	0.002936888888888889									annotate_trace.txt	final
v1.9.0-beta10_conda_rust	Umbelopsis_ramanniana_AG	MASK_GENOME:MASKREPEAT_TANTAN_RUN	MASK_GENOME:MASKREPEAT_TANTAN_RUN (Umbelopsis_ramanniana_AG)	COMPLETED	0	5.9	181.7	0.0613	rss	0.0029778611111111112									annotate_trace.txt	final
v1.9.0-beta10_conda_rust	Lachancea_thermotolerans_CBS_6340	MASK_GENOME:MASKREPEAT_TANTAN_RUN	MASK_GENOME:MASKREPEAT_TANTAN_RUN (Lachancea_thermotolerans_CBS_6340)	COMPLETED	0	2.8	182.8	0.0653	rss	0.0014217777777777777									annotate_trace.txt	final
v1.9.0-beta10_conda_rust	Sugiyamaella_lignohabitans_CBS_10342	MASK_GENOME:MASKREPEAT_TANTAN_RUN	MASK_GENOME:MASKREPEAT_TANTAN_RUN (Sugiyamaella_lignohabitans_CBS_10342)	COMPLETED	0	3.1	185.0	0.0726	rss	0.0015930555555555557									annotate_trace.txt	final
v1.9.0-beta10_conda_rust	Talaromyces_marneffei_ATCC_18224	MASK_GENOME:MASKREPEAT_TANTAN_RUN	MASK_GENOME:MASKREPEAT_TANTAN_RUN (Talaromyces_marneffei_ATCC_18224)	COMPLETED	0	21.1	43.2	0.0694	rss	0.0025320000000000004									annotate_trace.txt	final
v1.9.0-beta10_conda_rust	Malassezia_globosa_CBS_7966	MASK_GENOME:MASKREPEAT_TANTAN_RUN	MASK_GENOME:MASKREPEAT_TANTAN_RUN (Malassezia_globosa_CBS_7966)	COMPLETED	0	16.0	19.5	0.0506	rss	0.0008666666666666667									annotate_trace.txt	final
v1.9.0-beta10_conda_rust	Rhodotorula_graminis_WP1	MASK_GENOME:MASKREPEAT_TANTAN_RUN	MASK_GENOME:MASKREPEAT_TANTAN_RUN (Rhodotorula_graminis_WP1)	COMPLETED	0	17.1	36.7	0.0523	rss	0.0017432500000000004									annotate_trace.txt	final
v1.9.0-beta10_conda_rust	Kluyveromyces_lactis_NRRL_Y-1140	MASK_GENOME:MASKREPEAT_TANTAN_RUN	MASK_GENOME:MASKREPEAT_TANTAN_RUN (Kluyveromyces_lactis_NRRL_Y-1140)	COMPLETED	0	15.2	24.1	0.0521	rss	0.0010175555555555556									annotate_trace.txt	final
v1.9.0-beta10_conda_rust	Leptographium_clavigerum_kw1407	MASK_GENOME:MASKREPEAT_TANTAN_RUN	MASK_GENOME:MASKREPEAT_TANTAN_RUN (Leptographium_clavigerum_kw1407)	COMPLETED	0	19.4	47.3	0.0497	rss	0.002548944444444444									annotate_trace.txt	final
v1.9.0-beta10_conda_rust	Orbilia_oligospora_ATCC_24927	MASK_GENOME:MASKREPEAT_TANTAN_RUN	MASK_GENOME:MASKREPEAT_TANTAN_RUN (Orbilia_oligospora_ATCC_24927)	COMPLETED	0	20.0	63.3	0.0543	rss	0.0035166666666666666									annotate_trace.txt	final
v1.9.0-beta10_conda_rust	Trichosporon_asahii_CBS_2479	MASK_GENOME:MASKREPEAT_TANTAN_RUN	MASK_GENOME:MASKREPEAT_TANTAN_RUN (Trichosporon_asahii_CBS_2479)	COMPLETED	0	13.5	152.2	0.07390000000000001	rss	0.005707499999999999									annotate_trace.txt	final
v1.9.0-beta10_conda_rust	Lipomyces_tetrasporus_NRRL_Y-64009	MASK_GENOME:MASKREPEAT_TANTAN_RUN	MASK_GENOME:MASKREPEAT_TANTAN_RUN (Lipomyces_tetrasporus_NRRL_Y-64009)	COMPLETED	0	11.0	87.8	0.0605	rss	0.002682777777777778									annotate_trace.txt	final
v1.9.0-beta10_conda_rust	Synchytrium_microbalum_JEL517	MASK_GENOME:MASKREPEAT_TANTAN_RUN	MASK_GENOME:MASKREPEAT_TANTAN_RUN (Synchytrium_microbalum_JEL517)	COMPLETED	0	8.8	144.2	0.0648	rss	0.0035248888888888895									annotate_trace.txt	final
v1.9.0-beta10_conda_rust	Fusarium_verticillioides_7600	MASK_GENOME:MASKREPEAT_TANTAN_RUN	MASK_GENOME:MASKREPEAT_TANTAN_RUN (Fusarium_verticillioides_7600)	COMPLETED	0	10.2	200.2	0.0884	rss	0.005672333333333332									annotate_trace.txt	final
v1.9.0-beta10_conda_rust	Drepanopeziza_brunnea_MB_m1	MASK_GENOME:MASKREPEAT_TANTAN_RUN	MASK_GENOME:MASKREPEAT_TANTAN_RUN (Drepanopeziza_brunnea_MB_m1)	COMPLETED	0	15.3	160.9	0.0746	rss	0.006838250000000001									annotate_trace.txt	final
v1.9.0-beta10_conda_rust	Saccharomyces_cerevisiae_S288C	MASK_GENOME:MASKREPEAT_TANTAN_RUN	MASK_GENOME:MASKREPEAT_TANTAN_RUN (Saccharomyces_cerevisiae_S288C)	COMPLETED	0	8.5	69.6	0.0511	rss	0.0016433333333333332									annotate_trace.txt	final
v1.9.0-beta10_conda_rust	Letharia_columbiana_WasteWater2	MASK_GENOME:MASKREPEAT_TANTAN_RUN	MASK_GENOME:MASKREPEAT_TANTAN_RUN (Letharia_columbiana_WasteWater2)	COMPLETED	0	18.7	131.9	0.06509999999999999	rss	0.0068514722222222215									annotate_trace.txt	final
v1.9.0-beta10_conda_rust	Fusarium_oxysporum_4287	MASK_GENOME:MASKREPEAT_TANTAN_RUN	MASK_GENOME:MASKREPEAT_TANTAN_RUN (Fusarium_oxysporum_4287)	COMPLETED	0	14.3	196.8	0.09040000000000001	rss	0.007817333333333334									annotate_trace.txt	final
v1.9.0-beta10_conda_rust	Wallemia_mellicola_CBS_633.66	MASK_GENOME:MASKREPEAT_TANTAN_RUN	MASK_GENOME:MASKREPEAT_TANTAN_RUN (Wallemia_mellicola_CBS_633.66)	COMPLETED	0	2.9	164.9	0.06490000000000001	rss	0.001328361111111111									annotate_trace.txt	final
v1.9.0-beta10_conda_rust	Laccaria_bicolor_S238N-H82	MASK_GENOME:MASKREPEAT_TANTAN_RUN	MASK_GENOME:MASKREPEAT_TANTAN_RUN (Laccaria_bicolor_S238N-H82)	COMPLETED	0	14.0	190.5	0.0709	rss	0.007408333333333334									annotate_trace.txt	final
v1.9.0-beta10_conda_rust	Zymoseptoria_tritici_IPO323	MASK_GENOME:MASKREPEAT_TANTAN_RUN	MASK_GENOME:MASKREPEAT_TANTAN_RUN (Zymoseptoria_tritici_IPO323)	COMPLETED	0	16.0	120.0	0.07690000000000001	rss	0.005333333333333333									annotate_trace.txt	final
v1.9.0-beta10_conda_rust	Blastomyces_dermatitidis_ER-3	MASK_GENOME:MASKREPEAT_TANTAN_RUN	MASK_GENOME:MASKREPEAT_TANTAN_RUN (Blastomyces_dermatitidis_ER-3)	COMPLETED	0	35.5	152.2	0.11	rss	0.015008611111111108									annotate_trace.txt	final
v1.9.0-beta10_conda_rust	Mucor_mucedo_+9_more	FETCH_RNASEQ:SRA_QUERY_BATCH	FETCH_RNASEQ:SRA_QUERY_BATCH (Mucor_mucedo_+9_more)	COMPLETED	0	1.2	28.9	0.0033	rss	9.633333333333332e-05									annotate_trace.txt	final
v1.9.0-beta10_conda_rust	Phycomyces_blakesleeanus_+9_more	FETCH_RNASEQ:SRA_QUERY_BATCH	FETCH_RNASEQ:SRA_QUERY_BATCH (Phycomyces_blakesleeanus_+9_more)	COMPLETED	0	0.357	38.9	0.0033	rss	3.857583333333333e-05									annotate_trace.txt	final
v1.9.0-beta10_conda_rust	Nakaseomyces_glabratus_+9_more	FETCH_RNASEQ:SRA_QUERY_BATCH	FETCH_RNASEQ:SRA_QUERY_BATCH (Nakaseomyces_glabratus_+9_more)	COMPLETED	0	2.1	35.8	0.0033	rss	0.00020883333333333333									annotate_trace.txt	final
v1.9.0-beta10_conda_rust	Batrachochytrium_dendrobatidis_+9_more	FETCH_RNASEQ:SRA_QUERY_BATCH	FETCH_RNASEQ:SRA_QUERY_BATCH (Batrachochytrium_dendrobatidis_+9_more)	COMPLETED	0	0.582	26.4	0.0033	rss	4.268e-05									annotate_trace.txt	final
v1.9.0-beta10_conda_rust	Fusarium_oxysporum_+4_more	FETCH_RNASEQ:SRA_QUERY_BATCH	FETCH_RNASEQ:SRA_QUERY_BATCH (Fusarium_oxysporum_+4_more)	COMPLETED	0	0.28800000000000003	32.1	0.0034	rss	2.568e-05									annotate_trace.txt	final
v1.9.0-beta10_conda_rust	Aspergillus_clavatus_+9_more	FETCH_RNASEQ:SRA_QUERY_BATCH	FETCH_RNASEQ:SRA_QUERY_BATCH (Aspergillus_clavatus_+9_more)	COMPLETED	0	0.462	35.6	0.0033	rss	4.568666666666667e-05									annotate_trace.txt	final
v1.9.0-beta10_conda_rust	Leptographium_clavigerum_+9_more	FETCH_RNASEQ:SRA_QUERY_BATCH	FETCH_RNASEQ:SRA_QUERY_BATCH (Leptographium_clavigerum_+9_more)	COMPLETED	0	0.437	30.7	0.0033	rss	3.7266388888888884e-05									annotate_trace.txt	final
v1.9.0-beta10_conda_rust	-	FETCH_RNASEQ:COLLECT_SRA_QUERY	FETCH_RNASEQ:COLLECT_SRA_QUERY	COMPLETED	0	1.1	51.2	0.0032	rss	0.00015644444444444449									annotate_trace.txt	final
v1.9.0-beta10_conda_rust	Malassezia_globosa	FETCH_RNASEQ:SRA_FETCH	FETCH_RNASEQ:SRA_FETCH (Malassezia_globosa)	FAILED	1	240.0													annotate_trace.txt	unresolved
v1.9.0-beta10_conda_rust	Malassezia_globosa	FETCH_RNASEQ:SRA_FETCH	FETCH_RNASEQ:SRA_FETCH (Malassezia_globosa)	FAILED	1	300.0													annotate_trace.txt	unresolved
v1.9.0-beta10_container	-	SETUP_DBS:SETUP_MARIADB_DATADIR	SETUP_DBS:SETUP_MARIADB_DATADIR	COMPLETED	0	3.5	32.2	0.1472	rss	0.00031305555555555557									annotate_trace.20260905_164324.txt	final
v1.9.0-beta10_container	Morchella_sextelata_+9_more	FETCH_RNASEQ:SRA_QUERY_BATCH	FETCH_RNASEQ:SRA_QUERY_BATCH (Morchella_sextelata_+9_more)	COMPLETED	0	0.23	34.1	0.0033	rss	2.1786111111111114e-05									annotate_trace.20260905_164324.txt	final
v1.9.0-beta10_container	Spizellomyces_punctatus_+9_more	FETCH_RNASEQ:SRA_QUERY_BATCH	FETCH_RNASEQ:SRA_QUERY_BATCH (Spizellomyces_punctatus_+9_more)	COMPLETED	0	0.065	52.2	0.0023	rss	9.425e-06									annotate_trace.20260905_164324.txt	final
v1.9.0-beta10_container	Pyricularia_oryzae_+9_more	FETCH_RNASEQ:SRA_QUERY_BATCH	FETCH_RNASEQ:SRA_QUERY_BATCH (Pyricularia_oryzae_+9_more)	COMPLETED	0	0.065	50.9	0.0032	rss	9.190277777777778e-06									annotate_trace.20260905_164324.txt	final
v1.9.0-beta10_container	Talaromyces_stipitatus_+9_more	FETCH_RNASEQ:SRA_QUERY_BATCH	FETCH_RNASEQ:SRA_QUERY_BATCH (Talaromyces_stipitatus_+9_more)	COMPLETED	0	0.187	32.8	0.0032	rss	1.7037777777777777e-05									annotate_trace.20260905_164324.txt	final
v1.9.0-beta10_container	Tilletiopsis_washingtonensis_+9_more	FETCH_RNASEQ:SRA_QUERY_BATCH	FETCH_RNASEQ:SRA_QUERY_BATCH (Tilletiopsis_washingtonensis_+9_more)	COMPLETED	0	0.212	17.9	0.0022	rss	1.054111111111111e-05									annotate_trace.20260905_164324.txt	final
v1.9.0-beta10_container	Lachancea_thermotolerans_+9_more	FETCH_RNASEQ:SRA_QUERY_BATCH	FETCH_RNASEQ:SRA_QUERY_BATCH (Lachancea_thermotolerans_+9_more)	COMPLETED	0	0.17	44.2	0.0032	rss	2.0872222222222224e-05									annotate_trace.20260905_164324.txt	final
v1.9.0-beta10_container	Zymoseptoria_tritici_+4_more	FETCH_RNASEQ:SRA_QUERY_BATCH	FETCH_RNASEQ:SRA_QUERY_BATCH (Zymoseptoria_tritici_+4_more)	COMPLETED	0	0.197	21.8	0.0032	rss	1.1929444444444445e-05									annotate_trace.20260905_164324.txt	final
v1.9.0-beta10_container	-	FETCH_RNASEQ:COLLECT_SRA_QUERY	FETCH_RNASEQ:COLLECT_SRA_QUERY	COMPLETED	0	1.0	75.3	0.0032	rss	0.00020916666666666666									annotate_trace.20260905_164324.txt	final
v1.9.0-beta10_container	Malassezia_globosa	FETCH_RNASEQ:SRA_FETCH	FETCH_RNASEQ:SRA_FETCH (Malassezia_globosa)	FAILED	1	300.0													annotate_trace.20260905_164324.txt	unresolved
v1.9.0-beta10_container	Malassezia_globosa	FETCH_RNASEQ:SRA_FETCH	FETCH_RNASEQ:SRA_FETCH (Malassezia_globosa)	FAILED	1	180.0													annotate_trace.20260905_164324.txt	unresolved
v1.9.0-beta10_container	Malassezia_globosa	FETCH_RNASEQ:SRA_FETCH	FETCH_RNASEQ:SRA_FETCH (Malassezia_globosa)	FAILED	1	180.0													annotate_trace.20260905_164324.txt	unresolved
v1.9.0-beta10_container	Malassezia_globosa	FETCH_RNASEQ:SRA_FETCH	FETCH_RNASEQ:SRA_FETCH (Malassezia_globosa)	FAILED	1	120.0													annotate_trace.20260905_164324.txt	unresolved
v1.9.0-beta10_container	Malassezia_globosa	FETCH_RNASEQ:SRA_FETCH	FETCH_RNASEQ:SRA_FETCH (Malassezia_globosa)	FAILED	1	180.0													annotate_trace.20260905_164324.txt	unresolved
v1.9.0-beta10_container	Malassezia_globosa	FETCH_RNASEQ:SRA_FETCH	FETCH_RNASEQ:SRA_FETCH (Malassezia_globosa)	FAILED	1	180.0													annotate_trace.20260905_164324.txt	unresolved
v1.9.0-beta10_container	Cryptococcus_neoformans_H99	TRAIN_PREDICT:FUNANNOTATE_PREDICT	TRAIN_PREDICT:FUNANNOTATE_PREDICT (Cryptococcus_neoformans_H99)	FAILED	1	60.0													annotate_trace.20260905_164324.txt	unresolved
v1.9.0-beta10_container	Aspergillus_clavatus_NRRL_1	TRAIN_PREDICT:FUNANNOTATE_PREDICT	TRAIN_PREDICT:FUNANNOTATE_PREDICT (Aspergillus_clavatus_NRRL_1)	FAILED	1	0.001													annotate_trace.20260905_164324.txt	unresolved
v1.9.0-beta10_container	Leptographium_clavigerum_kw1407	TRAIN_PREDICT:FUNANNOTATE_PREDICT	TRAIN_PREDICT:FUNANNOTATE_PREDICT (Leptographium_clavigerum_kw1407)	FAILED	1	59.9													annotate_trace.20260905_164324.txt	unresolved
v1.9.0-beta10_container	Rhodotorula_graminis_WP1	TRAIN_PREDICT:FUNANNOTATE_PREDICT	TRAIN_PREDICT:FUNANNOTATE_PREDICT (Rhodotorula_graminis_WP1)	FAILED	1	0.002													annotate_trace.20260905_164324.txt	unresolved
v1.9.0-beta10_container	Tremella_mesenterica_Fries	TRAIN_PREDICT:FUNANNOTATE_PREDICT	TRAIN_PREDICT:FUNANNOTATE_PREDICT (Tremella_mesenterica_Fries)	FAILED	1	0.004													annotate_trace.20260905_164324.txt	unresolved
v1.9.0-beta10_container	Cystobasidium_minutum_MCA_4210	TRAIN_PREDICT:FUNANNOTATE_PREDICT	TRAIN_PREDICT:FUNANNOTATE_PREDICT (Cystobasidium_minutum_MCA_4210)	FAILED	1	0.002													annotate_trace.20260905_164324.txt	unresolved
v1.9.0-beta10_container	Pneumocystis_murina_B123	TRAIN_PREDICT:FUNANNOTATE_PREDICT	TRAIN_PREDICT:FUNANNOTATE_PREDICT (Pneumocystis_murina_B123)	FAILED	1	0.002													annotate_trace.20260905_164324.txt	unresolved
v1.9.0-beta10_container	Sporobolomyces_koalae_JCM15063	TRAIN_PREDICT:FUNANNOTATE_PREDICT	TRAIN_PREDICT:FUNANNOTATE_PREDICT (Sporobolomyces_koalae_JCM15063)	FAILED	1	0.002													annotate_trace.20260905_164324.txt	unresolved
v1.9.0-beta10_container	Mixia_osmundae_IAM_14324	TRAIN_PREDICT:FUNANNOTATE_PREDICT	TRAIN_PREDICT:FUNANNOTATE_PREDICT (Mixia_osmundae_IAM_14324)	FAILED	1	0.003													annotate_trace.20260905_164324.txt	unresolved
v1.9.0-beta10_container	Dactylellina_haptotyla_CBS_200.50	TRAIN_PREDICT:FUNANNOTATE_PREDICT	TRAIN_PREDICT:FUNANNOTATE_PREDICT (Dactylellina_haptotyla_CBS_200.50)	FAILED	1	0.002													annotate_trace.20260905_164324.txt	unresolved
v1.9.0-beta10_container	Eremothecium_gossypii_ATCC_10895	TRAIN_PREDICT:FUNANNOTATE_PREDICT	TRAIN_PREDICT:FUNANNOTATE_PREDICT (Eremothecium_gossypii_ATCC_10895)	FAILED	1	0.002													annotate_trace.20260905_164324.txt	unresolved
v1.9.0-beta10_container	Talaromyces_stipitatus_ATCC_10500	TRAIN_PREDICT:FUNANNOTATE_PREDICT	TRAIN_PREDICT:FUNANNOTATE_PREDICT (Talaromyces_stipitatus_ATCC_10500)	FAILED	1	0.001													annotate_trace.20260905_164324.txt	unresolved
v1.9.0-beta10_container	Sporobolomyces_salmoneus_JCM6883	TRAIN_PREDICT:FUNANNOTATE_PREDICT	TRAIN_PREDICT:FUNANNOTATE_PREDICT (Sporobolomyces_salmoneus_JCM6883)	FAILED	1	0.001													annotate_trace.20260905_164324.txt	unresolved
v1.9.0-beta10_container	Letharia_columbiana_WasteWater2	TRAIN_PREDICT:FUNANNOTATE_PREDICT	TRAIN_PREDICT:FUNANNOTATE_PREDICT (Letharia_columbiana_WasteWater2)	FAILED	1	0.002													annotate_trace.20260905_164324.txt	unresolved
v1.9.0-beta10_container	Synchytrium_microbalum_JEL517	TRAIN_PREDICT:FUNANNOTATE_PREDICT	TRAIN_PREDICT:FUNANNOTATE_PREDICT (Synchytrium_microbalum_JEL517)	FAILED	1	0.006													annotate_trace.20260905_164324.txt	unresolved
v1.9.0-beta10_container	Uncinocarpus_reesii_1704	TRAIN_PREDICT:FUNANNOTATE_PREDICT	TRAIN_PREDICT:FUNANNOTATE_PREDICT (Uncinocarpus_reesii_1704)	FAILED	1	0.004													annotate_trace.20260905_164324.txt	unresolved
v1.9.0-beta10_container	Blastomyces_dermatitidis_ER-3	TRAIN_PREDICT:FUNANNOTATE_PREDICT	TRAIN_PREDICT:FUNANNOTATE_PREDICT (Blastomyces_dermatitidis_ER-3)	FAILED	1	0.005													annotate_trace.20260905_164324.txt	unresolved
v1.9.0-beta10_container	Sugiyamaella_lignohabitans_CBS_10342	TRAIN_PREDICT:FUNANNOTATE_PREDICT	TRAIN_PREDICT:FUNANNOTATE_PREDICT (Sugiyamaella_lignohabitans_CBS_10342)	FAILED	1	0.002													annotate_trace.20260905_164324.txt	unresolved
v1.9.0-beta10_container	Wallemia_mellicola_CBS_633.66	TRAIN_PREDICT:FUNANNOTATE_PREDICT	TRAIN_PREDICT:FUNANNOTATE_PREDICT (Wallemia_mellicola_CBS_633.66)	FAILED	1	0.003													annotate_trace.20260905_164324.txt	unresolved
v1.9.0-beta10_container	Laccaria_bicolor_S238N-H82	TRAIN_PREDICT:FUNANNOTATE_PREDICT	TRAIN_PREDICT:FUNANNOTATE_PREDICT (Laccaria_bicolor_S238N-H82)	FAILED	1	0.002													annotate_trace.20260905_164324.txt	unresolved
v1.9.0-beta10_container	-	SETUP_DBS:SETUP_MARIADB_DATADIR	SETUP_DBS:SETUP_MARIADB_DATADIR	FAILED	1	0.012													annotate_trace.txt	overhead
v1.9.0-beta10_container	-	SETUP_DBS:SETUP_MARIADB_DATADIR	SETUP_DBS:SETUP_MARIADB_DATADIR	FAILED	1	0.005													annotate_trace.txt	overhead
v1.9.0-beta10_container	-	SETUP_DBS:SETUP_MARIADB_DATADIR	SETUP_DBS:SETUP_MARIADB_DATADIR	FAILED	1	0.004													annotate_trace.txt	overhead
v1.9.0-beta10_container_rust	-	SETUP_DBS:SETUP_MARIADB_DATADIR	SETUP_DBS:SETUP_MARIADB_DATADIR	COMPLETED	0	3.6	34.1	0.1452	rss	0.00034100000000000005									annotate_trace.20260905_164324.txt	final
v1.9.0-beta10_container_rust	Spizellomyces_punctatus_+9_more	FETCH_RNASEQ:SRA_QUERY_BATCH	FETCH_RNASEQ:SRA_QUERY_BATCH (Spizellomyces_punctatus_+9_more)	COMPLETED	0	0.059000000000000004	53.1	0.0032	rss	8.7025e-06									annotate_trace.20260905_164324.txt	final
v1.9.0-beta10_container_rust	Talaromyces_stipitatus_+9_more	FETCH_RNASEQ:SRA_QUERY_BATCH	FETCH_RNASEQ:SRA_QUERY_BATCH (Talaromyces_stipitatus_+9_more)	COMPLETED	0	0.222	30.0	0.0033	rss	1.85e-05									annotate_trace.20260905_164324.txt	final
v1.9.0-beta10_container_rust	Morchella_sextelata_+9_more	FETCH_RNASEQ:SRA_QUERY_BATCH	FETCH_RNASEQ:SRA_QUERY_BATCH (Morchella_sextelata_+9_more)	COMPLETED	0	0.242	28.9	0.0032	rss	1.942722222222222e-05									annotate_trace.20260905_164324.txt	final
v1.9.0-beta10_container_rust	Tilletiaria_anomala_+9_more	FETCH_RNASEQ:SRA_QUERY_BATCH	FETCH_RNASEQ:SRA_QUERY_BATCH (Tilletiaria_anomala_+9_more)	COMPLETED	0	0.20700000000000002	18.3	0.0022	rss	1.05225e-05									annotate_trace.20260905_164324.txt	final
v1.9.0-beta10_container_rust	Rhodotorula_graminis_+9_more	FETCH_RNASEQ:SRA_QUERY_BATCH	FETCH_RNASEQ:SRA_QUERY_BATCH (Rhodotorula_graminis_+9_more)	COMPLETED	0	0.068	47.9	0.0033	rss	9.047777777777777e-06									annotate_trace.20260905_164324.txt	final
v1.9.0-beta10_container_rust	Trichosporon_asahii_+9_more	FETCH_RNASEQ:SRA_QUERY_BATCH	FETCH_RNASEQ:SRA_QUERY_BATCH (Trichosporon_asahii_+9_more)	COMPLETED	0	0.221	27.8	0.0032	rss	1.706611111111111e-05									annotate_trace.20260905_164324.txt	final
v1.9.0-beta10_container_rust	Wallemia_mellicola_+4_more	FETCH_RNASEQ:SRA_QUERY_BATCH	FETCH_RNASEQ:SRA_QUERY_BATCH (Wallemia_mellicola_+4_more)	COMPLETED	0	0.15	28.4	0.0032	rss	1.1833333333333332e-05									annotate_trace.20260905_164324.txt	final
v1.9.0-beta10_container_rust	-	FETCH_RNASEQ:COLLECT_SRA_QUERY	FETCH_RNASEQ:COLLECT_SRA_QUERY	COMPLETED	0	0.0	59.4	0.0031000000000000003	rss	0.0									annotate_trace.20260905_164324.txt	final
v1.9.0-beta10_container_rust	Malassezia_globosa	FETCH_RNASEQ:SRA_FETCH	FETCH_RNASEQ:SRA_FETCH (Malassezia_globosa)	FAILED	1	300.0													annotate_trace.20260905_164324.txt	unresolved
v1.9.0-beta10_container_rust	Malassezia_globosa	FETCH_RNASEQ:SRA_FETCH	FETCH_RNASEQ:SRA_FETCH (Malassezia_globosa)	FAILED	1	120.0													annotate_trace.20260905_164324.txt	unresolved
v1.9.0-beta10_container_rust	Malassezia_globosa	FETCH_RNASEQ:SRA_FETCH	FETCH_RNASEQ:SRA_FETCH (Malassezia_globosa)	FAILED	1	180.0													annotate_trace.20260905_164324.txt	unresolved
v1.9.0-beta10_container_rust	Malassezia_globosa	FETCH_RNASEQ:SRA_FETCH	FETCH_RNASEQ:SRA_FETCH (Malassezia_globosa)	FAILED	1	180.0													annotate_trace.20260905_164324.txt	unresolved
v1.9.0-beta10_container_rust	Malassezia_globosa	FETCH_RNASEQ:SRA_FETCH	FETCH_RNASEQ:SRA_FETCH (Malassezia_globosa)	FAILED	1	180.0													annotate_trace.20260905_164324.txt	unresolved
v1.9.0-beta10_container_rust	Malassezia_globosa	FETCH_RNASEQ:SRA_FETCH	FETCH_RNASEQ:SRA_FETCH (Malassezia_globosa)	FAILED	1	180.0													annotate_trace.20260905_164324.txt	unresolved
v1.9.0-beta10_container_rust	Leptographium_clavigerum_kw1407	TRAIN_PREDICT:FUNANNOTATE_PREDICT	TRAIN_PREDICT:FUNANNOTATE_PREDICT (Leptographium_clavigerum_kw1407)	FAILED	1	59.9													annotate_trace.20260905_164324.txt	unresolved
v1.9.0-beta10_container_rust	Rhodotorula_graminis_WP1	TRAIN_PREDICT:FUNANNOTATE_PREDICT	TRAIN_PREDICT:FUNANNOTATE_PREDICT (Rhodotorula_graminis_WP1)	FAILED	1	60.0													annotate_trace.20260905_164324.txt	unresolved
v1.9.0-beta10_container_rust	Cryptococcus_neoformans_H99	TRAIN_PREDICT:FUNANNOTATE_PREDICT	TRAIN_PREDICT:FUNANNOTATE_PREDICT (Cryptococcus_neoformans_H99)	FAILED	1	0.003													annotate_trace.20260905_164324.txt	unresolved
v1.9.0-beta10_container_rust	Aspergillus_clavatus_NRRL_1	TRAIN_PREDICT:FUNANNOTATE_PREDICT	TRAIN_PREDICT:FUNANNOTATE_PREDICT (Aspergillus_clavatus_NRRL_1)	FAILED	1	60.0													annotate_trace.20260905_164324.txt	unresolved
v1.9.0-beta10_container_rust	Tremella_mesenterica_Fries	TRAIN_PREDICT:FUNANNOTATE_PREDICT	TRAIN_PREDICT:FUNANNOTATE_PREDICT (Tremella_mesenterica_Fries)	FAILED	1	0.002													annotate_trace.20260905_164324.txt	unresolved
v1.9.0-beta10_container_rust	Cystobasidium_minutum_MCA_4210	TRAIN_PREDICT:FUNANNOTATE_PREDICT	TRAIN_PREDICT:FUNANNOTATE_PREDICT (Cystobasidium_minutum_MCA_4210)	FAILED	1	0.001													annotate_trace.20260905_164324.txt	unresolved
v1.9.0-beta10_container_rust	Sporobolomyces_salmoneus_JCM6883	TRAIN_PREDICT:FUNANNOTATE_PREDICT	TRAIN_PREDICT:FUNANNOTATE_PREDICT (Sporobolomyces_salmoneus_JCM6883)	FAILED	1	0.006													annotate_trace.20260905_164324.txt	unresolved
v1.9.0-beta10_container_rust	Dactylellina_haptotyla_CBS_200.50	TRAIN_PREDICT:FUNANNOTATE_PREDICT	TRAIN_PREDICT:FUNANNOTATE_PREDICT (Dactylellina_haptotyla_CBS_200.50)	FAILED	1	0.002													annotate_trace.20260905_164324.txt	unresolved
v1.9.0-beta10_container_rust	Mixia_osmundae_IAM_14324	TRAIN_PREDICT:FUNANNOTATE_PREDICT	TRAIN_PREDICT:FUNANNOTATE_PREDICT (Mixia_osmundae_IAM_14324)	FAILED	1	0.002													annotate_trace.20260905_164324.txt	unresolved
v1.9.0-beta10_container_rust	Eremothecium_gossypii_ATCC_10895	TRAIN_PREDICT:FUNANNOTATE_PREDICT	TRAIN_PREDICT:FUNANNOTATE_PREDICT (Eremothecium_gossypii_ATCC_10895)	FAILED	1	0.002													annotate_trace.20260905_164324.txt	unresolved
v1.9.0-beta10_container_rust	Talaromyces_stipitatus_ATCC_10500	TRAIN_PREDICT:FUNANNOTATE_PREDICT	TRAIN_PREDICT:FUNANNOTATE_PREDICT (Talaromyces_stipitatus_ATCC_10500)	FAILED	1	0.006													annotate_trace.20260905_164324.txt	unresolved
v1.9.0-beta10_container_rust	Pneumocystis_murina_B123	TRAIN_PREDICT:FUNANNOTATE_PREDICT	TRAIN_PREDICT:FUNANNOTATE_PREDICT (Pneumocystis_murina_B123)	FAILED	1	0.002													annotate_trace.20260905_164324.txt	unresolved
v1.9.0-beta10_container_rust	Sporobolomyces_koalae_JCM15063	TRAIN_PREDICT:FUNANNOTATE_PREDICT	TRAIN_PREDICT:FUNANNOTATE_PREDICT (Sporobolomyces_koalae_JCM15063)	FAILED	1	60.0													annotate_trace.20260905_164324.txt	unresolved
v1.9.0-beta10_container_rust	Synchytrium_microbalum_JEL517	TRAIN_PREDICT:FUNANNOTATE_PREDICT	TRAIN_PREDICT:FUNANNOTATE_PREDICT (Synchytrium_microbalum_JEL517)	FAILED	1	0.003													annotate_trace.20260905_164324.txt	unresolved
v1.9.0-beta10_container_rust	Sugiyamaella_lignohabitans_CBS_10342	TRAIN_PREDICT:FUNANNOTATE_PREDICT	TRAIN_PREDICT:FUNANNOTATE_PREDICT (Sugiyamaella_lignohabitans_CBS_10342)	FAILED	1	59.9													annotate_trace.20260905_164324.txt	unresolved
v1.9.0-beta10_container_rust	Uncinocarpus_reesii_1704	TRAIN_PREDICT:FUNANNOTATE_PREDICT	TRAIN_PREDICT:FUNANNOTATE_PREDICT (Uncinocarpus_reesii_1704)	FAILED	1	0.002													annotate_trace.20260905_164324.txt	unresolved
v1.9.0-beta10_container_rust	Blastomyces_dermatitidis_ER-3	TRAIN_PREDICT:FUNANNOTATE_PREDICT	TRAIN_PREDICT:FUNANNOTATE_PREDICT (Blastomyces_dermatitidis_ER-3)	FAILED	1	0.003													annotate_trace.20260905_164324.txt	unresolved
v1.9.0-beta10_container_rust	Letharia_columbiana_WasteWater2	TRAIN_PREDICT:FUNANNOTATE_PREDICT	TRAIN_PREDICT:FUNANNOTATE_PREDICT (Letharia_columbiana_WasteWater2)	FAILED	1	0.002													annotate_trace.20260905_164324.txt	unresolved
v1.9.0-beta10_container_rust	Wallemia_mellicola_CBS_633.66	TRAIN_PREDICT:FUNANNOTATE_PREDICT	TRAIN_PREDICT:FUNANNOTATE_PREDICT (Wallemia_mellicola_CBS_633.66)	FAILED	1	0.002													annotate_trace.20260905_164324.txt	unresolved
v1.9.0-beta10_container_rust	Laccaria_bicolor_S238N-H82	TRAIN_PREDICT:FUNANNOTATE_PREDICT	TRAIN_PREDICT:FUNANNOTATE_PREDICT (Laccaria_bicolor_S238N-H82)	FAILED	1	0.002													annotate_trace.20260905_164324.txt	unresolved
v1.9.0-beta10_container_rust	-	SETUP_DBS:SETUP_MARIADB_DATADIR	SETUP_DBS:SETUP_MARIADB_DATADIR	FAILED	1	0.013000000000000001													annotate_trace.txt	overhead
v1.9.0-beta10_container_rust	-	SETUP_DBS:SETUP_MARIADB_DATADIR	SETUP_DBS:SETUP_MARIADB_DATADIR	FAILED	1	0.007													annotate_trace.txt	overhead
v1.9.0-beta10_container_rust	-	SETUP_DBS:SETUP_MARIADB_DATADIR	SETUP_DBS:SETUP_MARIADB_DATADIR	FAILED	1	0.012													annotate_trace.txt	overhead
v1.9.0-beta11_conda	-	SETUP_DBS:SETUP_AUGUSTUS_CONFIG	SETUP_DBS:SETUP_AUGUSTUS_CONFIG	COMPLETED	0	16.4	2.9	0.008400000000000001	rss	0.00013211111111111108									annotate_trace.20260907_181325.txt	final
v1.9.0-beta11_conda	-	SETUP_DBS:SETUP_MARIADB_DATADIR	SETUP_DBS:SETUP_MARIADB_DATADIR	COMPLETED	0	4.1	27.9	0.13419999999999999	rss	0.00031774999999999994									annotate_trace.20260907_181325.txt	final
v1.9.0-beta11_conda	-	ASM_STATS	ASM_STATS	COMPLETED	0	4.4	117.3	0.0067	rss	0.0014336666666666669									annotate_trace.20260907_181325.txt	final
v1.9.0-beta11_conda	Saccharomyces_cerevisiae_S288C	MASK_GENOME:MASKREPEAT_TANTAN_RUN	MASK_GENOME:MASKREPEAT_TANTAN_RUN (Saccharomyces_cerevisiae_S288C)	COMPLETED	0	13.0	94.5	0.0514	rss	0.0034124999999999997									annotate_trace.20260907_181325.txt	final
v1.9.0-beta11_conda	Pneumocystis_murina_B123	MASK_GENOME:MASKREPEAT_TANTAN_RUN	MASK_GENOME:MASKREPEAT_TANTAN_RUN (Pneumocystis_murina_B123)	COMPLETED	0	9.9	76.0	0.0503	rss	0.0020900000000000003									annotate_trace.20260907_181325.txt	final
v1.9.0-beta11_conda	Malassezia_globosa_CBS_7966	MASK_GENOME:MASKREPEAT_TANTAN_RUN	MASK_GENOME:MASKREPEAT_TANTAN_RUN (Malassezia_globosa_CBS_7966)	COMPLETED	0	12.4	90.1	0.054700000000000006	rss	0.0031034444444444443									annotate_trace.20260907_181325.txt	final
v1.9.0-beta11_conda	Allomyces_macrogynus_ATCC_38327	MASK_GENOME:MASKREPEAT_TANTAN_RUN	MASK_GENOME:MASKREPEAT_TANTAN_RUN (Allomyces_macrogynus_ATCC_38327)	COMPLETED	0	18.6	140.0	0.0621	rss	0.007233333333333333									annotate_trace.20260907_181325.txt	final
v1.9.0-beta11_conda	Batrachochytrium_dendrobatidis_JAM81	MASK_GENOME:MASKREPEAT_TANTAN_RUN	MASK_GENOME:MASKREPEAT_TANTAN_RUN (Batrachochytrium_dendrobatidis_JAM81)	COMPLETED	0	21.4	113.3	0.0742	rss	0.006735055555555555									annotate_trace.20260907_181325.txt	final
v1.9.0-beta11_conda	Umbelopsis_ramanniana_AG	MASK_GENOME:MASKREPEAT_TANTAN_RUN	MASK_GENOME:MASKREPEAT_TANTAN_RUN (Umbelopsis_ramanniana_AG)	COMPLETED	0	17.1	124.2	0.0503	rss	0.005899500000000001									annotate_trace.20260907_181325.txt	final
v1.9.0-beta11_conda	Chaetomium_globosum_CBS_148.51	MASK_GENOME:MASKREPEAT_TANTAN_RUN	MASK_GENOME:MASKREPEAT_TANTAN_RUN (Chaetomium_globosum_CBS_148.51)	COMPLETED	0	22.5	136.8	0.085	rss	0.00855									annotate_trace.20260907_181325.txt	final
v1.9.0-beta11_conda	Cryptococcus_neoformans_H99	MASK_GENOME:MASKREPEAT_TANTAN_RUN	MASK_GENOME:MASKREPEAT_TANTAN_RUN (Cryptococcus_neoformans_H99)	COMPLETED	0	15.8	109.0	0.06520000000000001	rss	0.00478388888888889									annotate_trace.20260907_181325.txt	final
v1.9.0-beta11_conda	Aspergillus_fumigatus_Af293	MASK_GENOME:MASKREPEAT_TANTAN_RUN	MASK_GENOME:MASKREPEAT_TANTAN_RUN (Aspergillus_fumigatus_Af293)	COMPLETED	0	20.2	121.2	0.0762	rss	0.006800666666666667									annotate_trace.20260907_181325.txt	final
v1.9.0-beta11_conda	Rhodotorula_toruloides_NP11	MASK_GENOME:MASKREPEAT_TANTAN_RUN	MASK_GENOME:MASKREPEAT_TANTAN_RUN (Rhodotorula_toruloides_NP11)	COMPLETED	0	16.1	112.8	0.0535	rss	0.005044666666666667									annotate_trace.20260907_181325.txt	final
v1.9.0-beta11_conda	Malassezia_globosa	TRAIN_PREDICT:RNASEQ_PREPARE	TRAIN_PREDICT:RNASEQ_PREPARE (Malassezia_globosa)	COMPLETED	0	16.0	353.7	0.2067	rss	0.01572									annotate_trace.20260907_181325.txt	final
v1.9.0-beta11_conda	-	FETCH_RNASEQ:COLLECT_SRA_QUERY	FETCH_RNASEQ:COLLECT_SRA_QUERY	COMPLETED	0	0.252	66.9	0.0031000000000000003	rss	4.683e-05									annotate_trace.20260907_181325.txt	final
v1.9.0-beta11_conda	Saccharomyces_cerevisiae	TRAIN_PREDICT:RNASEQ_PREPARE	TRAIN_PREDICT:RNASEQ_PREPARE (Saccharomyces_cerevisiae)	COMPLETED	0	48.3	1064.5	1.7	rss	0.14282041666666664									annotate_trace.20260907_181325.txt	final
v1.9.0-beta11_conda	Allomyces_macrogynus	TRAIN_PREDICT:RNASEQ_PREPARE	TRAIN_PREDICT:RNASEQ_PREPARE (Allomyces_macrogynus)	COMPLETED	0	54.5	1272.0	2.1	rss	0.1925666666666667									annotate_trace.20260907_181325.txt	final
v1.9.0-beta11_conda	Chaetomium_globosum	TRAIN_PREDICT:RNASEQ_PREPARE	TRAIN_PREDICT:RNASEQ_PREPARE (Chaetomium_globosum)	COMPLETED	0	68.0	1321.9	2.8	rss	0.24969222222222226									annotate_trace.20260907_181325.txt	final
v1.9.0-beta11_conda	Cryptococcus_neoformans	TRAIN_PREDICT:RNASEQ_PREPARE	TRAIN_PREDICT:RNASEQ_PREPARE (Cryptococcus_neoformans)	COMPLETED	0	52.0	1364.6	2.2	rss	0.19710888888888886									annotate_trace.20260907_181325.txt	final
v1.9.0-beta11_conda	Umbelopsis_ramanniana	TRAIN_PREDICT:RNASEQ_PREPARE	TRAIN_PREDICT:RNASEQ_PREPARE (Umbelopsis_ramanniana)	COMPLETED	0	53.5	1292.4	2.0	rss	0.192065									annotate_trace.20260907_181325.txt	final
v1.9.0-beta11_conda	Aspergillus_fumigatus	TRAIN_PREDICT:RNASEQ_PREPARE	TRAIN_PREDICT:RNASEQ_PREPARE (Aspergillus_fumigatus)	COMPLETED	0	63.0	1304.8	2.4	rss	0.22834000000000002									annotate_trace.20260907_181325.txt	final
v1.9.0-beta11_conda	Pneumocystis_murina_B123	TRAIN_PREDICT:FUNANNOTATE_PREDICT	TRAIN_PREDICT:FUNANNOTATE_PREDICT (Pneumocystis_murina_B123)	FAILED	1	0.007													annotate_trace.20260907_181325.txt	overhead
v1.9.0-beta11_conda	Rhodotorula_toruloides_NP11	TRAIN_PREDICT:FUNANNOTATE_PREDICT	TRAIN_PREDICT:FUNANNOTATE_PREDICT (Rhodotorula_toruloides_NP11)	FAILED	1	0.002													annotate_trace.20260907_181325.txt	overhead
v1.9.0-beta11_conda	Malassezia_globosa_CBS_7966	TRAIN_PREDICT:FUNANNOTATE_TRAIN	TRAIN_PREDICT:FUNANNOTATE_TRAIN (Malassezia_globosa_CBS_7966)	FAILED	1	0.004													annotate_trace.20260907_181325.txt	overhead
v1.9.0-beta11_conda	Batrachochytrium_dendrobatidis	TRAIN_PREDICT:RNASEQ_PREPARE	TRAIN_PREDICT:RNASEQ_PREPARE (Batrachochytrium_dendrobatidis)	COMPLETED	0	354.0	1431.4	6.7	rss	1.4075433333333334									annotate_trace.20260907_181325.txt	final
v1.9.0-beta11_conda	Allomyces_macrogynus_ATCC_38327	TRAIN_PREDICT:FUNANNOTATE_TRAIN	TRAIN_PREDICT:FUNANNOTATE_TRAIN (Allomyces_macrogynus_ATCC_38327)	FAILED	1	120.0													annotate_trace.20260907_181325.txt	overhead
v1.9.0-beta11_conda	Saccharomyces_cerevisiae_S288C	TRAIN_PREDICT:FUNANNOTATE_TRAIN	TRAIN_PREDICT:FUNANNOTATE_TRAIN (Saccharomyces_cerevisiae_S288C)	FAILED	1	60.0													annotate_trace.20260907_181325.txt	overhead
v1.9.0-beta11_conda	Cryptococcus_neoformans_H99	TRAIN_PREDICT:FUNANNOTATE_TRAIN	TRAIN_PREDICT:FUNANNOTATE_TRAIN (Cryptococcus_neoformans_H99)	FAILED	1	120.0													annotate_trace.20260907_181325.txt	overhead
v1.9.0-beta11_conda	Chaetomium_globosum_CBS_148.51	TRAIN_PREDICT:FUNANNOTATE_TRAIN	TRAIN_PREDICT:FUNANNOTATE_TRAIN (Chaetomium_globosum_CBS_148.51)	FAILED	1	120.0													annotate_trace.20260907_181325.txt	overhead
v1.9.0-beta11_conda	Umbelopsis_ramanniana_AG	TRAIN_PREDICT:FUNANNOTATE_TRAIN	TRAIN_PREDICT:FUNANNOTATE_TRAIN (Umbelopsis_ramanniana_AG)	FAILED	1	120.0													annotate_trace.20260907_181325.txt	overhead
v1.9.0-beta11_conda	Aspergillus_fumigatus_Af293	TRAIN_PREDICT:FUNANNOTATE_TRAIN	TRAIN_PREDICT:FUNANNOTATE_TRAIN (Aspergillus_fumigatus_Af293)	FAILED	1	120.0													annotate_trace.20260907_181325.txt	overhead
v1.9.0-beta11_conda	Rhodotorula_toruloides_NP11	TRAIN_PREDICT:FUNANNOTATE_PREDICT	TRAIN_PREDICT:FUNANNOTATE_PREDICT (Rhodotorula_toruloides_NP11)	FAILED	1	0.004													annotate_trace.20260907_181325.txt	overhead
v1.9.0-beta11_conda	Pneumocystis_murina_B123	TRAIN_PREDICT:FUNANNOTATE_PREDICT	TRAIN_PREDICT:FUNANNOTATE_PREDICT (Pneumocystis_murina_B123)	FAILED	1	60.0													annotate_trace.20260907_181325.txt	overhead
v1.9.0-beta11_conda	Pneumocystis_murina_B123	TRAIN_PREDICT:FUNANNOTATE_PREDICT	TRAIN_PREDICT:FUNANNOTATE_PREDICT (Pneumocystis_murina_B123)	FAILED	1	60.0													annotate_trace.20260907_181325.txt	overhead
v1.9.0-beta11_conda	Rhodotorula_toruloides_NP11	TRAIN_PREDICT:FUNANNOTATE_PREDICT	TRAIN_PREDICT:FUNANNOTATE_PREDICT (Rhodotorula_toruloides_NP11)	FAILED	1	0.007													annotate_trace.20260907_181325.txt	overhead
v1.9.0-beta11_conda	Batrachochytrium_dendrobatidis_JAM81	TRAIN_PREDICT:FUNANNOTATE_TRAIN	TRAIN_PREDICT:FUNANNOTATE_TRAIN (Batrachochytrium_dendrobatidis_JAM81)	FAILED	1	420.0													annotate_trace.20260907_181325.txt	overhead
v1.9.0-beta11_conda	Malassezia_globosa_CBS_7966	TRAIN_PREDICT:FUNANNOTATE_TRAIN	TRAIN_PREDICT:FUNANNOTATE_TRAIN (Malassezia_globosa_CBS_7966)	FAILED	1	60.0													annotate_trace.20260907_181325.txt	overhead
v1.9.0-beta11_conda	Allomyces_macrogynus_ATCC_38327	TRAIN_PREDICT:FUNANNOTATE_TRAIN	TRAIN_PREDICT:FUNANNOTATE_TRAIN (Allomyces_macrogynus_ATCC_38327)	FAILED	1	60.0													annotate_trace.20260907_181325.txt	overhead
v1.9.0-beta11_conda	Saccharomyces_cerevisiae_S288C	TRAIN_PREDICT:FUNANNOTATE_TRAIN	TRAIN_PREDICT:FUNANNOTATE_TRAIN (Saccharomyces_cerevisiae_S288C)	FAILED	1	60.0													annotate_trace.20260907_181325.txt	overhead
v1.9.0-beta11_conda	Cryptococcus_neoformans_H99	TRAIN_PREDICT:FUNANNOTATE_TRAIN	TRAIN_PREDICT:FUNANNOTATE_TRAIN (Cryptococcus_neoformans_H99)	FAILED	1	60.0													annotate_trace.20260907_181325.txt	overhead
v1.9.0-beta11_conda	Chaetomium_globosum_CBS_148.51	TRAIN_PREDICT:FUNANNOTATE_TRAIN	TRAIN_PREDICT:FUNANNOTATE_TRAIN (Chaetomium_globosum_CBS_148.51)	FAILED	1	60.0													annotate_trace.20260907_181325.txt	overhead
v1.9.0-beta11_conda	Aspergillus_fumigatus_Af293	TRAIN_PREDICT:FUNANNOTATE_TRAIN	TRAIN_PREDICT:FUNANNOTATE_TRAIN (Aspergillus_fumigatus_Af293)	FAILED	1	0.001													annotate_trace.20260907_181325.txt	overhead
v1.9.0-beta11_conda	Umbelopsis_ramanniana_AG	TRAIN_PREDICT:FUNANNOTATE_TRAIN	TRAIN_PREDICT:FUNANNOTATE_TRAIN (Umbelopsis_ramanniana_AG)	FAILED	1	59.9													annotate_trace.20260907_181325.txt	overhead
v1.9.0-beta11_conda	-	FETCH_RNASEQ:COLLECT_SRA_QUERY	FETCH_RNASEQ:COLLECT_SRA_QUERY	CACHED	0	0.252	66.9	0.0031000000000000003	rss	4.683e-05									annotate_trace.20260908_160108.txt	cached
v1.9.0-beta11_conda	Allomyces_macrogynus_ATCC_38327	TRAIN_PREDICT:FUNANNOTATE_TRAIN	TRAIN_PREDICT:FUNANNOTATE_TRAIN (Allomyces_macrogynus_ATCC_38327)	FAILED	1	60.0													annotate_trace.20260908_160108.txt	overhead
v1.9.0-beta11_conda	Umbelopsis_ramanniana_AG	TRAIN_PREDICT:FUNANNOTATE_TRAIN	TRAIN_PREDICT:FUNANNOTATE_TRAIN (Umbelopsis_ramanniana_AG)	FAILED	1	59.9													annotate_trace.20260908_160108.txt	overhead
v1.9.0-beta11_conda	Saccharomyces_cerevisiae_S288C	TRAIN_PREDICT:FUNANNOTATE_TRAIN	TRAIN_PREDICT:FUNANNOTATE_TRAIN (Saccharomyces_cerevisiae_S288C)	FAILED	1	0.003													annotate_trace.20260908_160108.txt	overhead
v1.9.0-beta11_conda	Chaetomium_globosum_CBS_148.51	TRAIN_PREDICT:FUNANNOTATE_TRAIN	TRAIN_PREDICT:FUNANNOTATE_TRAIN (Chaetomium_globosum_CBS_148.51)	FAILED	1	120.0													annotate_trace.20260908_160108.txt	overhead
v1.9.0-beta11_conda	Cryptococcus_neoformans_H99	TRAIN_PREDICT:FUNANNOTATE_TRAIN	TRAIN_PREDICT:FUNANNOTATE_TRAIN (Cryptococcus_neoformans_H99)	FAILED	1	120.0													annotate_trace.20260908_160108.txt	overhead
v1.9.0-beta11_conda	Aspergillus_fumigatus_Af293	TRAIN_PREDICT:FUNANNOTATE_TRAIN	TRAIN_PREDICT:FUNANNOTATE_TRAIN (Aspergillus_fumigatus_Af293)	FAILED	1	60.0													annotate_trace.20260908_160108.txt	overhead
v1.9.0-beta11_conda	Batrachochytrium_dendrobatidis_JAM81	TRAIN_PREDICT:FUNANNOTATE_TRAIN	TRAIN_PREDICT:FUNANNOTATE_TRAIN (Batrachochytrium_dendrobatidis_JAM81)	FAILED	1	60.0													annotate_trace.20260908_160108.txt	overhead
v1.9.0-beta11_conda	Malassezia_globosa_CBS_7966	TRAIN_PREDICT:FUNANNOTATE_TRAIN	TRAIN_PREDICT:FUNANNOTATE_TRAIN (Malassezia_globosa_CBS_7966)	FAILED	1	60.0													annotate_trace.20260908_160108.txt	overhead
v1.9.0-beta11_conda	Pneumocystis_murina_B123	TRAIN_PREDICT:FUNANNOTATE_PREDICT	TRAIN_PREDICT:FUNANNOTATE_PREDICT (Pneumocystis_murina_B123)	COMPLETED	0	3277.0	501.3	2.0	rss	4.563222499999999									annotate_trace.20260908_160108.txt	final
v1.9.0-beta11_conda	Rhodotorula_toruloides_NP11	TRAIN_PREDICT:FUNANNOTATE_PREDICT	TRAIN_PREDICT:FUNANNOTATE_PREDICT (Rhodotorula_toruloides_NP11)	COMPLETED	0	3685.0	540.2	4.4	rss	5.529547222222222									annotate_trace.20260908_160108.txt	final
v1.9.0-beta11_conda	Allomyces_macrogynus_ATCC_38327	TRAIN_PREDICT:FUNANNOTATE_TRAIN	TRAIN_PREDICT:FUNANNOTATE_TRAIN (Allomyces_macrogynus_ATCC_38327)	FAILED	1	0.004													annotate_trace.20260908_160108.txt	overhead
v1.9.0-beta11_conda	Umbelopsis_ramanniana_AG	TRAIN_PREDICT:FUNANNOTATE_TRAIN	TRAIN_PREDICT:FUNANNOTATE_TRAIN (Umbelopsis_ramanniana_AG)	FAILED	1	0.003													annotate_trace.20260908_160108.txt	overhead
v1.9.0-beta11_conda	Allomyces_macrogynus_ATCC_38327	TRAIN_PREDICT:FUNANNOTATE_TRAIN	TRAIN_PREDICT:FUNANNOTATE_TRAIN (Allomyces_macrogynus_ATCC_38327)	FAILED	1	60.0													annotate_trace.20260908_160108.txt	overhead
v1.9.0-beta11_conda	Saccharomyces_cerevisiae_S288C	TRAIN_PREDICT:FUNANNOTATE_TRAIN	TRAIN_PREDICT:FUNANNOTATE_TRAIN (Saccharomyces_cerevisiae_S288C)	FAILED	1	60.0													annotate_trace.20260908_160108.txt	overhead
v1.9.0-beta11_conda	Umbelopsis_ramanniana_AG	TRAIN_PREDICT:FUNANNOTATE_TRAIN	TRAIN_PREDICT:FUNANNOTATE_TRAIN (Umbelopsis_ramanniana_AG)	FAILED	1	59.9													annotate_trace.20260908_160108.txt	overhead
v1.9.0-beta11_conda	Chaetomium_globosum_CBS_148.51	TRAIN_PREDICT:FUNANNOTATE_TRAIN	TRAIN_PREDICT:FUNANNOTATE_TRAIN (Chaetomium_globosum_CBS_148.51)	FAILED	1	60.0													annotate_trace.20260908_160108.txt	overhead
v1.9.0-beta11_conda	Cryptococcus_neoformans_H99	TRAIN_PREDICT:FUNANNOTATE_TRAIN	TRAIN_PREDICT:FUNANNOTATE_TRAIN (Cryptococcus_neoformans_H99)	FAILED	1	0.002													annotate_trace.20260908_160108.txt	overhead
v1.9.0-beta11_conda	Aspergillus_fumigatus_Af293	TRAIN_PREDICT:FUNANNOTATE_TRAIN	TRAIN_PREDICT:FUNANNOTATE_TRAIN (Aspergillus_fumigatus_Af293)	FAILED	1	0.003													annotate_trace.20260908_160108.txt	overhead
v1.9.0-beta11_conda	Batrachochytrium_dendrobatidis_JAM81	TRAIN_PREDICT:FUNANNOTATE_TRAIN	TRAIN_PREDICT:FUNANNOTATE_TRAIN (Batrachochytrium_dendrobatidis_JAM81)	FAILED	1	60.0													annotate_trace.20260908_160108.txt	overhead
v1.9.0-beta11_conda	Malassezia_globosa_CBS_7966	TRAIN_PREDICT:FUNANNOTATE_TRAIN	TRAIN_PREDICT:FUNANNOTATE_TRAIN (Malassezia_globosa_CBS_7966)	FAILED	1	0.002													annotate_trace.20260908_160108.txt	overhead
v1.9.0-beta11_conda	-	FETCH_RNASEQ:COLLECT_SRA_QUERY	FETCH_RNASEQ:COLLECT_SRA_QUERY	CACHED	0	0.252	66.9	0.0031000000000000003	rss	4.683e-05									annotate_trace.20260909_091332.txt	cached
v1.9.0-beta11_conda	Malassezia_globosa_CBS_7966	TRAIN_PREDICT:FUNANNOTATE_TRAIN	TRAIN_PREDICT:FUNANNOTATE_TRAIN (Malassezia_globosa_CBS_7966)	FAILED	1	1500.0													annotate_trace.20260909_091332.txt	overhead
v1.9.0-beta11_conda	Saccharomyces_cerevisiae_S288C	TRAIN_PREDICT:FUNANNOTATE_TRAIN	TRAIN_PREDICT:FUNANNOTATE_TRAIN (Saccharomyces_cerevisiae_S288C)	FAILED	1	5820.0													annotate_trace.20260909_091332.txt	overhead
v1.9.0-beta11_conda	Aspergillus_fumigatus_Af293	TRAIN_PREDICT:FUNANNOTATE_TRAIN	TRAIN_PREDICT:FUNANNOTATE_TRAIN (Aspergillus_fumigatus_Af293)	FAILED	1	8640.0													annotate_trace.20260909_091332.txt	overhead
v1.9.0-beta11_conda	Umbelopsis_ramanniana_AG	TRAIN_PREDICT:FUNANNOTATE_TRAIN	TRAIN_PREDICT:FUNANNOTATE_TRAIN (Umbelopsis_ramanniana_AG)	FAILED	1	20041.0													annotate_trace.20260909_091332.txt	overhead
v1.9.0-beta11_conda	Batrachochytrium_dendrobatidis_JAM81	TRAIN_PREDICT:FUNANNOTATE_TRAIN	TRAIN_PREDICT:FUNANNOTATE_TRAIN (Batrachochytrium_dendrobatidis_JAM81)	FAILED	1	11340.0													annotate_trace.20260909_091332.txt	overhead
v1.9.0-beta11_conda	Cryptococcus_neoformans_H99	TRAIN_PREDICT:FUNANNOTATE_TRAIN	TRAIN_PREDICT:FUNANNOTATE_TRAIN (Cryptococcus_neoformans_H99)	FAILED	1	10080.0													annotate_trace.20260909_091332.txt	overhead
v1.9.0-beta11_conda	Chaetomium_globosum_CBS_148.51	TRAIN_PREDICT:FUNANNOTATE_TRAIN	TRAIN_PREDICT:FUNANNOTATE_TRAIN (Chaetomium_globosum_CBS_148.51)	FAILED	1	13861.0													annotate_trace.20260909_091332.txt	overhead
v1.9.0-beta11_conda	Allomyces_macrogynus_ATCC_38327	TRAIN_PREDICT:FUNANNOTATE_TRAIN	TRAIN_PREDICT:FUNANNOTATE_TRAIN (Allomyces_macrogynus_ATCC_38327)	FAILED	1	25261.0													annotate_trace.20260909_091332.txt	overhead
v1.9.0-beta11_conda	Malassezia_globosa_CBS_7966	TRAIN_PREDICT:FUNANNOTATE_TRAIN	TRAIN_PREDICT:FUNANNOTATE_TRAIN (Malassezia_globosa_CBS_7966)	FAILED	1	0.003													annotate_trace.20260909_091332.txt	overhead
v1.9.0-beta11_conda	Saccharomyces_cerevisiae_S288C	TRAIN_PREDICT:FUNANNOTATE_TRAIN	TRAIN_PREDICT:FUNANNOTATE_TRAIN (Saccharomyces_cerevisiae_S288C)	FAILED	1	60.0													annotate_trace.20260909_091332.txt	overhead
v1.9.0-beta11_conda	Aspergillus_fumigatus_Af293	TRAIN_PREDICT:FUNANNOTATE_TRAIN	TRAIN_PREDICT:FUNANNOTATE_TRAIN (Aspergillus_fumigatus_Af293)	FAILED	1	0.005													annotate_trace.20260909_091332.txt	overhead
v1.9.0-beta11_conda	Umbelopsis_ramanniana_AG	TRAIN_PREDICT:FUNANNOTATE_TRAIN	TRAIN_PREDICT:FUNANNOTATE_TRAIN (Umbelopsis_ramanniana_AG)	FAILED	1	0.002													annotate_trace.20260909_091332.txt	overhead
v1.9.0-beta11_conda	Batrachochytrium_dendrobatidis_JAM81	TRAIN_PREDICT:FUNANNOTATE_TRAIN	TRAIN_PREDICT:FUNANNOTATE_TRAIN (Batrachochytrium_dendrobatidis_JAM81)	FAILED	1	60.0													annotate_trace.20260909_091332.txt	overhead
v1.9.0-beta11_conda	Cryptococcus_neoformans_H99	TRAIN_PREDICT:FUNANNOTATE_TRAIN	TRAIN_PREDICT:FUNANNOTATE_TRAIN (Cryptococcus_neoformans_H99)	FAILED	1	0.008													annotate_trace.20260909_091332.txt	overhead
v1.9.0-beta11_conda	Chaetomium_globosum_CBS_148.51	TRAIN_PREDICT:FUNANNOTATE_TRAIN	TRAIN_PREDICT:FUNANNOTATE_TRAIN (Chaetomium_globosum_CBS_148.51)	FAILED	1	60.0													annotate_trace.20260909_091332.txt	overhead
v1.9.0-beta11_conda	Allomyces_macrogynus_ATCC_38327	TRAIN_PREDICT:FUNANNOTATE_TRAIN	TRAIN_PREDICT:FUNANNOTATE_TRAIN (Allomyces_macrogynus_ATCC_38327)	FAILED	1	60.0													annotate_trace.20260909_091332.txt	overhead
v1.9.0-beta11_conda	Malassezia_globosa_CBS_7966	TRAIN_PREDICT:FUNANNOTATE_TRAIN	TRAIN_PREDICT:FUNANNOTATE_TRAIN (Malassezia_globosa_CBS_7966)	FAILED	1	0.002													annotate_trace.20260909_091332.txt	overhead
v1.9.0-beta11_conda	Saccharomyces_cerevisiae_S288C	TRAIN_PREDICT:FUNANNOTATE_TRAIN	TRAIN_PREDICT:FUNANNOTATE_TRAIN (Saccharomyces_cerevisiae_S288C)	FAILED	1	60.0													annotate_trace.20260909_091332.txt	overhead
v1.9.0-beta11_conda	Aspergillus_fumigatus_Af293	TRAIN_PREDICT:FUNANNOTATE_TRAIN	TRAIN_PREDICT:FUNANNOTATE_TRAIN (Aspergillus_fumigatus_Af293)	FAILED	1	0.006													annotate_trace.20260909_091332.txt	overhead
v1.9.0-beta11_conda	Umbelopsis_ramanniana_AG	TRAIN_PREDICT:FUNANNOTATE_TRAIN	TRAIN_PREDICT:FUNANNOTATE_TRAIN (Umbelopsis_ramanniana_AG)	FAILED	1	0.002													annotate_trace.20260909_091332.txt	overhead
v1.9.0-beta11_conda	Batrachochytrium_dendrobatidis_JAM81	TRAIN_PREDICT:FUNANNOTATE_TRAIN	TRAIN_PREDICT:FUNANNOTATE_TRAIN (Batrachochytrium_dendrobatidis_JAM81)	FAILED	1	0.002													annotate_trace.20260909_091332.txt	overhead
v1.9.0-beta11_conda	Cryptococcus_neoformans_H99	TRAIN_PREDICT:FUNANNOTATE_TRAIN	TRAIN_PREDICT:FUNANNOTATE_TRAIN (Cryptococcus_neoformans_H99)	FAILED	1	0.002													annotate_trace.20260909_091332.txt	overhead
v1.9.0-beta11_conda	Chaetomium_globosum_CBS_148.51	TRAIN_PREDICT:FUNANNOTATE_TRAIN	TRAIN_PREDICT:FUNANNOTATE_TRAIN (Chaetomium_globosum_CBS_148.51)	FAILED	1	0.002													annotate_trace.20260909_091332.txt	overhead
v1.9.0-beta11_conda	-	FETCH_RNASEQ:COLLECT_SRA_QUERY	FETCH_RNASEQ:COLLECT_SRA_QUERY	CACHED	0	0.252	66.9	0.0031000000000000003	rss	4.683e-05									annotate_trace.20260909_224225.txt	cached
v1.9.0-beta11_conda	Batrachochytrium_dendrobatidis_JAM81	TRAIN_PREDICT:FUNANNOTATE_TRAIN	TRAIN_PREDICT:FUNANNOTATE_TRAIN (Batrachochytrium_dendrobatidis_JAM81)	FAILED	1	0.01													annotate_trace.20260909_224225.txt	overhead
v1.9.0-beta11_conda	Umbelopsis_ramanniana_AG	TRAIN_PREDICT:FUNANNOTATE_TRAIN	TRAIN_PREDICT:FUNANNOTATE_TRAIN (Umbelopsis_ramanniana_AG)	FAILED	1	0.007													annotate_trace.20260909_224225.txt	overhead
v1.9.0-beta11_conda	Allomyces_macrogynus_ATCC_38327	TRAIN_PREDICT:FUNANNOTATE_TRAIN	TRAIN_PREDICT:FUNANNOTATE_TRAIN (Allomyces_macrogynus_ATCC_38327)	FAILED	1	0.08600000000000001													annotate_trace.20260909_224225.txt	overhead
v1.9.0-beta11_conda	Saccharomyces_cerevisiae_S288C	TRAIN_PREDICT:FUNANNOTATE_TRAIN	TRAIN_PREDICT:FUNANNOTATE_TRAIN (Saccharomyces_cerevisiae_S288C)	FAILED	1	0.013000000000000001													annotate_trace.20260909_224225.txt	overhead
v1.9.0-beta11_conda	Chaetomium_globosum_CBS_148.51	TRAIN_PREDICT:FUNANNOTATE_TRAIN	TRAIN_PREDICT:FUNANNOTATE_TRAIN (Chaetomium_globosum_CBS_148.51)	FAILED	1	0.011													annotate_trace.20260909_224225.txt	overhead
v1.9.0-beta11_conda	Aspergillus_fumigatus_Af293	TRAIN_PREDICT:FUNANNOTATE_TRAIN	TRAIN_PREDICT:FUNANNOTATE_TRAIN (Aspergillus_fumigatus_Af293)	FAILED	1	0.009000000000000001													annotate_trace.20260909_224225.txt	overhead
v1.9.0-beta11_conda	Malassezia_globosa_CBS_7966	TRAIN_PREDICT:FUNANNOTATE_TRAIN	TRAIN_PREDICT:FUNANNOTATE_TRAIN (Malassezia_globosa_CBS_7966)	FAILED	1	0.006													annotate_trace.20260909_224225.txt	overhead
v1.9.0-beta11_conda	Cryptococcus_neoformans_H99	TRAIN_PREDICT:FUNANNOTATE_TRAIN	TRAIN_PREDICT:FUNANNOTATE_TRAIN (Cryptococcus_neoformans_H99)	FAILED	1	59.7													annotate_trace.20260909_224225.txt	overhead
v1.9.0-beta11_conda	Batrachochytrium_dendrobatidis_JAM81	TRAIN_PREDICT:FUNANNOTATE_TRAIN	TRAIN_PREDICT:FUNANNOTATE_TRAIN (Batrachochytrium_dendrobatidis_JAM81)	FAILED	1	0.01													annotate_trace.20260909_224225.txt	overhead
v1.9.0-beta11_conda	Allomyces_macrogynus_ATCC_38327	TRAIN_PREDICT:FUNANNOTATE_TRAIN	TRAIN_PREDICT:FUNANNOTATE_TRAIN (Allomyces_macrogynus_ATCC_38327)	FAILED	1	0.018000000000000002													annotate_trace.20260909_224225.txt	overhead
v1.9.0-beta11_conda	Umbelopsis_ramanniana_AG	TRAIN_PREDICT:FUNANNOTATE_TRAIN	TRAIN_PREDICT:FUNANNOTATE_TRAIN (Umbelopsis_ramanniana_AG)	FAILED	1	0.002													annotate_trace.20260909_224225.txt	overhead
v1.9.0-beta11_conda	Saccharomyces_cerevisiae_S288C	TRAIN_PREDICT:FUNANNOTATE_TRAIN	TRAIN_PREDICT:FUNANNOTATE_TRAIN (Saccharomyces_cerevisiae_S288C)	FAILED	1	59.9													annotate_trace.20260909_224225.txt	overhead
v1.9.0-beta11_conda	Chaetomium_globosum_CBS_148.51	TRAIN_PREDICT:FUNANNOTATE_TRAIN	TRAIN_PREDICT:FUNANNOTATE_TRAIN (Chaetomium_globosum_CBS_148.51)	FAILED	1	0.006													annotate_trace.20260909_224225.txt	overhead
v1.9.0-beta11_conda	Aspergillus_fumigatus_Af293	TRAIN_PREDICT:FUNANNOTATE_TRAIN	TRAIN_PREDICT:FUNANNOTATE_TRAIN (Aspergillus_fumigatus_Af293)	FAILED	1	0.002													annotate_trace.20260909_224225.txt	overhead
v1.9.0-beta11_conda	Malassezia_globosa_CBS_7966	TRAIN_PREDICT:FUNANNOTATE_TRAIN	TRAIN_PREDICT:FUNANNOTATE_TRAIN (Malassezia_globosa_CBS_7966)	FAILED	1	0.007													annotate_trace.20260909_224225.txt	overhead
v1.9.0-beta11_conda	Cryptococcus_neoformans_H99	TRAIN_PREDICT:FUNANNOTATE_TRAIN	TRAIN_PREDICT:FUNANNOTATE_TRAIN (Cryptococcus_neoformans_H99)	FAILED	1	59.9													annotate_trace.20260909_224225.txt	overhead
v1.9.0-beta11_conda	Batrachochytrium_dendrobatidis_JAM81	TRAIN_PREDICT:FUNANNOTATE_TRAIN	TRAIN_PREDICT:FUNANNOTATE_TRAIN (Batrachochytrium_dendrobatidis_JAM81)	FAILED	1	0.001													annotate_trace.20260909_224225.txt	overhead
v1.9.0-beta11_conda	Umbelopsis_ramanniana_AG	TRAIN_PREDICT:FUNANNOTATE_TRAIN	TRAIN_PREDICT:FUNANNOTATE_TRAIN (Umbelopsis_ramanniana_AG)	FAILED	1	0.003													annotate_trace.20260909_224225.txt	overhead
v1.9.0-beta11_conda	Allomyces_macrogynus_ATCC_38327	TRAIN_PREDICT:FUNANNOTATE_TRAIN	TRAIN_PREDICT:FUNANNOTATE_TRAIN (Allomyces_macrogynus_ATCC_38327)	FAILED	1	0.007													annotate_trace.20260909_224225.txt	overhead
v1.9.0-beta11_conda	Saccharomyces_cerevisiae_S288C	TRAIN_PREDICT:FUNANNOTATE_TRAIN	TRAIN_PREDICT:FUNANNOTATE_TRAIN (Saccharomyces_cerevisiae_S288C)	FAILED	1	0.003													annotate_trace.20260909_224225.txt	overhead
v1.9.0-beta11_conda	Chaetomium_globosum_CBS_148.51	TRAIN_PREDICT:FUNANNOTATE_TRAIN	TRAIN_PREDICT:FUNANNOTATE_TRAIN (Chaetomium_globosum_CBS_148.51)	FAILED	1	0.004													annotate_trace.20260909_224225.txt	overhead
v1.9.0-beta11_conda	Aspergillus_fumigatus_Af293	TRAIN_PREDICT:FUNANNOTATE_TRAIN	TRAIN_PREDICT:FUNANNOTATE_TRAIN (Aspergillus_fumigatus_Af293)	FAILED	1	0.003													annotate_trace.20260909_224225.txt	overhead
v1.9.0-beta11_conda	Malassezia_globosa_CBS_7966	TRAIN_PREDICT:FUNANNOTATE_TRAIN	TRAIN_PREDICT:FUNANNOTATE_TRAIN (Malassezia_globosa_CBS_7966)	FAILED	1	0.002													annotate_trace.20260909_224225.txt	overhead
v1.9.0-beta11_conda	Cryptococcus_neoformans_H99	TRAIN_PREDICT:FUNANNOTATE_TRAIN	TRAIN_PREDICT:FUNANNOTATE_TRAIN (Cryptococcus_neoformans_H99)	FAILED	1	0.002													annotate_trace.20260909_224225.txt	overhead
v1.9.0-beta11_conda	-	FETCH_RNASEQ:COLLECT_SRA_QUERY	FETCH_RNASEQ:COLLECT_SRA_QUERY	CACHED	0	0.252	66.9	0.0031000000000000003	rss	4.683e-05									annotate_trace.20260910_001400.txt	cached
v1.9.0-beta11_conda	Batrachochytrium_dendrobatidis_JAM81	TRAIN_PREDICT:FUNANNOTATE_TRAIN	TRAIN_PREDICT:FUNANNOTATE_TRAIN (Batrachochytrium_dendrobatidis_JAM81)	FAILED	1	0.004													annotate_trace.20260910_001400.txt	overhead
v1.9.0-beta11_conda	Saccharomyces_cerevisiae_S288C	TRAIN_PREDICT:FUNANNOTATE_TRAIN	TRAIN_PREDICT:FUNANNOTATE_TRAIN (Saccharomyces_cerevisiae_S288C)	FAILED	1	0.016													annotate_trace.20260910_001400.txt	overhead
v1.9.0-beta11_conda	Cryptococcus_neoformans_H99	TRAIN_PREDICT:FUNANNOTATE_TRAIN	TRAIN_PREDICT:FUNANNOTATE_TRAIN (Cryptococcus_neoformans_H99)	FAILED	1	0.006													annotate_trace.20260910_001400.txt	overhead
v1.9.0-beta11_conda	Allomyces_macrogynus_ATCC_38327	TRAIN_PREDICT:FUNANNOTATE_TRAIN	TRAIN_PREDICT:FUNANNOTATE_TRAIN (Allomyces_macrogynus_ATCC_38327)	FAILED	1	60.0													annotate_trace.20260910_001400.txt	overhead
v1.9.0-beta11_conda	Aspergillus_fumigatus_Af293	TRAIN_PREDICT:FUNANNOTATE_TRAIN	TRAIN_PREDICT:FUNANNOTATE_TRAIN (Aspergillus_fumigatus_Af293)	FAILED	1	0.008													annotate_trace.20260910_001400.txt	overhead
v1.9.0-beta11_conda	Chaetomium_globosum_CBS_148.51	TRAIN_PREDICT:FUNANNOTATE_TRAIN	TRAIN_PREDICT:FUNANNOTATE_TRAIN (Chaetomium_globosum_CBS_148.51)	FAILED	1	0.006													annotate_trace.20260910_001400.txt	overhead
v1.9.0-beta11_conda	Saccharomyces_cerevisiae_S288C	TRAIN_PREDICT:FUNANNOTATE_TRAIN	TRAIN_PREDICT:FUNANNOTATE_TRAIN (Saccharomyces_cerevisiae_S288C)	FAILED	1	0.016													annotate_trace.20260910_001400.txt	overhead
v1.9.0-beta11_conda	Malassezia_globosa_CBS_7966	TRAIN_PREDICT:FUNANNOTATE_TRAIN	TRAIN_PREDICT:FUNANNOTATE_TRAIN (Malassezia_globosa_CBS_7966)	FAILED	1	0.004													annotate_trace.20260910_001400.txt	overhead
v1.9.0-beta11_conda	Batrachochytrium_dendrobatidis_JAM81	TRAIN_PREDICT:FUNANNOTATE_TRAIN	TRAIN_PREDICT:FUNANNOTATE_TRAIN (Batrachochytrium_dendrobatidis_JAM81)	FAILED	1	0.003													annotate_trace.20260910_001400.txt	overhead
v1.9.0-beta11_conda	Cryptococcus_neoformans_H99	TRAIN_PREDICT:FUNANNOTATE_TRAIN	TRAIN_PREDICT:FUNANNOTATE_TRAIN (Cryptococcus_neoformans_H99)	FAILED	1	0.026000000000000002													annotate_trace.20260910_001400.txt	overhead
v1.9.0-beta11_conda	Allomyces_macrogynus_ATCC_38327	TRAIN_PREDICT:FUNANNOTATE_TRAIN	TRAIN_PREDICT:FUNANNOTATE_TRAIN (Allomyces_macrogynus_ATCC_38327)	FAILED	1	0.003													annotate_trace.20260910_001400.txt	overhead
v1.9.0-beta11_conda	Saccharomyces_cerevisiae_S288C	TRAIN_PREDICT:FUNANNOTATE_TRAIN	TRAIN_PREDICT:FUNANNOTATE_TRAIN (Saccharomyces_cerevisiae_S288C)	FAILED	1	0.004													annotate_trace.20260910_001400.txt	overhead
v1.9.0-beta11_conda	Batrachochytrium_dendrobatidis_JAM81	TRAIN_PREDICT:FUNANNOTATE_TRAIN	TRAIN_PREDICT:FUNANNOTATE_TRAIN (Batrachochytrium_dendrobatidis_JAM81)	FAILED	1	0.01													annotate_trace.20260910_001400.txt	overhead
v1.9.0-beta11_conda	Chaetomium_globosum_CBS_148.51	TRAIN_PREDICT:FUNANNOTATE_TRAIN	TRAIN_PREDICT:FUNANNOTATE_TRAIN (Chaetomium_globosum_CBS_148.51)	FAILED	1	0.004													annotate_trace.20260910_001400.txt	overhead
v1.9.0-beta11_conda	Aspergillus_fumigatus_Af293	TRAIN_PREDICT:FUNANNOTATE_TRAIN	TRAIN_PREDICT:FUNANNOTATE_TRAIN (Aspergillus_fumigatus_Af293)	FAILED	1	0.005													annotate_trace.20260910_001400.txt	overhead
v1.9.0-beta11_conda	Malassezia_globosa_CBS_7966	TRAIN_PREDICT:FUNANNOTATE_TRAIN	TRAIN_PREDICT:FUNANNOTATE_TRAIN (Malassezia_globosa_CBS_7966)	FAILED	1	0.002													annotate_trace.20260910_001400.txt	overhead
v1.9.0-beta11_conda	Cryptococcus_neoformans_H99	TRAIN_PREDICT:FUNANNOTATE_TRAIN	TRAIN_PREDICT:FUNANNOTATE_TRAIN (Cryptococcus_neoformans_H99)	FAILED	1	0.009000000000000001													annotate_trace.20260910_001400.txt	overhead
v1.9.0-beta11_conda	Allomyces_macrogynus_ATCC_38327	TRAIN_PREDICT:FUNANNOTATE_TRAIN	TRAIN_PREDICT:FUNANNOTATE_TRAIN (Allomyces_macrogynus_ATCC_38327)	FAILED	1	0.004													annotate_trace.20260910_001400.txt	overhead
v1.9.0-beta11_conda	-	FETCH_RNASEQ:COLLECT_SRA_QUERY	FETCH_RNASEQ:COLLECT_SRA_QUERY	CACHED	0	0.252	66.9	0.0031000000000000003	rss	4.683e-05									annotate_trace.20260910_105123.txt	cached
v1.9.0-beta11_conda	Allomyces_macrogynus_ATCC_38327	TRAIN_PREDICT:FUNANNOTATE_TRAIN	TRAIN_PREDICT:FUNANNOTATE_TRAIN (Allomyces_macrogynus_ATCC_38327)	FAILED	1	0.005													annotate_trace.20260910_105123.txt	overhead
v1.9.0-beta11_conda	Batrachochytrium_dendrobatidis_JAM81	TRAIN_PREDICT:FUNANNOTATE_TRAIN	TRAIN_PREDICT:FUNANNOTATE_TRAIN (Batrachochytrium_dendrobatidis_JAM81)	FAILED	1	0.023													annotate_trace.20260910_105123.txt	overhead
v1.9.0-beta11_conda	Umbelopsis_ramanniana_AG	TRAIN_PREDICT:FUNANNOTATE_TRAIN	TRAIN_PREDICT:FUNANNOTATE_TRAIN (Umbelopsis_ramanniana_AG)	FAILED	1	60.0													annotate_trace.20260910_105123.txt	overhead
v1.9.0-beta11_conda	Saccharomyces_cerevisiae_S288C	TRAIN_PREDICT:FUNANNOTATE_TRAIN	TRAIN_PREDICT:FUNANNOTATE_TRAIN (Saccharomyces_cerevisiae_S288C)	FAILED	1	0.002													annotate_trace.20260910_105123.txt	overhead
v1.9.0-beta11_conda	Aspergillus_fumigatus_Af293	TRAIN_PREDICT:FUNANNOTATE_TRAIN	TRAIN_PREDICT:FUNANNOTATE_TRAIN (Aspergillus_fumigatus_Af293)	FAILED	1	60.0													annotate_trace.20260910_105123.txt	overhead
v1.9.0-beta11_conda	Malassezia_globosa_CBS_7966	TRAIN_PREDICT:FUNANNOTATE_TRAIN	TRAIN_PREDICT:FUNANNOTATE_TRAIN (Malassezia_globosa_CBS_7966)	FAILED	1	60.0													annotate_trace.20260910_105123.txt	overhead
v1.9.0-beta11_conda	Cryptococcus_neoformans_H99	TRAIN_PREDICT:FUNANNOTATE_TRAIN	TRAIN_PREDICT:FUNANNOTATE_TRAIN (Cryptococcus_neoformans_H99)	FAILED	1	59.9													annotate_trace.20260910_105123.txt	overhead
v1.9.0-beta11_conda	-	FETCH_RNASEQ:COLLECT_SRA_QUERY	FETCH_RNASEQ:COLLECT_SRA_QUERY	CACHED	0	0.252	66.9	0.0031000000000000003	rss	4.683e-05									annotate_trace.20260910_105820.txt	cached
v1.9.0-beta11_conda	Aspergillus_fumigatus_Af293	TRAIN_PREDICT:FUNANNOTATE_TRAIN	TRAIN_PREDICT:FUNANNOTATE_TRAIN (Aspergillus_fumigatus_Af293)	FAILED	1	960.0													annotate_trace.20260910_105820.txt	overhead
v1.9.0-beta11_conda	Cryptococcus_neoformans_H99	TRAIN_PREDICT:FUNANNOTATE_TRAIN	TRAIN_PREDICT:FUNANNOTATE_TRAIN (Cryptococcus_neoformans_H99)	FAILED	1	960.0													annotate_trace.20260910_105820.txt	overhead
v1.9.0-beta11_conda	Saccharomyces_cerevisiae_S288C	TRAIN_PREDICT:FUNANNOTATE_TRAIN	TRAIN_PREDICT:FUNANNOTATE_TRAIN (Saccharomyces_cerevisiae_S288C)	FAILED	1	780.0													annotate_trace.20260910_105820.txt	overhead
v1.9.0-beta11_conda	Batrachochytrium_dendrobatidis_JAM81	TRAIN_PREDICT:FUNANNOTATE_TRAIN	TRAIN_PREDICT:FUNANNOTATE_TRAIN (Batrachochytrium_dendrobatidis_JAM81)	FAILED	1	480.0													annotate_trace.20260910_105820.txt	overhead
v1.9.0-beta11_conda	Malassezia_globosa_CBS_7966	TRAIN_PREDICT:FUNANNOTATE_TRAIN	TRAIN_PREDICT:FUNANNOTATE_TRAIN (Malassezia_globosa_CBS_7966)	FAILED	1	60.0													annotate_trace.20260910_105820.txt	overhead
v1.9.0-beta11_conda	Chaetomium_globosum_CBS_148.51	TRAIN_PREDICT:FUNANNOTATE_TRAIN	TRAIN_PREDICT:FUNANNOTATE_TRAIN (Chaetomium_globosum_CBS_148.51)	FAILED	1	60.0													annotate_trace.20260910_105820.txt	overhead
v1.9.0-beta11_conda	Umbelopsis_ramanniana_AG	TRAIN_PREDICT:FUNANNOTATE_TRAIN	TRAIN_PREDICT:FUNANNOTATE_TRAIN (Umbelopsis_ramanniana_AG)	FAILED	1	60.0													annotate_trace.20260910_105820.txt	overhead
v1.9.0-beta11_conda	Allomyces_macrogynus_ATCC_38327	TRAIN_PREDICT:FUNANNOTATE_TRAIN	TRAIN_PREDICT:FUNANNOTATE_TRAIN (Allomyces_macrogynus_ATCC_38327)	FAILED	1	3420.0													annotate_trace.20260910_105820.txt	overhead
v1.9.0-beta11_conda	Aspergillus_fumigatus_Af293	TRAIN_PREDICT:FUNANNOTATE_TRAIN	TRAIN_PREDICT:FUNANNOTATE_TRAIN (Aspergillus_fumigatus_Af293)	FAILED	1	59.9													annotate_trace.20260910_105820.txt	overhead
v1.9.0-beta11_conda	Cryptococcus_neoformans_H99	TRAIN_PREDICT:FUNANNOTATE_TRAIN	TRAIN_PREDICT:FUNANNOTATE_TRAIN (Cryptococcus_neoformans_H99)	FAILED	1	60.0													annotate_trace.20260910_105820.txt	overhead
v1.9.0-beta11_conda	Saccharomyces_cerevisiae_S288C	TRAIN_PREDICT:FUNANNOTATE_TRAIN	TRAIN_PREDICT:FUNANNOTATE_TRAIN (Saccharomyces_cerevisiae_S288C)	FAILED	1	0.002													annotate_trace.20260910_105820.txt	overhead
v1.9.0-beta11_conda	Aspergillus_fumigatus_Af293	TRAIN_PREDICT:FUNANNOTATE_TRAIN	TRAIN_PREDICT:FUNANNOTATE_TRAIN (Aspergillus_fumigatus_Af293)	FAILED	1	0.003													annotate_trace.20260910_105820.txt	overhead
v1.9.0-beta11_conda	Batrachochytrium_dendrobatidis_JAM81	TRAIN_PREDICT:FUNANNOTATE_TRAIN	TRAIN_PREDICT:FUNANNOTATE_TRAIN (Batrachochytrium_dendrobatidis_JAM81)	FAILED	1	60.0													annotate_trace.20260910_105820.txt	overhead
v1.9.0-beta11_conda	Cryptococcus_neoformans_H99	TRAIN_PREDICT:FUNANNOTATE_TRAIN	TRAIN_PREDICT:FUNANNOTATE_TRAIN (Cryptococcus_neoformans_H99)	FAILED	1	0.002													annotate_trace.20260910_105820.txt	overhead
v1.9.0-beta11_conda	Saccharomyces_cerevisiae_S288C	TRAIN_PREDICT:FUNANNOTATE_TRAIN	TRAIN_PREDICT:FUNANNOTATE_TRAIN (Saccharomyces_cerevisiae_S288C)	FAILED	1	59.9													annotate_trace.20260910_105820.txt	overhead
v1.9.0-beta11_conda	Malassezia_globosa_CBS_7966	TRAIN_PREDICT:FUNANNOTATE_TRAIN	TRAIN_PREDICT:FUNANNOTATE_TRAIN (Malassezia_globosa_CBS_7966)	FAILED	1	60.0													annotate_trace.20260910_105820.txt	overhead
v1.9.0-beta11_conda	Chaetomium_globosum_CBS_148.51	TRAIN_PREDICT:FUNANNOTATE_TRAIN	TRAIN_PREDICT:FUNANNOTATE_TRAIN (Chaetomium_globosum_CBS_148.51)	FAILED	1	0.003													annotate_trace.20260910_105820.txt	overhead
v1.9.0-beta11_conda	Umbelopsis_ramanniana_AG	TRAIN_PREDICT:FUNANNOTATE_TRAIN	TRAIN_PREDICT:FUNANNOTATE_TRAIN (Umbelopsis_ramanniana_AG)	FAILED	1	60.0													annotate_trace.20260910_105820.txt	overhead
v1.9.0-beta11_conda	Allomyces_macrogynus_ATCC_38327	TRAIN_PREDICT:FUNANNOTATE_TRAIN	TRAIN_PREDICT:FUNANNOTATE_TRAIN (Allomyces_macrogynus_ATCC_38327)	FAILED	1	60.0													annotate_trace.20260910_105820.txt	overhead
v1.9.0-beta11_conda	-	FETCH_RNASEQ:COLLECT_SRA_QUERY	FETCH_RNASEQ:COLLECT_SRA_QUERY	CACHED	0	0.252	66.9	0.0031000000000000003	rss	4.683e-05									annotate_trace.20260910_143834.txt	cached
v1.9.0-beta11_conda	Allomyces_macrogynus_ATCC_38327	TRAIN_PREDICT:FUNANNOTATE_TRAIN	TRAIN_PREDICT:FUNANNOTATE_TRAIN (Allomyces_macrogynus_ATCC_38327)	FAILED	1	60.0													annotate_trace.20260910_143834.txt	overhead
v1.9.0-beta11_conda	Umbelopsis_ramanniana_AG	TRAIN_PREDICT:FUNANNOTATE_TRAIN	TRAIN_PREDICT:FUNANNOTATE_TRAIN (Umbelopsis_ramanniana_AG)	FAILED	1	60.0													annotate_trace.20260910_143834.txt	overhead
v1.9.0-beta11_conda	Cryptococcus_neoformans_H99	TRAIN_PREDICT:FUNANNOTATE_TRAIN	TRAIN_PREDICT:FUNANNOTATE_TRAIN (Cryptococcus_neoformans_H99)	FAILED	1	60.0													annotate_trace.20260910_143834.txt	overhead
v1.9.0-beta11_conda	Malassezia_globosa_CBS_7966	TRAIN_PREDICT:FUNANNOTATE_TRAIN	TRAIN_PREDICT:FUNANNOTATE_TRAIN (Malassezia_globosa_CBS_7966)	FAILED	1	0.002													annotate_trace.20260910_143834.txt	overhead
v1.9.0-beta11_conda	Aspergillus_fumigatus_Af293	TRAIN_PREDICT:FUNANNOTATE_TRAIN	TRAIN_PREDICT:FUNANNOTATE_TRAIN (Aspergillus_fumigatus_Af293)	FAILED	1	60.0													annotate_trace.20260910_143834.txt	overhead
v1.9.0-beta11_conda	Saccharomyces_cerevisiae_S288C	TRAIN_PREDICT:FUNANNOTATE_TRAIN	TRAIN_PREDICT:FUNANNOTATE_TRAIN (Saccharomyces_cerevisiae_S288C)	FAILED	1	0.003													annotate_trace.20260910_143834.txt	overhead
v1.9.0-beta11_conda	Chaetomium_globosum_CBS_148.51	TRAIN_PREDICT:FUNANNOTATE_TRAIN	TRAIN_PREDICT:FUNANNOTATE_TRAIN (Chaetomium_globosum_CBS_148.51)	FAILED	1	0.002													annotate_trace.20260910_143834.txt	overhead
v1.9.0-beta11_conda	Allomyces_macrogynus_ATCC_38327	TRAIN_PREDICT:FUNANNOTATE_TRAIN	TRAIN_PREDICT:FUNANNOTATE_TRAIN (Allomyces_macrogynus_ATCC_38327)	FAILED	1	59.9													annotate_trace.20260910_143834.txt	overhead
v1.9.0-beta11_conda	Batrachochytrium_dendrobatidis_JAM81	TRAIN_PREDICT:FUNANNOTATE_TRAIN	TRAIN_PREDICT:FUNANNOTATE_TRAIN (Batrachochytrium_dendrobatidis_JAM81)	FAILED	1	60.0													annotate_trace.20260910_143834.txt	overhead
v1.9.0-beta11_conda	Umbelopsis_ramanniana_AG	TRAIN_PREDICT:FUNANNOTATE_TRAIN	TRAIN_PREDICT:FUNANNOTATE_TRAIN (Umbelopsis_ramanniana_AG)	FAILED	1	59.7													annotate_trace.20260910_143834.txt	overhead
v1.9.0-beta11_conda	Allomyces_macrogynus_ATCC_38327	TRAIN_PREDICT:FUNANNOTATE_TRAIN	TRAIN_PREDICT:FUNANNOTATE_TRAIN (Allomyces_macrogynus_ATCC_38327)	FAILED	1	0.001													annotate_trace.20260910_143834.txt	overhead
v1.9.0-beta11_conda	Umbelopsis_ramanniana_AG	TRAIN_PREDICT:FUNANNOTATE_TRAIN	TRAIN_PREDICT:FUNANNOTATE_TRAIN (Umbelopsis_ramanniana_AG)	FAILED	1	0.002													annotate_trace.20260910_143834.txt	overhead
v1.9.0-beta11_conda	Malassezia_globosa_CBS_7966	TRAIN_PREDICT:FUNANNOTATE_TRAIN	TRAIN_PREDICT:FUNANNOTATE_TRAIN (Malassezia_globosa_CBS_7966)	FAILED	1	60.0													annotate_trace.20260910_143834.txt	overhead
v1.9.0-beta11_conda	Cryptococcus_neoformans_H99	TRAIN_PREDICT:FUNANNOTATE_TRAIN	TRAIN_PREDICT:FUNANNOTATE_TRAIN (Cryptococcus_neoformans_H99)	FAILED	1	60.0													annotate_trace.20260910_143834.txt	overhead
v1.9.0-beta11_conda	Saccharomyces_cerevisiae_S288C	TRAIN_PREDICT:FUNANNOTATE_TRAIN	TRAIN_PREDICT:FUNANNOTATE_TRAIN (Saccharomyces_cerevisiae_S288C)	FAILED	1	60.0													annotate_trace.20260910_143834.txt	overhead
v1.9.0-beta11_conda	Aspergillus_fumigatus_Af293	TRAIN_PREDICT:FUNANNOTATE_TRAIN	TRAIN_PREDICT:FUNANNOTATE_TRAIN (Aspergillus_fumigatus_Af293)	FAILED	1	60.0													annotate_trace.20260910_143834.txt	overhead
v1.9.0-beta11_conda	Chaetomium_globosum_CBS_148.51	TRAIN_PREDICT:FUNANNOTATE_TRAIN	TRAIN_PREDICT:FUNANNOTATE_TRAIN (Chaetomium_globosum_CBS_148.51)	FAILED	1	0.048													annotate_trace.20260910_143834.txt	overhead
v1.9.0-beta11_conda	Batrachochytrium_dendrobatidis_JAM81	TRAIN_PREDICT:FUNANNOTATE_TRAIN	TRAIN_PREDICT:FUNANNOTATE_TRAIN (Batrachochytrium_dendrobatidis_JAM81)	FAILED	1	59.9													annotate_trace.20260910_143834.txt	overhead
v1.9.0-beta11_conda	-	FETCH_RNASEQ:COLLECT_SRA_QUERY	FETCH_RNASEQ:COLLECT_SRA_QUERY	CACHED	0	0.252	66.9	0.0031000000000000003	rss	4.683e-05									annotate_trace.20260910_225647.txt	cached
v1.9.0-beta11_conda	Allomyces_macrogynus_ATCC_38327	TRAIN_PREDICT:FUNANNOTATE_TRAIN	TRAIN_PREDICT:FUNANNOTATE_TRAIN (Allomyces_macrogynus_ATCC_38327)	FAILED	1	19261.0													annotate_trace.20260910_225647.txt	overhead
v1.9.0-beta11_conda	Aspergillus_fumigatus_Af293	TRAIN_PREDICT:FUNANNOTATE_TRAIN	TRAIN_PREDICT:FUNANNOTATE_TRAIN (Aspergillus_fumigatus_Af293)	FAILED	1	19861.0													annotate_trace.20260910_225647.txt	overhead
v1.9.0-beta11_conda	Malassezia_globosa_CBS_7966	TRAIN_PREDICT:FUNANNOTATE_TRAIN	TRAIN_PREDICT:FUNANNOTATE_TRAIN (Malassezia_globosa_CBS_7966)	FAILED	1	20821.0													annotate_trace.20260910_225647.txt	overhead
v1.9.0-beta11_conda	Allomyces_macrogynus_ATCC_38327	TRAIN_PREDICT:FUNANNOTATE_TRAIN	TRAIN_PREDICT:FUNANNOTATE_TRAIN (Allomyces_macrogynus_ATCC_38327)	FAILED	1	0.003													annotate_trace.20260910_225647.txt	overhead
v1.9.0-beta11_conda	Aspergillus_fumigatus_Af293	TRAIN_PREDICT:FUNANNOTATE_TRAIN	TRAIN_PREDICT:FUNANNOTATE_TRAIN (Aspergillus_fumigatus_Af293)	FAILED	1	0.002													annotate_trace.20260910_225647.txt	overhead
v1.9.0-beta11_conda	Malassezia_globosa_CBS_7966	TRAIN_PREDICT:FUNANNOTATE_TRAIN	TRAIN_PREDICT:FUNANNOTATE_TRAIN (Malassezia_globosa_CBS_7966)	FAILED	1	60.0													annotate_trace.20260910_225647.txt	overhead
v1.9.0-beta11_conda	Allomyces_macrogynus_ATCC_38327	TRAIN_PREDICT:FUNANNOTATE_TRAIN	TRAIN_PREDICT:FUNANNOTATE_TRAIN (Allomyces_macrogynus_ATCC_38327)	FAILED	1	60.0													annotate_trace.20260910_225647.txt	overhead
v1.9.0-beta11_conda	Aspergillus_fumigatus_Af293	TRAIN_PREDICT:FUNANNOTATE_TRAIN	TRAIN_PREDICT:FUNANNOTATE_TRAIN (Aspergillus_fumigatus_Af293)	FAILED	1	0.006													annotate_trace.20260910_225647.txt	overhead
v1.9.0-beta11_conda	Malassezia_globosa_CBS_7966	TRAIN_PREDICT:FUNANNOTATE_TRAIN	TRAIN_PREDICT:FUNANNOTATE_TRAIN (Malassezia_globosa_CBS_7966)	FAILED	1	0.002													annotate_trace.20260910_225647.txt	overhead
v1.9.0-beta11_conda	Saccharomyces_cerevisiae_S288C	TRAIN_PREDICT:FUNANNOTATE_TRAIN	TRAIN_PREDICT:FUNANNOTATE_TRAIN (Saccharomyces_cerevisiae_S288C)	FAILED	1	24241.0													annotate_trace.20260910_225647.txt	overhead
v1.9.0-beta11_conda	Chaetomium_globosum_CBS_148.51	TRAIN_PREDICT:FUNANNOTATE_TRAIN	TRAIN_PREDICT:FUNANNOTATE_TRAIN (Chaetomium_globosum_CBS_148.51)	FAILED	1	26161.0													annotate_trace.20260910_225647.txt	overhead
v1.9.0-beta11_conda	Batrachochytrium_dendrobatidis_JAM81	TRAIN_PREDICT:FUNANNOTATE_TRAIN	TRAIN_PREDICT:FUNANNOTATE_TRAIN (Batrachochytrium_dendrobatidis_JAM81)	FAILED	1	34922.0													annotate_trace.20260910_225647.txt	overhead
v1.9.0-beta11_conda	Cryptococcus_neoformans_H99	TRAIN_PREDICT:FUNANNOTATE_TRAIN	TRAIN_PREDICT:FUNANNOTATE_TRAIN (Cryptococcus_neoformans_H99)	FAILED	1	37442.0													annotate_trace.20260910_225647.txt	overhead
v1.9.0-beta11_conda	Umbelopsis_ramanniana_AG	TRAIN_PREDICT:FUNANNOTATE_TRAIN	TRAIN_PREDICT:FUNANNOTATE_TRAIN (Umbelopsis_ramanniana_AG)	FAILED	1	42302.0													annotate_trace.20260910_225647.txt	overhead
v1.9.0-beta11_conda	-	FETCH_RNASEQ:COLLECT_SRA_QUERY	FETCH_RNASEQ:COLLECT_SRA_QUERY	CACHED	0	0.252	66.9	0.0031000000000000003	rss	4.683e-05									annotate_trace.20260911_130826.txt	cached
v1.9.0-beta11_conda	Malassezia_globosa_CBS_7966	TRAIN_PREDICT:FUNANNOTATE_TRAIN	TRAIN_PREDICT:FUNANNOTATE_TRAIN (Malassezia_globosa_CBS_7966)	COMPLETED	0	56.7	30.9	0.1497	rss	0.00486675									annotate_trace.20260911_130826.txt	final
v1.9.0-beta11_conda	Allomyces_macrogynus_ATCC_38327	TRAIN_PREDICT:FUNANNOTATE_TRAIN	TRAIN_PREDICT:FUNANNOTATE_TRAIN (Allomyces_macrogynus_ATCC_38327)	COMPLETED	0	197.0	64.7	1.2	rss	0.03540527777777778									annotate_trace.20260911_130826.txt	final
v1.9.0-beta11_conda	Aspergillus_fumigatus_Af293	TRAIN_PREDICT:FUNANNOTATE_TRAIN	TRAIN_PREDICT:FUNANNOTATE_TRAIN (Aspergillus_fumigatus_Af293)	COMPLETED	0	197.0	88.3	0.977	rss	0.04831972222222222									annotate_trace.20260911_130826.txt	final
v1.9.0-beta11_conda	Chaetomium_globosum_CBS_148.51	TRAIN_PREDICT:FUNANNOTATE_TRAIN	TRAIN_PREDICT:FUNANNOTATE_TRAIN (Chaetomium_globosum_CBS_148.51)	COMPLETED	0	212.0	83.4	0.9461	rss	0.049113333333333335									annotate_trace.20260911_130826.txt	final
v1.9.0-beta11_conda	Saccharomyces_cerevisiae_S288C	TRAIN_PREDICT:FUNANNOTATE_TRAIN	TRAIN_PREDICT:FUNANNOTATE_TRAIN (Saccharomyces_cerevisiae_S288C)	COMPLETED	0	114.0	73.1	0.7336	rss	0.023148333333333333									annotate_trace.20260911_130826.txt	final
v1.9.0-beta11_conda	Cryptococcus_neoformans_H99	TRAIN_PREDICT:FUNANNOTATE_TRAIN	TRAIN_PREDICT:FUNANNOTATE_TRAIN (Cryptococcus_neoformans_H99)	COMPLETED	0	262.0	64.4	0.5909	rss	0.04686888888888889									annotate_trace.20260911_130826.txt	final
v1.9.0-beta11_conda	Umbelopsis_ramanniana_AG	TRAIN_PREDICT:FUNANNOTATE_TRAIN	TRAIN_PREDICT:FUNANNOTATE_TRAIN (Umbelopsis_ramanniana_AG)	COMPLETED	0	399.0	27.4	0.5472	rss	0.03036833333333333									annotate_trace.20260911_130826.txt	final
v1.9.0-beta11_conda	Batrachochytrium_dendrobatidis_JAM81	TRAIN_PREDICT:FUNANNOTATE_TRAIN	TRAIN_PREDICT:FUNANNOTATE_TRAIN (Batrachochytrium_dendrobatidis_JAM81)	COMPLETED	0	467.0	489.2	0.6614	rss	0.634601111111111									annotate_trace.20260911_130826.txt	final
v1.9.0-beta11_conda	Saccharomyces_cerevisiae_S288C	TRAIN_PREDICT:FUNANNOTATE_PREDICT	TRAIN_PREDICT:FUNANNOTATE_PREDICT (Saccharomyces_cerevisiae_S288C)	COMPLETED	0	2083.0	379.4	1.8	rss	2.195250555555555									annotate_trace.20260911_130826.txt	final
v1.9.0-beta11_conda	Cryptococcus_neoformans_H99	TRAIN_PREDICT:FUNANNOTATE_PREDICT	TRAIN_PREDICT:FUNANNOTATE_PREDICT (Cryptococcus_neoformans_H99)	COMPLETED	0	2070.0	399.4	6.8	rss	2.29655									annotate_trace.20260911_130826.txt	final
v1.9.0-beta11_conda	Batrachochytrium_dendrobatidis_JAM81	TRAIN_PREDICT:FUNANNOTATE_PREDICT	TRAIN_PREDICT:FUNANNOTATE_PREDICT (Batrachochytrium_dendrobatidis_JAM81)	COMPLETED	0	2049.0	529.1	6.3	rss	3.011460833333334									annotate_trace.20260911_130826.txt	final
v1.9.0-beta11_conda	Malassezia_globosa_CBS_7966	TRAIN_PREDICT:FUNANNOTATE_PREDICT	TRAIN_PREDICT:FUNANNOTATE_PREDICT (Malassezia_globosa_CBS_7966)	COMPLETED	0	2801.0	323.6	2.4	rss	2.517787777777778									annotate_trace.20260911_130826.txt	final
v1.9.0-beta11_conda	Umbelopsis_ramanniana_AG	TRAIN_PREDICT:FUNANNOTATE_PREDICT	TRAIN_PREDICT:FUNANNOTATE_PREDICT (Umbelopsis_ramanniana_AG)	COMPLETED	0	2711.0	313.1	3.6	rss	2.3578169444444446									annotate_trace.20260911_130826.txt	final
v1.9.0-beta11_conda	Aspergillus_fumigatus_Af293	TRAIN_PREDICT:FUNANNOTATE_PREDICT	TRAIN_PREDICT:FUNANNOTATE_PREDICT (Aspergillus_fumigatus_Af293)	COMPLETED	0	3316.0	377.3	13.6	rss	3.4753522222222224									annotate_trace.20260911_130826.txt	final
v1.9.0-beta11_conda	Chaetomium_globosum_CBS_148.51	TRAIN_PREDICT:FUNANNOTATE_PREDICT	TRAIN_PREDICT:FUNANNOTATE_PREDICT (Chaetomium_globosum_CBS_148.51)	COMPLETED	0	3276.0	451.2	16.7	rss	4.105919999999999									annotate_trace.20260911_130826.txt	final
v1.9.0-beta11_conda	Allomyces_macrogynus_ATCC_38327	TRAIN_PREDICT:FUNANNOTATE_PREDICT	TRAIN_PREDICT:FUNANNOTATE_PREDICT (Allomyces_macrogynus_ATCC_38327)	COMPLETED	0	4267.0	462.7	8.1	rss	5.484280277777778									annotate_trace.20260911_130826.txt	final
v1.9.0-beta11_conda_rust	-	ASM_STATS	ASM_STATS	COMPLETED	0	4.4	116.5	0.007	rss	0.0014238888888888893									annotate_trace.20260907_181325.txt	final
v1.9.0-beta11_conda_rust	Batrachochytrium_dendrobatidis_JAM81	MASK_GENOME:MASKREPEAT_TANTAN_RUN	MASK_GENOME:MASKREPEAT_TANTAN_RUN (Batrachochytrium_dendrobatidis_JAM81)	COMPLETED	0	11.3	104.1	0.06659999999999999	rss	0.0032675833333333333									annotate_trace.20260907_181325.txt	final
v1.9.0-beta11_conda_rust	Umbelopsis_ramanniana_AG	MASK_GENOME:MASKREPEAT_TANTAN_RUN	MASK_GENOME:MASKREPEAT_TANTAN_RUN (Umbelopsis_ramanniana_AG)	COMPLETED	0	17.8	119.2	0.0585	rss	0.005893777777777778									annotate_trace.20260907_181325.txt	final
v1.9.0-beta11_conda_rust	Saccharomyces_cerevisiae_S288C	MASK_GENOME:MASKREPEAT_TANTAN_RUN	MASK_GENOME:MASKREPEAT_TANTAN_RUN (Saccharomyces_cerevisiae_S288C)	COMPLETED	0	11.7	94.8	0.0632	rss	0.0030809999999999995									annotate_trace.20260907_181325.txt	final
v1.9.0-beta11_conda_rust	-	SETUP_DBS:SETUP_MARIADB_DATADIR	SETUP_DBS:SETUP_MARIADB_DATADIR	COMPLETED	0	4.6	22.9	0.13390000000000002	rss	0.00029261111111111106									annotate_trace.20260907_181325.txt	final
v1.9.0-beta11_conda_rust	Pneumocystis_murina_B123	MASK_GENOME:MASKREPEAT_TANTAN_RUN	MASK_GENOME:MASKREPEAT_TANTAN_RUN (Pneumocystis_murina_B123)	COMPLETED	0	9.9	72.7	0.0574	rss	0.00199925									annotate_trace.20260907_181325.txt	final
v1.9.0-beta11_conda_rust	Malassezia_globosa_CBS_7966	MASK_GENOME:MASKREPEAT_TANTAN_RUN	MASK_GENOME:MASKREPEAT_TANTAN_RUN (Malassezia_globosa_CBS_7966)	COMPLETED	0	13.1	82.2	0.0631	rss	0.002991166666666667									annotate_trace.20260907_181325.txt	final
v1.9.0-beta11_conda_rust	-	SETUP_DBS:SETUP_AUGUSTUS_CONFIG	SETUP_DBS:SETUP_AUGUSTUS_CONFIG	COMPLETED	0	19.7	3.2	0.0115	rss	0.0001751111111111111									annotate_trace.20260907_181325.txt	final
v1.9.0-beta11_conda_rust	Chaetomium_globosum_CBS_148.51	MASK_GENOME:MASKREPEAT_TANTAN_RUN	MASK_GENOME:MASKREPEAT_TANTAN_RUN (Chaetomium_globosum_CBS_148.51)	COMPLETED	0	22.5	125.9	0.08990000000000001	rss	0.00786875									annotate_trace.20260907_181325.txt	final
v1.9.0-beta11_conda_rust	Cryptococcus_neoformans_H99	MASK_GENOME:MASKREPEAT_TANTAN_RUN	MASK_GENOME:MASKREPEAT_TANTAN_RUN (Cryptococcus_neoformans_H99)	COMPLETED	0	15.1	111.7	0.06540000000000001	rss	0.004685194444444444									annotate_trace.20260907_181325.txt	final
v1.9.0-beta11_conda_rust	Rhodotorula_toruloides_NP11	MASK_GENOME:MASKREPEAT_TANTAN_RUN	MASK_GENOME:MASKREPEAT_TANTAN_RUN (Rhodotorula_toruloides_NP11)	COMPLETED	0	15.3	114.7	0.061200000000000004	rss	0.004874750000000001									annotate_trace.20260907_181325.txt	final
v1.9.0-beta11_conda_rust	Aspergillus_fumigatus_Af293	MASK_GENOME:MASKREPEAT_TANTAN_RUN	MASK_GENOME:MASKREPEAT_TANTAN_RUN (Aspergillus_fumigatus_Af293)	COMPLETED	0	19.5	119.6	0.07970000000000001	rss	0.006478333333333333									annotate_trace.20260907_181325.txt	final
v1.9.0-beta11_conda_rust	Allomyces_macrogynus_ATCC_38327	MASK_GENOME:MASKREPEAT_TANTAN_RUN	MASK_GENOME:MASKREPEAT_TANTAN_RUN (Allomyces_macrogynus_ATCC_38327)	COMPLETED	0	34.5	142.3	0.0735	rss	0.013637083333333333									annotate_trace.20260907_181325.txt	final
v1.9.0-beta11_conda_rust	Batrachochytrium_dendrobatidis	TRAIN_PREDICT:RNASEQ_PREPARE	TRAIN_PREDICT:RNASEQ_PREPARE (Batrachochytrium_dendrobatidis)	COMPLETED	0	9.2	13.8	0.0594	rss	0.00035266666666666666									annotate_trace.20260907_181325.txt	final
v1.9.0-beta11_conda_rust	Umbelopsis_ramanniana	TRAIN_PREDICT:RNASEQ_PREPARE	TRAIN_PREDICT:RNASEQ_PREPARE (Umbelopsis_ramanniana)	COMPLETED	0	1.5	79.2	0.0033	rss	0.00033000000000000005									annotate_trace.20260907_181325.txt	final
v1.9.0-beta11_conda_rust	-	FETCH_RNASEQ:COLLECT_SRA_QUERY	FETCH_RNASEQ:COLLECT_SRA_QUERY	COMPLETED	0	0.254	60.3	0.0032	rss	4.2545e-05									annotate_trace.20260907_181325.txt	overhead
v1.9.0-beta11_conda_rust	Saccharomyces_cerevisiae	TRAIN_PREDICT:RNASEQ_PREPARE	TRAIN_PREDICT:RNASEQ_PREPARE (Saccharomyces_cerevisiae)	COMPLETED	0	6.1	15.6	0.0535	rss	0.0002643333333333333									annotate_trace.20260907_181325.txt	final
v1.9.0-beta11_conda_rust	Malassezia_globosa	TRAIN_PREDICT:RNASEQ_PREPARE	TRAIN_PREDICT:RNASEQ_PREPARE (Malassezia_globosa)	COMPLETED	0	6.0	15.4	0.0574	rss	0.00025666666666666665									annotate_trace.20260907_181325.txt	final
v1.9.0-beta11_conda_rust	Chaetomium_globosum	TRAIN_PREDICT:RNASEQ_PREPARE	TRAIN_PREDICT:RNASEQ_PREPARE (Chaetomium_globosum)	COMPLETED	0	1.5	65.6	0.0036000000000000003	rss	0.00027333333333333333									annotate_trace.20260907_181325.txt	final
v1.9.0-beta11_conda_rust	Allomyces_macrogynus	TRAIN_PREDICT:RNASEQ_PREPARE	TRAIN_PREDICT:RNASEQ_PREPARE (Allomyces_macrogynus)	COMPLETED	0	1.2	81.4	0.0035	rss	0.00027133333333333333									annotate_trace.20260907_181325.txt	final
v1.9.0-beta11_conda_rust	Aspergillus_fumigatus	TRAIN_PREDICT:RNASEQ_PREPARE	TRAIN_PREDICT:RNASEQ_PREPARE (Aspergillus_fumigatus)	COMPLETED	0	1.3	70.8	0.0035	rss	0.0002556666666666667									annotate_trace.20260907_181325.txt	final
v1.9.0-beta11_conda_rust	Cryptococcus_neoformans	TRAIN_PREDICT:RNASEQ_PREPARE	TRAIN_PREDICT:RNASEQ_PREPARE (Cryptococcus_neoformans)	COMPLETED	0	1.3	74.3	0.0033	rss	0.0002683055555555556									annotate_trace.20260907_181325.txt	final
v1.9.0-beta11_conda_rust	Rhodotorula_toruloides_NP11	TRAIN_PREDICT:FUNANNOTATE_PREDICT	TRAIN_PREDICT:FUNANNOTATE_PREDICT (Rhodotorula_toruloides_NP11)	FAILED	1	0.002													annotate_trace.20260907_181325.txt	overhead
v1.9.0-beta11_conda_rust	Pneumocystis_murina_B123	TRAIN_PREDICT:FUNANNOTATE_PREDICT	TRAIN_PREDICT:FUNANNOTATE_PREDICT (Pneumocystis_murina_B123)	FAILED	1	0.014													annotate_trace.20260907_181325.txt	overhead
v1.9.0-beta11_conda_rust	Umbelopsis_ramanniana_AG	TRAIN_PREDICT:FUNANNOTATE_TRAIN	TRAIN_PREDICT:FUNANNOTATE_TRAIN (Umbelopsis_ramanniana_AG)	FAILED	1	60.0													annotate_trace.20260907_181325.txt	overhead
v1.9.0-beta11_conda_rust	Batrachochytrium_dendrobatidis_JAM81	TRAIN_PREDICT:FUNANNOTATE_TRAIN	TRAIN_PREDICT:FUNANNOTATE_TRAIN (Batrachochytrium_dendrobatidis_JAM81)	FAILED	1	60.0													annotate_trace.20260907_181325.txt	overhead
v1.9.0-beta11_conda_rust	Malassezia_globosa_CBS_7966	TRAIN_PREDICT:FUNANNOTATE_TRAIN	TRAIN_PREDICT:FUNANNOTATE_TRAIN (Malassezia_globosa_CBS_7966)	FAILED	1	0.009000000000000001													annotate_trace.20260907_181325.txt	overhead
v1.9.0-beta11_conda_rust	Saccharomyces_cerevisiae_S288C	TRAIN_PREDICT:FUNANNOTATE_TRAIN	TRAIN_PREDICT:FUNANNOTATE_TRAIN (Saccharomyces_cerevisiae_S288C)	FAILED	1	0.018000000000000002													annotate_trace.20260907_181325.txt	overhead
v1.9.0-beta11_conda_rust	Chaetomium_globosum_CBS_148.51	TRAIN_PREDICT:FUNANNOTATE_TRAIN	TRAIN_PREDICT:FUNANNOTATE_TRAIN (Chaetomium_globosum_CBS_148.51)	FAILED	1	0.003													annotate_trace.20260907_181325.txt	overhead
v1.9.0-beta11_conda_rust	Allomyces_macrogynus_ATCC_38327	TRAIN_PREDICT:FUNANNOTATE_TRAIN	TRAIN_PREDICT:FUNANNOTATE_TRAIN (Allomyces_macrogynus_ATCC_38327)	FAILED	1	0.002													annotate_trace.20260907_181325.txt	overhead
v1.9.0-beta11_conda_rust	Aspergillus_fumigatus_Af293	TRAIN_PREDICT:FUNANNOTATE_TRAIN	TRAIN_PREDICT:FUNANNOTATE_TRAIN (Aspergillus_fumigatus_Af293)	FAILED	1	60.0													annotate_trace.20260907_181325.txt	overhead
v1.9.0-beta11_conda_rust	Cryptococcus_neoformans_H99	TRAIN_PREDICT:FUNANNOTATE_TRAIN	TRAIN_PREDICT:FUNANNOTATE_TRAIN (Cryptococcus_neoformans_H99)	FAILED	1	60.0													annotate_trace.20260907_181325.txt	overhead
v1.9.0-beta11_conda_rust	Rhodotorula_toruloides_NP11	TRAIN_PREDICT:FUNANNOTATE_PREDICT	TRAIN_PREDICT:FUNANNOTATE_PREDICT (Rhodotorula_toruloides_NP11)	FAILED	1	0.01													annotate_trace.20260907_181325.txt	overhead
v1.9.0-beta11_conda_rust	Pneumocystis_murina_B123	TRAIN_PREDICT:FUNANNOTATE_PREDICT	TRAIN_PREDICT:FUNANNOTATE_PREDICT (Pneumocystis_murina_B123)	FAILED	1	0.002													annotate_trace.20260907_181325.txt	overhead
v1.9.0-beta11_conda_rust	Rhodotorula_toruloides_NP11	TRAIN_PREDICT:FUNANNOTATE_PREDICT	TRAIN_PREDICT:FUNANNOTATE_PREDICT (Rhodotorula_toruloides_NP11)	FAILED	1	0.001													annotate_trace.20260907_181325.txt	overhead
v1.9.0-beta11_conda_rust	Pneumocystis_murina_B123	TRAIN_PREDICT:FUNANNOTATE_PREDICT	TRAIN_PREDICT:FUNANNOTATE_PREDICT (Pneumocystis_murina_B123)	FAILED	1	0.0													annotate_trace.20260907_181325.txt	overhead
v1.9.0-beta11_conda_rust	Umbelopsis_ramanniana_AG	TRAIN_PREDICT:FUNANNOTATE_TRAIN	TRAIN_PREDICT:FUNANNOTATE_TRAIN (Umbelopsis_ramanniana_AG)	FAILED	1	60.0													annotate_trace.20260907_181325.txt	overhead
v1.9.0-beta11_conda_rust	Malassezia_globosa_CBS_7966	TRAIN_PREDICT:FUNANNOTATE_TRAIN	TRAIN_PREDICT:FUNANNOTATE_TRAIN (Malassezia_globosa_CBS_7966)	FAILED	1	0.001													annotate_trace.20260907_181325.txt	overhead
v1.9.0-beta11_conda_rust	Batrachochytrium_dendrobatidis_JAM81	TRAIN_PREDICT:FUNANNOTATE_TRAIN	TRAIN_PREDICT:FUNANNOTATE_TRAIN (Batrachochytrium_dendrobatidis_JAM81)	FAILED	1	60.0													annotate_trace.20260907_181325.txt	overhead
v1.9.0-beta11_conda_rust	Saccharomyces_cerevisiae_S288C	TRAIN_PREDICT:FUNANNOTATE_TRAIN	TRAIN_PREDICT:FUNANNOTATE_TRAIN (Saccharomyces_cerevisiae_S288C)	FAILED	1	60.0													annotate_trace.20260907_181325.txt	overhead
v1.9.0-beta11_conda_rust	Chaetomium_globosum_CBS_148.51	TRAIN_PREDICT:FUNANNOTATE_TRAIN	TRAIN_PREDICT:FUNANNOTATE_TRAIN (Chaetomium_globosum_CBS_148.51)	FAILED	1	0.007													annotate_trace.20260907_181325.txt	overhead
v1.9.0-beta11_conda_rust	Allomyces_macrogynus_ATCC_38327	TRAIN_PREDICT:FUNANNOTATE_TRAIN	TRAIN_PREDICT:FUNANNOTATE_TRAIN (Allomyces_macrogynus_ATCC_38327)	FAILED	1	0.002													annotate_trace.20260907_181325.txt	overhead
v1.9.0-beta11_conda_rust	Aspergillus_fumigatus_Af293	TRAIN_PREDICT:FUNANNOTATE_TRAIN	TRAIN_PREDICT:FUNANNOTATE_TRAIN (Aspergillus_fumigatus_Af293)	FAILED	1	0.002													annotate_trace.20260907_181325.txt	overhead
v1.9.0-beta11_conda_rust	Cryptococcus_neoformans_H99	TRAIN_PREDICT:FUNANNOTATE_TRAIN	TRAIN_PREDICT:FUNANNOTATE_TRAIN (Cryptococcus_neoformans_H99)	FAILED	1	0.005													annotate_trace.20260907_181325.txt	overhead
v1.9.0-beta11_conda_rust	-	FETCH_RNASEQ:COLLECT_SRA_QUERY	FETCH_RNASEQ:COLLECT_SRA_QUERY	CACHED	0	0.254	60.3	0.0032	rss	4.2545e-05									annotate_trace.20260908_160108.txt	cached
v1.9.0-beta11_conda_rust	Rhodotorula_toruloides_NP11	TRAIN_PREDICT:FUNANNOTATE_PREDICT	TRAIN_PREDICT:FUNANNOTATE_PREDICT (Rhodotorula_toruloides_NP11)	COMPLETED	0	3201.0	581.3	4.3	rss	5.168725833333333									annotate_trace.20260908_160108.txt	final
v1.9.0-beta11_conda_rust	Umbelopsis_ramanniana_AG	TRAIN_PREDICT:FUNANNOTATE_TRAIN	TRAIN_PREDICT:FUNANNOTATE_TRAIN (Umbelopsis_ramanniana_AG)	FAILED	1	1200.0													annotate_trace.20260908_160108.txt	overhead
v1.9.0-beta11_conda_rust	Batrachochytrium_dendrobatidis_JAM81	TRAIN_PREDICT:FUNANNOTATE_TRAIN	TRAIN_PREDICT:FUNANNOTATE_TRAIN (Batrachochytrium_dendrobatidis_JAM81)	FAILED	1	1200.0													annotate_trace.20260908_160108.txt	overhead
v1.9.0-beta11_conda_rust	Cryptococcus_neoformans_H99	TRAIN_PREDICT:FUNANNOTATE_TRAIN	TRAIN_PREDICT:FUNANNOTATE_TRAIN (Cryptococcus_neoformans_H99)	FAILED	1	780.0													annotate_trace.20260908_160108.txt	overhead
v1.9.0-beta11_conda_rust	Saccharomyces_cerevisiae_S288C	TRAIN_PREDICT:FUNANNOTATE_TRAIN	TRAIN_PREDICT:FUNANNOTATE_TRAIN (Saccharomyces_cerevisiae_S288C)	FAILED	1	660.0													annotate_trace.20260908_160108.txt	overhead
v1.9.0-beta11_conda_rust	Malassezia_globosa_CBS_7966	TRAIN_PREDICT:FUNANNOTATE_TRAIN	TRAIN_PREDICT:FUNANNOTATE_TRAIN (Malassezia_globosa_CBS_7966)	FAILED	1	600.0													annotate_trace.20260908_160108.txt	overhead
v1.9.0-beta11_conda_rust	Pneumocystis_murina_B123	TRAIN_PREDICT:FUNANNOTATE_PREDICT	TRAIN_PREDICT:FUNANNOTATE_PREDICT (Pneumocystis_murina_B123)	COMPLETED	0	3045.0	489.1	1.1	rss	4.136970833333334									annotate_trace.20260908_160108.txt	final
v1.9.0-beta11_conda_rust	Aspergillus_fumigatus_Af293	TRAIN_PREDICT:FUNANNOTATE_TRAIN	TRAIN_PREDICT:FUNANNOTATE_TRAIN (Aspergillus_fumigatus_Af293)	FAILED	1	1920.0													annotate_trace.20260908_160108.txt	overhead
v1.9.0-beta11_conda_rust	Chaetomium_globosum_CBS_148.51	TRAIN_PREDICT:FUNANNOTATE_TRAIN	TRAIN_PREDICT:FUNANNOTATE_TRAIN (Chaetomium_globosum_CBS_148.51)	FAILED	1	1980.0													annotate_trace.20260908_160108.txt	overhead
v1.9.0-beta11_conda_rust	Allomyces_macrogynus_ATCC_38327	TRAIN_PREDICT:FUNANNOTATE_TRAIN	TRAIN_PREDICT:FUNANNOTATE_TRAIN (Allomyces_macrogynus_ATCC_38327)	FAILED	1	4740.0													annotate_trace.20260908_160108.txt	overhead
v1.9.0-beta11_conda_rust	Batrachochytrium_dendrobatidis_JAM81	TRAIN_PREDICT:FUNANNOTATE_TRAIN	TRAIN_PREDICT:FUNANNOTATE_TRAIN (Batrachochytrium_dendrobatidis_JAM81)	FAILED	1	780.0													annotate_trace.20260908_160108.txt	overhead
v1.9.0-beta11_conda_rust	Cryptococcus_neoformans_H99	TRAIN_PREDICT:FUNANNOTATE_TRAIN	TRAIN_PREDICT:FUNANNOTATE_TRAIN (Cryptococcus_neoformans_H99)	FAILED	1	360.0													annotate_trace.20260908_160108.txt	overhead
v1.9.0-beta11_conda_rust	Umbelopsis_ramanniana_AG	TRAIN_PREDICT:FUNANNOTATE_TRAIN	TRAIN_PREDICT:FUNANNOTATE_TRAIN (Umbelopsis_ramanniana_AG)	FAILED	1	1140.0													annotate_trace.20260908_160108.txt	overhead
v1.9.0-beta11_conda_rust	Saccharomyces_cerevisiae_S288C	TRAIN_PREDICT:FUNANNOTATE_TRAIN	TRAIN_PREDICT:FUNANNOTATE_TRAIN (Saccharomyces_cerevisiae_S288C)	FAILED	1	240.0													annotate_trace.20260908_160108.txt	overhead
v1.9.0-beta11_conda_rust	Batrachochytrium_dendrobatidis_JAM81	TRAIN_PREDICT:FUNANNOTATE_TRAIN	TRAIN_PREDICT:FUNANNOTATE_TRAIN (Batrachochytrium_dendrobatidis_JAM81)	FAILED	1	240.0													annotate_trace.20260908_160108.txt	overhead
v1.9.0-beta11_conda_rust	Malassezia_globosa_CBS_7966	TRAIN_PREDICT:FUNANNOTATE_TRAIN	TRAIN_PREDICT:FUNANNOTATE_TRAIN (Malassezia_globosa_CBS_7966)	FAILED	1	360.0													annotate_trace.20260908_160108.txt	overhead
v1.9.0-beta11_conda_rust	Umbelopsis_ramanniana_AG	TRAIN_PREDICT:FUNANNOTATE_TRAIN	TRAIN_PREDICT:FUNANNOTATE_TRAIN (Umbelopsis_ramanniana_AG)	FAILED	1	300.0													annotate_trace.20260908_160108.txt	overhead
v1.9.0-beta11_conda_rust	Cryptococcus_neoformans_H99	TRAIN_PREDICT:FUNANNOTATE_TRAIN	TRAIN_PREDICT:FUNANNOTATE_TRAIN (Cryptococcus_neoformans_H99)	FAILED	1	180.0													annotate_trace.20260908_160108.txt	overhead
v1.9.0-beta11_conda_rust	Aspergillus_fumigatus_Af293	TRAIN_PREDICT:FUNANNOTATE_TRAIN	TRAIN_PREDICT:FUNANNOTATE_TRAIN (Aspergillus_fumigatus_Af293)	FAILED	1	540.0													annotate_trace.20260908_160108.txt	overhead
v1.9.0-beta11_conda_rust	Saccharomyces_cerevisiae_S288C	TRAIN_PREDICT:FUNANNOTATE_TRAIN	TRAIN_PREDICT:FUNANNOTATE_TRAIN (Saccharomyces_cerevisiae_S288C)	FAILED	1	120.0													annotate_trace.20260908_160108.txt	overhead
v1.9.0-beta11_conda_rust	Chaetomium_globosum_CBS_148.51	TRAIN_PREDICT:FUNANNOTATE_TRAIN	TRAIN_PREDICT:FUNANNOTATE_TRAIN (Chaetomium_globosum_CBS_148.51)	FAILED	1	660.0													annotate_trace.20260908_160108.txt	overhead
v1.9.0-beta11_conda_rust	Allomyces_macrogynus_ATCC_38327	TRAIN_PREDICT:FUNANNOTATE_TRAIN	TRAIN_PREDICT:FUNANNOTATE_TRAIN (Allomyces_macrogynus_ATCC_38327)	FAILED	1	1199.0													annotate_trace.20260908_160108.txt	overhead
v1.9.0-beta11_conda_rust	-	FETCH_RNASEQ:COLLECT_SRA_QUERY	FETCH_RNASEQ:COLLECT_SRA_QUERY	CACHED	0	0.254	60.3	0.0032	rss	4.2545e-05									annotate_trace.20260909_091332.txt	cached
v1.9.0-beta11_conda_rust	Batrachochytrium_dendrobatidis_JAM81	TRAIN_PREDICT:FUNANNOTATE_TRAIN	TRAIN_PREDICT:FUNANNOTATE_TRAIN (Batrachochytrium_dendrobatidis_JAM81)	FAILED	1	480.0													annotate_trace.20260909_091332.txt	overhead
v1.9.0-beta11_conda_rust	Umbelopsis_ramanniana_AG	TRAIN_PREDICT:FUNANNOTATE_TRAIN	TRAIN_PREDICT:FUNANNOTATE_TRAIN (Umbelopsis_ramanniana_AG)	FAILED	1	240.0													annotate_trace.20260909_091332.txt	overhead
v1.9.0-beta11_conda_rust	Saccharomyces_cerevisiae_S288C	TRAIN_PREDICT:FUNANNOTATE_TRAIN	TRAIN_PREDICT:FUNANNOTATE_TRAIN (Saccharomyces_cerevisiae_S288C)	FAILED	1	120.0													annotate_trace.20260909_091332.txt	overhead
v1.9.0-beta11_conda_rust	Aspergillus_fumigatus_Af293	TRAIN_PREDICT:FUNANNOTATE_TRAIN	TRAIN_PREDICT:FUNANNOTATE_TRAIN (Aspergillus_fumigatus_Af293)	FAILED	1	240.0													annotate_trace.20260909_091332.txt	overhead
v1.9.0-beta11_conda_rust	Allomyces_macrogynus_ATCC_38327	TRAIN_PREDICT:FUNANNOTATE_TRAIN	TRAIN_PREDICT:FUNANNOTATE_TRAIN (Allomyces_macrogynus_ATCC_38327)	FAILED	1	1140.0													annotate_trace.20260909_091332.txt	overhead
v1.9.0-beta11_conda_rust	Cryptococcus_neoformans_H99	TRAIN_PREDICT:FUNANNOTATE_TRAIN	TRAIN_PREDICT:FUNANNOTATE_TRAIN (Cryptococcus_neoformans_H99)	FAILED	1	480.0													annotate_trace.20260909_091332.txt	overhead
v1.9.0-beta11_conda_rust	Malassezia_globosa_CBS_7966	TRAIN_PREDICT:FUNANNOTATE_TRAIN	TRAIN_PREDICT:FUNANNOTATE_TRAIN (Malassezia_globosa_CBS_7966)	FAILED	1	300.0													annotate_trace.20260909_091332.txt	overhead
v1.9.0-beta11_conda_rust	Chaetomium_globosum_CBS_148.51	TRAIN_PREDICT:FUNANNOTATE_TRAIN	TRAIN_PREDICT:FUNANNOTATE_TRAIN (Chaetomium_globosum_CBS_148.51)	FAILED	1	660.0													annotate_trace.20260909_091332.txt	overhead
v1.9.0-beta11_conda_rust	Batrachochytrium_dendrobatidis_JAM81	TRAIN_PREDICT:FUNANNOTATE_TRAIN	TRAIN_PREDICT:FUNANNOTATE_TRAIN (Batrachochytrium_dendrobatidis_JAM81)	FAILED	1	240.0													annotate_trace.20260909_091332.txt	overhead
v1.9.0-beta11_conda_rust	Umbelopsis_ramanniana_AG	TRAIN_PREDICT:FUNANNOTATE_TRAIN	TRAIN_PREDICT:FUNANNOTATE_TRAIN (Umbelopsis_ramanniana_AG)	FAILED	1	300.0													annotate_trace.20260909_091332.txt	overhead
v1.9.0-beta11_conda_rust	Batrachochytrium_dendrobatidis_JAM81	TRAIN_PREDICT:FUNANNOTATE_TRAIN	TRAIN_PREDICT:FUNANNOTATE_TRAIN (Batrachochytrium_dendrobatidis_JAM81)	FAILED	1	360.0													annotate_trace.20260909_091332.txt	overhead
v1.9.0-beta11_conda_rust	Umbelopsis_ramanniana_AG	TRAIN_PREDICT:FUNANNOTATE_TRAIN	TRAIN_PREDICT:FUNANNOTATE_TRAIN (Umbelopsis_ramanniana_AG)	FAILED	1	360.0													annotate_trace.20260909_091332.txt	overhead
v1.9.0-beta11_conda_rust	Saccharomyces_cerevisiae_S288C	TRAIN_PREDICT:FUNANNOTATE_TRAIN	TRAIN_PREDICT:FUNANNOTATE_TRAIN (Saccharomyces_cerevisiae_S288C)	FAILED	1	180.0													annotate_trace.20260909_091332.txt	overhead
v1.9.0-beta11_conda_rust	Aspergillus_fumigatus_Af293	TRAIN_PREDICT:FUNANNOTATE_TRAIN	TRAIN_PREDICT:FUNANNOTATE_TRAIN (Aspergillus_fumigatus_Af293)	FAILED	1	180.0													annotate_trace.20260909_091332.txt	overhead
v1.9.0-beta11_conda_rust	Allomyces_macrogynus_ATCC_38327	TRAIN_PREDICT:FUNANNOTATE_TRAIN	TRAIN_PREDICT:FUNANNOTATE_TRAIN (Allomyces_macrogynus_ATCC_38327)	FAILED	1	300.0													annotate_trace.20260909_091332.txt	overhead
v1.9.0-beta11_conda_rust	Cryptococcus_neoformans_H99	TRAIN_PREDICT:FUNANNOTATE_TRAIN	TRAIN_PREDICT:FUNANNOTATE_TRAIN (Cryptococcus_neoformans_H99)	FAILED	1	120.0													annotate_trace.20260909_091332.txt	overhead
v1.9.0-beta11_conda_rust	Malassezia_globosa_CBS_7966	TRAIN_PREDICT:FUNANNOTATE_TRAIN	TRAIN_PREDICT:FUNANNOTATE_TRAIN (Malassezia_globosa_CBS_7966)	FAILED	1	180.0													annotate_trace.20260909_091332.txt	overhead
v1.9.0-beta11_conda_rust	Chaetomium_globosum_CBS_148.51	TRAIN_PREDICT:FUNANNOTATE_TRAIN	TRAIN_PREDICT:FUNANNOTATE_TRAIN (Chaetomium_globosum_CBS_148.51)	FAILED	1	420.0													annotate_trace.20260909_091332.txt	overhead
v1.9.0-beta11_conda_rust	-	FETCH_RNASEQ:COLLECT_SRA_QUERY	FETCH_RNASEQ:COLLECT_SRA_QUERY	CACHED	0	0.254	60.3	0.0032	rss	4.2545e-05									annotate_trace.20260909_224225.txt	cached
v1.9.0-beta11_conda_rust	Allomyces_macrogynus_ATCC_38327	TRAIN_PREDICT:FUNANNOTATE_TRAIN	TRAIN_PREDICT:FUNANNOTATE_TRAIN (Allomyces_macrogynus_ATCC_38327)	FAILED	1	0.008													annotate_trace.20260909_224225.txt	overhead
v1.9.0-beta11_conda_rust	Umbelopsis_ramanniana_AG	TRAIN_PREDICT:FUNANNOTATE_TRAIN	TRAIN_PREDICT:FUNANNOTATE_TRAIN (Umbelopsis_ramanniana_AG)	FAILED	1	0.004													annotate_trace.20260909_224225.txt	overhead
v1.9.0-beta11_conda_rust	Batrachochytrium_dendrobatidis_JAM81	TRAIN_PREDICT:FUNANNOTATE_TRAIN	TRAIN_PREDICT:FUNANNOTATE_TRAIN (Batrachochytrium_dendrobatidis_JAM81)	FAILED	1	0.007													annotate_trace.20260909_224225.txt	overhead
v1.9.0-beta11_conda_rust	Saccharomyces_cerevisiae_S288C	TRAIN_PREDICT:FUNANNOTATE_TRAIN	TRAIN_PREDICT:FUNANNOTATE_TRAIN (Saccharomyces_cerevisiae_S288C)	FAILED	1	0.111													annotate_trace.20260909_224225.txt	overhead
v1.9.0-beta11_conda_rust	Chaetomium_globosum_CBS_148.51	TRAIN_PREDICT:FUNANNOTATE_TRAIN	TRAIN_PREDICT:FUNANNOTATE_TRAIN (Chaetomium_globosum_CBS_148.51)	FAILED	1	0.004													annotate_trace.20260909_224225.txt	overhead
v1.9.0-beta11_conda_rust	Aspergillus_fumigatus_Af293	TRAIN_PREDICT:FUNANNOTATE_TRAIN	TRAIN_PREDICT:FUNANNOTATE_TRAIN (Aspergillus_fumigatus_Af293)	FAILED	1	0.004													annotate_trace.20260909_224225.txt	overhead
v1.9.0-beta11_conda_rust	Cryptococcus_neoformans_H99	TRAIN_PREDICT:FUNANNOTATE_TRAIN	TRAIN_PREDICT:FUNANNOTATE_TRAIN (Cryptococcus_neoformans_H99)	FAILED	1	0.008													annotate_trace.20260909_224225.txt	overhead
v1.9.0-beta11_conda_rust	Malassezia_globosa_CBS_7966	TRAIN_PREDICT:FUNANNOTATE_TRAIN	TRAIN_PREDICT:FUNANNOTATE_TRAIN (Malassezia_globosa_CBS_7966)	FAILED	1	59.7													annotate_trace.20260909_224225.txt	overhead
v1.9.0-beta11_conda_rust	Allomyces_macrogynus_ATCC_38327	TRAIN_PREDICT:FUNANNOTATE_TRAIN	TRAIN_PREDICT:FUNANNOTATE_TRAIN (Allomyces_macrogynus_ATCC_38327)	FAILED	1	0.012													annotate_trace.20260909_224225.txt	overhead
v1.9.0-beta11_conda_rust	Umbelopsis_ramanniana_AG	TRAIN_PREDICT:FUNANNOTATE_TRAIN	TRAIN_PREDICT:FUNANNOTATE_TRAIN (Umbelopsis_ramanniana_AG)	FAILED	1	0.002													annotate_trace.20260909_224225.txt	overhead
v1.9.0-beta11_conda_rust	Batrachochytrium_dendrobatidis_JAM81	TRAIN_PREDICT:FUNANNOTATE_TRAIN	TRAIN_PREDICT:FUNANNOTATE_TRAIN (Batrachochytrium_dendrobatidis_JAM81)	FAILED	1	0.003													annotate_trace.20260909_224225.txt	overhead
v1.9.0-beta11_conda_rust	Saccharomyces_cerevisiae_S288C	TRAIN_PREDICT:FUNANNOTATE_TRAIN	TRAIN_PREDICT:FUNANNOTATE_TRAIN (Saccharomyces_cerevisiae_S288C)	FAILED	1	59.9													annotate_trace.20260909_224225.txt	overhead
v1.9.0-beta11_conda_rust	Chaetomium_globosum_CBS_148.51	TRAIN_PREDICT:FUNANNOTATE_TRAIN	TRAIN_PREDICT:FUNANNOTATE_TRAIN (Chaetomium_globosum_CBS_148.51)	FAILED	1	0.003													annotate_trace.20260909_224225.txt	overhead
v1.9.0-beta11_conda_rust	Aspergillus_fumigatus_Af293	TRAIN_PREDICT:FUNANNOTATE_TRAIN	TRAIN_PREDICT:FUNANNOTATE_TRAIN (Aspergillus_fumigatus_Af293)	FAILED	1	0.003													annotate_trace.20260909_224225.txt	overhead
v1.9.0-beta11_conda_rust	Cryptococcus_neoformans_H99	TRAIN_PREDICT:FUNANNOTATE_TRAIN	TRAIN_PREDICT:FUNANNOTATE_TRAIN (Cryptococcus_neoformans_H99)	FAILED	1	0.006													annotate_trace.20260909_224225.txt	overhead
v1.9.0-beta11_conda_rust	Malassezia_globosa_CBS_7966	TRAIN_PREDICT:FUNANNOTATE_TRAIN	TRAIN_PREDICT:FUNANNOTATE_TRAIN (Malassezia_globosa_CBS_7966)	FAILED	1	59.9													annotate_trace.20260909_224225.txt	overhead
v1.9.0-beta11_conda_rust	Allomyces_macrogynus_ATCC_38327	TRAIN_PREDICT:FUNANNOTATE_TRAIN	TRAIN_PREDICT:FUNANNOTATE_TRAIN (Allomyces_macrogynus_ATCC_38327)	FAILED	1	0.004													annotate_trace.20260909_224225.txt	overhead
v1.9.0-beta11_conda_rust	Umbelopsis_ramanniana_AG	TRAIN_PREDICT:FUNANNOTATE_TRAIN	TRAIN_PREDICT:FUNANNOTATE_TRAIN (Umbelopsis_ramanniana_AG)	FAILED	1	0.002													annotate_trace.20260909_224225.txt	overhead
v1.9.0-beta11_conda_rust	Batrachochytrium_dendrobatidis_JAM81	TRAIN_PREDICT:FUNANNOTATE_TRAIN	TRAIN_PREDICT:FUNANNOTATE_TRAIN (Batrachochytrium_dendrobatidis_JAM81)	FAILED	1	0.002													annotate_trace.20260909_224225.txt	overhead
v1.9.0-beta11_conda_rust	Saccharomyces_cerevisiae_S288C	TRAIN_PREDICT:FUNANNOTATE_TRAIN	TRAIN_PREDICT:FUNANNOTATE_TRAIN (Saccharomyces_cerevisiae_S288C)	FAILED	1	0.002													annotate_trace.20260909_224225.txt	overhead
v1.9.0-beta11_conda_rust	Chaetomium_globosum_CBS_148.51	TRAIN_PREDICT:FUNANNOTATE_TRAIN	TRAIN_PREDICT:FUNANNOTATE_TRAIN (Chaetomium_globosum_CBS_148.51)	FAILED	1	0.004													annotate_trace.20260909_224225.txt	overhead
v1.9.0-beta11_conda_rust	Cryptococcus_neoformans_H99	TRAIN_PREDICT:FUNANNOTATE_TRAIN	TRAIN_PREDICT:FUNANNOTATE_TRAIN (Cryptococcus_neoformans_H99)	FAILED	1	0.004													annotate_trace.20260909_224225.txt	overhead
v1.9.0-beta11_conda_rust	Aspergillus_fumigatus_Af293	TRAIN_PREDICT:FUNANNOTATE_TRAIN	TRAIN_PREDICT:FUNANNOTATE_TRAIN (Aspergillus_fumigatus_Af293)	FAILED	1	0.003													annotate_trace.20260909_224225.txt	overhead
v1.9.0-beta11_conda_rust	Malassezia_globosa_CBS_7966	TRAIN_PREDICT:FUNANNOTATE_TRAIN	TRAIN_PREDICT:FUNANNOTATE_TRAIN (Malassezia_globosa_CBS_7966)	FAILED	1	0.003													annotate_trace.20260909_224225.txt	overhead
v1.9.0-beta11_conda_rust	-	FETCH_RNASEQ:COLLECT_SRA_QUERY	FETCH_RNASEQ:COLLECT_SRA_QUERY	CACHED	0	0.254	60.3	0.0032	rss	4.2545e-05									annotate_trace.20260910_001400.txt	cached
v1.9.0-beta11_conda_rust	Umbelopsis_ramanniana_AG	TRAIN_PREDICT:FUNANNOTATE_TRAIN	TRAIN_PREDICT:FUNANNOTATE_TRAIN (Umbelopsis_ramanniana_AG)	FAILED	1	0.004													annotate_trace.20260910_001400.txt	overhead
v1.9.0-beta11_conda_rust	Cryptococcus_neoformans_H99	TRAIN_PREDICT:FUNANNOTATE_TRAIN	TRAIN_PREDICT:FUNANNOTATE_TRAIN (Cryptococcus_neoformans_H99)	FAILED	1	0.007													annotate_trace.20260910_001400.txt	overhead
v1.9.0-beta11_conda_rust	Aspergillus_fumigatus_Af293	TRAIN_PREDICT:FUNANNOTATE_TRAIN	TRAIN_PREDICT:FUNANNOTATE_TRAIN (Aspergillus_fumigatus_Af293)	FAILED	1	0.002													annotate_trace.20260910_001400.txt	overhead
v1.9.0-beta11_conda_rust	Saccharomyces_cerevisiae_S288C	TRAIN_PREDICT:FUNANNOTATE_TRAIN	TRAIN_PREDICT:FUNANNOTATE_TRAIN (Saccharomyces_cerevisiae_S288C)	FAILED	1	0.014													annotate_trace.20260910_001400.txt	overhead
v1.9.0-beta11_conda_rust	Chaetomium_globosum_CBS_148.51	TRAIN_PREDICT:FUNANNOTATE_TRAIN	TRAIN_PREDICT:FUNANNOTATE_TRAIN (Chaetomium_globosum_CBS_148.51)	FAILED	1	0.002													annotate_trace.20260910_001400.txt	overhead
v1.9.0-beta11_conda_rust	Batrachochytrium_dendrobatidis_JAM81	TRAIN_PREDICT:FUNANNOTATE_TRAIN	TRAIN_PREDICT:FUNANNOTATE_TRAIN (Batrachochytrium_dendrobatidis_JAM81)	FAILED	1	60.0													annotate_trace.20260910_001400.txt	overhead
v1.9.0-beta11_conda_rust	Malassezia_globosa_CBS_7966	TRAIN_PREDICT:FUNANNOTATE_TRAIN	TRAIN_PREDICT:FUNANNOTATE_TRAIN (Malassezia_globosa_CBS_7966)	FAILED	1	0.013000000000000001													annotate_trace.20260910_001400.txt	overhead
v1.9.0-beta11_conda_rust	Allomyces_macrogynus_ATCC_38327	TRAIN_PREDICT:FUNANNOTATE_TRAIN	TRAIN_PREDICT:FUNANNOTATE_TRAIN (Allomyces_macrogynus_ATCC_38327)	FAILED	1	0.009000000000000001													annotate_trace.20260910_001400.txt	overhead
v1.9.0-beta11_conda_rust	Umbelopsis_ramanniana_AG	TRAIN_PREDICT:FUNANNOTATE_TRAIN	TRAIN_PREDICT:FUNANNOTATE_TRAIN (Umbelopsis_ramanniana_AG)	FAILED	1	0.003													annotate_trace.20260910_001400.txt	overhead
v1.9.0-beta11_conda_rust	Cryptococcus_neoformans_H99	TRAIN_PREDICT:FUNANNOTATE_TRAIN	TRAIN_PREDICT:FUNANNOTATE_TRAIN (Cryptococcus_neoformans_H99)	FAILED	1	0.002													annotate_trace.20260910_001400.txt	overhead
v1.9.0-beta11_conda_rust	Aspergillus_fumigatus_Af293	TRAIN_PREDICT:FUNANNOTATE_TRAIN	TRAIN_PREDICT:FUNANNOTATE_TRAIN (Aspergillus_fumigatus_Af293)	FAILED	1	0.008													annotate_trace.20260910_001400.txt	overhead
v1.9.0-beta11_conda_rust	Umbelopsis_ramanniana_AG	TRAIN_PREDICT:FUNANNOTATE_TRAIN	TRAIN_PREDICT:FUNANNOTATE_TRAIN (Umbelopsis_ramanniana_AG)	FAILED	1	0.01													annotate_trace.20260910_001400.txt	overhead
v1.9.0-beta11_conda_rust	Chaetomium_globosum_CBS_148.51	TRAIN_PREDICT:FUNANNOTATE_TRAIN	TRAIN_PREDICT:FUNANNOTATE_TRAIN (Chaetomium_globosum_CBS_148.51)	FAILED	1	0.002													annotate_trace.20260910_001400.txt	overhead
v1.9.0-beta11_conda_rust	Saccharomyces_cerevisiae_S288C	TRAIN_PREDICT:FUNANNOTATE_TRAIN	TRAIN_PREDICT:FUNANNOTATE_TRAIN (Saccharomyces_cerevisiae_S288C)	FAILED	1	0.007													annotate_trace.20260910_001400.txt	overhead
v1.9.0-beta11_conda_rust	Batrachochytrium_dendrobatidis_JAM81	TRAIN_PREDICT:FUNANNOTATE_TRAIN	TRAIN_PREDICT:FUNANNOTATE_TRAIN (Batrachochytrium_dendrobatidis_JAM81)	FAILED	1	0.009000000000000001													annotate_trace.20260910_001400.txt	overhead
v1.9.0-beta11_conda_rust	Malassezia_globosa_CBS_7966	TRAIN_PREDICT:FUNANNOTATE_TRAIN	TRAIN_PREDICT:FUNANNOTATE_TRAIN (Malassezia_globosa_CBS_7966)	FAILED	1	0.003													annotate_trace.20260910_001400.txt	overhead
v1.9.0-beta11_conda_rust	Allomyces_macrogynus_ATCC_38327	TRAIN_PREDICT:FUNANNOTATE_TRAIN	TRAIN_PREDICT:FUNANNOTATE_TRAIN (Allomyces_macrogynus_ATCC_38327)	FAILED	1	0.003													annotate_trace.20260910_001400.txt	overhead
v1.9.0-beta11_conda_rust	Cryptococcus_neoformans_H99	TRAIN_PREDICT:FUNANNOTATE_TRAIN	TRAIN_PREDICT:FUNANNOTATE_TRAIN (Cryptococcus_neoformans_H99)	FAILED	1	0.009000000000000001													annotate_trace.20260910_001400.txt	overhead
v1.9.0-beta11_conda_rust	-	FETCH_RNASEQ:COLLECT_SRA_QUERY	FETCH_RNASEQ:COLLECT_SRA_QUERY	CACHED	0	0.254	60.3	0.0032	rss	4.2545e-05									annotate_trace.20260910_105123.txt	cached
v1.9.0-beta11_conda_rust	Batrachochytrium_dendrobatidis_JAM81	TRAIN_PREDICT:FUNANNOTATE_TRAIN	TRAIN_PREDICT:FUNANNOTATE_TRAIN (Batrachochytrium_dendrobatidis_JAM81)	FAILED	1	0.006													annotate_trace.20260910_105123.txt	overhead
v1.9.0-beta11_conda_rust	Allomyces_macrogynus_ATCC_38327	TRAIN_PREDICT:FUNANNOTATE_TRAIN	TRAIN_PREDICT:FUNANNOTATE_TRAIN (Allomyces_macrogynus_ATCC_38327)	FAILED	1	0.002													annotate_trace.20260910_105123.txt	overhead
v1.9.0-beta11_conda_rust	Saccharomyces_cerevisiae_S288C	TRAIN_PREDICT:FUNANNOTATE_TRAIN	TRAIN_PREDICT:FUNANNOTATE_TRAIN (Saccharomyces_cerevisiae_S288C)	FAILED	1	0.003													annotate_trace.20260910_105123.txt	overhead
v1.9.0-beta11_conda_rust	-	FETCH_RNASEQ:COLLECT_SRA_QUERY	FETCH_RNASEQ:COLLECT_SRA_QUERY	CACHED	0	0.254	60.3	0.0032	rss	4.2545e-05									annotate_trace.20260910_105820.txt	cached
v1.9.0-beta11_conda_rust	Batrachochytrium_dendrobatidis_JAM81	TRAIN_PREDICT:FUNANNOTATE_TRAIN	TRAIN_PREDICT:FUNANNOTATE_TRAIN (Batrachochytrium_dendrobatidis_JAM81)	FAILED	1	420.0													annotate_trace.20260910_105820.txt	overhead
v1.9.0-beta11_conda_rust	Saccharomyces_cerevisiae_S288C	TRAIN_PREDICT:FUNANNOTATE_TRAIN	TRAIN_PREDICT:FUNANNOTATE_TRAIN (Saccharomyces_cerevisiae_S288C)	FAILED	1	120.0													annotate_trace.20260910_105820.txt	overhead
v1.9.0-beta11_conda_rust	Umbelopsis_ramanniana_AG	TRAIN_PREDICT:FUNANNOTATE_TRAIN	TRAIN_PREDICT:FUNANNOTATE_TRAIN (Umbelopsis_ramanniana_AG)	FAILED	1	720.0													annotate_trace.20260910_105820.txt	overhead
v1.9.0-beta11_conda_rust	Allomyces_macrogynus_ATCC_38327	TRAIN_PREDICT:FUNANNOTATE_TRAIN	TRAIN_PREDICT:FUNANNOTATE_TRAIN (Allomyces_macrogynus_ATCC_38327)	FAILED	1	1260.0													annotate_trace.20260910_105820.txt	overhead
v1.9.0-beta11_conda_rust	Aspergillus_fumigatus_Af293	TRAIN_PREDICT:FUNANNOTATE_TRAIN	TRAIN_PREDICT:FUNANNOTATE_TRAIN (Aspergillus_fumigatus_Af293)	FAILED	1	240.0													annotate_trace.20260910_105820.txt	overhead
v1.9.0-beta11_conda_rust	Cryptococcus_neoformans_H99	TRAIN_PREDICT:FUNANNOTATE_TRAIN	TRAIN_PREDICT:FUNANNOTATE_TRAIN (Cryptococcus_neoformans_H99)	FAILED	1	240.0													annotate_trace.20260910_105820.txt	overhead
v1.9.0-beta11_conda_rust	Malassezia_globosa_CBS_7966	TRAIN_PREDICT:FUNANNOTATE_TRAIN	TRAIN_PREDICT:FUNANNOTATE_TRAIN (Malassezia_globosa_CBS_7966)	FAILED	1	300.0													annotate_trace.20260910_105820.txt	overhead
v1.9.0-beta11_conda_rust	Chaetomium_globosum_CBS_148.51	TRAIN_PREDICT:FUNANNOTATE_TRAIN	TRAIN_PREDICT:FUNANNOTATE_TRAIN (Chaetomium_globosum_CBS_148.51)	FAILED	1	780.0													annotate_trace.20260910_105820.txt	overhead
v1.9.0-beta11_conda_rust	Batrachochytrium_dendrobatidis_JAM81	TRAIN_PREDICT:FUNANNOTATE_TRAIN	TRAIN_PREDICT:FUNANNOTATE_TRAIN (Batrachochytrium_dendrobatidis_JAM81)	FAILED	1	300.0													annotate_trace.20260910_105820.txt	overhead
v1.9.0-beta11_conda_rust	Batrachochytrium_dendrobatidis_JAM81	TRAIN_PREDICT:FUNANNOTATE_TRAIN	TRAIN_PREDICT:FUNANNOTATE_TRAIN (Batrachochytrium_dendrobatidis_JAM81)	FAILED	1	300.0													annotate_trace.20260910_105820.txt	overhead
v1.9.0-beta11_conda_rust	Saccharomyces_cerevisiae_S288C	TRAIN_PREDICT:FUNANNOTATE_TRAIN	TRAIN_PREDICT:FUNANNOTATE_TRAIN (Saccharomyces_cerevisiae_S288C)	FAILED	1	120.0													annotate_trace.20260910_105820.txt	overhead
v1.9.0-beta11_conda_rust	Umbelopsis_ramanniana_AG	TRAIN_PREDICT:FUNANNOTATE_TRAIN	TRAIN_PREDICT:FUNANNOTATE_TRAIN (Umbelopsis_ramanniana_AG)	FAILED	1	660.0													annotate_trace.20260910_105820.txt	overhead
v1.9.0-beta11_conda_rust	Allomyces_macrogynus_ATCC_38327	TRAIN_PREDICT:FUNANNOTATE_TRAIN	TRAIN_PREDICT:FUNANNOTATE_TRAIN (Allomyces_macrogynus_ATCC_38327)	FAILED	1	1020.0													annotate_trace.20260910_105820.txt	overhead
v1.9.0-beta11_conda_rust	Aspergillus_fumigatus_Af293	TRAIN_PREDICT:FUNANNOTATE_TRAIN	TRAIN_PREDICT:FUNANNOTATE_TRAIN (Aspergillus_fumigatus_Af293)	FAILED	1	300.0													annotate_trace.20260910_105820.txt	overhead
v1.9.0-beta11_conda_rust	Cryptococcus_neoformans_H99	TRAIN_PREDICT:FUNANNOTATE_TRAIN	TRAIN_PREDICT:FUNANNOTATE_TRAIN (Cryptococcus_neoformans_H99)	FAILED	1	240.0													annotate_trace.20260910_105820.txt	overhead
v1.9.0-beta11_conda_rust	Malassezia_globosa_CBS_7966	TRAIN_PREDICT:FUNANNOTATE_TRAIN	TRAIN_PREDICT:FUNANNOTATE_TRAIN (Malassezia_globosa_CBS_7966)	FAILED	1	300.0													annotate_trace.20260910_105820.txt	overhead
v1.9.0-beta11_conda_rust	Chaetomium_globosum_CBS_148.51	TRAIN_PREDICT:FUNANNOTATE_TRAIN	TRAIN_PREDICT:FUNANNOTATE_TRAIN (Chaetomium_globosum_CBS_148.51)	FAILED	1	600.0													annotate_trace.20260910_105820.txt	overhead
v1.9.0-beta11_conda_rust	-	FETCH_RNASEQ:COLLECT_SRA_QUERY	FETCH_RNASEQ:COLLECT_SRA_QUERY	CACHED	0	0.254	60.3	0.0032	rss	4.2545e-05									annotate_trace.20260910_143834.txt	cached
v1.9.0-beta11_conda_rust	Umbelopsis_ramanniana_AG	TRAIN_PREDICT:FUNANNOTATE_TRAIN	TRAIN_PREDICT:FUNANNOTATE_TRAIN (Umbelopsis_ramanniana_AG)	FAILED	1	480.0													annotate_trace.20260910_143834.txt	overhead
v1.9.0-beta11_conda_rust	Allomyces_macrogynus_ATCC_38327	TRAIN_PREDICT:FUNANNOTATE_TRAIN	TRAIN_PREDICT:FUNANNOTATE_TRAIN (Allomyces_macrogynus_ATCC_38327)	FAILED	1	1080.0													annotate_trace.20260910_143834.txt	overhead
v1.9.0-beta11_conda_rust	Batrachochytrium_dendrobatidis_JAM81	TRAIN_PREDICT:FUNANNOTATE_TRAIN	TRAIN_PREDICT:FUNANNOTATE_TRAIN (Batrachochytrium_dendrobatidis_JAM81)	FAILED	1	189.0													annotate_trace.20260910_143834.txt	overhead
v1.9.0-beta11_conda_rust	Allomyces_macrogynus_ATCC_38327	TRAIN_PREDICT:FUNANNOTATE_TRAIN	TRAIN_PREDICT:FUNANNOTATE_TRAIN (Allomyces_macrogynus_ATCC_38327)	FAILED	1	480.0													annotate_trace.20260910_143834.txt	overhead
v1.9.0-beta11_conda_rust	Malassezia_globosa_CBS_7966	TRAIN_PREDICT:FUNANNOTATE_TRAIN	TRAIN_PREDICT:FUNANNOTATE_TRAIN (Malassezia_globosa_CBS_7966)	FAILED	1	780.0													annotate_trace.20260910_143834.txt	overhead
v1.9.0-beta11_conda_rust	Allomyces_macrogynus_ATCC_38327	TRAIN_PREDICT:FUNANNOTATE_TRAIN	TRAIN_PREDICT:FUNANNOTATE_TRAIN (Allomyces_macrogynus_ATCC_38327)	FAILED	1	600.0													annotate_trace.20260910_143834.txt	overhead
v1.9.0-beta11_conda_rust	Saccharomyces_cerevisiae_S288C	TRAIN_PREDICT:FUNANNOTATE_TRAIN	TRAIN_PREDICT:FUNANNOTATE_TRAIN (Saccharomyces_cerevisiae_S288C)	FAILED	1	1260.0													annotate_trace.20260910_143834.txt	overhead
v1.9.0-beta11_conda_rust	Umbelopsis_ramanniana_AG	TRAIN_PREDICT:FUNANNOTATE_TRAIN	TRAIN_PREDICT:FUNANNOTATE_TRAIN (Umbelopsis_ramanniana_AG)	FAILED	1	1320.0													annotate_trace.20260910_143834.txt	overhead
v1.9.0-beta11_conda_rust	Aspergillus_fumigatus_Af293	TRAIN_PREDICT:FUNANNOTATE_TRAIN	TRAIN_PREDICT:FUNANNOTATE_TRAIN (Aspergillus_fumigatus_Af293)	FAILED	-	1980.0													annotate_trace.20260910_143834.txt	overhead
v1.9.0-beta11_conda_rust	Chaetomium_globosum_CBS_148.51	TRAIN_PREDICT:FUNANNOTATE_TRAIN	TRAIN_PREDICT:FUNANNOTATE_TRAIN (Chaetomium_globosum_CBS_148.51)	FAILED	-	2041.0													annotate_trace.20260910_143834.txt	overhead
v1.9.0-beta11_conda_rust	Cryptococcus_neoformans_H99	TRAIN_PREDICT:FUNANNOTATE_TRAIN	TRAIN_PREDICT:FUNANNOTATE_TRAIN (Cryptococcus_neoformans_H99)	FAILED	-	2041.0													annotate_trace.20260910_143834.txt	overhead
v1.9.0-beta11_conda_rust	Batrachochytrium_dendrobatidis_JAM81	TRAIN_PREDICT:FUNANNOTATE_TRAIN	TRAIN_PREDICT:FUNANNOTATE_TRAIN (Batrachochytrium_dendrobatidis_JAM81)	FAILED	1	360.0													annotate_trace.20260910_143834.txt	overhead
v1.9.0-beta11_conda_rust	Malassezia_globosa_CBS_7966	TRAIN_PREDICT:FUNANNOTATE_TRAIN	TRAIN_PREDICT:FUNANNOTATE_TRAIN (Malassezia_globosa_CBS_7966)	FAILED	1	480.0													annotate_trace.20260910_143834.txt	overhead
v1.9.0-beta11_conda_rust	-	FETCH_RNASEQ:COLLECT_SRA_QUERY	FETCH_RNASEQ:COLLECT_SRA_QUERY	CACHED	0	0.254	60.3	0.0032	rss	4.2545e-05									annotate_trace.20260910_225647.txt	cached
v1.9.0-beta11_conda_rust	Saccharomyces_cerevisiae_S288C	TRAIN_PREDICT:FUNANNOTATE_TRAIN	TRAIN_PREDICT:FUNANNOTATE_TRAIN (Saccharomyces_cerevisiae_S288C)	FAILED	1	420.0													annotate_trace.20260910_225647.txt	overhead
v1.9.0-beta11_conda_rust	Umbelopsis_ramanniana_AG	TRAIN_PREDICT:FUNANNOTATE_TRAIN	TRAIN_PREDICT:FUNANNOTATE_TRAIN (Umbelopsis_ramanniana_AG)	FAILED	1	780.0													annotate_trace.20260910_225647.txt	overhead
v1.9.0-beta11_conda_rust	Aspergillus_fumigatus_Af293	TRAIN_PREDICT:FUNANNOTATE_TRAIN	TRAIN_PREDICT:FUNANNOTATE_TRAIN (Aspergillus_fumigatus_Af293)	FAILED	1	540.0													annotate_trace.20260910_225647.txt	overhead
v1.9.0-beta11_conda_rust	Cryptococcus_neoformans_H99	TRAIN_PREDICT:FUNANNOTATE_TRAIN	TRAIN_PREDICT:FUNANNOTATE_TRAIN (Cryptococcus_neoformans_H99)	FAILED	1	480.0													annotate_trace.20260910_225647.txt	overhead
v1.9.0-beta11_conda_rust	Allomyces_macrogynus_ATCC_38327	TRAIN_PREDICT:FUNANNOTATE_TRAIN	TRAIN_PREDICT:FUNANNOTATE_TRAIN (Allomyces_macrogynus_ATCC_38327)	FAILED	1	6600.0													annotate_trace.20260910_225647.txt	overhead
v1.9.0-beta11_conda_rust	Batrachochytrium_dendrobatidis_JAM81	TRAIN_PREDICT:FUNANNOTATE_TRAIN	TRAIN_PREDICT:FUNANNOTATE_TRAIN (Batrachochytrium_dendrobatidis_JAM81)	FAILED	1	7560.0													annotate_trace.20260910_225647.txt	overhead
v1.9.0-beta11_conda_rust	Malassezia_globosa_CBS_7966	TRAIN_PREDICT:FUNANNOTATE_TRAIN	TRAIN_PREDICT:FUNANNOTATE_TRAIN (Malassezia_globosa_CBS_7966)	FAILED	1	600.0													annotate_trace.20260910_225647.txt	overhead
v1.9.0-beta11_conda_rust	Chaetomium_globosum_CBS_148.51	TRAIN_PREDICT:FUNANNOTATE_TRAIN	TRAIN_PREDICT:FUNANNOTATE_TRAIN (Chaetomium_globosum_CBS_148.51)	FAILED	1	11941.0													annotate_trace.20260910_225647.txt	overhead
v1.9.0-beta11_conda_rust	Saccharomyces_cerevisiae_S288C	TRAIN_PREDICT:FUNANNOTATE_TRAIN	TRAIN_PREDICT:FUNANNOTATE_TRAIN (Saccharomyces_cerevisiae_S288C)	FAILED	1	180.0													annotate_trace.20260910_225647.txt	overhead
v1.9.0-beta11_conda_rust	Saccharomyces_cerevisiae_S288C	TRAIN_PREDICT:FUNANNOTATE_TRAIN	TRAIN_PREDICT:FUNANNOTATE_TRAIN (Saccharomyces_cerevisiae_S288C)	FAILED	1	120.0													annotate_trace.20260910_225647.txt	overhead
v1.9.0-beta11_conda_rust	Umbelopsis_ramanniana_AG	TRAIN_PREDICT:FUNANNOTATE_TRAIN	TRAIN_PREDICT:FUNANNOTATE_TRAIN (Umbelopsis_ramanniana_AG)	FAILED	1	480.0													annotate_trace.20260910_225647.txt	overhead
v1.9.0-beta11_conda_rust	Aspergillus_fumigatus_Af293	TRAIN_PREDICT:FUNANNOTATE_TRAIN	TRAIN_PREDICT:FUNANNOTATE_TRAIN (Aspergillus_fumigatus_Af293)	FAILED	1	540.0													annotate_trace.20260910_225647.txt	overhead
v1.9.0-beta11_conda_rust	Cryptococcus_neoformans_H99	TRAIN_PREDICT:FUNANNOTATE_TRAIN	TRAIN_PREDICT:FUNANNOTATE_TRAIN (Cryptococcus_neoformans_H99)	FAILED	1	240.0													annotate_trace.20260910_225647.txt	overhead
v1.9.0-beta11_conda_rust	Allomyces_macrogynus_ATCC_38327	TRAIN_PREDICT:FUNANNOTATE_TRAIN	TRAIN_PREDICT:FUNANNOTATE_TRAIN (Allomyces_macrogynus_ATCC_38327)	FAILED	1	600.0													annotate_trace.20260910_225647.txt	overhead
v1.9.0-beta11_conda_rust	Batrachochytrium_dendrobatidis_JAM81	TRAIN_PREDICT:FUNANNOTATE_TRAIN	TRAIN_PREDICT:FUNANNOTATE_TRAIN (Batrachochytrium_dendrobatidis_JAM81)	FAILED	1	300.0													annotate_trace.20260910_225647.txt	overhead
v1.9.0-beta11_conda_rust	Malassezia_globosa_CBS_7966	TRAIN_PREDICT:FUNANNOTATE_TRAIN	TRAIN_PREDICT:FUNANNOTATE_TRAIN (Malassezia_globosa_CBS_7966)	FAILED	1	540.0													annotate_trace.20260910_225647.txt	overhead
v1.9.0-beta11_conda_rust	Chaetomium_globosum_CBS_148.51	TRAIN_PREDICT:FUNANNOTATE_TRAIN	TRAIN_PREDICT:FUNANNOTATE_TRAIN (Chaetomium_globosum_CBS_148.51)	FAILED	1	480.0													annotate_trace.20260910_225647.txt	overhead
v1.9.0-beta11_conda_rust	-	FETCH_RNASEQ:COLLECT_SRA_QUERY	FETCH_RNASEQ:COLLECT_SRA_QUERY	CACHED	0	0.254	60.3	0.0032	rss	4.2545e-05									annotate_trace.20260911_131026.txt	cached
v1.9.0-beta11_conda_rust	Malassezia_globosa_CBS_7966	TRAIN_PREDICT:FUNANNOTATE_TRAIN	TRAIN_PREDICT:FUNANNOTATE_TRAIN (Malassezia_globosa_CBS_7966)	FAILED	1	540.0													annotate_trace.20260911_131026.txt	overhead
v1.9.0-beta11_conda_rust	Umbelopsis_ramanniana_AG	TRAIN_PREDICT:FUNANNOTATE_TRAIN	TRAIN_PREDICT:FUNANNOTATE_TRAIN (Umbelopsis_ramanniana_AG)	FAILED	1	780.0													annotate_trace.20260911_131026.txt	overhead
v1.9.0-beta11_conda_rust	Saccharomyces_cerevisiae_S288C	TRAIN_PREDICT:FUNANNOTATE_TRAIN	TRAIN_PREDICT:FUNANNOTATE_TRAIN (Saccharomyces_cerevisiae_S288C)	FAILED	1	1620.0													annotate_trace.20260911_131026.txt	overhead
v1.9.0-beta11_conda_rust	Allomyces_macrogynus_ATCC_38327	TRAIN_PREDICT:FUNANNOTATE_TRAIN	TRAIN_PREDICT:FUNANNOTATE_TRAIN (Allomyces_macrogynus_ATCC_38327)	FAILED	1	1680.0													annotate_trace.20260911_131026.txt	overhead
v1.9.0-beta11_conda_rust	Batrachochytrium_dendrobatidis_JAM81	TRAIN_PREDICT:FUNANNOTATE_TRAIN	TRAIN_PREDICT:FUNANNOTATE_TRAIN (Batrachochytrium_dendrobatidis_JAM81)	FAILED	1	2880.0													annotate_trace.20260911_131026.txt	overhead
v1.9.0-beta11_conda_rust	Malassezia_globosa_CBS_7966	TRAIN_PREDICT:FUNANNOTATE_TRAIN	TRAIN_PREDICT:FUNANNOTATE_TRAIN (Malassezia_globosa_CBS_7966)	FAILED	1	660.0													annotate_trace.20260911_131026.txt	overhead
v1.9.0-beta11_conda_rust	Chaetomium_globosum_CBS_148.51	TRAIN_PREDICT:FUNANNOTATE_TRAIN	TRAIN_PREDICT:FUNANNOTATE_TRAIN (Chaetomium_globosum_CBS_148.51)	FAILED	1	3240.0													annotate_trace.20260911_131026.txt	overhead
v1.9.0-beta11_conda_rust	Umbelopsis_ramanniana_AG	TRAIN_PREDICT:FUNANNOTATE_TRAIN	TRAIN_PREDICT:FUNANNOTATE_TRAIN (Umbelopsis_ramanniana_AG)	FAILED	1	960.0													annotate_trace.20260911_131026.txt	overhead
v1.9.0-beta11_conda_rust	Saccharomyces_cerevisiae_S288C	TRAIN_PREDICT:FUNANNOTATE_TRAIN	TRAIN_PREDICT:FUNANNOTATE_TRAIN (Saccharomyces_cerevisiae_S288C)	FAILED	1	360.0													annotate_trace.20260911_131026.txt	overhead
v1.9.0-beta11_conda_rust	Malassezia_globosa_CBS_7966	TRAIN_PREDICT:FUNANNOTATE_TRAIN	TRAIN_PREDICT:FUNANNOTATE_TRAIN (Malassezia_globosa_CBS_7966)	FAILED	1	420.0													annotate_trace.20260911_131026.txt	overhead
v1.9.0-beta11_conda_rust	Cryptococcus_neoformans_H99	TRAIN_PREDICT:FUNANNOTATE_TRAIN	TRAIN_PREDICT:FUNANNOTATE_TRAIN (Cryptococcus_neoformans_H99)	FAILED	1	3720.0													annotate_trace.20260911_131026.txt	overhead
v1.9.0-beta11_conda_rust	Aspergillus_fumigatus_Af293	TRAIN_PREDICT:FUNANNOTATE_TRAIN	TRAIN_PREDICT:FUNANNOTATE_TRAIN (Aspergillus_fumigatus_Af293)	FAILED	1	3780.0													annotate_trace.20260911_131026.txt	overhead
v1.9.0-beta11_conda_rust	Umbelopsis_ramanniana_AG	TRAIN_PREDICT:FUNANNOTATE_TRAIN	TRAIN_PREDICT:FUNANNOTATE_TRAIN (Umbelopsis_ramanniana_AG)	FAILED	1	720.0													annotate_trace.20260911_131026.txt	overhead
v1.9.0-beta11_conda_rust	Saccharomyces_cerevisiae_S288C	TRAIN_PREDICT:FUNANNOTATE_TRAIN	TRAIN_PREDICT:FUNANNOTATE_TRAIN (Saccharomyces_cerevisiae_S288C)	FAILED	1	360.0													annotate_trace.20260911_131026.txt	overhead
v1.9.0-beta11_conda_rust	Chaetomium_globosum_CBS_148.51	TRAIN_PREDICT:FUNANNOTATE_TRAIN	TRAIN_PREDICT:FUNANNOTATE_TRAIN (Chaetomium_globosum_CBS_148.51)	FAILED	1	1200.0													annotate_trace.20260911_131026.txt	overhead
v1.9.0-beta11_conda_rust	Batrachochytrium_dendrobatidis_JAM81	TRAIN_PREDICT:FUNANNOTATE_TRAIN	TRAIN_PREDICT:FUNANNOTATE_TRAIN (Batrachochytrium_dendrobatidis_JAM81)	FAILED	1	1800.0													annotate_trace.20260911_131026.txt	overhead
v1.9.0-beta11_conda_rust	Allomyces_macrogynus_ATCC_38327	TRAIN_PREDICT:FUNANNOTATE_TRAIN	TRAIN_PREDICT:FUNANNOTATE_TRAIN (Allomyces_macrogynus_ATCC_38327)	FAILED	1	2400.0													annotate_trace.20260911_131026.txt	overhead
v1.9.0-beta11_conda_rust	-	FETCH_RNASEQ:COLLECT_SRA_QUERY	FETCH_RNASEQ:COLLECT_SRA_QUERY	CACHED	0	0.254	60.3	0.0032	rss	4.2545e-05									annotate_trace.20260912_002539.txt	cached
v1.9.0-beta11_conda_rust	Batrachochytrium_dendrobatidis_JAM81	TRAIN_PREDICT:FUNANNOTATE_TRAIN	TRAIN_PREDICT:FUNANNOTATE_TRAIN (Batrachochytrium_dendrobatidis_JAM81)	FAILED	1	0.01													annotate_trace.20260912_002539.txt	overhead
v1.9.0-beta11_conda_rust	Allomyces_macrogynus_ATCC_38327	TRAIN_PREDICT:FUNANNOTATE_TRAIN	TRAIN_PREDICT:FUNANNOTATE_TRAIN (Allomyces_macrogynus_ATCC_38327)	FAILED	1	0.005													annotate_trace.20260912_002539.txt	overhead
v1.9.0-beta11_conda_rust	Umbelopsis_ramanniana_AG	TRAIN_PREDICT:FUNANNOTATE_TRAIN	TRAIN_PREDICT:FUNANNOTATE_TRAIN (Umbelopsis_ramanniana_AG)	FAILED	1	0.005													annotate_trace.20260912_002539.txt	overhead
v1.9.0-beta11_conda_rust	Aspergillus_fumigatus_Af293	TRAIN_PREDICT:FUNANNOTATE_TRAIN	TRAIN_PREDICT:FUNANNOTATE_TRAIN (Aspergillus_fumigatus_Af293)	FAILED	1	0.004													annotate_trace.20260912_002539.txt	overhead
v1.9.0-beta11_conda_rust	Saccharomyces_cerevisiae_S288C	TRAIN_PREDICT:FUNANNOTATE_TRAIN	TRAIN_PREDICT:FUNANNOTATE_TRAIN (Saccharomyces_cerevisiae_S288C)	FAILED	1	0.007													annotate_trace.20260912_002539.txt	overhead
v1.9.0-beta11_conda_rust	Cryptococcus_neoformans_H99	TRAIN_PREDICT:FUNANNOTATE_TRAIN	TRAIN_PREDICT:FUNANNOTATE_TRAIN (Cryptococcus_neoformans_H99)	FAILED	1	0.003													annotate_trace.20260912_002539.txt	overhead
v1.9.0-beta11_conda_rust	Chaetomium_globosum_CBS_148.51	TRAIN_PREDICT:FUNANNOTATE_TRAIN	TRAIN_PREDICT:FUNANNOTATE_TRAIN (Chaetomium_globosum_CBS_148.51)	FAILED	1	0.003													annotate_trace.20260912_002539.txt	overhead
v1.9.0-beta11_conda_rust	Malassezia_globosa_CBS_7966	TRAIN_PREDICT:FUNANNOTATE_TRAIN	TRAIN_PREDICT:FUNANNOTATE_TRAIN (Malassezia_globosa_CBS_7966)	FAILED	1	0.003													annotate_trace.20260912_002539.txt	overhead
v1.9.0-beta11_conda_rust	Batrachochytrium_dendrobatidis_JAM81	TRAIN_PREDICT:FUNANNOTATE_TRAIN	TRAIN_PREDICT:FUNANNOTATE_TRAIN (Batrachochytrium_dendrobatidis_JAM81)	FAILED	1	0.003													annotate_trace.20260912_002539.txt	overhead
v1.9.0-beta11_conda_rust	Batrachochytrium_dendrobatidis_JAM81	TRAIN_PREDICT:FUNANNOTATE_TRAIN	TRAIN_PREDICT:FUNANNOTATE_TRAIN (Batrachochytrium_dendrobatidis_JAM81)	FAILED	1	0.003													annotate_trace.20260912_002539.txt	overhead
v1.9.0-beta11_conda_rust	Allomyces_macrogynus_ATCC_38327	TRAIN_PREDICT:FUNANNOTATE_TRAIN	TRAIN_PREDICT:FUNANNOTATE_TRAIN (Allomyces_macrogynus_ATCC_38327)	FAILED	1	0.004													annotate_trace.20260912_002539.txt	overhead
v1.9.0-beta11_conda_rust	Umbelopsis_ramanniana_AG	TRAIN_PREDICT:FUNANNOTATE_TRAIN	TRAIN_PREDICT:FUNANNOTATE_TRAIN (Umbelopsis_ramanniana_AG)	FAILED	1	0.002													annotate_trace.20260912_002539.txt	overhead
v1.9.0-beta11_conda_rust	Aspergillus_fumigatus_Af293	TRAIN_PREDICT:FUNANNOTATE_TRAIN	TRAIN_PREDICT:FUNANNOTATE_TRAIN (Aspergillus_fumigatus_Af293)	FAILED	1	0.004													annotate_trace.20260912_002539.txt	overhead
v1.9.0-beta11_conda_rust	Saccharomyces_cerevisiae_S288C	TRAIN_PREDICT:FUNANNOTATE_TRAIN	TRAIN_PREDICT:FUNANNOTATE_TRAIN (Saccharomyces_cerevisiae_S288C)	FAILED	1	0.003													annotate_trace.20260912_002539.txt	overhead
v1.9.0-beta11_conda_rust	Cryptococcus_neoformans_H99	TRAIN_PREDICT:FUNANNOTATE_TRAIN	TRAIN_PREDICT:FUNANNOTATE_TRAIN (Cryptococcus_neoformans_H99)	FAILED	1	0.002													annotate_trace.20260912_002539.txt	overhead
v1.9.0-beta11_conda_rust	Chaetomium_globosum_CBS_148.51	TRAIN_PREDICT:FUNANNOTATE_TRAIN	TRAIN_PREDICT:FUNANNOTATE_TRAIN (Chaetomium_globosum_CBS_148.51)	FAILED	1	0.003													annotate_trace.20260912_002539.txt	overhead
v1.9.0-beta11_conda_rust	Malassezia_globosa_CBS_7966	TRAIN_PREDICT:FUNANNOTATE_TRAIN	TRAIN_PREDICT:FUNANNOTATE_TRAIN (Malassezia_globosa_CBS_7966)	FAILED	1	60.0													annotate_trace.20260912_002539.txt	overhead
v1.9.0-beta11_conda_rust	-	FETCH_RNASEQ:COLLECT_SRA_QUERY	FETCH_RNASEQ:COLLECT_SRA_QUERY	CACHED	0	0.254	60.3	0.0032	rss	4.2545e-05									annotate_trace.20260912_205407.txt	cached
v1.9.0-beta11_conda_rust	Cryptococcus_neoformans_H99	TRAIN_PREDICT:FUNANNOTATE_TRAIN	TRAIN_PREDICT:FUNANNOTATE_TRAIN (Cryptococcus_neoformans_H99)	FAILED	-	1980.0													annotate_trace.20260912_205407.txt	overhead
v1.9.0-beta11_conda_rust	Allomyces_macrogynus_ATCC_38327	TRAIN_PREDICT:FUNANNOTATE_TRAIN	TRAIN_PREDICT:FUNANNOTATE_TRAIN (Allomyces_macrogynus_ATCC_38327)	FAILED	-	1980.0													annotate_trace.20260912_205407.txt	overhead
v1.9.0-beta11_conda_rust	Chaetomium_globosum_CBS_148.51	TRAIN_PREDICT:FUNANNOTATE_TRAIN	TRAIN_PREDICT:FUNANNOTATE_TRAIN (Chaetomium_globosum_CBS_148.51)	FAILED	-	1980.0													annotate_trace.20260912_205407.txt	overhead
v1.9.0-beta11_conda_rust	Umbelopsis_ramanniana_AG	TRAIN_PREDICT:FUNANNOTATE_TRAIN	TRAIN_PREDICT:FUNANNOTATE_TRAIN (Umbelopsis_ramanniana_AG)	FAILED	-	1980.0													annotate_trace.20260912_205407.txt	overhead
v1.9.0-beta11_conda_rust	Aspergillus_fumigatus_Af293	TRAIN_PREDICT:FUNANNOTATE_TRAIN	TRAIN_PREDICT:FUNANNOTATE_TRAIN (Aspergillus_fumigatus_Af293)	FAILED	-	1980.0													annotate_trace.20260912_205407.txt	overhead
v1.9.0-beta11_conda_rust	Batrachochytrium_dendrobatidis_JAM81	TRAIN_PREDICT:FUNANNOTATE_TRAIN	TRAIN_PREDICT:FUNANNOTATE_TRAIN (Batrachochytrium_dendrobatidis_JAM81)	FAILED	-	1980.0													annotate_trace.20260912_205407.txt	overhead
v1.9.0-beta11_conda_rust	Saccharomyces_cerevisiae_S288C	TRAIN_PREDICT:FUNANNOTATE_TRAIN	TRAIN_PREDICT:FUNANNOTATE_TRAIN (Saccharomyces_cerevisiae_S288C)	FAILED	-	1980.0													annotate_trace.20260912_205407.txt	overhead
v1.9.0-beta11_conda_rust	Malassezia_globosa_CBS_7966	TRAIN_PREDICT:FUNANNOTATE_TRAIN	TRAIN_PREDICT:FUNANNOTATE_TRAIN (Malassezia_globosa_CBS_7966)	FAILED	-	1980.0													annotate_trace.20260912_205407.txt	overhead
v1.9.0-beta11_conda_rust	Umbelopsis_ramanniana_AG	TRAIN_PREDICT:FUNANNOTATE_TRAIN	TRAIN_PREDICT:FUNANNOTATE_TRAIN (Umbelopsis_ramanniana_AG)	FAILED	1	420.0													annotate_trace.20260912_205407.txt	overhead
v1.9.0-beta11_conda_rust	Saccharomyces_cerevisiae_S288C	TRAIN_PREDICT:FUNANNOTATE_TRAIN	TRAIN_PREDICT:FUNANNOTATE_TRAIN (Saccharomyces_cerevisiae_S288C)	FAILED	1	360.0													annotate_trace.20260912_205407.txt	overhead
v1.9.0-beta11_conda_rust	Aspergillus_fumigatus_Af293	TRAIN_PREDICT:FUNANNOTATE_TRAIN	TRAIN_PREDICT:FUNANNOTATE_TRAIN (Aspergillus_fumigatus_Af293)	FAILED	1	839.0													annotate_trace.20260912_205407.txt	overhead
v1.9.0-beta11_conda_rust	Batrachochytrium_dendrobatidis_JAM81	TRAIN_PREDICT:FUNANNOTATE_TRAIN	TRAIN_PREDICT:FUNANNOTATE_TRAIN (Batrachochytrium_dendrobatidis_JAM81)	FAILED	1	900.0													annotate_trace.20260912_205407.txt	overhead
v1.9.0-beta11_conda_rust	Malassezia_globosa_CBS_7966	TRAIN_PREDICT:FUNANNOTATE_TRAIN	TRAIN_PREDICT:FUNANNOTATE_TRAIN (Malassezia_globosa_CBS_7966)	FAILED	1	600.0													annotate_trace.20260912_205407.txt	overhead
v1.9.0-beta11_conda_rust	Chaetomium_globosum_CBS_148.51	TRAIN_PREDICT:FUNANNOTATE_TRAIN	TRAIN_PREDICT:FUNANNOTATE_TRAIN (Chaetomium_globosum_CBS_148.51)	FAILED	1	1260.0													annotate_trace.20260912_205407.txt	overhead
v1.9.0-beta11_conda_rust	Cryptococcus_neoformans_H99	TRAIN_PREDICT:FUNANNOTATE_TRAIN	TRAIN_PREDICT:FUNANNOTATE_TRAIN (Cryptococcus_neoformans_H99)	FAILED	1	599.0													annotate_trace.20260912_205407.txt	overhead
v1.9.0-beta11_conda_rust	Allomyces_macrogynus_ATCC_38327	TRAIN_PREDICT:FUNANNOTATE_TRAIN	TRAIN_PREDICT:FUNANNOTATE_TRAIN (Allomyces_macrogynus_ATCC_38327)	FAILED	1	1380.0													annotate_trace.20260912_205407.txt	overhead
v1.9.0-beta11_conda_rust	Umbelopsis_ramanniana_AG	TRAIN_PREDICT:FUNANNOTATE_TRAIN	TRAIN_PREDICT:FUNANNOTATE_TRAIN (Umbelopsis_ramanniana_AG)	FAILED	1	3660.0													annotate_trace.20260912_205407.txt	overhead
v1.9.0-beta11_conda_rust	Saccharomyces_cerevisiae_S288C	TRAIN_PREDICT:FUNANNOTATE_TRAIN	TRAIN_PREDICT:FUNANNOTATE_TRAIN (Saccharomyces_cerevisiae_S288C)	FAILED	1	3421.0													annotate_trace.20260912_205407.txt	overhead
v1.9.0-beta11_conda_rust	Aspergillus_fumigatus_Af293	TRAIN_PREDICT:FUNANNOTATE_TRAIN	TRAIN_PREDICT:FUNANNOTATE_TRAIN (Aspergillus_fumigatus_Af293)	FAILED	1	7560.0													annotate_trace.20260912_205407.txt	overhead
v1.9.0-beta11_conda_rust	Batrachochytrium_dendrobatidis_JAM81	TRAIN_PREDICT:FUNANNOTATE_TRAIN	TRAIN_PREDICT:FUNANNOTATE_TRAIN (Batrachochytrium_dendrobatidis_JAM81)	FAILED	1	9242.0													annotate_trace.20260912_205407.txt	overhead
v1.9.0-beta11_conda_rust	Malassezia_globosa_CBS_7966	TRAIN_PREDICT:FUNANNOTATE_TRAIN	TRAIN_PREDICT:FUNANNOTATE_TRAIN (Malassezia_globosa_CBS_7966)	FAILED	1	2403.0													annotate_trace.20260912_205407.txt	overhead
v1.9.0-beta11_conda_rust	Chaetomium_globosum_CBS_148.51	TRAIN_PREDICT:FUNANNOTATE_TRAIN	TRAIN_PREDICT:FUNANNOTATE_TRAIN (Chaetomium_globosum_CBS_148.51)	FAILED	1	16322.0													annotate_trace.20260912_205407.txt	overhead
v1.9.0-beta11_conda_rust	Cryptococcus_neoformans_H99	TRAIN_PREDICT:FUNANNOTATE_TRAIN	TRAIN_PREDICT:FUNANNOTATE_TRAIN (Cryptococcus_neoformans_H99)	FAILED	1	6472.0													annotate_trace.20260912_205407.txt	overhead
v1.9.0-beta11_conda_rust	Allomyces_macrogynus_ATCC_38327	TRAIN_PREDICT:FUNANNOTATE_TRAIN	TRAIN_PREDICT:FUNANNOTATE_TRAIN (Allomyces_macrogynus_ATCC_38327)	FAILED	1	17940.0													annotate_trace.20260912_205407.txt	overhead
v1.9.0-beta11_conda_rust	-	FETCH_RNASEQ:COLLECT_SRA_QUERY	FETCH_RNASEQ:COLLECT_SRA_QUERY	CACHED	0	0.254	60.3	0.0032	rss	4.2545e-05									annotate_trace.20260918_100723.txt	cached
v1.9.0-beta11_conda_rust	Malassezia_globosa_CBS_7966	TRAIN_PREDICT:FUNANNOTATE_TRAIN	TRAIN_PREDICT:FUNANNOTATE_TRAIN (Malassezia_globosa_CBS_7966)	FAILED	1	1920.0													annotate_trace.20260918_100723.txt	overhead
v1.9.0-beta11_conda_rust	Saccharomyces_cerevisiae_S288C	TRAIN_PREDICT:FUNANNOTATE_TRAIN	TRAIN_PREDICT:FUNANNOTATE_TRAIN (Saccharomyces_cerevisiae_S288C)	FAILED	1	8700.0													annotate_trace.20260918_100723.txt	overhead
v1.9.0-beta11_conda_rust	Aspergillus_fumigatus_Af293	TRAIN_PREDICT:FUNANNOTATE_TRAIN	TRAIN_PREDICT:FUNANNOTATE_TRAIN (Aspergillus_fumigatus_Af293)	FAILED	1	9840.0													annotate_trace.20260918_100723.txt	overhead
v1.9.0-beta11_conda_rust	Malassezia_globosa_CBS_7966	TRAIN_PREDICT:FUNANNOTATE_TRAIN	TRAIN_PREDICT:FUNANNOTATE_TRAIN (Malassezia_globosa_CBS_7966)	FAILED	1	1499.0													annotate_trace.20260918_100723.txt	overhead
v1.9.0-beta11_conda_rust	Cryptococcus_neoformans_H99	TRAIN_PREDICT:FUNANNOTATE_TRAIN	TRAIN_PREDICT:FUNANNOTATE_TRAIN (Cryptococcus_neoformans_H99)	FAILED	1	9060.0													annotate_trace.20260918_100723.txt	overhead
v1.9.0-beta11_conda_rust	Saccharomyces_cerevisiae_S288C	TRAIN_PREDICT:FUNANNOTATE_TRAIN	TRAIN_PREDICT:FUNANNOTATE_TRAIN (Saccharomyces_cerevisiae_S288C)	FAILED	1	2580.0													annotate_trace.20260918_100723.txt	overhead
v1.9.0-beta11_conda_rust	Malassezia_globosa_CBS_7966	TRAIN_PREDICT:FUNANNOTATE_TRAIN	TRAIN_PREDICT:FUNANNOTATE_TRAIN (Malassezia_globosa_CBS_7966)	FAILED	1	2340.0													annotate_trace.20260918_100723.txt	overhead
v1.9.0-beta11_conda_rust	Umbelopsis_ramanniana_AG	TRAIN_PREDICT:FUNANNOTATE_TRAIN	TRAIN_PREDICT:FUNANNOTATE_TRAIN (Umbelopsis_ramanniana_AG)	FAILED	1	12720.0													annotate_trace.20260918_100723.txt	overhead
v1.9.0-beta11_conda_rust	Aspergillus_fumigatus_Af293	TRAIN_PREDICT:FUNANNOTATE_TRAIN	TRAIN_PREDICT:FUNANNOTATE_TRAIN (Aspergillus_fumigatus_Af293)	FAILED	1	5820.0													annotate_trace.20260918_100723.txt	overhead
v1.9.0-beta11_conda_rust	Saccharomyces_cerevisiae_S288C	TRAIN_PREDICT:FUNANNOTATE_TRAIN	TRAIN_PREDICT:FUNANNOTATE_TRAIN (Saccharomyces_cerevisiae_S288C)	FAILED	1	3480.0													annotate_trace.20260918_100723.txt	overhead
v1.9.0-beta11_conda_rust	Batrachochytrium_dendrobatidis_JAM81	TRAIN_PREDICT:FUNANNOTATE_TRAIN	TRAIN_PREDICT:FUNANNOTATE_TRAIN (Batrachochytrium_dendrobatidis_JAM81)	FAILED	1	17700.0													annotate_trace.20260918_100723.txt	overhead
v1.9.0-beta11_conda_rust	Cryptococcus_neoformans_H99	TRAIN_PREDICT:FUNANNOTATE_TRAIN	TRAIN_PREDICT:FUNANNOTATE_TRAIN (Cryptococcus_neoformans_H99)	FAILED	1	5340.0													annotate_trace.20260918_100723.txt	overhead
v1.9.0-beta11_conda_rust	Chaetomium_globosum_CBS_148.51	TRAIN_PREDICT:FUNANNOTATE_TRAIN	TRAIN_PREDICT:FUNANNOTATE_TRAIN (Chaetomium_globosum_CBS_148.51)	FAILED	1	19380.0													annotate_trace.20260918_100723.txt	overhead
v1.9.0-beta11_conda_rust	Allomyces_macrogynus_ATCC_38327	TRAIN_PREDICT:FUNANNOTATE_TRAIN	TRAIN_PREDICT:FUNANNOTATE_TRAIN (Allomyces_macrogynus_ATCC_38327)	FAILED	1	22980.0													annotate_trace.20260918_100723.txt	overhead
v1.9.0-beta11_conda_rust	-	FETCH_RNASEQ:COLLECT_SRA_QUERY	FETCH_RNASEQ:COLLECT_SRA_QUERY	COMPLETED	0	0.11900000000000001	57.5	0.0029	rss	1.9006944444444445e-05									annotate_trace.20260919_161050.txt	final
v1.9.0-beta11_conda_rust	Malassezia_globosa_CBS_7966	TRAIN_PREDICT:FUNANNOTATE_TRAIN	TRAIN_PREDICT:FUNANNOTATE_TRAIN (Malassezia_globosa_CBS_7966)	COMPLETED	0	1181.0	554.2	0.5564	rss	1.818083888888889									annotate_trace.20260919_161050.txt	final
v1.9.0-beta11_conda_rust	Malassezia_globosa_CBS_7966	TRAIN_PREDICT:FUNANNOTATE_PREDICT	TRAIN_PREDICT:FUNANNOTATE_PREDICT (Malassezia_globosa_CBS_7966)	COMPLETED	0	1066.0	505.2	3.5	rss	1.4959533333333332									annotate_trace.20260919_161050.txt	final
v1.9.0-beta11_conda_rust	-	FETCH_RNASEQ:COLLECT_SRA_QUERY	FETCH_RNASEQ:COLLECT_SRA_QUERY	CACHED	0	0.254	60.3	0.0032	rss	4.2545e-05									annotate_trace.20260919_170548.txt	cached
v1.9.0-beta11_conda_rust	Saccharomyces_cerevisiae_S288C	TRAIN_PREDICT:FUNANNOTATE_TRAIN	TRAIN_PREDICT:FUNANNOTATE_TRAIN (Saccharomyces_cerevisiae_S288C)	COMPLETED	0	6591.0	303.7	0.9785	rss	5.560240833333333									annotate_trace.20260919_170548.txt	final
v1.9.0-beta11_conda_rust	Saccharomyces_cerevisiae_S288C	TRAIN_PREDICT:FUNANNOTATE_PREDICT	TRAIN_PREDICT:FUNANNOTATE_PREDICT (Saccharomyces_cerevisiae_S288C)	COMPLETED	0	958.0	564.1	3.0	rss	1.5011327777777779									annotate_trace.20260919_170548.txt	final
v1.9.0-beta11_conda_rust	Cryptococcus_neoformans_H99	TRAIN_PREDICT:FUNANNOTATE_TRAIN	TRAIN_PREDICT:FUNANNOTATE_TRAIN (Cryptococcus_neoformans_H99)	COMPLETED	0	9640.0	446.4	1.2	rss	11.953599999999998									annotate_trace.20260919_170548.txt	final
v1.9.0-beta11_conda_rust	Cryptococcus_neoformans_H99	TRAIN_PREDICT:FUNANNOTATE_PREDICT	TRAIN_PREDICT:FUNANNOTATE_PREDICT (Cryptococcus_neoformans_H99)	COMPLETED	0	860.0	475.3	4.7	rss	1.1354388888888889									annotate_trace.20260919_170548.txt	final
v1.9.0-beta11_conda_rust	Aspergillus_fumigatus_Af293	TRAIN_PREDICT:FUNANNOTATE_TRAIN	TRAIN_PREDICT:FUNANNOTATE_TRAIN (Aspergillus_fumigatus_Af293)	COMPLETED	0	11252.0	480.7	3.1	rss	15.024545555555555									annotate_trace.20260919_170548.txt	final
v1.9.0-beta11_conda_rust	Aspergillus_fumigatus_Af293	TRAIN_PREDICT:FUNANNOTATE_PREDICT	TRAIN_PREDICT:FUNANNOTATE_PREDICT (Aspergillus_fumigatus_Af293)	COMPLETED	0	1508.0	491.3	17.5	rss	2.058001111111111									annotate_trace.20260919_170548.txt	final
v1.9.0-beta11_conda_rust	Chaetomium_globosum_CBS_148.51	TRAIN_PREDICT:FUNANNOTATE_TRAIN	TRAIN_PREDICT:FUNANNOTATE_TRAIN (Chaetomium_globosum_CBS_148.51)	COMPLETED	0	18101.0	438.8	0.9319	rss	22.063107777777777									annotate_trace.20260919_170548.txt	final
v1.9.0-beta11_conda_rust	Umbelopsis_ramanniana_AG	TRAIN_PREDICT:FUNANNOTATE_TRAIN	TRAIN_PREDICT:FUNANNOTATE_TRAIN (Umbelopsis_ramanniana_AG)	COMPLETED	0	20076.0	349.8	0.7545000000000001	rss	19.50718									annotate_trace.20260919_170548.txt	final
v1.9.0-beta11_conda_rust	Chaetomium_globosum_CBS_148.51	TRAIN_PREDICT:FUNANNOTATE_PREDICT	TRAIN_PREDICT:FUNANNOTATE_PREDICT (Chaetomium_globosum_CBS_148.51)	COMPLETED	0	1941.0	442.4	4.1	rss	2.385273333333333									annotate_trace.20260919_170548.txt	final
v1.9.0-beta11_conda_rust	Batrachochytrium_dendrobatidis_JAM81	TRAIN_PREDICT:FUNANNOTATE_TRAIN	TRAIN_PREDICT:FUNANNOTATE_TRAIN (Batrachochytrium_dendrobatidis_JAM81)	COMPLETED	0	21177.0	361.6	10.3	rss	21.271120000000003									annotate_trace.20260919_170548.txt	final
v1.9.0-beta11_conda_rust	Umbelopsis_ramanniana_AG	TRAIN_PREDICT:FUNANNOTATE_PREDICT	TRAIN_PREDICT:FUNANNOTATE_PREDICT (Umbelopsis_ramanniana_AG)	COMPLETED	0	1424.0	362.4	1.5	rss	1.4334933333333333									annotate_trace.20260919_170548.txt	final
v1.9.0-beta11_conda_rust	Batrachochytrium_dendrobatidis_JAM81	TRAIN_PREDICT:FUNANNOTATE_PREDICT	TRAIN_PREDICT:FUNANNOTATE_PREDICT (Batrachochytrium_dendrobatidis_JAM81)	COMPLETED	0	1102.0	489.1	4.2	rss	1.4971894444444445									annotate_trace.20260919_170548.txt	final
v1.9.0-beta11_conda_rust	Allomyces_macrogynus_ATCC_38327	TRAIN_PREDICT:FUNANNOTATE_TRAIN	TRAIN_PREDICT:FUNANNOTATE_TRAIN (Allomyces_macrogynus_ATCC_38327)	COMPLETED	0	29048.0	416.7	0.7889	rss	33.62306									annotate_trace.20260919_170548.txt	final
v1.9.0-beta11_conda_rust	Allomyces_macrogynus_ATCC_38327	TRAIN_PREDICT:FUNANNOTATE_PREDICT	TRAIN_PREDICT:FUNANNOTATE_PREDICT (Allomyces_macrogynus_ATCC_38327)	COMPLETED	0	2268.0	578.3	4.4	rss	3.6432899999999995									annotate_trace.20260919_170548.txt	final
v1.9.0-beta11_container_rust	-	SETUP_DBS:SETUP_MARIADB_DATADIR	SETUP_DBS:SETUP_MARIADB_DATADIR	COMPLETED	0	3.5	28.0	0.0228	rss	0.00027222222222222226									annotate_trace.20260907_181325.txt	final
v1.9.0-beta11_container_rust	-	SETUP_DBS:SETUP_AUGUSTUS_CONFIG	SETUP_DBS:SETUP_AUGUSTUS_CONFIG	COMPLETED	0	1.8	24.1	0.0050999999999999995	rss	0.00012050000000000002									annotate_trace.20260907_181325.txt	final
v1.9.0-beta11_container_rust	-	ASM_STATS	ASM_STATS	COMPLETED	0	5.7	112.1	0.0136	rss	0.0017749166666666666									annotate_trace.20260907_181325.txt	final
v1.9.0-beta11_container_rust	Pneumocystis_murina_B123	MASK_GENOME:MASKREPEAT_TANTAN_RUN	MASK_GENOME:MASKREPEAT_TANTAN_RUN (Pneumocystis_murina_B123)	COMPLETED	0	6.0	124.8	0.0535	rss	0.0020800000000000003									annotate_trace.20260907_181325.txt	final
v1.9.0-beta11_container_rust	Saccharomyces_cerevisiae_S288C	MASK_GENOME:MASKREPEAT_TANTAN_RUN	MASK_GENOME:MASKREPEAT_TANTAN_RUN (Saccharomyces_cerevisiae_S288C)	COMPLETED	0	8.9	130.4	0.057100000000000005	rss	0.003223777777777778									annotate_trace.20260907_181325.txt	final
v1.9.0-beta11_container_rust	Malassezia_globosa_CBS_7966	MASK_GENOME:MASKREPEAT_TANTAN_RUN	MASK_GENOME:MASKREPEAT_TANTAN_RUN (Malassezia_globosa_CBS_7966)	COMPLETED	0	6.6	131.0	0.0597	rss	0.0024016666666666665									annotate_trace.20260907_181325.txt	final
v1.9.0-beta11_container_rust	Allomyces_macrogynus_ATCC_38327	MASK_GENOME:MASKREPEAT_TANTAN_RUN	MASK_GENOME:MASKREPEAT_TANTAN_RUN (Allomyces_macrogynus_ATCC_38327)	COMPLETED	0	18.1	180.8	0.0643	rss	0.009090222222222223									annotate_trace.20260907_181325.txt	final
v1.9.0-beta11_container_rust	Umbelopsis_ramanniana_AG	MASK_GENOME:MASKREPEAT_TANTAN_RUN	MASK_GENOME:MASKREPEAT_TANTAN_RUN (Umbelopsis_ramanniana_AG)	COMPLETED	0	14.4	140.1	0.0548	rss	0.0056040000000000005									annotate_trace.20260907_181325.txt	final
v1.9.0-beta11_container_rust	Chaetomium_globosum_CBS_148.51	MASK_GENOME:MASKREPEAT_TANTAN_RUN	MASK_GENOME:MASKREPEAT_TANTAN_RUN (Chaetomium_globosum_CBS_148.51)	COMPLETED	0	19.1	148.6	0.0858	rss	0.007884055555555556									annotate_trace.20260907_181325.txt	final
v1.9.0-beta11_container_rust	Batrachochytrium_dendrobatidis_JAM81	MASK_GENOME:MASKREPEAT_TANTAN_RUN	MASK_GENOME:MASKREPEAT_TANTAN_RUN (Batrachochytrium_dendrobatidis_JAM81)	COMPLETED	0	14.5	137.5	0.0756	rss	0.0055381944444444445									annotate_trace.20260907_181325.txt	final
v1.9.0-beta11_container_rust	Rhodotorula_toruloides_NP11	MASK_GENOME:MASKREPEAT_TANTAN_RUN	MASK_GENOME:MASKREPEAT_TANTAN_RUN (Rhodotorula_toruloides_NP11)	COMPLETED	0	12.6	146.0	0.0584	rss	0.00511									annotate_trace.20260907_181325.txt	final
v1.9.0-beta11_container_rust	Cryptococcus_neoformans_H99	MASK_GENOME:MASKREPEAT_TANTAN_RUN	MASK_GENOME:MASKREPEAT_TANTAN_RUN (Cryptococcus_neoformans_H99)	COMPLETED	0	11.1	156.4	0.0627	rss	0.004822333333333334									annotate_trace.20260907_181325.txt	final
v1.9.0-beta11_container_rust	Aspergillus_fumigatus_Af293	MASK_GENOME:MASKREPEAT_TANTAN_RUN	MASK_GENOME:MASKREPEAT_TANTAN_RUN (Aspergillus_fumigatus_Af293)	COMPLETED	0	16.2	148.1	0.07629999999999999	rss	0.0066644999999999986									annotate_trace.20260907_181325.txt	final
v1.9.0-beta11_container_rust	-	FETCH_RNASEQ:COLLECT_SRA_QUERY	FETCH_RNASEQ:COLLECT_SRA_QUERY	COMPLETED	0	0.0	56.7	0.003	rss	0.0									annotate_trace.20260907_181325.txt	final
v1.9.0-beta11_container_rust	Rhodotorula_toruloides_NP11	TRAIN_PREDICT:FUNANNOTATE_PREDICT	TRAIN_PREDICT:FUNANNOTATE_PREDICT (Rhodotorula_toruloides_NP11)	FAILED	1	59.9													annotate_trace.20260907_181325.txt	overhead
v1.9.0-beta11_container_rust	Pneumocystis_murina_B123	TRAIN_PREDICT:FUNANNOTATE_PREDICT	TRAIN_PREDICT:FUNANNOTATE_PREDICT (Pneumocystis_murina_B123)	FAILED	1	59.9													annotate_trace.20260907_181325.txt	overhead
v1.9.0-beta11_container_rust	Malassezia_globosa	TRAIN_PREDICT:RNASEQ_PREPARE	TRAIN_PREDICT:RNASEQ_PREPARE (Malassezia_globosa)	COMPLETED	0	342.0	1222.8	0.6317	rss	1.16166									annotate_trace.20260907_181325.txt	final
v1.9.0-beta11_container_rust	Rhodotorula_toruloides_NP11	TRAIN_PREDICT:FUNANNOTATE_PREDICT	TRAIN_PREDICT:FUNANNOTATE_PREDICT (Rhodotorula_toruloides_NP11)	FAILED	1	0.003													annotate_trace.20260907_181325.txt	overhead
v1.9.0-beta11_container_rust	Pneumocystis_murina_B123	TRAIN_PREDICT:FUNANNOTATE_PREDICT	TRAIN_PREDICT:FUNANNOTATE_PREDICT (Pneumocystis_murina_B123)	FAILED	1	60.0													annotate_trace.20260907_181325.txt	overhead
v1.9.0-beta11_container_rust	Malassezia_globosa_CBS_7966	TRAIN_PREDICT:FUNANNOTATE_TRAIN	TRAIN_PREDICT:FUNANNOTATE_TRAIN (Malassezia_globosa_CBS_7966)	COMPLETED	0	0.026000000000000002	69.9	0.003	rss	5.048333333333335e-06									annotate_trace.20260907_181325.txt	overhead
v1.9.0-beta11_container_rust	Rhodotorula_toruloides_NP11	TRAIN_PREDICT:FUNANNOTATE_PREDICT	TRAIN_PREDICT:FUNANNOTATE_PREDICT (Rhodotorula_toruloides_NP11)	FAILED	1	59.9													annotate_trace.20260907_181325.txt	overhead
v1.9.0-beta11_container_rust	Pneumocystis_murina_B123	TRAIN_PREDICT:FUNANNOTATE_PREDICT	TRAIN_PREDICT:FUNANNOTATE_PREDICT (Pneumocystis_murina_B123)	FAILED	1	59.9													annotate_trace.20260907_181325.txt	overhead
v1.9.0-beta11_container_rust	Malassezia_globosa_CBS_7966	TRAIN_PREDICT:FUNANNOTATE_PREDICT	TRAIN_PREDICT:FUNANNOTATE_PREDICT (Malassezia_globosa_CBS_7966)	FAILED	1	60.0													annotate_trace.20260907_181325.txt	overhead
v1.9.0-beta11_container_rust	Saccharomyces_cerevisiae	TRAIN_PREDICT:RNASEQ_PREPARE	TRAIN_PREDICT:RNASEQ_PREPARE (Saccharomyces_cerevisiae)	COMPLETED	0	1362.0	1181.2	1.7	rss	4.468873333333334									annotate_trace.20260907_181325.txt	final
v1.9.0-beta11_container_rust	Cryptococcus_neoformans	TRAIN_PREDICT:RNASEQ_PREPARE	TRAIN_PREDICT:RNASEQ_PREPARE (Cryptococcus_neoformans)	COMPLETED	0	2646.0	1279.4	2.1	rss	9.40359									annotate_trace.20260907_181325.txt	final
v1.9.0-beta11_container_rust	Umbelopsis_ramanniana	TRAIN_PREDICT:RNASEQ_PREPARE	TRAIN_PREDICT:RNASEQ_PREPARE (Umbelopsis_ramanniana)	COMPLETED	0	2798.0	1204.3	2.1	rss	9.360087222222223									annotate_trace.20260907_181325.txt	final
v1.9.0-beta11_container_rust	Aspergillus_fumigatus	TRAIN_PREDICT:RNASEQ_PREPARE	TRAIN_PREDICT:RNASEQ_PREPARE (Aspergillus_fumigatus)	COMPLETED	0	3475.0	1213.0	3.8	rss	11.708819444444446									annotate_trace.20260907_181325.txt	final
v1.9.0-beta11_container_rust	Batrachochytrium_dendrobatidis	TRAIN_PREDICT:RNASEQ_PREPARE	TRAIN_PREDICT:RNASEQ_PREPARE (Batrachochytrium_dendrobatidis)	COMPLETED	0	3916.0	1240.9	11.0	rss	13.498234444444444									annotate_trace.20260907_181325.txt	final
v1.9.0-beta11_container_rust	Allomyces_macrogynus	TRAIN_PREDICT:RNASEQ_PREPARE	TRAIN_PREDICT:RNASEQ_PREPARE (Allomyces_macrogynus)	COMPLETED	0	4251.0	1283.9	2.2	rss	15.160719166666668									annotate_trace.20260907_181325.txt	final
v1.9.0-beta11_container_rust	Chaetomium_globosum	TRAIN_PREDICT:RNASEQ_PREPARE	TRAIN_PREDICT:RNASEQ_PREPARE (Chaetomium_globosum)	COMPLETED	0	4357.0	1299.5	2.7	rss	15.727559722222221									annotate_trace.20260907_181325.txt	final
v1.9.0-beta11_container_rust	-	FETCH_RNASEQ:COLLECT_SRA_QUERY	FETCH_RNASEQ:COLLECT_SRA_QUERY	CACHED	0	0.0	56.7	0.003	rss	0.0									annotate_trace.20260908_160108.txt	cached
v1.9.0-beta11_container_rust	Malassezia_globosa_CBS_7966	TRAIN_PREDICT:FUNANNOTATE_TRAIN	TRAIN_PREDICT:FUNANNOTATE_TRAIN (Malassezia_globosa_CBS_7966)	CACHED	0	0.026000000000000002	69.9	0.003	rss	5.048333333333335e-06									annotate_trace.20260908_160108.txt	cached
v1.9.0-beta11_container_rust	Umbelopsis_ramanniana_AG	TRAIN_PREDICT:FUNANNOTATE_TRAIN	TRAIN_PREDICT:FUNANNOTATE_TRAIN (Umbelopsis_ramanniana_AG)	FAILED	1	61.0													annotate_trace.20260908_160108.txt	overhead
v1.9.0-beta11_container_rust	Batrachochytrium_dendrobatidis_JAM81	TRAIN_PREDICT:FUNANNOTATE_TRAIN	TRAIN_PREDICT:FUNANNOTATE_TRAIN (Batrachochytrium_dendrobatidis_JAM81)	FAILED	1	60.0													annotate_trace.20260908_160108.txt	overhead
v1.9.0-beta11_container_rust	Allomyces_macrogynus_ATCC_38327	TRAIN_PREDICT:FUNANNOTATE_TRAIN	TRAIN_PREDICT:FUNANNOTATE_TRAIN (Allomyces_macrogynus_ATCC_38327)	FAILED	1	60.0													annotate_trace.20260908_160108.txt	overhead
v1.9.0-beta11_container_rust	Saccharomyces_cerevisiae_S288C	TRAIN_PREDICT:FUNANNOTATE_TRAIN	TRAIN_PREDICT:FUNANNOTATE_TRAIN (Saccharomyces_cerevisiae_S288C)	FAILED	1	0.003													annotate_trace.20260908_160108.txt	overhead
v1.9.0-beta11_container_rust	Cryptococcus_neoformans_H99	TRAIN_PREDICT:FUNANNOTATE_TRAIN	TRAIN_PREDICT:FUNANNOTATE_TRAIN (Cryptococcus_neoformans_H99)	FAILED	1	59.6													annotate_trace.20260908_160108.txt	overhead
v1.9.0-beta11_container_rust	Chaetomium_globosum_CBS_148.51	TRAIN_PREDICT:FUNANNOTATE_TRAIN	TRAIN_PREDICT:FUNANNOTATE_TRAIN (Chaetomium_globosum_CBS_148.51)	FAILED	1	60.0													annotate_trace.20260908_160108.txt	overhead
v1.9.0-beta11_container_rust	Pneumocystis_murina_B123	TRAIN_PREDICT:FUNANNOTATE_PREDICT	TRAIN_PREDICT:FUNANNOTATE_PREDICT (Pneumocystis_murina_B123)	COMPLETED	0	2347.0	687.2	2.9	rss	4.480162222222223									annotate_trace.20260908_160108.txt	final
v1.9.0-beta11_container_rust	Aspergillus_fumigatus_Af293	TRAIN_PREDICT:FUNANNOTATE_TRAIN	TRAIN_PREDICT:FUNANNOTATE_TRAIN (Aspergillus_fumigatus_Af293)	FAILED	1	59.9													annotate_trace.20260908_160108.txt	overhead
v1.9.0-beta11_container_rust	Malassezia_globosa_CBS_7966	TRAIN_PREDICT:FUNANNOTATE_PREDICT	TRAIN_PREDICT:FUNANNOTATE_PREDICT (Malassezia_globosa_CBS_7966)	COMPLETED	0	2181.0	641.2	2.9	rss	3.8846033333333336									annotate_trace.20260908_160108.txt	final
v1.9.0-beta11_container_rust	Rhodotorula_toruloides_NP11	TRAIN_PREDICT:FUNANNOTATE_PREDICT	TRAIN_PREDICT:FUNANNOTATE_PREDICT (Rhodotorula_toruloides_NP11)	COMPLETED	0	3222.0	633.7	3.6	rss	5.671615000000001									annotate_trace.20260908_160108.txt	final
v1.9.0-beta11_container_rust	Umbelopsis_ramanniana_AG	TRAIN_PREDICT:FUNANNOTATE_TRAIN	TRAIN_PREDICT:FUNANNOTATE_TRAIN (Umbelopsis_ramanniana_AG)	FAILED	1	60.0													annotate_trace.20260908_160108.txt	overhead
v1.9.0-beta11_container_rust	Batrachochytrium_dendrobatidis_JAM81	TRAIN_PREDICT:FUNANNOTATE_TRAIN	TRAIN_PREDICT:FUNANNOTATE_TRAIN (Batrachochytrium_dendrobatidis_JAM81)	FAILED	1	60.0													annotate_trace.20260908_160108.txt	overhead
v1.9.0-beta11_container_rust	Umbelopsis_ramanniana_AG	TRAIN_PREDICT:FUNANNOTATE_TRAIN	TRAIN_PREDICT:FUNANNOTATE_TRAIN (Umbelopsis_ramanniana_AG)	FAILED	1	0.001													annotate_trace.20260908_160108.txt	overhead
v1.9.0-beta11_container_rust	Batrachochytrium_dendrobatidis_JAM81	TRAIN_PREDICT:FUNANNOTATE_TRAIN	TRAIN_PREDICT:FUNANNOTATE_TRAIN (Batrachochytrium_dendrobatidis_JAM81)	FAILED	1	0.003													annotate_trace.20260908_160108.txt	overhead
v1.9.0-beta11_container_rust	Allomyces_macrogynus_ATCC_38327	TRAIN_PREDICT:FUNANNOTATE_TRAIN	TRAIN_PREDICT:FUNANNOTATE_TRAIN (Allomyces_macrogynus_ATCC_38327)	FAILED	1	60.0													annotate_trace.20260908_160108.txt	overhead
v1.9.0-beta11_container_rust	Cryptococcus_neoformans_H99	TRAIN_PREDICT:FUNANNOTATE_TRAIN	TRAIN_PREDICT:FUNANNOTATE_TRAIN (Cryptococcus_neoformans_H99)	FAILED	1	0.001													annotate_trace.20260908_160108.txt	overhead
v1.9.0-beta11_container_rust	Saccharomyces_cerevisiae_S288C	TRAIN_PREDICT:FUNANNOTATE_TRAIN	TRAIN_PREDICT:FUNANNOTATE_TRAIN (Saccharomyces_cerevisiae_S288C)	FAILED	1	60.0													annotate_trace.20260908_160108.txt	overhead
v1.9.0-beta11_container_rust	Chaetomium_globosum_CBS_148.51	TRAIN_PREDICT:FUNANNOTATE_TRAIN	TRAIN_PREDICT:FUNANNOTATE_TRAIN (Chaetomium_globosum_CBS_148.51)	FAILED	1	60.0													annotate_trace.20260908_160108.txt	overhead
v1.9.0-beta11_container_rust	Aspergillus_fumigatus_Af293	TRAIN_PREDICT:FUNANNOTATE_TRAIN	TRAIN_PREDICT:FUNANNOTATE_TRAIN (Aspergillus_fumigatus_Af293)	FAILED	1	0.003													annotate_trace.20260908_160108.txt	overhead
v1.9.0-beta11_container_rust	-	FETCH_RNASEQ:COLLECT_SRA_QUERY	FETCH_RNASEQ:COLLECT_SRA_QUERY	CACHED	0	0.0	56.7	0.003	rss	0.0									annotate_trace.20260909_155713.txt	cached
v1.9.0-beta11_container_rust	Allomyces_macrogynus_ATCC_38327	TRAIN_PREDICT:FUNANNOTATE_TRAIN	TRAIN_PREDICT:FUNANNOTATE_TRAIN (Allomyces_macrogynus_ATCC_38327)	FAILED	1	56.5													annotate_trace.20260909_155713.txt	overhead
v1.9.0-beta11_container_rust	Batrachochytrium_dendrobatidis_JAM81	TRAIN_PREDICT:FUNANNOTATE_TRAIN	TRAIN_PREDICT:FUNANNOTATE_TRAIN (Batrachochytrium_dendrobatidis_JAM81)	FAILED	1	0.012													annotate_trace.20260909_155713.txt	overhead
v1.9.0-beta11_container_rust	Saccharomyces_cerevisiae_S288C	TRAIN_PREDICT:FUNANNOTATE_TRAIN	TRAIN_PREDICT:FUNANNOTATE_TRAIN (Saccharomyces_cerevisiae_S288C)	FAILED	1	0.002													annotate_trace.20260909_155713.txt	overhead
v1.9.0-beta11_container_rust	Aspergillus_fumigatus_Af293	TRAIN_PREDICT:FUNANNOTATE_TRAIN	TRAIN_PREDICT:FUNANNOTATE_TRAIN (Aspergillus_fumigatus_Af293)	FAILED	1	0.002													annotate_trace.20260909_155713.txt	overhead
v1.9.0-beta11_container_rust	Umbelopsis_ramanniana_AG	TRAIN_PREDICT:FUNANNOTATE_TRAIN	TRAIN_PREDICT:FUNANNOTATE_TRAIN (Umbelopsis_ramanniana_AG)	FAILED	1	0.002													annotate_trace.20260909_155713.txt	overhead
v1.9.0-beta11_container_rust	Chaetomium_globosum_CBS_148.51	TRAIN_PREDICT:FUNANNOTATE_TRAIN	TRAIN_PREDICT:FUNANNOTATE_TRAIN (Chaetomium_globosum_CBS_148.51)	FAILED	1	60.0													annotate_trace.20260909_155713.txt	overhead
v1.9.0-beta11_container_rust	Cryptococcus_neoformans_H99	TRAIN_PREDICT:FUNANNOTATE_TRAIN	TRAIN_PREDICT:FUNANNOTATE_TRAIN (Cryptococcus_neoformans_H99)	FAILED	1	60.0													annotate_trace.20260909_155713.txt	overhead
v1.9.0-beta11_container_rust	Malassezia_globosa_CBS_7966	TRAIN_PREDICT:FUNANNOTATE_TRAIN	TRAIN_PREDICT:FUNANNOTATE_TRAIN (Malassezia_globosa_CBS_7966)	COMPLETED	0	0.067	36.5			6.793055555555555e-06									annotate_trace.20260909_155713.txt	overhead
v1.9.0-beta11_container_rust	Batrachochytrium_dendrobatidis_JAM81	TRAIN_PREDICT:FUNANNOTATE_TRAIN	TRAIN_PREDICT:FUNANNOTATE_TRAIN (Batrachochytrium_dendrobatidis_JAM81)	FAILED	1	0.001													annotate_trace.20260909_155713.txt	overhead
v1.9.0-beta11_container_rust	Allomyces_macrogynus_ATCC_38327	TRAIN_PREDICT:FUNANNOTATE_TRAIN	TRAIN_PREDICT:FUNANNOTATE_TRAIN (Allomyces_macrogynus_ATCC_38327)	FAILED	1	60.0													annotate_trace.20260909_155713.txt	overhead
v1.9.0-beta11_container_rust	Saccharomyces_cerevisiae_S288C	TRAIN_PREDICT:FUNANNOTATE_TRAIN	TRAIN_PREDICT:FUNANNOTATE_TRAIN (Saccharomyces_cerevisiae_S288C)	FAILED	1	60.0													annotate_trace.20260909_155713.txt	overhead
v1.9.0-beta11_container_rust	Aspergillus_fumigatus_Af293	TRAIN_PREDICT:FUNANNOTATE_TRAIN	TRAIN_PREDICT:FUNANNOTATE_TRAIN (Aspergillus_fumigatus_Af293)	FAILED	1	60.0													annotate_trace.20260909_155713.txt	overhead
v1.9.0-beta11_container_rust	Umbelopsis_ramanniana_AG	TRAIN_PREDICT:FUNANNOTATE_TRAIN	TRAIN_PREDICT:FUNANNOTATE_TRAIN (Umbelopsis_ramanniana_AG)	FAILED	1	0.002													annotate_trace.20260909_155713.txt	overhead
v1.9.0-beta11_container_rust	Chaetomium_globosum_CBS_148.51	TRAIN_PREDICT:FUNANNOTATE_TRAIN	TRAIN_PREDICT:FUNANNOTATE_TRAIN (Chaetomium_globosum_CBS_148.51)	FAILED	1	60.0													annotate_trace.20260909_155713.txt	overhead
v1.9.0-beta11_container_rust	Cryptococcus_neoformans_H99	TRAIN_PREDICT:FUNANNOTATE_TRAIN	TRAIN_PREDICT:FUNANNOTATE_TRAIN (Cryptococcus_neoformans_H99)	FAILED	1	0.004													annotate_trace.20260909_155713.txt	overhead
v1.9.0-beta11_container_rust	Batrachochytrium_dendrobatidis_JAM81	TRAIN_PREDICT:FUNANNOTATE_TRAIN	TRAIN_PREDICT:FUNANNOTATE_TRAIN (Batrachochytrium_dendrobatidis_JAM81)	FAILED	1	0.002													annotate_trace.20260909_155713.txt	overhead
v1.9.0-beta11_container_rust	Allomyces_macrogynus_ATCC_38327	TRAIN_PREDICT:FUNANNOTATE_TRAIN	TRAIN_PREDICT:FUNANNOTATE_TRAIN (Allomyces_macrogynus_ATCC_38327)	FAILED	1	60.0													annotate_trace.20260909_155713.txt	overhead
v1.9.0-beta11_container_rust	-	FETCH_RNASEQ:COLLECT_SRA_QUERY	FETCH_RNASEQ:COLLECT_SRA_QUERY	CACHED	0	0.0	56.7	0.003	rss	0.0									annotate_trace.20260909_224225.txt	cached
v1.9.0-beta11_container_rust	Malassezia_globosa_CBS_7966	TRAIN_PREDICT:FUNANNOTATE_TRAIN	TRAIN_PREDICT:FUNANNOTATE_TRAIN (Malassezia_globosa_CBS_7966)	COMPLETED	0	0.107	12.5	0.003	rss	3.715277777777778e-06									annotate_trace.20260909_224225.txt	final
v1.9.0-beta11_container_rust	Saccharomyces_cerevisiae_S288C	TRAIN_PREDICT:FUNANNOTATE_TRAIN	TRAIN_PREDICT:FUNANNOTATE_TRAIN (Saccharomyces_cerevisiae_S288C)	COMPLETED	0	680.0	253.9	0.8262999999999999	rss	0.4795888888888889									annotate_trace.20260909_224225.txt	final
v1.9.0-beta11_container_rust	Umbelopsis_ramanniana_AG	TRAIN_PREDICT:FUNANNOTATE_TRAIN	TRAIN_PREDICT:FUNANNOTATE_TRAIN (Umbelopsis_ramanniana_AG)	COMPLETED	0	1263.0	284.6	1.1	rss	0.9984716666666666									annotate_trace.20260909_224225.txt	final
v1.9.0-beta11_container_rust	Saccharomyces_cerevisiae_S288C	TRAIN_PREDICT:FUNANNOTATE_PREDICT	TRAIN_PREDICT:FUNANNOTATE_PREDICT (Saccharomyces_cerevisiae_S288C)	COMPLETED	0	801.0	531.2	4.2	rss	1.18192									annotate_trace.20260909_224225.txt	final
v1.9.0-beta11_container_rust	Aspergillus_fumigatus_Af293	TRAIN_PREDICT:FUNANNOTATE_TRAIN	TRAIN_PREDICT:FUNANNOTATE_TRAIN (Aspergillus_fumigatus_Af293)	COMPLETED	0	2027.0	247.6	1.2	rss	1.3941255555555554									annotate_trace.20260909_224225.txt	final
v1.9.0-beta11_container_rust	Umbelopsis_ramanniana_AG	TRAIN_PREDICT:FUNANNOTATE_PREDICT	TRAIN_PREDICT:FUNANNOTATE_PREDICT (Umbelopsis_ramanniana_AG)	COMPLETED	0	1025.0	486.5	2.9	rss	1.385173611111111									annotate_trace.20260909_224225.txt	final
v1.9.0-beta11_container_rust	Cryptococcus_neoformans_H99	TRAIN_PREDICT:FUNANNOTATE_TRAIN	TRAIN_PREDICT:FUNANNOTATE_TRAIN (Cryptococcus_neoformans_H99)	COMPLETED	0	2532.0	229.3	1.2	rss	1.6127433333333334									annotate_trace.20260909_224225.txt	final
v1.9.0-beta11_container_rust	Allomyces_macrogynus_ATCC_38327	TRAIN_PREDICT:FUNANNOTATE_TRAIN	TRAIN_PREDICT:FUNANNOTATE_TRAIN (Allomyces_macrogynus_ATCC_38327)	COMPLETED	0	2939.0	327.7	1.2	rss	2.6753063888888886									annotate_trace.20260909_224225.txt	final
v1.9.0-beta11_container_rust	Chaetomium_globosum_CBS_148.51	TRAIN_PREDICT:FUNANNOTATE_TRAIN	TRAIN_PREDICT:FUNANNOTATE_TRAIN (Chaetomium_globosum_CBS_148.51)	COMPLETED	0	2922.0	277.8	1.7	rss	2.25481									annotate_trace.20260909_224225.txt	final
v1.9.0-beta11_container_rust	Batrachochytrium_dendrobatidis_JAM81	TRAIN_PREDICT:FUNANNOTATE_TRAIN	TRAIN_PREDICT:FUNANNOTATE_TRAIN (Batrachochytrium_dendrobatidis_JAM81)	COMPLETED	0	2997.0	260.8	1.4	rss	2.17116									annotate_trace.20260909_224225.txt	final
v1.9.0-beta11_container_rust	Cryptococcus_neoformans_H99	TRAIN_PREDICT:FUNANNOTATE_PREDICT	TRAIN_PREDICT:FUNANNOTATE_PREDICT (Cryptococcus_neoformans_H99)	COMPLETED	0	913.0	488.5	4.4	rss	1.2388902777777777									annotate_trace.20260909_224225.txt	final
v1.9.0-beta11_container_rust	Aspergillus_fumigatus_Af293	TRAIN_PREDICT:FUNANNOTATE_PREDICT	TRAIN_PREDICT:FUNANNOTATE_PREDICT (Aspergillus_fumigatus_Af293)	COMPLETED	0	1515.0	537.6	3.9	rss	2.2624									annotate_trace.20260909_224225.txt	final
v1.9.0-beta11_container_rust	Batrachochytrium_dendrobatidis_JAM81	TRAIN_PREDICT:FUNANNOTATE_PREDICT	TRAIN_PREDICT:FUNANNOTATE_PREDICT (Batrachochytrium_dendrobatidis_JAM81)	COMPLETED	0	1086.0	518.6	3.8	rss	1.5644433333333334									annotate_trace.20260909_224225.txt	final
v1.9.0-beta11_container_rust	Chaetomium_globosum_CBS_148.51	TRAIN_PREDICT:FUNANNOTATE_PREDICT	TRAIN_PREDICT:FUNANNOTATE_PREDICT (Chaetomium_globosum_CBS_148.51)	COMPLETED	0	1799.0	602.3	3.8	rss	3.0098269444444443									annotate_trace.20260909_224225.txt	final
v1.9.0-beta11_container_rust	Allomyces_macrogynus_ATCC_38327	TRAIN_PREDICT:FUNANNOTATE_PREDICT	TRAIN_PREDICT:FUNANNOTATE_PREDICT (Allomyces_macrogynus_ATCC_38327)	COMPLETED	0	2248.0	602.2	4.4	rss	3.7604044444444447									annotate_trace.20260909_224225.txt	final
v1.9.0-beta12_container	-	ASM_STATS	ASM_STATS	COMPLETED	0	0.935	110.8	0.0050999999999999995	rss	0.00028777222222222217									annotate_trace.20260919_224520.txt	final
v1.9.0-beta12_container	-	SETUP_DBS:SETUP_MARIADB_DATADIR	SETUP_DBS:SETUP_MARIADB_DATADIR	COMPLETED	0	3.2	40.7	0.1455	rss	0.0003617777777777778									annotate_trace.20260919_224520.txt	final
v1.9.0-beta12_container	-	SETUP_DBS:SETUP_AUGUSTUS_CONFIG	SETUP_DBS:SETUP_AUGUSTUS_CONFIG	COMPLETED	0	1.5	22.8	0.0050999999999999995	rss	9.5e-05									annotate_trace.20260919_224520.txt	final
v1.9.0-beta12_container	Chaetomium_globosum_CBS_148.51	MASK_GENOME:MASKREPEAT_TANTAN_RUN	MASK_GENOME:MASKREPEAT_TANTAN_RUN (Chaetomium_globosum_CBS_148.51)	COMPLETED	0	21.3	149.8	0.08600000000000001	rss	0.008863166666666668									annotate_trace.20260919_224520.txt	final
v1.9.0-beta12_container	Chaetomium_globosum	TRAIN_PREDICT:RNASEQ_PREPARE	TRAIN_PREDICT:RNASEQ_PREPARE (Chaetomium_globosum)	COMPLETED	0	0.026000000000000002	36.1			2.607222222222222e-06									annotate_trace.20260919_224520.txt	final
v1.9.0-beta12_container	-	FETCH_RNASEQ:COLLECT_SRA_QUERY	FETCH_RNASEQ:COLLECT_SRA_QUERY	COMPLETED	0	0.0	69.6	0.003	rss	0.0									annotate_trace.20260919_224520.txt	overhead
v1.9.0-beta12_container	Chaetomium_globosum_CBS_148.51	TRAIN_PREDICT:FUNANNOTATE_PREDICT	TRAIN_PREDICT:FUNANNOTATE_PREDICT (Chaetomium_globosum_CBS_148.51)	COMPLETED	0	2950.0	619.2	16.3	rss	5.074									annotate_trace.20260919_224520.txt	overhead
v1.9.0-beta12_container	Allomyces_macrogynus_ATCC_38327	MASK_GENOME:MASKREPEAT_TANTAN_RUN	MASK_GENOME:MASKREPEAT_TANTAN_RUN (Allomyces_macrogynus_ATCC_38327)	COMPLETED	0	27.1	161.2	0.0675	rss	0.012134777777777777									annotate_trace.20260919_233957.txt	final
v1.9.0-beta12_container	Cryptococcus_neoformans_H99	MASK_GENOME:MASKREPEAT_TANTAN_RUN	MASK_GENOME:MASKREPEAT_TANTAN_RUN (Cryptococcus_neoformans_H99)	COMPLETED	0	11.7	141.0	0.061	rss	0.0045825									annotate_trace.20260919_233957.txt	final
v1.9.0-beta12_container	Rhodotorula_toruloides_NP11	MASK_GENOME:MASKREPEAT_TANTAN_RUN	MASK_GENOME:MASKREPEAT_TANTAN_RUN (Rhodotorula_toruloides_NP11)	COMPLETED	0	12.1	146.0	0.0586	rss	0.0049072222222222225									annotate_trace.20260919_233957.txt	final
v1.9.0-beta12_container	Malassezia_globosa_CBS_7966	MASK_GENOME:MASKREPEAT_TANTAN_RUN	MASK_GENOME:MASKREPEAT_TANTAN_RUN (Malassezia_globosa_CBS_7966)	COMPLETED	0	6.6	134.3	0.0582	rss	0.002462166666666667									annotate_trace.20260919_233957.txt	final
v1.9.0-beta12_container	Tilletiopsis_washingtonensis_MCA_4186	MASK_GENOME:MASKREPEAT_TANTAN_RUN	MASK_GENOME:MASKREPEAT_TANTAN_RUN (Tilletiopsis_washingtonensis_MCA_4186)	COMPLETED	0	12.3	136.8	0.055700000000000006	rss	0.004674									annotate_trace.20260919_233957.txt	final
v1.9.0-beta12_container	Yarrowia_lipolytica_CLIB122	MASK_GENOME:MASKREPEAT_TANTAN_RUN	MASK_GENOME:MASKREPEAT_TANTAN_RUN (Yarrowia_lipolytica_CLIB122)	COMPLETED	0	12.4	146.8	0.0727	rss	0.005056444444444445									annotate_trace.20260919_233957.txt	final
v1.9.0-beta12_container	Schizophyllum_commune_H4-8	MASK_GENOME:MASKREPEAT_TANTAN_RUN	MASK_GENOME:MASKREPEAT_TANTAN_RUN (Schizophyllum_commune_H4-8)	COMPLETED	0	10.6	182.2	0.0755	rss	0.005364777777777777									annotate_trace.20260919_233957.txt	final
v1.9.0-beta12_container	Botrytis_cinerea_B05.10	MASK_GENOME:MASKREPEAT_TANTAN_RUN	MASK_GENOME:MASKREPEAT_TANTAN_RUN (Botrytis_cinerea_B05.10)	COMPLETED	0	11.5	177.4	0.07200000000000001	rss	0.005666944444444445									annotate_trace.20260919_233957.txt	final
v1.9.0-beta12_container	Zygosaccharomyces_rouxii_CBS_732	MASK_GENOME:MASKREPEAT_TANTAN_RUN	MASK_GENOME:MASKREPEAT_TANTAN_RUN (Zygosaccharomyces_rouxii_CBS_732)	COMPLETED	0	7.6	118.9	0.058	rss	0.002510111111111111									annotate_trace.20260919_233957.txt	final
v1.9.0-beta12_container	Aspergillus_fumigatus_Af293	MASK_GENOME:MASKREPEAT_TANTAN_RUN	MASK_GENOME:MASKREPEAT_TANTAN_RUN (Aspergillus_fumigatus_Af293)	COMPLETED	0	20.1	136.6	0.0777	rss	0.007626833333333333									annotate_trace.20260919_233957.txt	final
v1.9.0-beta12_container	Pneumocystis_murina_B123	MASK_GENOME:MASKREPEAT_TANTAN_RUN	MASK_GENOME:MASKREPEAT_TANTAN_RUN (Pneumocystis_murina_B123)	COMPLETED	0	6.5	106.4	0.053200000000000004	rss	0.001921111111111111									annotate_trace.20260919_233957.txt	final
v1.9.0-beta12_container	Batrachochytrium_dendrobatidis_JAM81	MASK_GENOME:MASKREPEAT_TANTAN_RUN	MASK_GENOME:MASKREPEAT_TANTAN_RUN (Batrachochytrium_dendrobatidis_JAM81)	COMPLETED	0	7.0	175.2	0.0741	rss	0.0034066666666666664									annotate_trace.20260919_233957.txt	final
v1.9.0-beta12_container	Fusarium_verticillioides_7600	MASK_GENOME:MASKREPEAT_TANTAN_RUN	MASK_GENOME:MASKREPEAT_TANTAN_RUN (Fusarium_verticillioides_7600)	COMPLETED	0	10.1	198.2	0.0834	rss	0.005560611111111111									annotate_trace.20260919_233957.txt	final
v1.9.0-beta12_container	Umbelopsis_ramanniana_AG	MASK_GENOME:MASKREPEAT_TANTAN_RUN	MASK_GENOME:MASKREPEAT_TANTAN_RUN (Umbelopsis_ramanniana_AG)	COMPLETED	0	13.5	155.8	0.0545	rss	0.0058425									annotate_trace.20260919_233957.txt	final
v1.9.0-beta12_container	Saccharomyces_cerevisiae_S288C	MASK_GENOME:MASKREPEAT_TANTAN_RUN	MASK_GENOME:MASKREPEAT_TANTAN_RUN (Saccharomyces_cerevisiae_S288C)	COMPLETED	0	8.3	142.5	0.0565	rss	0.0032854166666666674									annotate_trace.20260919_233957.txt	final
v1.9.0-beta12_container	-	FETCH_RNASEQ:COLLECT_SRA_QUERY	FETCH_RNASEQ:COLLECT_SRA_QUERY	COMPLETED	0	0.0	50.9	0.003	rss	0.0									annotate_trace.20260919_233957.txt	overhead
v1.9.0-beta12_container	Tilletiopsis_washingtonensis	TRAIN_PREDICT:RNASEQ_PREPARE	TRAIN_PREDICT:RNASEQ_PREPARE (Tilletiopsis_washingtonensis)	COMPLETED	0	9.9	633.0	0.1758	rss	0.017407500000000003									annotate_trace.20260919_233957.txt	final
v1.9.0-beta12_container	Malassezia_globosa	TRAIN_PREDICT:RNASEQ_PREPARE	TRAIN_PREDICT:RNASEQ_PREPARE (Malassezia_globosa)	COMPLETED	0	1043.0	1206.6	1.5	rss	3.495788333333333									annotate_trace.20260919_233957.txt	final
v1.9.0-beta12_container	Zygosaccharomyces_rouxii	TRAIN_PREDICT:RNASEQ_PREPARE	TRAIN_PREDICT:RNASEQ_PREPARE (Zygosaccharomyces_rouxii)	COMPLETED	0	809.0	1192.1	2.6	rss	2.6789136111111107									annotate_trace.20260919_233957.txt	final
v1.9.0-beta12_container	Cryptococcus_neoformans	TRAIN_PREDICT:RNASEQ_PREPARE	TRAIN_PREDICT:RNASEQ_PREPARE (Cryptococcus_neoformans)	COMPLETED	0	2248.0	1257.9	2.1	rss	7.854886666666667									annotate_trace.20260919_233957.txt	final
v1.9.0-beta12_container	Pneumocystis_murina_B123	TRAIN_PREDICT:FUNANNOTATE_PREDICT	TRAIN_PREDICT:FUNANNOTATE_PREDICT (Pneumocystis_murina_B123)	COMPLETED	0	2615.0	641.1	2.9	rss	4.656879166666667									annotate_trace.20260919_233957.txt	final
v1.9.0-beta12_container	Schizophyllum_commune	TRAIN_PREDICT:RNASEQ_PREPARE	TRAIN_PREDICT:RNASEQ_PREPARE (Schizophyllum_commune)	COMPLETED	0	2637.0	1267.0	2.6	rss	9.280775									annotate_trace.20260919_233957.txt	final
v1.9.0-beta12_container	Yarrowia_lipolytica	TRAIN_PREDICT:RNASEQ_PREPARE	TRAIN_PREDICT:RNASEQ_PREPARE (Yarrowia_lipolytica)	COMPLETED	0	2686.0	1253.1	1.7	rss	9.349518333333332									annotate_trace.20260919_233957.txt	final
v1.9.0-beta12_container	Aspergillus_fumigatus	TRAIN_PREDICT:RNASEQ_PREPARE	TRAIN_PREDICT:RNASEQ_PREPARE (Aspergillus_fumigatus)	COMPLETED	0	2853.0	1142.2	3.1	rss	9.051935									annotate_trace.20260919_233957.txt	final
v1.9.0-beta12_container	Botrytis_cinerea	TRAIN_PREDICT:RNASEQ_PREPARE	TRAIN_PREDICT:RNASEQ_PREPARE (Botrytis_cinerea)	COMPLETED	0	3532.0	1271.9	2.4	rss	12.478752222222225									annotate_trace.20260919_233957.txt	final
v1.9.0-beta12_container	Allomyces_macrogynus	TRAIN_PREDICT:RNASEQ_PREPARE	TRAIN_PREDICT:RNASEQ_PREPARE (Allomyces_macrogynus)	COMPLETED	0	3713.0	1168.7	2.1	rss	12.053841944444446									annotate_trace.20260919_233957.txt	final
v1.9.0-beta12_container	Saccharomyces_cerevisiae	TRAIN_PREDICT:RNASEQ_PREPARE	TRAIN_PREDICT:RNASEQ_PREPARE (Saccharomyces_cerevisiae)	COMPLETED	0	1045.0	1258.7	1.7	rss	3.653726388888889									annotate_trace.20260919_233957.txt	final
v1.9.0-beta12_container	Rhodotorula_toruloides_NP11	TRAIN_PREDICT:FUNANNOTATE_PREDICT	TRAIN_PREDICT:FUNANNOTATE_PREDICT (Rhodotorula_toruloides_NP11)	COMPLETED	0	4053.0	621.0	4.0	rss	6.991425									annotate_trace.20260919_233957.txt	final
v1.9.0-beta12_container	Umbelopsis_ramanniana	TRAIN_PREDICT:RNASEQ_PREPARE	TRAIN_PREDICT:RNASEQ_PREPARE (Umbelopsis_ramanniana)	COMPLETED	0	2732.0	1267.4	2.0	rss	9.618157777777778									annotate_trace.20260919_233957.txt	final
v1.9.0-beta12_container	Zygosaccharomyces_rouxii_CBS_732	TRAIN_PREDICT:FUNANNOTATE_TRAIN	TRAIN_PREDICT:FUNANNOTATE_TRAIN (Zygosaccharomyces_rouxii_CBS_732)	COMPLETED	0	805.0	198.4	0.8416	rss	0.44364444444444445									annotate_trace.20260919_233957.txt	final
v1.9.0-beta12_container	Fusarium_verticillioides	TRAIN_PREDICT:RNASEQ_PREPARE	TRAIN_PREDICT:RNASEQ_PREPARE (Fusarium_verticillioides)	COMPLETED	0	4037.0	1236.0	3.5	rss	13.860366666666668									annotate_trace.20260919_233957.txt	final
v1.9.0-beta12_container	Malassezia_globosa_CBS_7966	TRAIN_PREDICT:FUNANNOTATE_TRAIN	TRAIN_PREDICT:FUNANNOTATE_TRAIN (Malassezia_globosa_CBS_7966)	COMPLETED	0	1433.0	184.1	0.7816000000000001	rss	0.7328202777777778									annotate_trace.20260919_233957.txt	final
v1.9.0-beta12_container	Batrachochytrium_dendrobatidis	TRAIN_PREDICT:RNASEQ_PREPARE	TRAIN_PREDICT:RNASEQ_PREPARE (Batrachochytrium_dendrobatidis)	COMPLETED	0	4129.0	1204.3	11.0	rss	13.812651944444445									annotate_trace.20260919_233957.txt	final
v1.9.0-beta12_container	Schizophyllum_commune_H4-8	TRAIN_PREDICT:FUNANNOTATE_TRAIN	TRAIN_PREDICT:FUNANNOTATE_TRAIN (Schizophyllum_commune_H4-8)	COMPLETED	0	916.0	230.2	0.8101	rss	0.5857311111111111									annotate_trace.20260919_233957.txt	final
v1.9.0-beta12_container	Yarrowia_lipolytica_CLIB122	TRAIN_PREDICT:FUNANNOTATE_TRAIN	TRAIN_PREDICT:FUNANNOTATE_TRAIN (Yarrowia_lipolytica_CLIB122)	COMPLETED	0	1427.0	273.5	0.7582000000000001	rss	1.084123611111111									annotate_trace.20260919_233957.txt	final
v1.9.0-beta12_container	Saccharomyces_cerevisiae_S288C	TRAIN_PREDICT:FUNANNOTATE_TRAIN	TRAIN_PREDICT:FUNANNOTATE_TRAIN (Saccharomyces_cerevisiae_S288C)	COMPLETED	0	910.0	244.6	0.8157000000000001	rss	0.6182944444444444									annotate_trace.20260919_233957.txt	final
v1.9.0-beta12_container	Aspergillus_fumigatus_Af293	TRAIN_PREDICT:FUNANNOTATE_TRAIN	TRAIN_PREDICT:FUNANNOTATE_TRAIN (Aspergillus_fumigatus_Af293)	COMPLETED	0	2424.0	236.3	1.2	rss	1.5910866666666668									annotate_trace.20260919_233957.txt	final
v1.9.0-beta12_container	Zygosaccharomyces_rouxii_CBS_732	TRAIN_PREDICT:FUNANNOTATE_PREDICT	TRAIN_PREDICT:FUNANNOTATE_PREDICT (Zygosaccharomyces_rouxii_CBS_732)	COMPLETED	0	800.0	543.2	3.5	rss	1.207111111111111									annotate_trace.20260919_233957.txt	final
v1.9.0-beta12_container	Cryptococcus_neoformans_H99	TRAIN_PREDICT:FUNANNOTATE_TRAIN	TRAIN_PREDICT:FUNANNOTATE_TRAIN (Cryptococcus_neoformans_H99)	COMPLETED	0	3551.0	212.3	1.3	rss	2.094103611111111									annotate_trace.20260919_233957.txt	final
v1.9.0-beta12_container	Botrytis_cinerea_B05.10	TRAIN_PREDICT:FUNANNOTATE_TRAIN	TRAIN_PREDICT:FUNANNOTATE_TRAIN (Botrytis_cinerea_B05.10)	COMPLETED	0	2535.0	264.9	1.6	rss	1.8653374999999999									annotate_trace.20260919_233957.txt	final
v1.9.0-beta12_container	Malassezia_globosa_CBS_7966	TRAIN_PREDICT:FUNANNOTATE_PREDICT	TRAIN_PREDICT:FUNANNOTATE_PREDICT (Malassezia_globosa_CBS_7966)	COMPLETED	0	889.0	580.2	2.6	rss	1.4327716666666668									annotate_trace.20260919_233957.txt	final
v1.9.0-beta12_container	Umbelopsis_ramanniana_AG	TRAIN_PREDICT:FUNANNOTATE_TRAIN	TRAIN_PREDICT:FUNANNOTATE_TRAIN (Umbelopsis_ramanniana_AG)	COMPLETED	0	1690.0	259.3	1.0061	rss	1.2172694444444445									annotate_trace.20260919_233957.txt	final
v1.9.0-beta12_container	Yarrowia_lipolytica_CLIB122	TRAIN_PREDICT:FUNANNOTATE_PREDICT	TRAIN_PREDICT:FUNANNOTATE_PREDICT (Yarrowia_lipolytica_CLIB122)	COMPLETED	0	1108.0	538.5	3.8	rss	1.6573833333333332									annotate_trace.20260919_233957.txt	final
v1.9.0-beta12_container	Allomyces_macrogynus_ATCC_38327	TRAIN_PREDICT:FUNANNOTATE_TRAIN	TRAIN_PREDICT:FUNANNOTATE_TRAIN (Allomyces_macrogynus_ATCC_38327)	COMPLETED	0	3546.0	307.4	1.2	rss	3.0278899999999997									annotate_trace.20260919_233957.txt	final
v1.9.0-beta12_container	Saccharomyces_cerevisiae_S288C	TRAIN_PREDICT:FUNANNOTATE_PREDICT	TRAIN_PREDICT:FUNANNOTATE_PREDICT (Saccharomyces_cerevisiae_S288C)	COMPLETED	0	952.0	531.6	3.3	rss	1.4057866666666665									annotate_trace.20260919_233957.txt	final
v1.9.0-beta12_container	Batrachochytrium_dendrobatidis_JAM81	TRAIN_PREDICT:FUNANNOTATE_TRAIN	TRAIN_PREDICT:FUNANNOTATE_TRAIN (Batrachochytrium_dendrobatidis_JAM81)	COMPLETED	0	2299.0	275.7	1.3	rss	1.7606508333333333									annotate_trace.20260919_233957.txt	final
v1.9.0-beta12_container	Schizophyllum_commune_H4-8	TRAIN_PREDICT:FUNANNOTATE_PREDICT	TRAIN_PREDICT:FUNANNOTATE_PREDICT (Schizophyllum_commune_H4-8)	COMPLETED	0	2729.0	578.2	6.5	rss	4.383077222222222									annotate_trace.20260919_233957.txt	final
v1.9.0-beta12_container	Tilletiopsis_washingtonensis_MCA_4186	TRAIN_PREDICT:FUNANNOTATE_TRAIN	TRAIN_PREDICT:FUNANNOTATE_TRAIN (Tilletiopsis_washingtonensis_MCA_4186)	COMPLETED	0	6807.0	468.4	1.9	rss	8.856663333333334									annotate_trace.20260919_233957.txt	final
v1.9.0-beta12_container	Cryptococcus_neoformans_H99	TRAIN_PREDICT:FUNANNOTATE_PREDICT	TRAIN_PREDICT:FUNANNOTATE_PREDICT (Cryptococcus_neoformans_H99)	COMPLETED	0	1556.0	547.3	7.2	rss	2.365552222222222									annotate_trace.20260919_233957.txt	final
v1.9.0-beta12_container	Aspergillus_fumigatus_Af293	TRAIN_PREDICT:FUNANNOTATE_PREDICT	TRAIN_PREDICT:FUNANNOTATE_PREDICT (Aspergillus_fumigatus_Af293)	COMPLETED	0	1930.0	607.3	19.9	rss	3.2558027777777774									annotate_trace.20260919_233957.txt	final
v1.9.0-beta12_container	Umbelopsis_ramanniana_AG	TRAIN_PREDICT:FUNANNOTATE_PREDICT	TRAIN_PREDICT:FUNANNOTATE_PREDICT (Umbelopsis_ramanniana_AG)	COMPLETED	0	1550.0	550.9	3.7	rss	2.3719305555555557									annotate_trace.20260919_233957.txt	final
v1.9.0-beta12_container	Fusarium_verticillioides_7600	TRAIN_PREDICT:FUNANNOTATE_TRAIN	TRAIN_PREDICT:FUNANNOTATE_TRAIN (Fusarium_verticillioides_7600)	COMPLETED	0	4092.0	269.0	1.7	rss	3.0576333333333334									annotate_trace.20260919_233957.txt	final
v1.9.0-beta12_container	Botrytis_cinerea_B05.10	TRAIN_PREDICT:FUNANNOTATE_PREDICT	TRAIN_PREDICT:FUNANNOTATE_PREDICT (Botrytis_cinerea_B05.10)	COMPLETED	0	2809.0	588.1	10.8	rss	4.588813611111111									annotate_trace.20260919_233957.txt	final
v1.9.0-beta12_container	Tilletiopsis_washingtonensis_MCA_4186	TRAIN_PREDICT:FUNANNOTATE_PREDICT	TRAIN_PREDICT:FUNANNOTATE_PREDICT (Tilletiopsis_washingtonensis_MCA_4186)	COMPLETED	0	1755.0	535.9	4.3	rss	2.6125125									annotate_trace.20260919_233957.txt	final
v1.9.0-beta12_container	Batrachochytrium_dendrobatidis_JAM81	TRAIN_PREDICT:FUNANNOTATE_PREDICT	TRAIN_PREDICT:FUNANNOTATE_PREDICT (Batrachochytrium_dendrobatidis_JAM81)	COMPLETED	0	2444.0	581.8	4.8	rss	3.949775555555555									annotate_trace.20260919_233957.txt	final
v1.9.0-beta12_container	Allomyces_macrogynus_ATCC_38327	TRAIN_PREDICT:FUNANNOTATE_PREDICT	TRAIN_PREDICT:FUNANNOTATE_PREDICT (Allomyces_macrogynus_ATCC_38327)	COMPLETED	0	3331.0	603.9	9.9	rss	5.5877525									annotate_trace.20260919_233957.txt	final
v1.9.0-beta12_container	Chaetomium_globosum_CBS_148.51	TRAIN_PREDICT:FUNANNOTATE_TRAIN	TRAIN_PREDICT:FUNANNOTATE_TRAIN (Chaetomium_globosum_CBS_148.51)	COMPLETED	0	11643.0	507.9	2.9	rss	16.4263325									annotate_trace.20260919_233957.txt	final
v1.9.0-beta12_container	Chaetomium_globosum_CBS_148.51	TRAIN_PREDICT:FUNANNOTATE_PREDICT	TRAIN_PREDICT:FUNANNOTATE_PREDICT (Chaetomium_globosum_CBS_148.51)	CACHED	0	2950.0	619.2	16.3	rss	5.074									annotate_trace.20260919_233957.txt	cached
v1.9.0-beta12_container	Fusarium_verticillioides_7600	TRAIN_PREDICT:FUNANNOTATE_PREDICT	TRAIN_PREDICT:FUNANNOTATE_PREDICT (Fusarium_verticillioides_7600)	COMPLETED	0	3035.0	587.7	8.8	rss	4.9546375000000005									annotate_trace.20260919_233957.txt	final
v1.9.0-beta12_container	-	FETCH_RNASEQ:COLLECT_SRA_QUERY	FETCH_RNASEQ:COLLECT_SRA_QUERY	CACHED	0	0.0	69.6	0.003	rss	0.0									annotate_trace.20260920_040951.txt	cached
v1.9.0-beta12_container	Chaetomium_globosum_CBS_148.51	TRAIN_PREDICT:FUNANNOTATE_PREDICT	TRAIN_PREDICT:FUNANNOTATE_PREDICT (Chaetomium_globosum_CBS_148.51)	CACHED	0	2950.0	619.2	16.3	rss	5.074									annotate_trace.20260920_040951.txt	cached
v1.9.0-beta12_container	-	FETCH_RNASEQ:COLLECT_SRA_QUERY	FETCH_RNASEQ:COLLECT_SRA_QUERY	COMPLETED	0	0.0	11.8	0.003	rss	0.0									annotate_trace.20260920_041230.txt	final
v1.9.0-beta12_container	Chaetomium_globosum_CBS_148.51	TRAIN_PREDICT:FUNANNOTATE_PREDICT	TRAIN_PREDICT:FUNANNOTATE_PREDICT (Chaetomium_globosum_CBS_148.51)	COMPLETED	0	2936.0	605.1	16.2	rss	4.934926666666667									annotate_trace.20260920_041230.txt	final
v1.9.0-beta12_container_rust	-	SETUP_DBS:SETUP_MARIADB_DATADIR	SETUP_DBS:SETUP_MARIADB_DATADIR	COMPLETED	0	3.5	28.1	0.029	rss	0.00027319444444444445									annotate_trace.20260919_224520.txt	final
v1.9.0-beta12_container_rust	-	ASM_STATS	ASM_STATS	COMPLETED	0	1.3	90.6	0.0083	rss	0.0003271666666666667									annotate_trace.20260919_224520.txt	final
v1.9.0-beta12_container_rust	Chaetomium_globosum_CBS_148.51	MASK_GENOME:MASKREPEAT_TANTAN_RUN	MASK_GENOME:MASKREPEAT_TANTAN_RUN (Chaetomium_globosum_CBS_148.51)	COMPLETED	0	19.1	156.6	0.0851	rss	0.0083085									annotate_trace.20260919_224520.txt	final
v1.9.0-beta12_container_rust	-	SETUP_DBS:SETUP_AUGUSTUS_CONFIG	SETUP_DBS:SETUP_AUGUSTUS_CONFIG	COMPLETED	0	1.5	23.6	0.005	rss	9.833333333333334e-05									annotate_trace.20260919_224520.txt	final
v1.9.0-beta12_container_rust	Chaetomium_globosum	TRAIN_PREDICT:RNASEQ_PREPARE	TRAIN_PREDICT:RNASEQ_PREPARE (Chaetomium_globosum)	COMPLETED	0	0.065	20.2	0.0033	rss	3.647222222222222e-06									annotate_trace.20260919_224520.txt	final
v1.9.0-beta12_container_rust	-	FETCH_RNASEQ:COLLECT_SRA_QUERY	FETCH_RNASEQ:COLLECT_SRA_QUERY	COMPLETED	0	0.0	31.9	0.003	rss	0.0									annotate_trace.20260919_224520.txt	overhead
v1.9.0-beta12_container_rust	Chaetomium_globosum_CBS_148.51	TRAIN_PREDICT:FUNANNOTATE_PREDICT	TRAIN_PREDICT:FUNANNOTATE_PREDICT (Chaetomium_globosum_CBS_148.51)	COMPLETED	0	1929.0	563.7	4.5	rss	3.0204925000000005									annotate_trace.20260919_224520.txt	overhead
v1.9.0-beta12_container_rust	Allomyces_macrogynus_ATCC_38327	MASK_GENOME:MASKREPEAT_TANTAN_RUN	MASK_GENOME:MASKREPEAT_TANTAN_RUN (Allomyces_macrogynus_ATCC_38327)	COMPLETED	0	30.8	141.0	0.0668	rss	0.012063333333333334									annotate_trace.20260919_234007.txt	final
v1.9.0-beta12_container_rust	Cryptococcus_neoformans_H99	MASK_GENOME:MASKREPEAT_TANTAN_RUN	MASK_GENOME:MASKREPEAT_TANTAN_RUN (Cryptococcus_neoformans_H99)	COMPLETED	0	6.2	159.8	0.0639	rss	0.0027521111111111114									annotate_trace.20260919_234007.txt	final
v1.9.0-beta12_container_rust	Malassezia_globosa_CBS_7966	MASK_GENOME:MASKREPEAT_TANTAN_RUN	MASK_GENOME:MASKREPEAT_TANTAN_RUN (Malassezia_globosa_CBS_7966)	COMPLETED	0	3.6	140.7	0.054200000000000005	rss	0.0014069999999999998									annotate_trace.20260919_234007.txt	final
v1.9.0-beta12_container_rust	Rhodotorula_toruloides_NP11	MASK_GENOME:MASKREPEAT_TANTAN_RUN	MASK_GENOME:MASKREPEAT_TANTAN_RUN (Rhodotorula_toruloides_NP11)	COMPLETED	0	15.2	133.7	0.0585	rss	0.00564511111111111									annotate_trace.20260919_234007.txt	final
v1.9.0-beta12_container_rust	Yarrowia_lipolytica_CLIB122	MASK_GENOME:MASKREPEAT_TANTAN_RUN	MASK_GENOME:MASKREPEAT_TANTAN_RUN (Yarrowia_lipolytica_CLIB122)	COMPLETED	0	13.4	138.8	0.0729	rss	0.005166444444444445									annotate_trace.20260919_234007.txt	final
v1.9.0-beta12_container_rust	Schizophyllum_commune_H4-8	MASK_GENOME:MASKREPEAT_TANTAN_RUN	MASK_GENOME:MASKREPEAT_TANTAN_RUN (Schizophyllum_commune_H4-8)	COMPLETED	0	20.2	147.3	0.0748	rss	0.008265166666666667									annotate_trace.20260919_234007.txt	final
v1.9.0-beta12_container_rust	Tilletiopsis_washingtonensis_MCA_4186	MASK_GENOME:MASKREPEAT_TANTAN_RUN	MASK_GENOME:MASKREPEAT_TANTAN_RUN (Tilletiopsis_washingtonensis_MCA_4186)	COMPLETED	0	11.1	138.0	0.05620000000000001	rss	0.004254999999999999									annotate_trace.20260919_234007.txt	final
v1.9.0-beta12_container_rust	Aspergillus_fumigatus_Af293	MASK_GENOME:MASKREPEAT_TANTAN_RUN	MASK_GENOME:MASKREPEAT_TANTAN_RUN (Aspergillus_fumigatus_Af293)	COMPLETED	0	8.3	181.3	0.078	rss	0.004179972222222223									annotate_trace.20260919_234007.txt	final
v1.9.0-beta12_container_rust	Botrytis_cinerea_B05.10	MASK_GENOME:MASKREPEAT_TANTAN_RUN	MASK_GENOME:MASKREPEAT_TANTAN_RUN (Botrytis_cinerea_B05.10)	COMPLETED	0	22.2	167.7	0.0718	rss	0.010341499999999998									annotate_trace.20260919_234007.txt	final
v1.9.0-beta12_container_rust	Zygosaccharomyces_rouxii_CBS_732	MASK_GENOME:MASKREPEAT_TANTAN_RUN	MASK_GENOME:MASKREPEAT_TANTAN_RUN (Zygosaccharomyces_rouxii_CBS_732)	COMPLETED	0	6.8	143.6	0.0631	rss	0.002712444444444444									annotate_trace.20260919_234007.txt	final
v1.9.0-beta12_container_rust	Batrachochytrium_dendrobatidis_JAM81	MASK_GENOME:MASKREPEAT_TANTAN_RUN	MASK_GENOME:MASKREPEAT_TANTAN_RUN (Batrachochytrium_dendrobatidis_JAM81)	COMPLETED	0	6.1	191.8	0.07540000000000001	rss	0.0032499444444444446									annotate_trace.20260919_234007.txt	final
v1.9.0-beta12_container_rust	Pneumocystis_murina_B123	MASK_GENOME:MASKREPEAT_TANTAN_RUN	MASK_GENOME:MASKREPEAT_TANTAN_RUN (Pneumocystis_murina_B123)	COMPLETED	0	6.1	121.0	0.0533	rss	0.0020502777777777776									annotate_trace.20260919_234007.txt	final
v1.9.0-beta12_container_rust	Fusarium_verticillioides_7600	MASK_GENOME:MASKREPEAT_TANTAN_RUN	MASK_GENOME:MASKREPEAT_TANTAN_RUN (Fusarium_verticillioides_7600)	COMPLETED	0	10.7	188.5	0.0848	rss	0.005602638888888889									annotate_trace.20260919_234007.txt	final
v1.9.0-beta12_container_rust	Saccharomyces_cerevisiae_S288C	MASK_GENOME:MASKREPEAT_TANTAN_RUN	MASK_GENOME:MASKREPEAT_TANTAN_RUN (Saccharomyces_cerevisiae_S288C)	COMPLETED	0	4.5	149.7	0.056799999999999996	rss	0.0018712499999999999									annotate_trace.20260919_234007.txt	final
v1.9.0-beta12_container_rust	Umbelopsis_ramanniana_AG	MASK_GENOME:MASKREPEAT_TANTAN_RUN	MASK_GENOME:MASKREPEAT_TANTAN_RUN (Umbelopsis_ramanniana_AG)	COMPLETED	0	13.0	162.3	0.0549	rss	0.005860833333333334									annotate_trace.20260919_234007.txt	final
v1.9.0-beta12_container_rust	-	FETCH_RNASEQ:COLLECT_SRA_QUERY	FETCH_RNASEQ:COLLECT_SRA_QUERY	COMPLETED	0	0.0	81.4	0.003	rss	0.0									annotate_trace.20260919_234007.txt	overhead
v1.9.0-beta12_container_rust	Malassezia_globosa	TRAIN_PREDICT:RNASEQ_PREPARE	TRAIN_PREDICT:RNASEQ_PREPARE (Malassezia_globosa)	COMPLETED	0	916.0	1268.3	1.6	rss	3.2271188888888886									annotate_trace.20260919_234007.txt	final
v1.9.0-beta12_container_rust	Cryptococcus_neoformans	TRAIN_PREDICT:RNASEQ_PREPARE	TRAIN_PREDICT:RNASEQ_PREPARE (Cryptococcus_neoformans)	COMPLETED	0	2495.0	1211.6	2.2	rss	8.39706111111111									annotate_trace.20260919_234007.txt	final
v1.9.0-beta12_container_rust	Rhodotorula_toruloides_NP11	TRAIN_PREDICT:FUNANNOTATE_PREDICT	TRAIN_PREDICT:FUNANNOTATE_PREDICT (Rhodotorula_toruloides_NP11)	COMPLETED	0	2964.0	628.0	4.0	rss	5.170533333333334									annotate_trace.20260919_234007.txt	final
v1.9.0-beta12_container_rust	Pneumocystis_murina_B123	TRAIN_PREDICT:FUNANNOTATE_PREDICT	TRAIN_PREDICT:FUNANNOTATE_PREDICT (Pneumocystis_murina_B123)	COMPLETED	0	3018.0	651.2	2.8	rss	5.459226666666667									annotate_trace.20260919_234007.txt	final
v1.9.0-beta12_container_rust	Allomyces_macrogynus	TRAIN_PREDICT:RNASEQ_PREPARE	TRAIN_PREDICT:RNASEQ_PREPARE (Allomyces_macrogynus)	COMPLETED	0	3658.0	1279.5	2.3	rss	13.001141666666667									annotate_trace.20260919_234007.txt	final
v1.9.0-beta12_container_rust	Schizophyllum_commune	TRAIN_PREDICT:RNASEQ_PREPARE	TRAIN_PREDICT:RNASEQ_PREPARE (Schizophyllum_commune)	COMPLETED	0	2700.0	1259.8	2.6	rss	9.4485									annotate_trace.20260919_234007.txt	final
v1.9.0-beta12_container_rust	Zygosaccharomyces_rouxii	TRAIN_PREDICT:RNASEQ_PREPARE	TRAIN_PREDICT:RNASEQ_PREPARE (Zygosaccharomyces_rouxii)	COMPLETED	0	758.0	1248.3	2.6	rss	2.6283649999999996									annotate_trace.20260919_234007.txt	final
v1.9.0-beta12_container_rust	Tilletiopsis_washingtonensis	TRAIN_PREDICT:RNASEQ_PREPARE	TRAIN_PREDICT:RNASEQ_PREPARE (Tilletiopsis_washingtonensis)	COMPLETED	0	2190.0	1172.2	1.7	rss	7.130883333333333									annotate_trace.20260919_234007.txt	final
v1.9.0-beta12_container_rust	Saccharomyces_cerevisiae	TRAIN_PREDICT:RNASEQ_PREPARE	TRAIN_PREDICT:RNASEQ_PREPARE (Saccharomyces_cerevisiae)	COMPLETED	0	1294.0	1209.0	1.7	rss	4.345683333333334									annotate_trace.20260919_234007.txt	final
v1.9.0-beta12_container_rust	Yarrowia_lipolytica	TRAIN_PREDICT:RNASEQ_PREPARE	TRAIN_PREDICT:RNASEQ_PREPARE (Yarrowia_lipolytica)	COMPLETED	0	3524.0	1196.4	1.7	rss	11.711426666666668									annotate_trace.20260919_234007.txt	final
v1.9.0-beta12_container_rust	Malassezia_globosa_CBS_7966	TRAIN_PREDICT:FUNANNOTATE_TRAIN	TRAIN_PREDICT:FUNANNOTATE_TRAIN (Malassezia_globosa_CBS_7966)	COMPLETED	0	1119.0	191.2	0.7625000000000001	rss	0.5943133333333334									annotate_trace.20260919_234007.txt	final
v1.9.0-beta12_container_rust	Aspergillus_fumigatus	TRAIN_PREDICT:RNASEQ_PREPARE	TRAIN_PREDICT:RNASEQ_PREPARE (Aspergillus_fumigatus)	COMPLETED	0	3117.0	1266.5	3.6	rss	10.965779166666666									annotate_trace.20260919_234007.txt	final
v1.9.0-beta12_container_rust	Umbelopsis_ramanniana	TRAIN_PREDICT:RNASEQ_PREPARE	TRAIN_PREDICT:RNASEQ_PREPARE (Umbelopsis_ramanniana)	COMPLETED	0	2324.0	1245.5	2.2	rss	8.040394444444445									annotate_trace.20260919_234007.txt	final
v1.9.0-beta12_container_rust	Batrachochytrium_dendrobatidis	TRAIN_PREDICT:RNASEQ_PREPARE	TRAIN_PREDICT:RNASEQ_PREPARE (Batrachochytrium_dendrobatidis)	COMPLETED	0	3548.0	1238.6	11.1	rss	12.20709111111111									annotate_trace.20260919_234007.txt	final
v1.9.0-beta12_container_rust	Fusarium_verticillioides	TRAIN_PREDICT:RNASEQ_PREPARE	TRAIN_PREDICT:RNASEQ_PREPARE (Fusarium_verticillioides)	COMPLETED	0	3738.0	1147.2	3.5	rss	11.911760000000001									annotate_trace.20260919_234007.txt	final
v1.9.0-beta12_container_rust	Zygosaccharomyces_rouxii_CBS_732	TRAIN_PREDICT:FUNANNOTATE_TRAIN	TRAIN_PREDICT:FUNANNOTATE_TRAIN (Zygosaccharomyces_rouxii_CBS_732)	COMPLETED	0	542.0	209.4	0.837	rss	0.3152633333333333									annotate_trace.20260919_234007.txt	final
v1.9.0-beta12_container_rust	Schizophyllum_commune_H4-8	TRAIN_PREDICT:FUNANNOTATE_TRAIN	TRAIN_PREDICT:FUNANNOTATE_TRAIN (Schizophyllum_commune_H4-8)	COMPLETED	0	851.0	234.8	0.7889	rss	0.5550411111111112									annotate_trace.20260919_234007.txt	final
v1.9.0-beta12_container_rust	Botrytis_cinerea	TRAIN_PREDICT:RNASEQ_PREPARE	TRAIN_PREDICT:RNASEQ_PREPARE (Botrytis_cinerea)	COMPLETED	0	4271.0	1167.0	2.5	rss	13.845158333333334									annotate_trace.20260919_234007.txt	final
v1.9.0-beta12_container_rust	Cryptococcus_neoformans_H99	TRAIN_PREDICT:FUNANNOTATE_TRAIN	TRAIN_PREDICT:FUNANNOTATE_TRAIN (Cryptococcus_neoformans_H99)	COMPLETED	0	2487.0	243.2	1.3	rss	1.6801066666666666									annotate_trace.20260919_234007.txt	final
v1.9.0-beta12_container_rust	Saccharomyces_cerevisiae_S288C	TRAIN_PREDICT:FUNANNOTATE_TRAIN	TRAIN_PREDICT:FUNANNOTATE_TRAIN (Saccharomyces_cerevisiae_S288C)	COMPLETED	0	726.0	253.9	0.8623999999999999	rss	0.5120316666666667									annotate_trace.20260919_234007.txt	final
v1.9.0-beta12_container_rust	Malassezia_globosa_CBS_7966	TRAIN_PREDICT:FUNANNOTATE_PREDICT	TRAIN_PREDICT:FUNANNOTATE_PREDICT (Malassezia_globosa_CBS_7966)	COMPLETED	0	592.0	512.1	2.4	rss	0.8421200000000001									annotate_trace.20260919_234007.txt	final
v1.9.0-beta12_container_rust	Yarrowia_lipolytica_CLIB122	TRAIN_PREDICT:FUNANNOTATE_TRAIN	TRAIN_PREDICT:FUNANNOTATE_TRAIN (Yarrowia_lipolytica_CLIB122)	COMPLETED	0	992.0	327.2	0.7328	rss	0.9016177777777777									annotate_trace.20260919_234007.txt	final
v1.9.0-beta12_container_rust	Allomyces_macrogynus_ATCC_38327	TRAIN_PREDICT:FUNANNOTATE_TRAIN	TRAIN_PREDICT:FUNANNOTATE_TRAIN (Allomyces_macrogynus_ATCC_38327)	COMPLETED	0	2268.0	356.5	1.2	rss	2.24595									annotate_trace.20260919_234007.txt	final
v1.9.0-beta12_container_rust	Tilletiopsis_washingtonensis_MCA_4186	TRAIN_PREDICT:FUNANNOTATE_TRAIN	TRAIN_PREDICT:FUNANNOTATE_TRAIN (Tilletiopsis_washingtonensis_MCA_4186)	COMPLETED	0	1936.0	217.3	1.3	rss	1.1685911111111111									annotate_trace.20260919_234007.txt	final
v1.9.0-beta12_container_rust	Zygosaccharomyces_rouxii_CBS_732	TRAIN_PREDICT:FUNANNOTATE_PREDICT	TRAIN_PREDICT:FUNANNOTATE_PREDICT (Zygosaccharomyces_rouxii_CBS_732)	COMPLETED	0	802.0	478.5	3.5	rss	1.0659916666666667									annotate_trace.20260919_234007.txt	final
v1.9.0-beta12_container_rust	Umbelopsis_ramanniana_AG	TRAIN_PREDICT:FUNANNOTATE_TRAIN	TRAIN_PREDICT:FUNANNOTATE_TRAIN (Umbelopsis_ramanniana_AG)	COMPLETED	0	1694.0	287.3	1.1	rss	1.3519061111111113									annotate_trace.20260919_234007.txt	final
v1.9.0-beta12_container_rust	Schizophyllum_commune_H4-8	TRAIN_PREDICT:FUNANNOTATE_PREDICT	TRAIN_PREDICT:FUNANNOTATE_PREDICT (Schizophyllum_commune_H4-8)	COMPLETED	0	1426.0	587.1	4.3	rss	2.3255683333333335									annotate_trace.20260919_234007.txt	final
v1.9.0-beta12_container_rust	Cryptococcus_neoformans_H99	TRAIN_PREDICT:FUNANNOTATE_PREDICT	TRAIN_PREDICT:FUNANNOTATE_PREDICT (Cryptococcus_neoformans_H99)	COMPLETED	0	845.0	523.6	3.9	rss	1.2290055555555557									annotate_trace.20260919_234007.txt	final
v1.9.0-beta12_container_rust	Yarrowia_lipolytica_CLIB122	TRAIN_PREDICT:FUNANNOTATE_PREDICT	TRAIN_PREDICT:FUNANNOTATE_PREDICT (Yarrowia_lipolytica_CLIB122)	COMPLETED	0	861.0	518.5	3.7	rss	1.2400791666666666									annotate_trace.20260919_234007.txt	final
v1.9.0-beta12_container_rust	Aspergillus_fumigatus_Af293	TRAIN_PREDICT:FUNANNOTATE_TRAIN	TRAIN_PREDICT:FUNANNOTATE_TRAIN (Aspergillus_fumigatus_Af293)	COMPLETED	0	2735.0	257.6	1.3	rss	1.9570444444444444									annotate_trace.20260919_234007.txt	final
v1.9.0-beta12_container_rust	Saccharomyces_cerevisiae_S288C	TRAIN_PREDICT:FUNANNOTATE_PREDICT	TRAIN_PREDICT:FUNANNOTATE_PREDICT (Saccharomyces_cerevisiae_S288C)	COMPLETED	0	1219.0	458.4	3.2	rss	1.552193333333333									annotate_trace.20260919_234007.txt	final
v1.9.0-beta12_container_rust	Batrachochytrium_dendrobatidis_JAM81	TRAIN_PREDICT:FUNANNOTATE_TRAIN	TRAIN_PREDICT:FUNANNOTATE_TRAIN (Batrachochytrium_dendrobatidis_JAM81)	COMPLETED	0	2140.0	290.1	1.3	rss	1.7244833333333334									annotate_trace.20260919_234007.txt	final
v1.9.0-beta12_container_rust	Fusarium_verticillioides_7600	TRAIN_PREDICT:FUNANNOTATE_TRAIN	TRAIN_PREDICT:FUNANNOTATE_TRAIN (Fusarium_verticillioides_7600)	COMPLETED	0	2613.0	287.2	1.6	rss	2.0845933333333333									annotate_trace.20260919_234007.txt	final
v1.9.0-beta12_container_rust	Umbelopsis_ramanniana_AG	TRAIN_PREDICT:FUNANNOTATE_PREDICT	TRAIN_PREDICT:FUNANNOTATE_PREDICT (Umbelopsis_ramanniana_AG)	COMPLETED	0	1018.0	535.2	3.0	rss	1.513426666666667									annotate_trace.20260919_234007.txt	final
v1.9.0-beta12_container_rust	Tilletiopsis_washingtonensis_MCA_4186	TRAIN_PREDICT:FUNANNOTATE_PREDICT	TRAIN_PREDICT:FUNANNOTATE_PREDICT (Tilletiopsis_washingtonensis_MCA_4186)	COMPLETED	0	1401.0	500.9	4.2	rss	1.949335833333333									annotate_trace.20260919_234007.txt	final
v1.9.0-beta12_container_rust	Batrachochytrium_dendrobatidis_JAM81	TRAIN_PREDICT:FUNANNOTATE_PREDICT	TRAIN_PREDICT:FUNANNOTATE_PREDICT (Batrachochytrium_dendrobatidis_JAM81)	COMPLETED	0	819.0	577.2	4.3	rss	1.3131300000000001									annotate_trace.20260919_234007.txt	final
v1.9.0-beta12_container_rust	Botrytis_cinerea_B05.10	TRAIN_PREDICT:FUNANNOTATE_TRAIN	TRAIN_PREDICT:FUNANNOTATE_TRAIN (Botrytis_cinerea_B05.10)	COMPLETED	0	3336.0	264.7	1.6	rss	2.452886666666666									annotate_trace.20260919_234007.txt	final
v1.9.0-beta12_container_rust	Aspergillus_fumigatus_Af293	TRAIN_PREDICT:FUNANNOTATE_PREDICT	TRAIN_PREDICT:FUNANNOTATE_PREDICT (Aspergillus_fumigatus_Af293)	COMPLETED	0	1678.0	603.2	3.7	rss	2.811582222222222									annotate_trace.20260919_234007.txt	final
v1.9.0-beta12_container_rust	Allomyces_macrogynus_ATCC_38327	TRAIN_PREDICT:FUNANNOTATE_PREDICT	TRAIN_PREDICT:FUNANNOTATE_PREDICT (Allomyces_macrogynus_ATCC_38327)	COMPLETED	0	3080.0	534.3	9.4	rss	4.571233333333333									annotate_trace.20260919_234007.txt	final
v1.9.0-beta12_container_rust	Fusarium_verticillioides_7600	TRAIN_PREDICT:FUNANNOTATE_PREDICT	TRAIN_PREDICT:FUNANNOTATE_PREDICT (Fusarium_verticillioides_7600)	COMPLETED	0	1483.0	589.8	9.6	rss	2.429648333333333									annotate_trace.20260919_234007.txt	final
v1.9.0-beta12_container_rust	Chaetomium_globosum_CBS_148.51	TRAIN_PREDICT:FUNANNOTATE_TRAIN	TRAIN_PREDICT:FUNANNOTATE_TRAIN (Chaetomium_globosum_CBS_148.51)	COMPLETED	0	11772.0	505.3	2.9	rss	16.52331									annotate_trace.20260919_234007.txt	final
v1.9.0-beta12_container_rust	Chaetomium_globosum_CBS_148.51	TRAIN_PREDICT:FUNANNOTATE_PREDICT	TRAIN_PREDICT:FUNANNOTATE_PREDICT (Chaetomium_globosum_CBS_148.51)	CACHED	0	1929.0	563.7	4.5	rss	3.0204925000000005									annotate_trace.20260919_234007.txt	cached
v1.9.0-beta12_container_rust	Botrytis_cinerea_B05.10	TRAIN_PREDICT:FUNANNOTATE_PREDICT	TRAIN_PREDICT:FUNANNOTATE_PREDICT (Botrytis_cinerea_B05.10)	COMPLETED	0	2195.0	551.3	3.9	rss	3.3613986111111114									annotate_trace.20260919_234007.txt	final
v1.9.0-beta12_container_rust	Chaetomium_globosum_CBS_148.51	TRAIN_PREDICT:FUNANNOTATE_PREDICT	TRAIN_PREDICT:FUNANNOTATE_PREDICT (Chaetomium_globosum_CBS_148.51)	CACHED	0	1929.0	563.7	4.5	rss	3.0204925000000005									annotate_trace.20260920_040948.txt	cached
v1.9.0-beta12_container_rust	-	FETCH_RNASEQ:COLLECT_SRA_QUERY	FETCH_RNASEQ:COLLECT_SRA_QUERY	CACHED	0	0.0	31.9	0.003	rss	0.0									annotate_trace.20260920_040948.txt	cached
v1.9.0-beta12_container_rust	-	FETCH_RNASEQ:COLLECT_SRA_QUERY	FETCH_RNASEQ:COLLECT_SRA_QUERY	COMPLETED	0	0.0	45.6	0.0031000000000000003	rss	0.0									annotate_trace.20260920_041230.txt	final
v1.9.0-beta12_container_rust	Chaetomium_globosum_CBS_148.51	TRAIN_PREDICT:FUNANNOTATE_PREDICT	TRAIN_PREDICT:FUNANNOTATE_PREDICT (Chaetomium_globosum_CBS_148.51)	COMPLETED	0	1874.0	496.2	3.8	rss	2.5829966666666664									annotate_trace.20260920_041230.txt	overhead
v1.9.0-beta12_container_rust	-	FETCH_RNASEQ:COLLECT_SRA_QUERY	FETCH_RNASEQ:COLLECT_SRA_QUERY	CACHED	0	0.0	45.6	0.0031000000000000003	rss	0.0									annotate_trace.20260920_102843.txt	cached
v1.9.0-beta12_container_rust	-	FETCH_RNASEQ:COLLECT_SRA_QUERY	FETCH_RNASEQ:COLLECT_SRA_QUERY	CACHED	0	0.0	45.6	0.0031000000000000003	rss	0.0									annotate_trace.20260920_103107.txt	cached
v1.9.0-beta12_container_rust	-	FETCH_RNASEQ:COLLECT_SRA_QUERY	FETCH_RNASEQ:COLLECT_SRA_QUERY	CACHED	0	0.0	45.6	0.0031000000000000003	rss	0.0									annotate_trace.20260920_103417.txt	cached
v1.9.0-beta12_container_rust	Chaetomium_globosum_CBS_148.51	TRAIN_PREDICT:FUNANNOTATE_PREDICT	TRAIN_PREDICT:FUNANNOTATE_PREDICT (Chaetomium_globosum_CBS_148.51)	COMPLETED	0	0.053	39.4			5.800555555555555e-06									annotate_trace.20260920_103417.txt	final
v1.9.0-beta13_blat_container_rust	-	SETUP_DBS:SETUP_MARIADB_DATADIR	SETUP_DBS:SETUP_MARIADB_DATADIR	COMPLETED	0	3.8	30.4	0.1489	rss	0.00032088888888888884									annotate_trace.20260920_184044.txt	final
v1.9.0-beta13_blat_container_rust	-	ASM_STATS	ASM_STATS	COMPLETED	0	1.0	115.4	0.004900000000000001	rss	0.0003205555555555556									annotate_trace.20260920_184044.txt	final
v1.9.0-beta13_blat_container_rust	-	SETUP_DBS:SETUP_AUGUSTUS_CONFIG	SETUP_DBS:SETUP_AUGUSTUS_CONFIG	COMPLETED	0	3.5	19.7	0.0048	rss	0.00019152777777777774									annotate_trace.20260920_184044.txt	final
v1.9.0-beta13_blat_container_rust	-	FETCH_RNASEQ:COLLECT_SRA_QUERY	FETCH_RNASEQ:COLLECT_SRA_QUERY	COMPLETED	0	0.0	42.1	0.0031000000000000003	rss	0.0									annotate_trace.20260920_184044.txt	final
v1.9.0-beta13_blat_container_rust	Botrytis_cinerea_B05.10	TRAIN_PREDICT:FUNANNOTATE_TRAIN	TRAIN_PREDICT:FUNANNOTATE_TRAIN (Botrytis_cinerea_B05.10)	COMPLETED	0	2141.0	276.6	1.5	rss	1.6450016666666667									annotate_trace.20260920_184044.txt	final
v1.9.0-beta13_blat_container_rust	Botrytis_cinerea_B05.10	TRAIN_PREDICT:FUNANNOTATE_PREDICT	TRAIN_PREDICT:FUNANNOTATE_PREDICT (Botrytis_cinerea_B05.10)	COMPLETED	0	1708.0	536.4	4.4	rss	2.54492									annotate_trace.20260920_184044.txt	final
v1.9.0-beta13_gmap_conda_rust	-	ASM_STATS	ASM_STATS	COMPLETED	0	0.898	122.5	0.005200000000000001	rss	0.00030556944444444446									annotate_trace.20260921_090741.txt	final
v1.9.0-beta13_gmap_conda_rust	-	SETUP_DBS:SETUP_MARIADB_DATADIR	SETUP_DBS:SETUP_MARIADB_DATADIR	COMPLETED	0	3.5	32.7	0.1338	rss	0.00031791666666666665									annotate_trace.20260921_090741.txt	overhead
v1.9.0-beta13_gmap_conda_rust	Botrytis_cinerea_B05.10	MASK_GENOME:MASKREPEAT_TANTAN_RUN	MASK_GENOME:MASKREPEAT_TANTAN_RUN (Botrytis_cinerea_B05.10)	COMPLETED	0	16.3	88.6	0.0723	rss	0.004011611111111111									annotate_trace.20260921_090741.txt	final
v1.9.0-beta13_gmap_conda_rust	-	SETUP_DBS:SETUP_AUGUSTUS_CONFIG	SETUP_DBS:SETUP_AUGUSTUS_CONFIG	COMPLETED	0	12.8	3.2	0.0092	rss	0.00011377777777777779									annotate_trace.20260921_090741.txt	final
v1.9.0-beta13_gmap_conda_rust	-	FETCH_RNASEQ:COLLECT_SRA_QUERY	FETCH_RNASEQ:COLLECT_SRA_QUERY	COMPLETED	0	0.063	85.0			1.4874999999999999e-05									annotate_trace.20260921_090741.txt	overhead
v1.9.0-beta13_gmap_conda_rust	-	SETUP_DBS:SETUP_MARIADB_DATADIR	SETUP_DBS:SETUP_MARIADB_DATADIR	COMPLETED	0	6.0	19.7	0.1362	rss	0.0003283333333333333									annotate_trace.20260921_113251.txt	final
v1.9.0-beta13_gmap_conda_rust	-	FETCH_RNASEQ:COLLECT_SRA_QUERY	FETCH_RNASEQ:COLLECT_SRA_QUERY	COMPLETED	0	8.0	1.0	0.003	rss	2.2222222222222223e-05									annotate_trace.20260921_113251.txt	final
v1.9.0-beta13_gmap_conda_rust	Botrytis_cinerea_B05.10	TRAIN_PREDICT:FUNANNOTATE_TRAIN	TRAIN_PREDICT:FUNANNOTATE_TRAIN (Botrytis_cinerea_B05.10)	COMPLETED	0	2262.0	286.1	1.9	rss	1.7976616666666667									annotate_trace.20260921_113251.txt	final
v1.9.0-beta13_gmap_conda_rust	Botrytis_cinerea_B05.10	TRAIN_PREDICT:FUNANNOTATE_PREDICT	TRAIN_PREDICT:FUNANNOTATE_PREDICT (Botrytis_cinerea_B05.10)	COMPLETED	0	1853.0	532.3	4.5	rss	2.7398663888888883									annotate_trace.20260921_113251.txt	final
v1.9.0-beta13_gmap_container_rust	-	SETUP_DBS:SETUP_MARIADB_DATADIR	SETUP_DBS:SETUP_MARIADB_DATADIR	COMPLETED	0	3.5	32.1	0.1462	rss	0.0003120833333333333									annotate_trace.20260920_183907.txt	final
v1.9.0-beta13_gmap_container_rust	Botrytis_cinerea_B05.10	TRAIN_PREDICT:FUNANNOTATE_TRAIN	TRAIN_PREDICT:FUNANNOTATE_TRAIN (Botrytis_cinerea_B05.10)	COMPLETED	0	2833.0	318.1	2.1	rss	2.5032702777777778									annotate_trace.20260920_183907.txt	final
v1.9.0-beta13_gmap_container_rust	Botrytis_cinerea_B05.10	TRAIN_PREDICT:FUNANNOTATE_PREDICT	TRAIN_PREDICT:FUNANNOTATE_PREDICT (Botrytis_cinerea_B05.10)	FAILED	1	900.0													annotate_trace.20260920_183907.txt	unresolved
v1.9.0-beta13_gmap_container_rust	Botrytis_cinerea_B05.10	TRAIN_PREDICT:FUNANNOTATE_PREDICT	TRAIN_PREDICT:FUNANNOTATE_PREDICT (Botrytis_cinerea_B05.10)	FAILED	1	60.0													annotate_trace.20260920_183907.txt	unresolved
v1.9.0-beta13_gmap_container_rust	Botrytis_cinerea_B05.10	TRAIN_PREDICT:FUNANNOTATE_PREDICT	TRAIN_PREDICT:FUNANNOTATE_PREDICT (Botrytis_cinerea_B05.10)	FAILED	1	59.9													annotate_trace.20260920_183907.txt	unresolved
v1.9.0-beta13_gmap_container_rust	-	FETCH_RNASEQ:COLLECT_SRA_QUERY	FETCH_RNASEQ:COLLECT_SRA_QUERY	COMPLETED	0	0.0	39.1	0.003	rss	0.0									annotate_trace.20260920_183907.txt	final
v1.9.0-beta13_gmap_pasaT1_container_rust	-	ASM_STATS	ASM_STATS	COMPLETED	0	1.2	93.7	0.011800000000000001	rss	0.00031233333333333335									annotate_trace.20260921_074842.txt	final
v1.9.0-beta13_gmap_pasaT1_container_rust	-	SETUP_DBS:SETUP_MARIADB_DATADIR	SETUP_DBS:SETUP_MARIADB_DATADIR	COMPLETED	0	3.7	28.8	0.15209999999999999	rss	0.00029600000000000004									annotate_trace.20260921_074842.txt	final
v1.9.0-beta13_gmap_pasaT1_container_rust	Botrytis_cinerea_B05.10	MASK_GENOME:MASKREPEAT_TANTAN_RUN	MASK_GENOME:MASKREPEAT_TANTAN_RUN (Botrytis_cinerea_B05.10)	COMPLETED	0	7.7	198.3	0.1086	rss	0.004241416666666667									annotate_trace.20260921_074842.txt	final
v1.9.0-beta13_gmap_pasaT1_container_rust	-	SETUP_DBS:SETUP_AUGUSTUS_CONFIG	SETUP_DBS:SETUP_AUGUSTUS_CONFIG	COMPLETED	0	1.6	27.2	0.004900000000000001	rss	0.0001208888888888889									annotate_trace.20260921_074842.txt	final
v1.9.0-beta13_gmap_pasaT1_container_rust	-	FETCH_RNASEQ:COLLECT_SRA_QUERY	FETCH_RNASEQ:COLLECT_SRA_QUERY	COMPLETED	0	0.0	57.1	0.003	rss	0.0									annotate_trace.20260921_074842.txt	final
v1.9.0-beta13_gmap_pasaT1_container_rust	Botrytis_cinerea_B05.10	TRAIN_PREDICT:FUNANNOTATE_TRAIN	TRAIN_PREDICT:FUNANNOTATE_TRAIN (Botrytis_cinerea_B05.10)	COMPLETED	0	2395.0	325.1	2.0	rss	2.162818055555556									annotate_trace.20260921_074842.txt	final
v1.9.0-beta13_gmap_pasaT1_container_rust	Botrytis_cinerea_B05.10	TRAIN_PREDICT:FUNANNOTATE_PREDICT	TRAIN_PREDICT:FUNANNOTATE_PREDICT (Botrytis_cinerea_B05.10)	COMPLETED	0	1680.0	528.9	4.3	rss	2.4682									annotate_trace.20260921_074842.txt	final
v1.8.17_container	-	SETUP_DBS:SETUP_MARIADB_DATADIR	SETUP_DBS:SETUP_MARIADB_DATADIR	COMPLETED	0	3.5	33.3	0.148	rss	0.00032374999999999993									annotate_trace.20260905_164327.txt	overhead
v1.8.17_container	Wallemia_mellicola_+4_more	FETCH_RNASEQ:SRA_QUERY_BATCH	FETCH_RNASEQ:SRA_QUERY_BATCH (Wallemia_mellicola_+4_more)	CACHED	0	7.3	25.1	0.020800000000000003	rss	0.0005089722222222222									annotate_trace.20260905_164327.txt	cached
v1.8.17_container	Pyricularia_oryzae_+9_more	FETCH_RNASEQ:SRA_QUERY_BATCH	FETCH_RNASEQ:SRA_QUERY_BATCH (Pyricularia_oryzae_+9_more)	COMPLETED	0	0.234	16.3	0.0022	rss	1.0595000000000001e-05									annotate_trace.20260905_164327.txt	overhead
v1.8.17_container	Allomyces_macrogynus_+9_more	FETCH_RNASEQ:SRA_QUERY_BATCH	FETCH_RNASEQ:SRA_QUERY_BATCH (Allomyces_macrogynus_+9_more)	COMPLETED	0	0.383	12.7	0.0022	rss	1.3511388888888889e-05									annotate_trace.20260905_164327.txt	overhead
v1.8.17_container	Tilletiopsis_washingtonensis_+9_more	FETCH_RNASEQ:SRA_QUERY_BATCH	FETCH_RNASEQ:SRA_QUERY_BATCH (Tilletiopsis_washingtonensis_+9_more)	COMPLETED	0	0.4	12.1	0.0022	rss	1.3444444444444445e-05									annotate_trace.20260905_164327.txt	final
v1.8.17_container	Malassezia_sympodialis_+9_more	FETCH_RNASEQ:SRA_QUERY_BATCH	FETCH_RNASEQ:SRA_QUERY_BATCH (Malassezia_sympodialis_+9_more)	COMPLETED	0	0.289	28.0	0.0032	rss	2.247777777777778e-05									annotate_trace.20260905_164327.txt	final
v1.8.17_container	Talaromyces_stipitatus_+9_more	FETCH_RNASEQ:SRA_QUERY_BATCH	FETCH_RNASEQ:SRA_QUERY_BATCH (Talaromyces_stipitatus_+9_more)	COMPLETED	0	0.342	19.0	0.0032	rss	1.805e-05									annotate_trace.20260905_164327.txt	final
v1.8.17_container	Trichosporon_asahii_+9_more	FETCH_RNASEQ:SRA_QUERY_BATCH	FETCH_RNASEQ:SRA_QUERY_BATCH (Trichosporon_asahii_+9_more)	COMPLETED	0	0.322	17.4	0.0032	rss	1.556333333333333e-05									annotate_trace.20260905_164327.txt	overhead
v1.8.17_container	-	FETCH_RNASEQ:COLLECT_SRA_QUERY	FETCH_RNASEQ:COLLECT_SRA_QUERY	COMPLETED	0	0.0	60.6	0.003	rss	0.0									annotate_trace.20260905_164327.txt	overhead
v1.8.17_container	Cryptococcus_neoformans	FETCH_RNASEQ:SRA_FETCH	FETCH_RNASEQ:SRA_FETCH (Cryptococcus_neoformans)	FAILED	1	240.0													annotate_trace.20260905_164327.txt	unresolved
v1.8.17_container	Cryptococcus_neoformans	FETCH_RNASEQ:SRA_FETCH	FETCH_RNASEQ:SRA_FETCH (Cryptococcus_neoformans)	FAILED	1	60.0													annotate_trace.20260905_164327.txt	unresolved
v1.8.17_container	Cryptococcus_neoformans	FETCH_RNASEQ:SRA_FETCH	FETCH_RNASEQ:SRA_FETCH (Cryptococcus_neoformans)	FAILED	1	60.0													annotate_trace.20260905_164327.txt	unresolved
v1.8.17_container	Cryptococcus_neoformans	FETCH_RNASEQ:SRA_FETCH	FETCH_RNASEQ:SRA_FETCH (Cryptococcus_neoformans)	FAILED	1	120.0													annotate_trace.20260905_164327.txt	unresolved
v1.8.17_container	Cryptococcus_neoformans	FETCH_RNASEQ:SRA_FETCH	FETCH_RNASEQ:SRA_FETCH (Cryptococcus_neoformans)	FAILED	1	120.0													annotate_trace.20260905_164327.txt	unresolved
v1.8.17_container	Cryptococcus_neoformans	FETCH_RNASEQ:SRA_FETCH	FETCH_RNASEQ:SRA_FETCH (Cryptococcus_neoformans)	FAILED	1	120.0													annotate_trace.20260905_164327.txt	unresolved
v1.8.17_container	Laccaria_bicolor_S238N-H82	TRAIN_PREDICT:FUNANNOTATE_PREDICT	TRAIN_PREDICT:FUNANNOTATE_PREDICT (Laccaria_bicolor_S238N-H82)	FAILED	1	0.002													annotate_trace.20260905_164327.txt	unresolved
v1.8.17_container	Blastomyces_dermatitidis_ER-3	TRAIN_PREDICT:FUNANNOTATE_PREDICT	TRAIN_PREDICT:FUNANNOTATE_PREDICT (Blastomyces_dermatitidis_ER-3)	FAILED	1	0.001													annotate_trace.20260905_164327.txt	unresolved
v1.8.17_container	Wallemia_mellicola_CBS_633.66	TRAIN_PREDICT:FUNANNOTATE_PREDICT	TRAIN_PREDICT:FUNANNOTATE_PREDICT (Wallemia_mellicola_CBS_633.66)	FAILED	1	0.003													annotate_trace.20260905_164327.txt	unresolved
v1.8.17_container	Leptographium_clavigerum_kw1407	TRAIN_PREDICT:FUNANNOTATE_PREDICT	TRAIN_PREDICT:FUNANNOTATE_PREDICT (Leptographium_clavigerum_kw1407)	FAILED	1	0.002													annotate_trace.20260905_164327.txt	unresolved
v1.8.17_container	Parastagonospora_nodorum_SN15	TRAIN_PREDICT:FUNANNOTATE_PREDICT	TRAIN_PREDICT:FUNANNOTATE_PREDICT (Parastagonospora_nodorum_SN15)	FAILED	1	0.007													annotate_trace.20260905_164327.txt	unresolved
v1.8.17_container	Pyrenophora_tritici-repentis_Pt-1C-BFP	TRAIN_PREDICT:FUNANNOTATE_PREDICT	TRAIN_PREDICT:FUNANNOTATE_PREDICT (Pyrenophora_tritici-repentis_Pt-1C-BFP)	FAILED	1	0.003													annotate_trace.20260905_164327.txt	unresolved
v1.8.17_container	Rhodotorula_graminis_WP1	TRAIN_PREDICT:FUNANNOTATE_PREDICT	TRAIN_PREDICT:FUNANNOTATE_PREDICT (Rhodotorula_graminis_WP1)	FAILED	1	0.011													annotate_trace.20260905_164327.txt	unresolved
v1.8.17_container	Phycomyces_blakesleeanus_NRRL_1555_-	TRAIN_PREDICT:FUNANNOTATE_PREDICT	TRAIN_PREDICT:FUNANNOTATE_PREDICT (Phycomyces_blakesleeanus_NRRL_1555_-)	FAILED	1	0.002													annotate_trace.20260905_164327.txt	unresolved
v1.8.17_container	Aspergillus_clavatus_NRRL_1	TRAIN_PREDICT:FUNANNOTATE_PREDICT	TRAIN_PREDICT:FUNANNOTATE_PREDICT (Aspergillus_clavatus_NRRL_1)	FAILED	1	0.01													annotate_trace.20260905_164327.txt	unresolved
v1.8.17_container	Cystobasidium_minutum_MCA_4210	TRAIN_PREDICT:FUNANNOTATE_PREDICT	TRAIN_PREDICT:FUNANNOTATE_PREDICT (Cystobasidium_minutum_MCA_4210)	FAILED	1	0.001													annotate_trace.20260905_164327.txt	unresolved
v1.8.17_container	Pyrenophora_teres_0-1	TRAIN_PREDICT:FUNANNOTATE_PREDICT	TRAIN_PREDICT:FUNANNOTATE_PREDICT (Pyrenophora_teres_0-1)	FAILED	1	0.001													annotate_trace.20260905_164327.txt	unresolved
v1.8.17_container	Schizophyllum_commune_H4-8	TRAIN_PREDICT:FUNANNOTATE_PREDICT	TRAIN_PREDICT:FUNANNOTATE_PREDICT (Schizophyllum_commune_H4-8)	FAILED	1	0.002													annotate_trace.20260905_164327.txt	unresolved
v1.8.17_container	Tremella_mesenterica_Fries	TRAIN_PREDICT:FUNANNOTATE_PREDICT	TRAIN_PREDICT:FUNANNOTATE_PREDICT (Tremella_mesenterica_Fries)	FAILED	1	0.005													annotate_trace.20260905_164327.txt	unresolved
v1.8.17_container	Malassezia_sympodialis_ATCC_42132	TRAIN_PREDICT:FUNANNOTATE_PREDICT	TRAIN_PREDICT:FUNANNOTATE_PREDICT (Malassezia_sympodialis_ATCC_42132)	FAILED	1	0.002													annotate_trace.20260905_164327.txt	unresolved
v1.8.17_container	Chaetomium_globosum_CBS_148.51	TRAIN_PREDICT:FUNANNOTATE_PREDICT	TRAIN_PREDICT:FUNANNOTATE_PREDICT (Chaetomium_globosum_CBS_148.51)	FAILED	1	0.008													annotate_trace.20260905_164327.txt	unresolved
v1.8.17_container	Mixia_osmundae_IAM_14324	TRAIN_PREDICT:FUNANNOTATE_PREDICT	TRAIN_PREDICT:FUNANNOTATE_PREDICT (Mixia_osmundae_IAM_14324)	FAILED	1	0.004													annotate_trace.20260905_164327.txt	unresolved
v1.8.17_container	Pneumocystis_murina_B123	TRAIN_PREDICT:FUNANNOTATE_PREDICT	TRAIN_PREDICT:FUNANNOTATE_PREDICT (Pneumocystis_murina_B123)	FAILED	1	60.0													annotate_trace.20260905_164327.txt	unresolved
v1.8.17_container	Sporobolomyces_koalae_JCM15063	TRAIN_PREDICT:FUNANNOTATE_PREDICT	TRAIN_PREDICT:FUNANNOTATE_PREDICT (Sporobolomyces_koalae_JCM15063)	FAILED	1	0.001													annotate_trace.20260905_164327.txt	unresolved
v1.8.17_container	Dactylellina_haptotyla_CBS_200.50	TRAIN_PREDICT:FUNANNOTATE_PREDICT	TRAIN_PREDICT:FUNANNOTATE_PREDICT (Dactylellina_haptotyla_CBS_200.50)	FAILED	1	59.9													annotate_trace.20260905_164327.txt	unresolved
v1.8.17_container	Colletotrichum_graminicola_M1.001	TRAIN_PREDICT:FUNANNOTATE_PREDICT	TRAIN_PREDICT:FUNANNOTATE_PREDICT (Colletotrichum_graminicola_M1.001)	FAILED	1	0.004													annotate_trace.20260905_164327.txt	unresolved
v1.8.17_container	Eremothecium_gossypii_ATCC_10895	TRAIN_PREDICT:FUNANNOTATE_PREDICT	TRAIN_PREDICT:FUNANNOTATE_PREDICT (Eremothecium_gossypii_ATCC_10895)	FAILED	1	0.002													annotate_trace.20260905_164327.txt	unresolved
v1.8.17_container	Batrachochytrium_dendrobatidis_JAM81	TRAIN_PREDICT:FUNANNOTATE_PREDICT	TRAIN_PREDICT:FUNANNOTATE_PREDICT (Batrachochytrium_dendrobatidis_JAM81)	FAILED	1	0.006													annotate_trace.20260905_164327.txt	unresolved
v1.8.17_container	Pseudogymnoascus_destructans_20631-21	TRAIN_PREDICT:FUNANNOTATE_PREDICT	TRAIN_PREDICT:FUNANNOTATE_PREDICT (Pseudogymnoascus_destructans_20631-21)	FAILED	1	0.002													annotate_trace.20260905_164327.txt	unresolved
v1.8.17_container	Talaromyces_stipitatus_ATCC_10500	TRAIN_PREDICT:FUNANNOTATE_PREDICT	TRAIN_PREDICT:FUNANNOTATE_PREDICT (Talaromyces_stipitatus_ATCC_10500)	FAILED	1	0.007													annotate_trace.20260905_164327.txt	unresolved
v1.8.17_container	Sporobolomyces_salmoneus_JCM6883	TRAIN_PREDICT:FUNANNOTATE_PREDICT	TRAIN_PREDICT:FUNANNOTATE_PREDICT (Sporobolomyces_salmoneus_JCM6883)	FAILED	1	0.003													annotate_trace.20260905_164327.txt	unresolved
v1.8.17_container	Lachancea_thermotolerans_CBS_6340	TRAIN_PREDICT:FUNANNOTATE_PREDICT	TRAIN_PREDICT:FUNANNOTATE_PREDICT (Lachancea_thermotolerans_CBS_6340)	FAILED	1	0.003													annotate_trace.20260905_164327.txt	unresolved
v1.8.17_container	Synchytrium_microbalum_JEL517	TRAIN_PREDICT:FUNANNOTATE_PREDICT	TRAIN_PREDICT:FUNANNOTATE_PREDICT (Synchytrium_microbalum_JEL517)	FAILED	1	0.005													annotate_trace.20260905_164327.txt	unresolved
v1.8.17_container	Letharia_columbiana_WasteWater2	TRAIN_PREDICT:FUNANNOTATE_PREDICT	TRAIN_PREDICT:FUNANNOTATE_PREDICT (Letharia_columbiana_WasteWater2)	FAILED	1	0.002													annotate_trace.20260905_164327.txt	unresolved
v1.8.17_container	Umbelopsis_ramanniana_AG	TRAIN_PREDICT:FUNANNOTATE_PREDICT	TRAIN_PREDICT:FUNANNOTATE_PREDICT (Umbelopsis_ramanniana_AG)	FAILED	1	0.002													annotate_trace.20260905_164327.txt	unresolved
v1.8.17_container	Uncinocarpus_reesii_1704	TRAIN_PREDICT:FUNANNOTATE_PREDICT	TRAIN_PREDICT:FUNANNOTATE_PREDICT (Uncinocarpus_reesii_1704)	FAILED	1	0.002													annotate_trace.20260905_164327.txt	unresolved
v1.8.17_container	Sugiyamaella_lignohabitans_CBS_10342	TRAIN_PREDICT:FUNANNOTATE_PREDICT	TRAIN_PREDICT:FUNANNOTATE_PREDICT (Sugiyamaella_lignohabitans_CBS_10342)	FAILED	1	60.0													annotate_trace.20260905_164327.txt	unresolved
v1.8.17_container	Fusarium_oxysporum	TRAIN_PREDICT:RNASEQ_PREPARE	TRAIN_PREDICT:RNASEQ_PREPARE (Fusarium_oxysporum)	COMPLETED	0	2.4	63.4	0.0353	rss	0.0004226666666666667									annotate_trace.20260905_164327.txt	final
v1.8.17_container	Morchella_importuna	TRAIN_PREDICT:RNASEQ_PREPARE	TRAIN_PREDICT:RNASEQ_PREPARE (Morchella_importuna)	COMPLETED	0	1.7	104.7	0.0237	rss	0.0004944166666666666									annotate_trace.20260905_164327.txt	final
v1.8.17_container	Nakaseomyces_glabratus	TRAIN_PREDICT:RNASEQ_PREPARE	TRAIN_PREDICT:RNASEQ_PREPARE (Nakaseomyces_glabratus)	COMPLETED	0	1.7	106.5	0.023899999999999998	rss	0.0005029166666666666									annotate_trace.20260905_164327.txt	final
v1.8.17_container	Saccharomyces_cerevisiae	TRAIN_PREDICT:RNASEQ_PREPARE	TRAIN_PREDICT:RNASEQ_PREPARE (Saccharomyces_cerevisiae)	COMPLETED	0	0.84	134.9	0.0028	rss	0.00031476666666666666									annotate_trace.20260905_164327.txt	final
v1.8.17_container	Orbilia_oligospora	TRAIN_PREDICT:RNASEQ_PREPARE	TRAIN_PREDICT:RNASEQ_PREPARE (Orbilia_oligospora)	COMPLETED	0	1.5	137.9	0.025500000000000002	rss	0.0005745833333333334									annotate_trace.20260905_164327.txt	final
v1.8.17_container	Kluyveromyces_lactis	TRAIN_PREDICT:RNASEQ_PREPARE	TRAIN_PREDICT:RNASEQ_PREPARE (Kluyveromyces_lactis)	COMPLETED	0	1.5	99.0	0.0253	rss	0.0004125									annotate_trace.20260905_164327.txt	final
v1.8.17_container	Talaromyces_marneffei	TRAIN_PREDICT:RNASEQ_PREPARE	TRAIN_PREDICT:RNASEQ_PREPARE (Talaromyces_marneffei)	COMPLETED	0	1.6	152.9	0.0316	rss	0.0006795555555555556									annotate_trace.20260905_164327.txt	final
v1.8.17_container	Pyricularia_oryzae	TRAIN_PREDICT:RNASEQ_PREPARE	TRAIN_PREDICT:RNASEQ_PREPARE (Pyricularia_oryzae)	COMPLETED	0	1.1	124.0	0.0028	rss	0.00037888888888888895									annotate_trace.20260905_164327.txt	final
v1.8.17_container	Yarrowia_lipolytica	TRAIN_PREDICT:RNASEQ_PREPARE	TRAIN_PREDICT:RNASEQ_PREPARE (Yarrowia_lipolytica)	COMPLETED	0	1.1	222.8	0.0445	rss	0.000680777777777778									annotate_trace.20260905_164327.txt	final
v1.8.17_container	Allomyces_macrogynus	TRAIN_PREDICT:RNASEQ_PREPARE	TRAIN_PREDICT:RNASEQ_PREPARE (Allomyces_macrogynus)	COMPLETED	0	1.2	103.0	0.042	rss	0.00034333333333333335									annotate_trace.20260905_164327.txt	final
v1.8.17_container	Cryptococcus_deneoformans	TRAIN_PREDICT:RNASEQ_PREPARE	TRAIN_PREDICT:RNASEQ_PREPARE (Cryptococcus_deneoformans)	COMPLETED	0	1.1	134.3	0.0028	rss	0.00041036111111111123									annotate_trace.20260905_164327.txt	final
v1.8.17_container	Malassezia_globosa	TRAIN_PREDICT:RNASEQ_PREPARE	TRAIN_PREDICT:RNASEQ_PREPARE (Malassezia_globosa)	COMPLETED	0	1.1	121.0	0.0446	rss	0.0003697222222222223									annotate_trace.20260905_164327.txt	final
v1.8.17_container	Rhizopus_microsporus	TRAIN_PREDICT:RNASEQ_PREPARE	TRAIN_PREDICT:RNASEQ_PREPARE (Rhizopus_microsporus)	COMPLETED	0	1.0	157.6	0.0029	rss	0.0004377777777777777									annotate_trace.20260905_164327.txt	final
v1.8.17_container	Rhizopus_delemar	TRAIN_PREDICT:RNASEQ_PREPARE	TRAIN_PREDICT:RNASEQ_PREPARE (Rhizopus_delemar)	COMPLETED	0	2.1	124.5	0.014199999999999999	rss	0.0007262500000000001									annotate_trace.20260905_164327.txt	final
v1.8.17_container	Aspergillus_fumigatus	TRAIN_PREDICT:RNASEQ_PREPARE	TRAIN_PREDICT:RNASEQ_PREPARE (Aspergillus_fumigatus)	COMPLETED	0	2.1	87.2	0.014400000000000001	rss	0.0005086666666666667									annotate_trace.20260905_164327.txt	final
v1.8.17_container	Rhodotorula_toruloides	TRAIN_PREDICT:RNASEQ_PREPARE	TRAIN_PREDICT:RNASEQ_PREPARE (Rhodotorula_toruloides)	COMPLETED	0	1.7	128.8	0.0252	rss	0.0006082222222222222									annotate_trace.20260905_164327.txt	final
v1.8.17_container	Botrytis_cinerea	TRAIN_PREDICT:RNASEQ_PREPARE	TRAIN_PREDICT:RNASEQ_PREPARE (Botrytis_cinerea)	COMPLETED	0	0.931	138.8	0.0027	rss	0.0003589522222222223									annotate_trace.20260905_164327.txt	final
v1.8.17_container	Spizellomyces_punctatus	TRAIN_PREDICT:RNASEQ_PREPARE	TRAIN_PREDICT:RNASEQ_PREPARE (Spizellomyces_punctatus)	COMPLETED	0	1.0	234.1	0.0028	rss	0.0006502777777777777									annotate_trace.20260905_164327.txt	final
v1.8.17_container	Tilletiopsis_washingtonensis	TRAIN_PREDICT:RNASEQ_PREPARE	TRAIN_PREDICT:RNASEQ_PREPARE (Tilletiopsis_washingtonensis)	COMPLETED	0	0.9460000000000001	104.5	0.0027	rss	0.00027460277777777777									annotate_trace.20260905_164327.txt	final
v1.8.17_container	Tilletiaria_anomala	TRAIN_PREDICT:RNASEQ_PREPARE	TRAIN_PREDICT:RNASEQ_PREPARE (Tilletiaria_anomala)	COMPLETED	0	0.905	142.9	0.0028	rss	0.00035923472222222224									annotate_trace.20260905_164327.txt	final
v1.8.17_container	Zygosaccharomyces_rouxii	TRAIN_PREDICT:RNASEQ_PREPARE	TRAIN_PREDICT:RNASEQ_PREPARE (Zygosaccharomyces_rouxii)	COMPLETED	0	0.9390000000000001	194.2	0.0027	rss	0.0005065383333333333									annotate_trace.20260905_164327.txt	final
v1.8.17_container	Lipomyces_tetrasporus	TRAIN_PREDICT:RNASEQ_PREPARE	TRAIN_PREDICT:RNASEQ_PREPARE (Lipomyces_tetrasporus)	COMPLETED	0	0.788	220.8	0.0027	rss	0.0004833066666666668									annotate_trace.20260905_164327.txt	final
v1.8.17_container	Gaeumannomyces_tritici	TRAIN_PREDICT:RNASEQ_PREPARE	TRAIN_PREDICT:RNASEQ_PREPARE (Gaeumannomyces_tritici)	COMPLETED	0	1.2	208.6	0.0384	rss	0.0006953333333333333									annotate_trace.20260905_164327.txt	final
v1.8.17_container	Morchella_sextelata	TRAIN_PREDICT:RNASEQ_PREPARE	TRAIN_PREDICT:RNASEQ_PREPARE (Morchella_sextelata)	COMPLETED	0	1.2	212.5	0.0399	rss	0.0007083333333333333									annotate_trace.20260905_164327.txt	final
v1.8.17_container	Sclerotinia_sclerotiorum	TRAIN_PREDICT:RNASEQ_PREPARE	TRAIN_PREDICT:RNASEQ_PREPARE (Sclerotinia_sclerotiorum)	COMPLETED	0	0.989	245.3	0.0028	rss	0.0006738936111111111									annotate_trace.20260905_164327.txt	final
v1.8.17_container	Cokeromyces_recurvatus	TRAIN_PREDICT:RNASEQ_PREPARE	TRAIN_PREDICT:RNASEQ_PREPARE (Cokeromyces_recurvatus)	COMPLETED	0	1.1	170.3	0.0445	rss	0.0005203611111111112									annotate_trace.20260905_164327.txt	final
v1.8.17_container	Mucor_mucedo	TRAIN_PREDICT:RNASEQ_PREPARE	TRAIN_PREDICT:RNASEQ_PREPARE (Mucor_mucedo)	COMPLETED	0	0.934	139.5	0.0027	rss	0.00036192500000000003									annotate_trace.20260905_164327.txt	final
v1.8.17_container	Protomyces_lactucae-debilis	TRAIN_PREDICT:RNASEQ_PREPARE	TRAIN_PREDICT:RNASEQ_PREPARE (Protomyces_lactucae-debilis)	COMPLETED	0	0.924	255.7	0.0027	rss	0.0006562966666666666									annotate_trace.20260905_164327.txt	final
v1.8.17_container	Drepanopeziza_brunnea	TRAIN_PREDICT:RNASEQ_PREPARE	TRAIN_PREDICT:RNASEQ_PREPARE (Drepanopeziza_brunnea)	COMPLETED	0	0.994	201.7	0.0027	rss	0.000556916111111111									annotate_trace.20260905_164327.txt	final
v1.8.17_container	Fusarium_verticillioides	TRAIN_PREDICT:RNASEQ_PREPARE	TRAIN_PREDICT:RNASEQ_PREPARE (Fusarium_verticillioides)	COMPLETED	0	1.1	209.7	0.0029	rss	0.00064075									annotate_trace.20260905_164327.txt	final
v1.8.17_container	Zymoseptoria_tritici	TRAIN_PREDICT:RNASEQ_PREPARE	TRAIN_PREDICT:RNASEQ_PREPARE (Zymoseptoria_tritici)	COMPLETED	0	1.0	246.2	0.0028	rss	0.0006838888888888888									annotate_trace.20260905_164327.txt	final
v1.8.17_container	Tricharina_praecox	TRAIN_PREDICT:RNASEQ_PREPARE	TRAIN_PREDICT:RNASEQ_PREPARE (Tricharina_praecox)	COMPLETED	0	1.1	119.2	0.0029	rss	0.00036422222222222227									annotate_trace.20260905_164327.txt	final
v1.8.17_container	Trichosporon_asahii	TRAIN_PREDICT:RNASEQ_PREPARE	TRAIN_PREDICT:RNASEQ_PREPARE (Trichosporon_asahii)	COMPLETED	0	0.894	135.6	0.0028	rss	0.0003367399999999999									annotate_trace.20260905_164327.txt	final
v1.8.17_container	Laccaria_bicolor_S238N-H82	TRAIN_PREDICT:FUNANNOTATE_PREDICT	TRAIN_PREDICT:FUNANNOTATE_PREDICT (Laccaria_bicolor_S238N-H82)	FAILED	1	0.012													annotate_trace.20260905_164327.txt	unresolved
v1.8.17_container	Blastomyces_dermatitidis_ER-3	TRAIN_PREDICT:FUNANNOTATE_PREDICT	TRAIN_PREDICT:FUNANNOTATE_PREDICT (Blastomyces_dermatitidis_ER-3)	FAILED	1	59.9													annotate_trace.20260905_164327.txt	unresolved
v1.8.17_container	Wallemia_mellicola_CBS_633.66	TRAIN_PREDICT:FUNANNOTATE_PREDICT	TRAIN_PREDICT:FUNANNOTATE_PREDICT (Wallemia_mellicola_CBS_633.66)	FAILED	1	0.007													annotate_trace.20260905_164327.txt	unresolved
v1.8.17_container	Leptographium_clavigerum_kw1407	TRAIN_PREDICT:FUNANNOTATE_PREDICT	TRAIN_PREDICT:FUNANNOTATE_PREDICT (Leptographium_clavigerum_kw1407)	FAILED	1	0.007													annotate_trace.20260905_164327.txt	unresolved
v1.8.17_container	Parastagonospora_nodorum_SN15	TRAIN_PREDICT:FUNANNOTATE_PREDICT	TRAIN_PREDICT:FUNANNOTATE_PREDICT (Parastagonospora_nodorum_SN15)	FAILED	1	0.002													annotate_trace.20260905_164327.txt	unresolved
v1.8.17_container	Rhodotorula_graminis_WP1	TRAIN_PREDICT:FUNANNOTATE_PREDICT	TRAIN_PREDICT:FUNANNOTATE_PREDICT (Rhodotorula_graminis_WP1)	FAILED	1	0.002													annotate_trace.20260905_164327.txt	unresolved
v1.8.17_container	Phycomyces_blakesleeanus_NRRL_1555_-	TRAIN_PREDICT:FUNANNOTATE_PREDICT	TRAIN_PREDICT:FUNANNOTATE_PREDICT (Phycomyces_blakesleeanus_NRRL_1555_-)	FAILED	1	0.005													annotate_trace.20260905_164327.txt	unresolved
v1.8.17_container	Pyrenophora_tritici-repentis_Pt-1C-BFP	TRAIN_PREDICT:FUNANNOTATE_PREDICT	TRAIN_PREDICT:FUNANNOTATE_PREDICT (Pyrenophora_tritici-repentis_Pt-1C-BFP)	FAILED	1	0.004													annotate_trace.20260905_164327.txt	unresolved
v1.8.17_container	Aspergillus_clavatus_NRRL_1	TRAIN_PREDICT:FUNANNOTATE_PREDICT	TRAIN_PREDICT:FUNANNOTATE_PREDICT (Aspergillus_clavatus_NRRL_1)	FAILED	1	0.004													annotate_trace.20260905_164327.txt	unresolved
v1.8.17_container	Cystobasidium_minutum_MCA_4210	TRAIN_PREDICT:FUNANNOTATE_PREDICT	TRAIN_PREDICT:FUNANNOTATE_PREDICT (Cystobasidium_minutum_MCA_4210)	FAILED	1	0.016													annotate_trace.20260905_164327.txt	unresolved
v1.8.17_container	Pyrenophora_teres_0-1	TRAIN_PREDICT:FUNANNOTATE_PREDICT	TRAIN_PREDICT:FUNANNOTATE_PREDICT (Pyrenophora_teres_0-1)	FAILED	1	0.002													annotate_trace.20260905_164327.txt	unresolved
v1.8.17_container	Chaetomium_globosum_CBS_148.51	TRAIN_PREDICT:FUNANNOTATE_PREDICT	TRAIN_PREDICT:FUNANNOTATE_PREDICT (Chaetomium_globosum_CBS_148.51)	FAILED	1	0.0													annotate_trace.20260905_164327.txt	unresolved
v1.8.17_container	Malassezia_sympodialis_ATCC_42132	TRAIN_PREDICT:FUNANNOTATE_PREDICT	TRAIN_PREDICT:FUNANNOTATE_PREDICT (Malassezia_sympodialis_ATCC_42132)	FAILED	1	59.8													annotate_trace.20260905_164327.txt	unresolved
v1.8.17_container	Tremella_mesenterica_Fries	TRAIN_PREDICT:FUNANNOTATE_PREDICT	TRAIN_PREDICT:FUNANNOTATE_PREDICT (Tremella_mesenterica_Fries)	FAILED	1	59.8													annotate_trace.20260905_164327.txt	unresolved
v1.8.17_container	Schizophyllum_commune_H4-8	TRAIN_PREDICT:FUNANNOTATE_PREDICT	TRAIN_PREDICT:FUNANNOTATE_PREDICT (Schizophyllum_commune_H4-8)	FAILED	1	59.9													annotate_trace.20260905_164327.txt	unresolved
v1.8.17_container	Mixia_osmundae_IAM_14324	TRAIN_PREDICT:FUNANNOTATE_PREDICT	TRAIN_PREDICT:FUNANNOTATE_PREDICT (Mixia_osmundae_IAM_14324)	FAILED	1	0.005													annotate_trace.20260905_164327.txt	unresolved
v1.8.17_container	Pneumocystis_murina_B123	TRAIN_PREDICT:FUNANNOTATE_PREDICT	TRAIN_PREDICT:FUNANNOTATE_PREDICT (Pneumocystis_murina_B123)	FAILED	1	0.001													annotate_trace.20260905_164327.txt	unresolved
v1.8.17_container	Colletotrichum_graminicola_M1.001	TRAIN_PREDICT:FUNANNOTATE_PREDICT	TRAIN_PREDICT:FUNANNOTATE_PREDICT (Colletotrichum_graminicola_M1.001)	FAILED	1	0.001													annotate_trace.20260905_164327.txt	unresolved
v1.8.17_container	Sporobolomyces_koalae_JCM15063	TRAIN_PREDICT:FUNANNOTATE_PREDICT	TRAIN_PREDICT:FUNANNOTATE_PREDICT (Sporobolomyces_koalae_JCM15063)	FAILED	1	0.001													annotate_trace.20260905_164327.txt	unresolved
v1.8.17_container	Dactylellina_haptotyla_CBS_200.50	TRAIN_PREDICT:FUNANNOTATE_PREDICT	TRAIN_PREDICT:FUNANNOTATE_PREDICT (Dactylellina_haptotyla_CBS_200.50)	FAILED	1	0.002													annotate_trace.20260905_164327.txt	unresolved
v1.8.17_container	Eremothecium_gossypii_ATCC_10895	TRAIN_PREDICT:FUNANNOTATE_PREDICT	TRAIN_PREDICT:FUNANNOTATE_PREDICT (Eremothecium_gossypii_ATCC_10895)	FAILED	1	0.002													annotate_trace.20260905_164327.txt	unresolved
v1.8.17_container	Batrachochytrium_dendrobatidis_JAM81	TRAIN_PREDICT:FUNANNOTATE_PREDICT	TRAIN_PREDICT:FUNANNOTATE_PREDICT (Batrachochytrium_dendrobatidis_JAM81)	FAILED	1	0.002													annotate_trace.20260905_164327.txt	unresolved
v1.8.17_container	Pseudogymnoascus_destructans_20631-21	TRAIN_PREDICT:FUNANNOTATE_PREDICT	TRAIN_PREDICT:FUNANNOTATE_PREDICT (Pseudogymnoascus_destructans_20631-21)	FAILED	1	0.009000000000000001													annotate_trace.20260905_164327.txt	unresolved
v1.8.17_container	Talaromyces_stipitatus_ATCC_10500	TRAIN_PREDICT:FUNANNOTATE_PREDICT	TRAIN_PREDICT:FUNANNOTATE_PREDICT (Talaromyces_stipitatus_ATCC_10500)	FAILED	1	0.002													annotate_trace.20260905_164327.txt	unresolved
v1.8.17_container	Sporobolomyces_salmoneus_JCM6883	TRAIN_PREDICT:FUNANNOTATE_PREDICT	TRAIN_PREDICT:FUNANNOTATE_PREDICT (Sporobolomyces_salmoneus_JCM6883)	FAILED	1	0.01													annotate_trace.20260905_164327.txt	unresolved
v1.8.17_container	Lachancea_thermotolerans_CBS_6340	TRAIN_PREDICT:FUNANNOTATE_PREDICT	TRAIN_PREDICT:FUNANNOTATE_PREDICT (Lachancea_thermotolerans_CBS_6340)	FAILED	1	0.013000000000000001													annotate_trace.20260905_164327.txt	unresolved
v1.8.17_container	Synchytrium_microbalum_JEL517	TRAIN_PREDICT:FUNANNOTATE_PREDICT	TRAIN_PREDICT:FUNANNOTATE_PREDICT (Synchytrium_microbalum_JEL517)	FAILED	1	0.004													annotate_trace.20260905_164327.txt	unresolved
v1.8.17_container	Letharia_columbiana_WasteWater2	TRAIN_PREDICT:FUNANNOTATE_PREDICT	TRAIN_PREDICT:FUNANNOTATE_PREDICT (Letharia_columbiana_WasteWater2)	FAILED	1	0.003													annotate_trace.20260905_164327.txt	unresolved
v1.8.17_container	Umbelopsis_ramanniana_AG	TRAIN_PREDICT:FUNANNOTATE_PREDICT	TRAIN_PREDICT:FUNANNOTATE_PREDICT (Umbelopsis_ramanniana_AG)	FAILED	1	0.002													annotate_trace.20260905_164327.txt	unresolved
v1.8.17_container	Sugiyamaella_lignohabitans_CBS_10342	TRAIN_PREDICT:FUNANNOTATE_PREDICT	TRAIN_PREDICT:FUNANNOTATE_PREDICT (Sugiyamaella_lignohabitans_CBS_10342)	FAILED	1	0.005													annotate_trace.20260905_164327.txt	unresolved
v1.8.17_container	Uncinocarpus_reesii_1704	TRAIN_PREDICT:FUNANNOTATE_PREDICT	TRAIN_PREDICT:FUNANNOTATE_PREDICT (Uncinocarpus_reesii_1704)	FAILED	1	0.003													annotate_trace.20260905_164327.txt	unresolved
v1.8.17_container	Allomyces_macrogynus_ATCC_38327	TRAIN_PREDICT:FUNANNOTATE_TRAIN	TRAIN_PREDICT:FUNANNOTATE_TRAIN (Allomyces_macrogynus_ATCC_38327)	COMPLETED	0	28.4	340.9	0.2968	rss	0.026893222222222218									annotate_trace.20260905_164327.txt	final
v1.8.17_container	Saccharomyces_cerevisiae_S288C	TRAIN_PREDICT:FUNANNOTATE_TRAIN	TRAIN_PREDICT:FUNANNOTATE_TRAIN (Saccharomyces_cerevisiae_S288C)	COMPLETED	0	3243.0	638.4	2.4	rss	5.75092									annotate_trace.20260905_164327.txt	final
v1.8.17_container	Kluyveromyces_lactis_NRRL_Y-1140	TRAIN_PREDICT:FUNANNOTATE_TRAIN	TRAIN_PREDICT:FUNANNOTATE_TRAIN (Kluyveromyces_lactis_NRRL_Y-1140)	COMPLETED	0	2251.0	688.5	7.0	rss	4.3050375									annotate_trace.20260905_164327.txt	final
v1.8.17_container	Aspergillus_fumigatus_Af293	TRAIN_PREDICT:FUNANNOTATE_TRAIN	TRAIN_PREDICT:FUNANNOTATE_TRAIN (Aspergillus_fumigatus_Af293)	COMPLETED	0	2884.0	619.7	2.0	rss	4.964485555555555									annotate_trace.20260905_164327.txt	final
v1.8.17_container	Nakaseomyces_glabratus_CBS_138	TRAIN_PREDICT:FUNANNOTATE_TRAIN	TRAIN_PREDICT:FUNANNOTATE_TRAIN (Nakaseomyces_glabratus_CBS_138)	COMPLETED	0	4007.0	585.2	3.4	rss	6.513601111111111									annotate_trace.20260905_164327.txt	final
v1.8.17_container	Malassezia_globosa_CBS_7966	TRAIN_PREDICT:FUNANNOTATE_TRAIN	TRAIN_PREDICT:FUNANNOTATE_TRAIN (Malassezia_globosa_CBS_7966)	COMPLETED	0	5022.0	667.1	2.7	rss	9.306045000000001									annotate_trace.20260905_164327.txt	final
v1.8.17_container	Rhodotorula_toruloides_NP11	TRAIN_PREDICT:FUNANNOTATE_TRAIN	TRAIN_PREDICT:FUNANNOTATE_TRAIN (Rhodotorula_toruloides_NP11)	COMPLETED	0	5196.0	618.6	1.0	rss	8.92846									annotate_trace.20260905_164327.txt	overhead
v1.8.17_container	Zygosaccharomyces_rouxii_CBS_732	TRAIN_PREDICT:FUNANNOTATE_TRAIN	TRAIN_PREDICT:FUNANNOTATE_TRAIN (Zygosaccharomyces_rouxii_CBS_732)	COMPLETED	0	2642.0	652.6	2.0	rss	4.789358888888889									annotate_trace.20260905_164327.txt	final
v1.8.17_container	Cryptococcus_deneoformans_JEC21	TRAIN_PREDICT:FUNANNOTATE_TRAIN	TRAIN_PREDICT:FUNANNOTATE_TRAIN (Cryptococcus_deneoformans_JEC21)	COMPLETED	0	6023.0	639.5	7.6	rss	10.699190277777777									annotate_trace.20260905_164327.txt	final
v1.8.17_container	Yarrowia_lipolytica_CLIB122	TRAIN_PREDICT:FUNANNOTATE_TRAIN	TRAIN_PREDICT:FUNANNOTATE_TRAIN (Yarrowia_lipolytica_CLIB122)	COMPLETED	0	6228.0	655.3	1.4	rss	11.336689999999999									annotate_trace.20260905_164327.txt	final
v1.8.17_container	Spizellomyces_punctatus_DAOM_BR117	TRAIN_PREDICT:FUNANNOTATE_TRAIN	TRAIN_PREDICT:FUNANNOTATE_TRAIN (Spizellomyces_punctatus_DAOM_BR117)	COMPLETED	0	6071.0	680.3	6.8	rss	11.472503611111112									annotate_trace.20260905_164327.txt	final
v1.8.17_container	Rhizopus_delemar_RA_99-880	TRAIN_PREDICT:FUNANNOTATE_TRAIN	TRAIN_PREDICT:FUNANNOTATE_TRAIN (Rhizopus_delemar_RA_99-880)	COMPLETED	0	6218.0	651.6	0.8415	rss	11.25458									annotate_trace.20260905_164327.txt	final
v1.8.17_container	Rhizopus_microsporus_ATCC_52813	TRAIN_PREDICT:FUNANNOTATE_TRAIN	TRAIN_PREDICT:FUNANNOTATE_TRAIN (Rhizopus_microsporus_ATCC_52813)	COMPLETED	0	6407.0	616.1	1.3	rss	10.964868611111111									annotate_trace.20260905_164327.txt	final
v1.8.17_container	Talaromyces_marneffei_ATCC_18224	TRAIN_PREDICT:FUNANNOTATE_TRAIN	TRAIN_PREDICT:FUNANNOTATE_TRAIN (Talaromyces_marneffei_ATCC_18224)	COMPLETED	0	7206.0	682.9	5.1	rss	13.669381666666665									annotate_trace.20260905_164327.txt	final
v1.8.17_container	Tilletiopsis_washingtonensis_MCA_4186	TRAIN_PREDICT:FUNANNOTATE_TRAIN	TRAIN_PREDICT:FUNANNOTATE_TRAIN (Tilletiopsis_washingtonensis_MCA_4186)	COMPLETED	0	5198.0	682.4	3.4	rss	9.853097777777778									annotate_trace.20260905_164327.txt	final
v1.8.17_container	Tilletiaria_anomala_UBC_951	TRAIN_PREDICT:FUNANNOTATE_TRAIN	TRAIN_PREDICT:FUNANNOTATE_TRAIN (Tilletiaria_anomala_UBC_951)	COMPLETED	0	5837.0	641.4	3.7	rss	10.399588333333334									annotate_trace.20260905_164327.txt	final
v1.8.17_container	Laccaria_bicolor_S238N-H82	TRAIN_PREDICT:FUNANNOTATE_PREDICT	TRAIN_PREDICT:FUNANNOTATE_PREDICT (Laccaria_bicolor_S238N-H82)	FAILED	1	0.033													annotate_trace.20260905_164327.txt	unresolved
v1.8.17_container	Morchella_importuna_M04M26	TRAIN_PREDICT:FUNANNOTATE_TRAIN	TRAIN_PREDICT:FUNANNOTATE_TRAIN (Morchella_importuna_M04M26)	COMPLETED	0	9621.0	613.1	4.5	rss	16.3850975									annotate_trace.20260905_164327.txt	final
v1.8.17_container	Orbilia_oligospora_ATCC_24927	TRAIN_PREDICT:FUNANNOTATE_TRAIN	TRAIN_PREDICT:FUNANNOTATE_TRAIN (Orbilia_oligospora_ATCC_24927)	COMPLETED	0	10234.0	697.7	11.0	rss	19.834060555555556									annotate_trace.20260905_164327.txt	final
v1.8.17_container	Protomyces_lactucae-debilis_12-1054	TRAIN_PREDICT:FUNANNOTATE_TRAIN	TRAIN_PREDICT:FUNANNOTATE_TRAIN (Protomyces_lactucae-debilis_12-1054)	COMPLETED	0	3665.0	658.0	7.1	rss	6.6988055555555555									annotate_trace.20260905_164327.txt	final
v1.8.17_container	Blastomyces_dermatitidis_ER-3	TRAIN_PREDICT:FUNANNOTATE_PREDICT	TRAIN_PREDICT:FUNANNOTATE_PREDICT (Blastomyces_dermatitidis_ER-3)	FAILED	1	0.002													annotate_trace.20260905_164327.txt	unresolved
v1.8.17_container	Leptographium_clavigerum_kw1407	TRAIN_PREDICT:FUNANNOTATE_PREDICT	TRAIN_PREDICT:FUNANNOTATE_PREDICT (Leptographium_clavigerum_kw1407)	FAILED	1	0.001													annotate_trace.20260905_164327.txt	unresolved
v1.8.17_container	Parastagonospora_nodorum_SN15	TRAIN_PREDICT:FUNANNOTATE_PREDICT	TRAIN_PREDICT:FUNANNOTATE_PREDICT (Parastagonospora_nodorum_SN15)	FAILED	1	0.005													annotate_trace.20260905_164327.txt	unresolved
v1.8.17_container	Rhodotorula_graminis_WP1	TRAIN_PREDICT:FUNANNOTATE_PREDICT	TRAIN_PREDICT:FUNANNOTATE_PREDICT (Rhodotorula_graminis_WP1)	FAILED	1	0.002													annotate_trace.20260905_164327.txt	unresolved
v1.8.17_container	Wallemia_mellicola_CBS_633.66	TRAIN_PREDICT:FUNANNOTATE_PREDICT	TRAIN_PREDICT:FUNANNOTATE_PREDICT (Wallemia_mellicola_CBS_633.66)	FAILED	1	0.002													annotate_trace.20260905_164327.txt	unresolved
v1.8.17_container	Pyrenophora_tritici-repentis_Pt-1C-BFP	TRAIN_PREDICT:FUNANNOTATE_PREDICT	TRAIN_PREDICT:FUNANNOTATE_PREDICT (Pyrenophora_tritici-repentis_Pt-1C-BFP)	FAILED	1	0.003													annotate_trace.20260905_164327.txt	unresolved
v1.8.17_container	Phycomyces_blakesleeanus_NRRL_1555_-	TRAIN_PREDICT:FUNANNOTATE_PREDICT	TRAIN_PREDICT:FUNANNOTATE_PREDICT (Phycomyces_blakesleeanus_NRRL_1555_-)	FAILED	1	0.011													annotate_trace.20260905_164327.txt	unresolved
v1.8.17_container	Aspergillus_clavatus_NRRL_1	TRAIN_PREDICT:FUNANNOTATE_PREDICT	TRAIN_PREDICT:FUNANNOTATE_PREDICT (Aspergillus_clavatus_NRRL_1)	FAILED	1	0.002													annotate_trace.20260905_164327.txt	unresolved
v1.8.17_container	Pyricularia_oryzae_70-15	TRAIN_PREDICT:FUNANNOTATE_TRAIN	TRAIN_PREDICT:FUNANNOTATE_TRAIN (Pyricularia_oryzae_70-15)	COMPLETED	0	11210.0	679.8	4.1	rss	21.168216666666666									annotate_trace.20260905_164327.txt	final
v1.8.17_container	Pyrenophora_teres_0-1	TRAIN_PREDICT:FUNANNOTATE_PREDICT	TRAIN_PREDICT:FUNANNOTATE_PREDICT (Pyrenophora_teres_0-1)	FAILED	1	60.0													annotate_trace.20260905_164327.txt	unresolved
v1.8.17_container	Cystobasidium_minutum_MCA_4210	TRAIN_PREDICT:FUNANNOTATE_PREDICT	TRAIN_PREDICT:FUNANNOTATE_PREDICT (Cystobasidium_minutum_MCA_4210)	FAILED	1	0.005													annotate_trace.20260905_164327.txt	unresolved
v1.8.17_container	Schizophyllum_commune_H4-8	TRAIN_PREDICT:FUNANNOTATE_PREDICT	TRAIN_PREDICT:FUNANNOTATE_PREDICT (Schizophyllum_commune_H4-8)	FAILED	1	0.003													annotate_trace.20260905_164327.txt	unresolved
v1.8.17_container	Tremella_mesenterica_Fries	TRAIN_PREDICT:FUNANNOTATE_PREDICT	TRAIN_PREDICT:FUNANNOTATE_PREDICT (Tremella_mesenterica_Fries)	FAILED	1	0.002													annotate_trace.20260905_164327.txt	unresolved
v1.8.17_container	Malassezia_sympodialis_ATCC_42132	TRAIN_PREDICT:FUNANNOTATE_PREDICT	TRAIN_PREDICT:FUNANNOTATE_PREDICT (Malassezia_sympodialis_ATCC_42132)	FAILED	1	0.002													annotate_trace.20260905_164327.txt	unresolved
v1.8.17_container	Fusarium_oxysporum_4287	TRAIN_PREDICT:FUNANNOTATE_TRAIN	TRAIN_PREDICT:FUNANNOTATE_TRAIN (Fusarium_oxysporum_4287)	COMPLETED	0	11451.0	632.7	3.2	rss	20.125132500000003									annotate_trace.20260905_164327.txt	final
v1.8.17_container	Botrytis_cinerea_B05.10	TRAIN_PREDICT:FUNANNOTATE_TRAIN	TRAIN_PREDICT:FUNANNOTATE_TRAIN (Botrytis_cinerea_B05.10)	COMPLETED	0	10274.0	641.9	3.9	rss	18.319112777777775									annotate_trace.20260905_164327.txt	final
v1.8.17_container	Chaetomium_globosum_CBS_148.51	TRAIN_PREDICT:FUNANNOTATE_PREDICT	TRAIN_PREDICT:FUNANNOTATE_PREDICT (Chaetomium_globosum_CBS_148.51)	FAILED	1	0.004													annotate_trace.20260905_164327.txt	unresolved
v1.8.17_container	Mixia_osmundae_IAM_14324	TRAIN_PREDICT:FUNANNOTATE_PREDICT	TRAIN_PREDICT:FUNANNOTATE_PREDICT (Mixia_osmundae_IAM_14324)	FAILED	1	0.001													annotate_trace.20260905_164327.txt	unresolved
v1.8.17_container	Pneumocystis_murina_B123	TRAIN_PREDICT:FUNANNOTATE_PREDICT	TRAIN_PREDICT:FUNANNOTATE_PREDICT (Pneumocystis_murina_B123)	FAILED	1	0.002													annotate_trace.20260905_164327.txt	unresolved
v1.8.17_container	Sporobolomyces_koalae_JCM15063	TRAIN_PREDICT:FUNANNOTATE_PREDICT	TRAIN_PREDICT:FUNANNOTATE_PREDICT (Sporobolomyces_koalae_JCM15063)	FAILED	1	0.002													annotate_trace.20260905_164327.txt	unresolved
v1.8.17_container	Colletotrichum_graminicola_M1.001	TRAIN_PREDICT:FUNANNOTATE_PREDICT	TRAIN_PREDICT:FUNANNOTATE_PREDICT (Colletotrichum_graminicola_M1.001)	FAILED	1	0.002													annotate_trace.20260905_164327.txt	unresolved
v1.8.17_container	Dactylellina_haptotyla_CBS_200.50	TRAIN_PREDICT:FUNANNOTATE_PREDICT	TRAIN_PREDICT:FUNANNOTATE_PREDICT (Dactylellina_haptotyla_CBS_200.50)	FAILED	1	0.002													annotate_trace.20260905_164327.txt	unresolved
v1.8.17_container	Eremothecium_gossypii_ATCC_10895	TRAIN_PREDICT:FUNANNOTATE_PREDICT	TRAIN_PREDICT:FUNANNOTATE_PREDICT (Eremothecium_gossypii_ATCC_10895)	FAILED	1	0.003													annotate_trace.20260905_164327.txt	unresolved
v1.8.17_container	Batrachochytrium_dendrobatidis_JAM81	TRAIN_PREDICT:FUNANNOTATE_PREDICT	TRAIN_PREDICT:FUNANNOTATE_PREDICT (Batrachochytrium_dendrobatidis_JAM81)	FAILED	1	0.006													annotate_trace.20260905_164327.txt	unresolved
v1.8.17_container	Pseudogymnoascus_destructans_20631-21	TRAIN_PREDICT:FUNANNOTATE_PREDICT	TRAIN_PREDICT:FUNANNOTATE_PREDICT (Pseudogymnoascus_destructans_20631-21)	FAILED	1	0.002													annotate_trace.20260905_164327.txt	unresolved
v1.8.17_container	Talaromyces_stipitatus_ATCC_10500	TRAIN_PREDICT:FUNANNOTATE_PREDICT	TRAIN_PREDICT:FUNANNOTATE_PREDICT (Talaromyces_stipitatus_ATCC_10500)	FAILED	1	0.002													annotate_trace.20260905_164327.txt	unresolved
v1.8.17_container	Lachancea_thermotolerans_CBS_6340	TRAIN_PREDICT:FUNANNOTATE_PREDICT	TRAIN_PREDICT:FUNANNOTATE_PREDICT (Lachancea_thermotolerans_CBS_6340)	FAILED	1	60.0													annotate_trace.20260905_164327.txt	unresolved
v1.8.17_container	Drepanopeziza_brunnea_MB_m1	TRAIN_PREDICT:FUNANNOTATE_TRAIN	TRAIN_PREDICT:FUNANNOTATE_TRAIN (Drepanopeziza_brunnea_MB_m1)	COMPLETED	0	5833.0	653.8	1.0218	rss	10.593376111111109									annotate_trace.20260905_164327.txt	final
v1.8.17_container	Sclerotinia_sclerotiorum_1980	TRAIN_PREDICT:FUNANNOTATE_TRAIN	TRAIN_PREDICT:FUNANNOTATE_TRAIN (Sclerotinia_sclerotiorum_1980)	COMPLETED	0	7313.0	613.3	3.5	rss	12.458508055555553									annotate_trace.20260905_164327.txt	final
v1.8.17_container	Synchytrium_microbalum_JEL517	TRAIN_PREDICT:FUNANNOTATE_PREDICT	TRAIN_PREDICT:FUNANNOTATE_PREDICT (Synchytrium_microbalum_JEL517)	FAILED	1	59.9													annotate_trace.20260905_164327.txt	unresolved
v1.8.17_container	Sporobolomyces_salmoneus_JCM6883	TRAIN_PREDICT:FUNANNOTATE_PREDICT	TRAIN_PREDICT:FUNANNOTATE_PREDICT (Sporobolomyces_salmoneus_JCM6883)	FAILED	1	0.002													annotate_trace.20260905_164327.txt	unresolved
v1.8.17_container	Gaeumannomyces_tritici_R3-111a-1	TRAIN_PREDICT:FUNANNOTATE_TRAIN	TRAIN_PREDICT:FUNANNOTATE_TRAIN (Gaeumannomyces_tritici_R3-111a-1)	COMPLETED	0	8061.0	592.8	2.4	rss	13.27378									annotate_trace.20260905_164327.txt	final
v1.8.17_container	Trichosporon_asahii_CBS_2479	TRAIN_PREDICT:FUNANNOTATE_TRAIN	TRAIN_PREDICT:FUNANNOTATE_TRAIN (Trichosporon_asahii_CBS_2479)	COMPLETED	0	7175.0	604.3	6.7	rss	12.044034722222221									annotate_trace.20260905_164327.txt	final
v1.8.17_container	Zymoseptoria_tritici_IPO323	TRAIN_PREDICT:FUNANNOTATE_TRAIN	TRAIN_PREDICT:FUNANNOTATE_TRAIN (Zymoseptoria_tritici_IPO323)	COMPLETED	0	6019.0	593.7	1.7	rss	9.926334166666667									annotate_trace.20260905_164327.txt	final
v1.8.17_container	Cokeromyces_recurvatus_NRRL_2243	TRAIN_PREDICT:FUNANNOTATE_TRAIN	TRAIN_PREDICT:FUNANNOTATE_TRAIN (Cokeromyces_recurvatus_NRRL_2243)	COMPLETED	0	8950.0	651.1	3.3	rss	16.187069444444447									annotate_trace.20260905_164327.txt	final
v1.8.17_container	Lipomyces_tetrasporus_NRRL_Y-64009	TRAIN_PREDICT:FUNANNOTATE_TRAIN	TRAIN_PREDICT:FUNANNOTATE_TRAIN (Lipomyces_tetrasporus_NRRL_Y-64009)	COMPLETED	0	11874.0	717.7	5.9	rss	23.672138333333336									annotate_trace.20260905_164327.txt	final
v1.8.17_container	Tricharina_praecox_CBS_144465	TRAIN_PREDICT:FUNANNOTATE_TRAIN	TRAIN_PREDICT:FUNANNOTATE_TRAIN (Tricharina_praecox_CBS_144465)	COMPLETED	0	9600.0	630.5	3.4	rss	16.813333333333333									annotate_trace.20260905_164327.txt	final
v1.8.17_container	Fusarium_verticillioides_7600	TRAIN_PREDICT:FUNANNOTATE_TRAIN	TRAIN_PREDICT:FUNANNOTATE_TRAIN (Fusarium_verticillioides_7600)	COMPLETED	0	10704.0	657.0	2.5	rss	19.5348									annotate_trace.20260905_164327.txt	final
v1.8.17_container	Mucor_mucedo_NRRL_3635	TRAIN_PREDICT:FUNANNOTATE_TRAIN	TRAIN_PREDICT:FUNANNOTATE_TRAIN (Mucor_mucedo_NRRL_3635)	COMPLETED	0	11298.0	623.3	3.8	rss	19.561231666666664									annotate_trace.20260905_164327.txt	final
v1.8.17_container	Morchella_sextelata_SCLS	TRAIN_PREDICT:FUNANNOTATE_TRAIN	TRAIN_PREDICT:FUNANNOTATE_TRAIN (Morchella_sextelata_SCLS)	COMPLETED	0	14770.0	673.5	16.7	rss	27.632208333333335									annotate_trace.20260905_164327.txt	final
v1.8.17_container	Allomyces_macrogynus_ATCC_38327	TRAIN_PREDICT:FUNANNOTATE_PREDICT	TRAIN_PREDICT:FUNANNOTATE_PREDICT (Allomyces_macrogynus_ATCC_38327)	FAILED	1	0.001													annotate_trace.20260905_164327.txt	unresolved
v1.8.17_container	Saccharomyces_cerevisiae_S288C	TRAIN_PREDICT:FUNANNOTATE_PREDICT	TRAIN_PREDICT:FUNANNOTATE_PREDICT (Saccharomyces_cerevisiae_S288C)	FAILED	1	60.0													annotate_trace.20260905_164327.txt	unresolved
v1.8.17_container	Kluyveromyces_lactis_NRRL_Y-1140	TRAIN_PREDICT:FUNANNOTATE_PREDICT	TRAIN_PREDICT:FUNANNOTATE_PREDICT (Kluyveromyces_lactis_NRRL_Y-1140)	FAILED	1	0.0													annotate_trace.20260905_164327.txt	unresolved
v1.8.17_container	Aspergillus_fumigatus_Af293	TRAIN_PREDICT:FUNANNOTATE_PREDICT	TRAIN_PREDICT:FUNANNOTATE_PREDICT (Aspergillus_fumigatus_Af293)	FAILED	1	0.002													annotate_trace.20260905_164327.txt	unresolved
v1.8.17_container	Nakaseomyces_glabratus_CBS_138	TRAIN_PREDICT:FUNANNOTATE_PREDICT	TRAIN_PREDICT:FUNANNOTATE_PREDICT (Nakaseomyces_glabratus_CBS_138)	FAILED	1	0.001													annotate_trace.20260905_164327.txt	unresolved
v1.8.17_container	Malassezia_globosa_CBS_7966	TRAIN_PREDICT:FUNANNOTATE_PREDICT	TRAIN_PREDICT:FUNANNOTATE_PREDICT (Malassezia_globosa_CBS_7966)	FAILED	1	60.0													annotate_trace.20260905_164327.txt	unresolved
v1.8.17_container	Rhodotorula_toruloides_NP11	TRAIN_PREDICT:FUNANNOTATE_PREDICT	TRAIN_PREDICT:FUNANNOTATE_PREDICT (Rhodotorula_toruloides_NP11)	FAILED	1	0.001													annotate_trace.20260905_164327.txt	unresolved
v1.8.17_container	Zygosaccharomyces_rouxii_CBS_732	TRAIN_PREDICT:FUNANNOTATE_PREDICT	TRAIN_PREDICT:FUNANNOTATE_PREDICT (Zygosaccharomyces_rouxii_CBS_732)	FAILED	1	0.004													annotate_trace.20260905_164327.txt	unresolved
v1.8.17_container	Cryptococcus_deneoformans_JEC21	TRAIN_PREDICT:FUNANNOTATE_PREDICT	TRAIN_PREDICT:FUNANNOTATE_PREDICT (Cryptococcus_deneoformans_JEC21)	FAILED	1	0.002													annotate_trace.20260905_164327.txt	unresolved
v1.8.17_container	Spizellomyces_punctatus_DAOM_BR117	TRAIN_PREDICT:FUNANNOTATE_PREDICT	TRAIN_PREDICT:FUNANNOTATE_PREDICT (Spizellomyces_punctatus_DAOM_BR117)	FAILED	1	0.002													annotate_trace.20260905_164327.txt	unresolved
v1.8.17_container	Yarrowia_lipolytica_CLIB122	TRAIN_PREDICT:FUNANNOTATE_PREDICT	TRAIN_PREDICT:FUNANNOTATE_PREDICT (Yarrowia_lipolytica_CLIB122)	FAILED	1	0.002													annotate_trace.20260905_164327.txt	unresolved
v1.8.17_container	Rhizopus_delemar_RA_99-880	TRAIN_PREDICT:FUNANNOTATE_PREDICT	TRAIN_PREDICT:FUNANNOTATE_PREDICT (Rhizopus_delemar_RA_99-880)	FAILED	1	0.003													annotate_trace.20260905_164327.txt	unresolved
v1.8.17_container	Rhizopus_microsporus_ATCC_52813	TRAIN_PREDICT:FUNANNOTATE_PREDICT	TRAIN_PREDICT:FUNANNOTATE_PREDICT (Rhizopus_microsporus_ATCC_52813)	FAILED	1	0.002													annotate_trace.20260905_164327.txt	unresolved
v1.8.17_container	Talaromyces_marneffei_ATCC_18224	TRAIN_PREDICT:FUNANNOTATE_PREDICT	TRAIN_PREDICT:FUNANNOTATE_PREDICT (Talaromyces_marneffei_ATCC_18224)	FAILED	1	0.001													annotate_trace.20260905_164327.txt	unresolved
v1.8.17_container	-	SETUP_DBS:SETUP_MARIADB_DATADIR	SETUP_DBS:SETUP_MARIADB_DATADIR	COMPLETED	0	3.5	28.0	0.14880000000000002	rss	0.00027222222222222226									annotate_trace.20260907_181325.txt	final
v1.8.17_container	-	FETCH_RNASEQ:COLLECT_SRA_QUERY	FETCH_RNASEQ:COLLECT_SRA_QUERY	COMPLETED	0	0.0	34.3	0.0034	rss	0.0									annotate_trace.20260907_181325.txt	overhead
v1.8.17_container	Cryptococcus_neoformans	TRAIN_PREDICT:RNASEQ_PREPARE	TRAIN_PREDICT:RNASEQ_PREPARE (Cryptococcus_neoformans)	COMPLETED	0	1.8	111.3	0.0253	rss	0.0005565									annotate_trace.20260907_181325.txt	final
v1.8.17_container	Pneumocystis_murina_B123	TRAIN_PREDICT:FUNANNOTATE_PREDICT	TRAIN_PREDICT:FUNANNOTATE_PREDICT (Pneumocystis_murina_B123)	FAILED	1	0.005													annotate_trace.20260907_181325.txt	unresolved
v1.8.17_container	Allomyces_macrogynus_ATCC_38327	TRAIN_PREDICT:FUNANNOTATE_TRAIN	TRAIN_PREDICT:FUNANNOTATE_TRAIN (Allomyces_macrogynus_ATCC_38327)	FAILED	1	0.007													annotate_trace.20260907_181325.txt	overhead
v1.8.17_container	Batrachochytrium_dendrobatidis_JAM81	TRAIN_PREDICT:FUNANNOTATE_PREDICT	TRAIN_PREDICT:FUNANNOTATE_PREDICT (Batrachochytrium_dendrobatidis_JAM81)	FAILED	1	0.014													annotate_trace.20260907_181325.txt	unresolved
v1.8.17_container	Umbelopsis_ramanniana_AG	TRAIN_PREDICT:FUNANNOTATE_PREDICT	TRAIN_PREDICT:FUNANNOTATE_PREDICT (Umbelopsis_ramanniana_AG)	FAILED	1	0.016													annotate_trace.20260907_181325.txt	unresolved
v1.8.17_container	Chaetomium_globosum_CBS_148.51	TRAIN_PREDICT:FUNANNOTATE_PREDICT	TRAIN_PREDICT:FUNANNOTATE_PREDICT (Chaetomium_globosum_CBS_148.51)	FAILED	1	0.003													annotate_trace.20260907_181325.txt	unresolved
v1.8.17_container	Saccharomyces_cerevisiae_S288C	TRAIN_PREDICT:FUNANNOTATE_TRAIN	TRAIN_PREDICT:FUNANNOTATE_TRAIN (Saccharomyces_cerevisiae_S288C)	FAILED	1	59.8													annotate_trace.20260907_181325.txt	overhead
v1.8.17_container	Rhodotorula_toruloides_NP11	TRAIN_PREDICT:FUNANNOTATE_TRAIN	TRAIN_PREDICT:FUNANNOTATE_TRAIN (Rhodotorula_toruloides_NP11)	FAILED	1	59.8													annotate_trace.20260907_181325.txt	overhead
v1.8.17_container	Aspergillus_fumigatus_Af293	TRAIN_PREDICT:FUNANNOTATE_TRAIN	TRAIN_PREDICT:FUNANNOTATE_TRAIN (Aspergillus_fumigatus_Af293)	FAILED	1	59.8													annotate_trace.20260907_181325.txt	overhead
v1.8.17_container	Malassezia_globosa_CBS_7966	TRAIN_PREDICT:FUNANNOTATE_TRAIN	TRAIN_PREDICT:FUNANNOTATE_TRAIN (Malassezia_globosa_CBS_7966)	FAILED	1	59.8													annotate_trace.20260907_181325.txt	overhead
v1.8.17_container	Allomyces_macrogynus_ATCC_38327	TRAIN_PREDICT:FUNANNOTATE_TRAIN	TRAIN_PREDICT:FUNANNOTATE_TRAIN (Allomyces_macrogynus_ATCC_38327)	FAILED	1	0.004													annotate_trace.20260907_181325.txt	overhead
v1.8.17_container	Batrachochytrium_dendrobatidis_JAM81	TRAIN_PREDICT:FUNANNOTATE_PREDICT	TRAIN_PREDICT:FUNANNOTATE_PREDICT (Batrachochytrium_dendrobatidis_JAM81)	FAILED	1	0.007													annotate_trace.20260907_181325.txt	unresolved
v1.8.17_container	Umbelopsis_ramanniana_AG	TRAIN_PREDICT:FUNANNOTATE_PREDICT	TRAIN_PREDICT:FUNANNOTATE_PREDICT (Umbelopsis_ramanniana_AG)	FAILED	1	0.008													annotate_trace.20260907_181325.txt	unresolved
v1.8.17_container	Pneumocystis_murina_B123	TRAIN_PREDICT:FUNANNOTATE_PREDICT	TRAIN_PREDICT:FUNANNOTATE_PREDICT (Pneumocystis_murina_B123)	FAILED	1	59.9													annotate_trace.20260907_181325.txt	unresolved
v1.8.17_container	Chaetomium_globosum_CBS_148.51	TRAIN_PREDICT:FUNANNOTATE_PREDICT	TRAIN_PREDICT:FUNANNOTATE_PREDICT (Chaetomium_globosum_CBS_148.51)	FAILED	1	0.012													annotate_trace.20260907_181325.txt	unresolved
v1.8.17_container	Allomyces_macrogynus_ATCC_38327	TRAIN_PREDICT:FUNANNOTATE_TRAIN	TRAIN_PREDICT:FUNANNOTATE_TRAIN (Allomyces_macrogynus_ATCC_38327)	FAILED	1	0.015													annotate_trace.20260907_181325.txt	overhead
v1.8.17_container	Batrachochytrium_dendrobatidis_JAM81	TRAIN_PREDICT:FUNANNOTATE_PREDICT	TRAIN_PREDICT:FUNANNOTATE_PREDICT (Batrachochytrium_dendrobatidis_JAM81)	FAILED	1	60.0													annotate_trace.20260907_181325.txt	unresolved
v1.8.17_container	Umbelopsis_ramanniana_AG	TRAIN_PREDICT:FUNANNOTATE_PREDICT	TRAIN_PREDICT:FUNANNOTATE_PREDICT (Umbelopsis_ramanniana_AG)	FAILED	1	60.0													annotate_trace.20260907_181325.txt	unresolved
v1.8.17_container	Pneumocystis_murina_B123	TRAIN_PREDICT:FUNANNOTATE_PREDICT	TRAIN_PREDICT:FUNANNOTATE_PREDICT (Pneumocystis_murina_B123)	FAILED	1	60.0													annotate_trace.20260907_181325.txt	unresolved
v1.8.17_container	Rhodotorula_toruloides_NP11	TRAIN_PREDICT:FUNANNOTATE_TRAIN	TRAIN_PREDICT:FUNANNOTATE_TRAIN (Rhodotorula_toruloides_NP11)	COMPLETED	0	0.112	8.1	0.0028	rss	2.52e-06									annotate_trace.20260907_181325.txt	final
v1.8.17_container	Saccharomyces_cerevisiae_S288C	TRAIN_PREDICT:FUNANNOTATE_TRAIN	TRAIN_PREDICT:FUNANNOTATE_TRAIN (Saccharomyces_cerevisiae_S288C)	FAILED	1	60.0													annotate_trace.20260907_181325.txt	overhead
v1.8.17_container	Aspergillus_fumigatus_Af293	TRAIN_PREDICT:FUNANNOTATE_TRAIN	TRAIN_PREDICT:FUNANNOTATE_TRAIN (Aspergillus_fumigatus_Af293)	FAILED	1	60.0													annotate_trace.20260907_181325.txt	overhead
v1.8.17_container	Malassezia_globosa_CBS_7966	TRAIN_PREDICT:FUNANNOTATE_TRAIN	TRAIN_PREDICT:FUNANNOTATE_TRAIN (Malassezia_globosa_CBS_7966)	FAILED	1	0.004													annotate_trace.20260907_181325.txt	overhead
v1.8.17_container	Cryptococcus_neoformans_H99	TRAIN_PREDICT:FUNANNOTATE_TRAIN	TRAIN_PREDICT:FUNANNOTATE_TRAIN (Cryptococcus_neoformans_H99)	FAILED	1	8160.0													annotate_trace.20260907_181325.txt	unresolved
v1.8.17_container	Pyrenophora_teres_+9_more	FETCH_RNASEQ:SRA_QUERY_BATCH	FETCH_RNASEQ:SRA_QUERY_BATCH (Pyrenophora_teres_+9_more)	COMPLETED	0	0.134	39.3	0.0022	rss	1.4628333333333332e-05									annotate_trace.txt	final
v1.8.17_container	Allomyces_macrogynus_+9_more	FETCH_RNASEQ:SRA_QUERY_BATCH	FETCH_RNASEQ:SRA_QUERY_BATCH (Allomyces_macrogynus_+9_more)	COMPLETED	0	0.187	34.4	0.0033	rss	1.786888888888889e-05									annotate_trace.txt	final
v1.8.17_container	Aspergillus_clavatus_+9_more	FETCH_RNASEQ:SRA_QUERY_BATCH	FETCH_RNASEQ:SRA_QUERY_BATCH (Aspergillus_clavatus_+9_more)	COMPLETED	0	0.112	45.9	0.0032	rss	1.4279999999999999e-05									annotate_trace.txt	final
v1.8.17_container	Wallemia_mellicola_+4_more	FETCH_RNASEQ:SRA_QUERY_BATCH	FETCH_RNASEQ:SRA_QUERY_BATCH (Wallemia_mellicola_+4_more)	COMPLETED	0	0.106	26.1	0.0022	rss	7.685e-06									annotate_trace.txt	final
v1.8.17_container	Tricharina_praecox_+9_more	FETCH_RNASEQ:SRA_QUERY_BATCH	FETCH_RNASEQ:SRA_QUERY_BATCH (Tricharina_praecox_+9_more)	COMPLETED	0	0.053	62.4	0.0033	rss	9.186666666666666e-06									annotate_trace.txt	final
v1.8.17_container	Pyricularia_oryzae_+9_more	FETCH_RNASEQ:SRA_QUERY_BATCH	FETCH_RNASEQ:SRA_QUERY_BATCH (Pyricularia_oryzae_+9_more)	COMPLETED	0	0.149	25.0	0.0022	rss	1.0347222222222221e-05									annotate_trace.txt	final
v1.8.17_container	Trichosporon_asahii_+9_more	FETCH_RNASEQ:SRA_QUERY_BATCH	FETCH_RNASEQ:SRA_QUERY_BATCH (Trichosporon_asahii_+9_more)	COMPLETED	0	0.222	17.4	0.0022	rss	1.073e-05									annotate_trace.txt	final
v1.8.17_container	-	FETCH_RNASEQ:COLLECT_SRA_QUERY	FETCH_RNASEQ:COLLECT_SRA_QUERY	COMPLETED	0	0.0	21.2	0.0032	rss	0.0									annotate_trace.txt	final
v1.8.17_container	Cryptococcus_neoformans	FETCH_RNASEQ:SRA_FETCH	FETCH_RNASEQ:SRA_FETCH (Cryptococcus_neoformans)	FAILED	1	180.0													annotate_trace.txt	unresolved
v1.8.17_container	Allomyces_macrogynus	FETCH_RNASEQ:SRA_FETCH	FETCH_RNASEQ:SRA_FETCH (Allomyces_macrogynus)	COMPLETED	0	282.0	765.8	20.8	rss	0.5998766666666666									annotate_trace.txt	final
v1.8.17_container	Rhizopus_delemar	FETCH_RNASEQ:SRA_FETCH	FETCH_RNASEQ:SRA_FETCH (Rhizopus_delemar)	COMPLETED	0	247.0	937.2	37.1	rss	0.6430233333333333									annotate_trace.txt	final
v1.8.17_container	Gaeumannomyces_tritici	FETCH_RNASEQ:SRA_FETCH	FETCH_RNASEQ:SRA_FETCH (Gaeumannomyces_tritici)	COMPLETED	0	537.0	901.8	37.5	rss	1.3451849999999999									annotate_trace.txt	final
v1.8.17_container	Rhizopus_microsporus	FETCH_RNASEQ:SRA_FETCH	FETCH_RNASEQ:SRA_FETCH (Rhizopus_microsporus)	COMPLETED	0	561.0	1061.3	37.5	rss	1.6538591666666664									annotate_trace.txt	final
v1.8.17_container	Rhodotorula_toruloides	FETCH_RNASEQ:SRA_FETCH	FETCH_RNASEQ:SRA_FETCH (Rhodotorula_toruloides)	COMPLETED	0	695.0	235.4	32.5	rss	0.4544527777777778									annotate_trace.txt	final
v1.8.17_container	Spizellomyces_punctatus	FETCH_RNASEQ:SRA_FETCH	FETCH_RNASEQ:SRA_FETCH (Spizellomyces_punctatus)	COMPLETED	0	849.0	419.5	37.5	rss	0.9893208333333334									annotate_trace.txt	final
v1.8.17_container	Aspergillus_fumigatus	FETCH_RNASEQ:SRA_FETCH	FETCH_RNASEQ:SRA_FETCH (Aspergillus_fumigatus)	COMPLETED	0	1108.0	1856.1	37.5	rss	5.712663333333333									annotate_trace.txt	final
v1.8.17_container	Cryptococcus_deneoformans	FETCH_RNASEQ:SRA_FETCH	FETCH_RNASEQ:SRA_FETCH (Cryptococcus_deneoformans)	COMPLETED	0	1390.0	1360.1	37.5	rss	5.2514972222222225									annotate_trace.txt	final
v1.8.17_container	Talaromyces_marneffei	FETCH_RNASEQ:SRA_FETCH	FETCH_RNASEQ:SRA_FETCH (Talaromyces_marneffei)	COMPLETED	0	1740.0	974.9	37.5	rss	4.712016666666667									annotate_trace.txt	final
v1.8.17_container	Zygosaccharomyces_rouxii	FETCH_RNASEQ:SRA_FETCH	FETCH_RNASEQ:SRA_FETCH (Zygosaccharomyces_rouxii)	COMPLETED	0	1773.0	1672.5	37.5	rss	8.2370625									annotate_trace.txt	final
v1.8.17_container	Tilletiopsis_washingtonensis	FETCH_RNASEQ:SRA_FETCH	FETCH_RNASEQ:SRA_FETCH (Tilletiopsis_washingtonensis)	COMPLETED	0	1923.0	1712.3	37.3	rss	9.146535833333335									annotate_trace.txt	final
v1.8.17_container	Malassezia_globosa	FETCH_RNASEQ:SRA_FETCH	FETCH_RNASEQ:SRA_FETCH (Malassezia_globosa)	COMPLETED	0	2199.0	458.2	37.5	rss	2.7988383333333333									annotate_trace.txt	final
v1.8.17_container	Protomyces_lactucae-debilis	FETCH_RNASEQ:SRA_FETCH	FETCH_RNASEQ:SRA_FETCH (Protomyces_lactucae-debilis)	COMPLETED	0	1547.0	1355.3	37.4	rss	5.8240252777777775									annotate_trace.txt	final
v1.8.17_container	Morchella_importuna	FETCH_RNASEQ:SRA_FETCH	FETCH_RNASEQ:SRA_FETCH (Morchella_importuna)	COMPLETED	0	895.0	1656.7	37.5	rss	4.1187402777777775									annotate_trace.txt	final
v1.8.17_container	Mucor_mucedo	FETCH_RNASEQ:SRA_FETCH	FETCH_RNASEQ:SRA_FETCH (Mucor_mucedo)	COMPLETED	0	1998.0	1519.4	37.3	rss	8.432670000000002									annotate_trace.txt	final
v1.8.17_container	Morchella_sextelata	FETCH_RNASEQ:SRA_FETCH	FETCH_RNASEQ:SRA_FETCH (Morchella_sextelata)	COMPLETED	0	2329.0	1489.9	37.5	rss	9.638825277777778									annotate_trace.txt	final
v1.8.17_container	Fusarium_oxysporum	FETCH_RNASEQ:SRA_FETCH	FETCH_RNASEQ:SRA_FETCH (Fusarium_oxysporum)	COMPLETED	0	1820.0	1615.5	37.5	rss	8.167250000000001									annotate_trace.txt	final
v1.8.17_container	Botrytis_cinerea	FETCH_RNASEQ:SRA_FETCH	FETCH_RNASEQ:SRA_FETCH (Botrytis_cinerea)	COMPLETED	0	2559.0	1774.2	37.5	rss	12.611605									annotate_trace.txt	final
v1.8.17_container	Cokeromyces_recurvatus	FETCH_RNASEQ:SRA_FETCH	FETCH_RNASEQ:SRA_FETCH (Cokeromyces_recurvatus)	COMPLETED	0	2116.0	1561.0	37.5	rss	9.17521111111111									annotate_trace.txt	final
v1.8.17_container	Tricharina_praecox	FETCH_RNASEQ:SRA_FETCH	FETCH_RNASEQ:SRA_FETCH (Tricharina_praecox)	COMPLETED	0	1947.0	1555.5	37.3	rss	8.412662500000001									annotate_trace.txt	final
v1.8.17_container	Drepanopeziza_brunnea	FETCH_RNASEQ:SRA_FETCH	FETCH_RNASEQ:SRA_FETCH (Drepanopeziza_brunnea)	COMPLETED	0	312.0	986.3	37.4	rss	0.8547933333333333									annotate_trace.txt	final
v1.8.17_container	Tilletiaria_anomala	FETCH_RNASEQ:SRA_FETCH	FETCH_RNASEQ:SRA_FETCH (Tilletiaria_anomala)	COMPLETED	0	824.0	1535.1	37.5	rss	3.513673333333333									annotate_trace.txt	final
v1.8.17_container	Pyricularia_oryzae	FETCH_RNASEQ:SRA_FETCH	FETCH_RNASEQ:SRA_FETCH (Pyricularia_oryzae)	COMPLETED	0	1290.0	1859.1	37.5	rss	6.661775									annotate_trace.txt	final
v1.8.17_container	Fusarium_verticillioides	FETCH_RNASEQ:SRA_FETCH	FETCH_RNASEQ:SRA_FETCH (Fusarium_verticillioides)	COMPLETED	0	986.0	1540.4	37.3	rss	4.2189844444444455									annotate_trace.txt	final
v1.8.17_container	Trichosporon_asahii	FETCH_RNASEQ:SRA_FETCH	FETCH_RNASEQ:SRA_FETCH (Trichosporon_asahii)	COMPLETED	0	898.0	1343.8	37.3	rss	3.352034444444444									annotate_trace.txt	final
v1.8.17_container	Lipomyces_tetrasporus	FETCH_RNASEQ:SRA_FETCH	FETCH_RNASEQ:SRA_FETCH (Lipomyces_tetrasporus)	COMPLETED	0	3139.0	1676.8	37.3	rss	14.620764444444445									annotate_trace.txt	final
v1.8.17_container	Zymoseptoria_tritici	FETCH_RNASEQ:SRA_FETCH	FETCH_RNASEQ:SRA_FETCH (Zymoseptoria_tritici)	COMPLETED	0	788.0	973.6	37.5	rss	2.1311022222222222									annotate_trace.txt	final
v1.8.17_container	Saccharomyces_cerevisiae	FETCH_RNASEQ:SRA_FETCH	FETCH_RNASEQ:SRA_FETCH (Saccharomyces_cerevisiae)	COMPLETED	0	1086.0	1541.3	37.6	rss	4.649588333333334									annotate_trace.txt	final
v1.8.17_container	Sclerotinia_sclerotiorum	FETCH_RNASEQ:SRA_FETCH	FETCH_RNASEQ:SRA_FETCH (Sclerotinia_sclerotiorum)	COMPLETED	0	3283.0	1603.2	37.5	rss	14.620293333333333									annotate_trace.txt	final
v1.8.17_container	Yarrowia_lipolytica	FETCH_RNASEQ:SRA_FETCH	FETCH_RNASEQ:SRA_FETCH (Yarrowia_lipolytica)	COMPLETED	0	1832.0	1595.7	37.3	rss	8.120339999999999									annotate_trace.txt	final
v1.8.17_container	Nakaseomyces_glabratus	FETCH_RNASEQ:SRA_FETCH	FETCH_RNASEQ:SRA_FETCH (Nakaseomyces_glabratus)	COMPLETED	0	2533.0	1672.0	37.5	rss	11.764377777777776									annotate_trace.txt	final
v1.8.17_container	Orbilia_oligospora	FETCH_RNASEQ:SRA_FETCH	FETCH_RNASEQ:SRA_FETCH (Orbilia_oligospora)	COMPLETED	0	2743.0	1441.0	37.3	rss	10.979619444444443									annotate_trace.txt	final
v1.8.17_container	Kluyveromyces_lactis	FETCH_RNASEQ:SRA_FETCH	FETCH_RNASEQ:SRA_FETCH (Kluyveromyces_lactis)	COMPLETED	0	5800.0	1595.3	37.3	rss	25.702055555555557									annotate_trace.txt	final
v1.8.17_container	Cryptococcus_neoformans	FETCH_RNASEQ:SRA_FETCH	FETCH_RNASEQ:SRA_FETCH (Cryptococcus_neoformans)	FAILED	1	120.0													annotate_trace.txt	unresolved
v1.8.17_pasaiso_conda	-	ASM_STATS	ASM_STATS	COMPLETED	0	1.2	97.3	0.013900000000000001	rss	0.0003243333333333333									annotate_trace.20260920_205956.txt	final
v1.8.17_pasaiso_conda	-	SETUP_DBS:SETUP_MARIADB_DATADIR	SETUP_DBS:SETUP_MARIADB_DATADIR	COMPLETED	0	3.1	29.4	0.1333	rss	0.0002531666666666667									annotate_trace.20260920_205956.txt	final
v1.8.17_pasaiso_conda	-	SETUP_DBS:SETUP_AUGUSTUS_CONFIG	SETUP_DBS:SETUP_AUGUSTUS_CONFIG	COMPLETED	0	18.7	4.5	0.0114	rss	0.00023375									annotate_trace.20260920_205956.txt	final
v1.8.17_pasaiso_conda	Botrytis_cinerea_B05.10	TRAIN_PREDICT:FUNANNOTATE_TRAIN	TRAIN_PREDICT:FUNANNOTATE_TRAIN (Botrytis_cinerea_B05.10)	COMPLETED	0	3513.0	187.0	1.9	rss	1.8248083333333334									annotate_trace.20260920_205956.txt	final
v1.8.17_pasaiso_conda	-	FETCH_RNASEQ:COLLECT_SRA_QUERY	FETCH_RNASEQ:COLLECT_SRA_QUERY	COMPLETED	0	0.1	63.2			1.7555555555555556e-05									annotate_trace.20260920_205956.txt	final
v1.8.17_pasaiso_conda	Botrytis_cinerea_B05.10	TRAIN_PREDICT:FUNANNOTATE_PREDICT	TRAIN_PREDICT:FUNANNOTATE_PREDICT (Botrytis_cinerea_B05.10)	COMPLETED	0	2507.0	603.0	12.0	rss	4.199225									annotate_trace.20260920_205956.txt	final
