cell	genome	process	n_tasks	n_failed	n_aborted	n_superseded	n_unresolved	realtime_hours_sum	wall_clock_hours	cpu_hours_sum	peak_rss_gb_max	rss_field	overhead_task_time_hours_sum	overhead_cpu_hours_sum	attempts	cpus	queues
v1.8.17_conda	-	FETCH_RNASEQ:COLLECT_SRA_QUERY	1	0	0	7	0	0.0001		0.0	0.003	rss	0.0006	0.0003			
v1.8.17_conda	-	SETUP_DBS:SETUP_MARIADB_DATADIR	1	0	0	1	0	0.0014		0.0003	0.14	rss	0.0013	0.0003			
v1.8.17_conda	Allomyces_macrogynus_ATCC_38327	TRAIN_PREDICT:FUNANNOTATE_PREDICT	1	0	0	0	0	1.0481		6.0483	6.7	rss	0.0	0.0			
v1.8.17_conda	Allomyces_macrogynus_ATCC_38327	TRAIN_PREDICT:FUNANNOTATE_TRAIN	1	32	0	2	0	0.045		0.0304	0.099	rss	14.8894	2.1823			
v1.8.17_conda	Aspergillus_clavatus_NRRL_1	TRAIN_PREDICT:FUNANNOTATE_PREDICT	1	0	0	0	0	1.3458	1.35	7.6255	11.9	peak_rss	0.0	0.0	1	8	epyc
v1.8.17_conda	Aspergillus_fumigatus_Af293	TRAIN_PREDICT:FUNANNOTATE_PREDICT	1	0	0	0	0	0.6092		3.4844	9.4	rss	0.0	0.0			
v1.8.17_conda	Aspergillus_fumigatus_Af293	TRAIN_PREDICT:FUNANNOTATE_TRAIN	1	23	0	2	0	1.1936		1.9181	1.5	rss	16.3783	24.384			
v1.8.17_conda	Batrachochytrium_dendrobatidis	TRAIN_PREDICT:RNASEQ_PREPARE	1	0	0	0	0	0.0021	0.0	0.0007	0.042	peak_rss	0.0	0.0	1	16	epyc
v1.8.17_conda	Batrachochytrium_dendrobatidis_+9_more	FETCH_RNASEQ:SRA_QUERY_BATCH	1	0	0	0	0	0.0001		0.0	0.003	rss	0.0	0.0			
v1.8.17_conda	Batrachochytrium_dendrobatidis_JAM81	TRAIN_PREDICT:FUNANNOTATE_PREDICT	1	0	0	1	0	0.4358	0.4334	2.5261	6.2	peak_rss	0.4289	2.4112	1	8	epyc
v1.8.17_conda	Batrachochytrium_dendrobatidis_JAM81	TRAIN_PREDICT:FUNANNOTATE_TRAIN	1	29	0	2	0	5.7272	5.7339	23.3327	11.5	peak_rss	29.9253	24.9884	1	8	epyc
v1.8.17_conda	Blastomyces_dermatitidis_ER-3	TRAIN_PREDICT:FUNANNOTATE_PREDICT	1	0	0	0	0	1.9453	1.9502	9.6953	13.5	peak_rss	0.0	0.0	1	8	epyc
v1.8.17_conda	Botrytis_cinerea_B05.10	TRAIN_PREDICT:FUNANNOTATE_PREDICT	1	0	0	0	0	0.6275		3.5397	11.4	rss	0.0	0.0			
v1.8.17_conda	Botrytis_cinerea_B05.10	TRAIN_PREDICT:FUNANNOTATE_TRAIN	1	0	0	0	0	9.73		30.7468	3.9	rss	0.0	0.0			
v1.8.17_conda	Chaetomium_globosum_CBS_148.51	TRAIN_PREDICT:FUNANNOTATE_PREDICT	1	0	0	0	0	0.6108		3.629	8.7	rss	0.0	0.0			
v1.8.17_conda	Chaetomium_globosum_CBS_148.51	TRAIN_PREDICT:FUNANNOTATE_TRAIN	1	24	0	2	0	1.1572		2.0842	2.8	rss	39.9517	73.049			
v1.8.17_conda	Cokeromyces_recurvatus_NRRL_2243	TRAIN_PREDICT:FUNANNOTATE_PREDICT	1	0	0	0	0	0.5983	0.6167	2.8164	5.3	peak_rss	0.0	0.0	1	8	epyc
v1.8.17_conda	Cokeromyces_recurvatus_NRRL_2243	TRAIN_PREDICT:FUNANNOTATE_TRAIN	1	1	0	0	0	4.0014	4.0171	29.0741	4.2	peak_rss	0.0333	0.0	2	24	epyc
v1.8.17_conda	Colletotrichum_graminicola_M1.001	TRAIN_PREDICT:FUNANNOTATE_PREDICT	1	0	0	0	0	0.7	0.7	3.8808	5.6	peak_rss	0.0	0.0	1	8	epyc
v1.8.17_conda	Colletotrichum_graminicola_M1.001	TRAIN_PREDICT:FUNANNOTATE_TRAIN	1	0	0	0	0	5.9036	5.9172	29.3469	4.5	peak_rss	0.0	0.0	1	8	epyc
v1.8.17_conda	Cryptococcus_deneoformans_JEC21	TRAIN_PREDICT:FUNANNOTATE_PREDICT	1	0	0	0	0	0.5758	0.5834	2.4715	9.4	peak_rss	0.0	0.0	1	8	epyc
v1.8.17_conda	Cryptococcus_deneoformans_JEC21	TRAIN_PREDICT:FUNANNOTATE_TRAIN	1	0	0	1	0	4.1647	4.167	22.2271	12.4	peak_rss	9.2519	22.4545	1	8	epyc
v1.8.17_conda	Cryptococcus_neoformans_H99	TRAIN_PREDICT:FUNANNOTATE_PREDICT	1	0	0	0	0	0.525		2.6502	8.0	rss	0.0	0.0			
v1.8.17_conda	Cryptococcus_neoformans_H99	TRAIN_PREDICT:FUNANNOTATE_TRAIN	1	29	0	0	0	1.2478		2.1574	1.4	rss	14.367	0.0			
v1.8.17_conda	Cystobasidium_minutum_MCA_4210	TRAIN_PREDICT:FUNANNOTATE_PREDICT	1	0	0	0	0	1.3642	1.3667	6.5821	17.6	peak_rss	0.0	0.0	1	8	epyc
v1.8.17_conda	Dactylellina_haptotyla_CBS_200.50	TRAIN_PREDICT:FUNANNOTATE_PREDICT	1	0	0	0	0	1.8969	1.9002	6.9485	1.9	peak_rss	0.0	0.0	1	8	epyc
v1.8.17_conda	Drepanopeziza_brunnea_MB_m1	TRAIN_PREDICT:FUNANNOTATE_PREDICT	1	0	0	0	0	0.6142	0.6167	3.8287	11.2	peak_rss	0.0	0.0	1	8	epyc
v1.8.17_conda	Drepanopeziza_brunnea_MB_m1	TRAIN_PREDICT:FUNANNOTATE_TRAIN	1	0	0	0	0	0.8111	0.8167	0.9717	3.1	peak_rss	0.0	0.0	1	8	epyc
v1.8.17_conda	Eremothecium_gossypii_ATCC_10895	TRAIN_PREDICT:FUNANNOTATE_PREDICT	1	0	0	0	0	3.8181	3.817	10.2668	5.0	peak_rss	0.0	0.0	1	8	epyc
v1.8.17_conda	Fusarium_oxysporum_4287	TRAIN_PREDICT:FUNANNOTATE_PREDICT	1	0	0	0	0	0.98	0.9834	5.6232	19.3	peak_rss	0.0	0.0	1	8	epyc
v1.8.17_conda	Fusarium_oxysporum_4287	TRAIN_PREDICT:FUNANNOTATE_TRAIN	1	0	0	0	0	8.635	8.6508	29.8944	3.6	peak_rss	0.0	0.0	1	8	epyc
v1.8.17_conda	Fusarium_verticillioides_7600	TRAIN_PREDICT:FUNANNOTATE_PREDICT	1	0	0	0	0	0.9575		5.0987	13.4	rss	0.0	0.0			
v1.8.17_conda	Fusarium_verticillioides_7600	TRAIN_PREDICT:FUNANNOTATE_TRAIN	1	0	0	0	0	6.9833		25.0772	3.5	rss	0.0	0.0			
v1.8.17_conda	Gaeumannomyces_tritici_R3-111a-1	TRAIN_PREDICT:FUNANNOTATE_PREDICT	1	0	0	0	0	0.8925	0.9001	5.1497	15.2	peak_rss	0.0	0.0	1	8	epyc
v1.8.17_conda	Gaeumannomyces_tritici_R3-111a-1	TRAIN_PREDICT:FUNANNOTATE_TRAIN	1	1	0	0	0	5.1061	5.1006	29.1967	4.3	peak_rss	0.05	0.0	2	24	epyc
v1.8.17_conda	Kluyveromyces_lactis_NRRL_Y-1140	TRAIN_PREDICT:FUNANNOTATE_PREDICT	1	0	0	0	0	0.3733	0.3667	2.1582	4.3	peak_rss	0.0	0.0	1	8	epyc
v1.8.17_conda	Kluyveromyces_lactis_NRRL_Y-1140	TRAIN_PREDICT:FUNANNOTATE_TRAIN	1	0	0	1	0	1.4264	1.4501	4.6914	7.3	peak_rss	2.2006	8.8638	1	8	epyc
v1.8.17_conda	Laccaria_bicolor_S238N-H82	TRAIN_PREDICT:FUNANNOTATE_PREDICT	1	0	0	0	0	3.3417	3.3503	14.9139	12.6	peak_rss	0.0	0.0	1	8	epyc
v1.8.17_conda	Lachancea_thermotolerans_CBS_6340	TRAIN_PREDICT:FUNANNOTATE_PREDICT	1	0	0	0	0	0.3406	0.35	1.8288	3.7	peak_rss	0.0	0.0	1	8	epyc
v1.8.17_conda	Lachancea_thermotolerans_CBS_6340	TRAIN_PREDICT:FUNANNOTATE_TRAIN	1	0	0	0	0	7.3319	7.3507	8.0725	1.2	peak_rss	0.0	0.0	1	8	epyc
v1.8.17_conda	Leptographium_clavigerum_+9_more	FETCH_RNASEQ:SRA_QUERY_BATCH	1	0	0	0	0	0.0001		0.0	0.003	rss	0.0	0.0			
v1.8.17_conda	Leptographium_clavigerum_kw1407	TRAIN_PREDICT:FUNANNOTATE_PREDICT	1	0	0	0	0	2.15	2.1667	9.1504	8.6	peak_rss	0.0	0.0	1	8	epyc
v1.8.17_conda	Letharia_columbiana_WasteWater2	TRAIN_PREDICT:FUNANNOTATE_PREDICT	1	0	0	0	0	0.9519	0.9501	5.8335	8.6	peak_rss	0.0	0.0	1	8	epyc
v1.8.17_conda	Lipomyces_tetrasporus_NRRL_Y-64009	TRAIN_PREDICT:FUNANNOTATE_PREDICT	1	0	0	0	0	0.4331	0.4334	2.3931	10.4	peak_rss	0.0	0.0	1	8	epyc
v1.8.17_conda	Lipomyces_tetrasporus_NRRL_Y-64009	TRAIN_PREDICT:FUNANNOTATE_TRAIN	1	1	0	0	0	3.4072	3.4337	34.4981	6.4	peak_rss	0.05	0.0	2	24	epyc
v1.8.17_conda	Malassezia_globosa	FETCH_RNASEQ:SRA_FETCH	0	12	0	0	1	0.0		0.0	0.0		0.6	0.0			
v1.8.17_conda	Malassezia_globosa	TRAIN_PREDICT:RNASEQ_PREPARE	1	0	0	0	0	0.0029		0.0007	0.045	rss	0.0	0.0			
v1.8.17_conda	Malassezia_globosa_CBS_7966	TRAIN_PREDICT:FUNANNOTATE_PREDICT	1	0	0	1	0	0.3208		1.7941	3.0	rss	0.4469	1.6318			
v1.8.17_conda	Malassezia_globosa_CBS_7966	TRAIN_PREDICT:FUNANNOTATE_TRAIN	1	29	0	2	0	2.9878		7.3798	4.2	rss	11.0581	0.1105			
v1.8.17_conda	Malassezia_sympodialis_+9_more	FETCH_RNASEQ:SRA_QUERY_BATCH	1	0	0	0	0	0.0001		0.0	0.003	rss	0.0	0.0			
v1.8.17_conda	Malassezia_sympodialis_ATCC_42132	TRAIN_PREDICT:FUNANNOTATE_PREDICT	1	0	0	0	0	0.5139	0.5168	1.8526	2.7	peak_rss	0.0	0.0	1	8	epyc
v1.8.17_conda	Malassezia_sympodialis_ATCC_42132	TRAIN_PREDICT:FUNANNOTATE_TRAIN	1	0	0	1	0	3.0964	3.0835	5.0595	1.0	peak_rss	1.9022	10.9777	1	8	epyc
v1.8.17_conda	Mixia_osmundae_IAM_14324	TRAIN_PREDICT:FUNANNOTATE_PREDICT	1	0	0	0	0	1.1789	1.1834	5.8685	7.6	peak_rss	0.0	0.0	1	8	epyc
v1.8.17_conda	Morchella_importuna_M04M26	TRAIN_PREDICT:FUNANNOTATE_PREDICT	1	0	0	0	0	0.6786	0.6834	3.7324	11.8	peak_rss	0.0	0.0	1	8	epyc
v1.8.17_conda	Morchella_importuna_M04M26	TRAIN_PREDICT:FUNANNOTATE_TRAIN	1	0	0	0	0	7.1014	7.1006	25.4869	9.3	peak_rss	0.0	0.0	1	8	epyc
v1.8.17_conda	Morchella_sextelata_SCLS	TRAIN_PREDICT:FUNANNOTATE_PREDICT	1	0	0	0	0	0.9358	0.95	5.2547	9.6	peak_rss	0.0	0.0	1	8	epyc
v1.8.17_conda	Morchella_sextelata_SCLS	TRAIN_PREDICT:FUNANNOTATE_TRAIN	1	3	0	0	0	9.1078	9.1168	46.0762	21.6	peak_rss	0.0999	0.0	1	8	epyc
v1.8.17_conda	Mucor_mucedo_NRRL_3635	TRAIN_PREDICT:FUNANNOTATE_PREDICT	1	0	0	0	0	0.8028	0.8001	4.3615	4.5	peak_rss	0.0	0.0	1	8	epyc
v1.8.17_conda	Mucor_mucedo_NRRL_3635	TRAIN_PREDICT:FUNANNOTATE_TRAIN	1	1	0	1	0	3.2056	3.217	26.4715	4.6	peak_rss	6.1394	28.0602	2	24	epyc
v1.8.17_conda	Nakaseomyces_glabratus_+9_more	FETCH_RNASEQ:SRA_QUERY_BATCH	1	0	0	0	0	0.0001		0.0	0.003	rss	0.0	0.0			
v1.8.17_conda	Nakaseomyces_glabratus_CBS_138	TRAIN_PREDICT:FUNANNOTATE_PREDICT	1	0	0	0	0	0.8011	0.8001	4.7282	4.6	peak_rss	0.0	0.0	1	8	epyc
v1.8.17_conda	Nakaseomyces_glabratus_CBS_138	TRAIN_PREDICT:FUNANNOTATE_TRAIN	1	0	0	0	0	2.7919		14.1942	3.4	rss	0.0	0.0			
v1.8.17_conda	Orbilia_oligospora_ATCC_24927	TRAIN_PREDICT:FUNANNOTATE_PREDICT	1	0	0	0	0	0.5831	0.6	3.3357	10.1	peak_rss	0.0	0.0	1	8	epyc
v1.8.17_conda	Orbilia_oligospora_ATCC_24927	TRAIN_PREDICT:FUNANNOTATE_TRAIN	1	0	0	1	0	10.6875	10.701	24.2927	12.5	peak_rss	6.5319	33.3652	1	8	epyc
v1.8.17_conda	Parastagonospora_nodorum_SN15	TRAIN_PREDICT:FUNANNOTATE_PREDICT	1	0	0	0	0	0.6267	0.6334	3.4912	7.0	peak_rss	0.0	0.0	1	8	epyc
v1.8.17_conda	Parastagonospora_nodorum_SN15	TRAIN_PREDICT:FUNANNOTATE_TRAIN	1	1	0	0	0	4.0453	4.0503	31.3185	8.3	peak_rss	0.0667	0.0	2	24	epyc
v1.8.17_conda	Phycomyces_blakesleeanus_NRRL_1555_-	TRAIN_PREDICT:FUNANNOTATE_PREDICT	1	0	0	0	0	0.8344	0.8668	4.536	14.7	peak_rss	0.0	0.0	1	8	epyc
v1.8.17_conda	Phycomyces_blakesleeanus_NRRL_1555_-	TRAIN_PREDICT:FUNANNOTATE_TRAIN	1	0	0	0	0	21.7233	21.7355	45.1845	9.3	peak_rss	0.0	0.0	1	8	epyc
v1.8.17_conda	Pneumocystis_murina_+9_more	FETCH_RNASEQ:SRA_QUERY_BATCH	1	0	0	0	0	0.0002		0.0	0.003	rss	0.0	0.0			
v1.8.17_conda	Pneumocystis_murina_B123	TRAIN_PREDICT:FUNANNOTATE_PREDICT	1	0	0	0	0	0.5		2.541	3.5	rss	0.0	0.0			
v1.8.17_conda	Protomyces_lactucae-debilis_12-1054	TRAIN_PREDICT:FUNANNOTATE_PREDICT	1	0	0	0	0	0.5139	0.5168	2.7575	3.7	peak_rss	0.0	0.0	1	8	epyc
v1.8.17_conda	Protomyces_lactucae-debilis_12-1054	TRAIN_PREDICT:FUNANNOTATE_TRAIN	1	1	0	0	0	1.4797	1.4835	7.2181	5.8	peak_rss	0.0167	0.0	2	24	epyc
v1.8.17_conda	Pseudogymnoascus_destructans_20631-21	TRAIN_PREDICT:FUNANNOTATE_PREDICT	1	0	0	0	0	0.7292	0.7333	3.2579	3.3	peak_rss	0.0	0.0	1	8	epyc
v1.8.17_conda	Pseudogymnoascus_destructans_20631-21	TRAIN_PREDICT:FUNANNOTATE_TRAIN	1	1	0	0	0	3.0883	3.1002	21.8839	4.2	peak_rss	0.0333	0.0	2	24	epyc
v1.8.17_conda	Pyrenophora_teres_0-1	TRAIN_PREDICT:FUNANNOTATE_PREDICT	1	0	0	0	0	0.5367	0.5334	2.737	1.6	peak_rss	0.0	0.0	1	8	epyc
v1.8.17_conda	Pyrenophora_teres_0-1	TRAIN_PREDICT:FUNANNOTATE_TRAIN	1	0	0	0	0	0.7911	0.8	4.4041	3.7	peak_rss	0.0	0.0	1	8	epyc
v1.8.17_conda	Pyrenophora_tritici-repentis_Pt-1C-BFP	TRAIN_PREDICT:FUNANNOTATE_PREDICT	1	0	0	0	0	0.6197	0.6333	3.2449	17.3	peak_rss	0.0	0.0	1	8	epyc
v1.8.17_conda	Pyrenophora_tritici-repentis_Pt-1C-BFP	TRAIN_PREDICT:FUNANNOTATE_TRAIN	1	2	0	0	0	6.6469	6.667	75.7486	5.0	peak_rss	0.0833	0.0	3	24	highmem
v1.8.17_conda	Pyricularia_oryzae_70-15	TRAIN_PREDICT:FUNANNOTATE_PREDICT	1	0	0	0	0	1.8319	1.8501	9.7221	13.2	peak_rss	0.0	0.0	1	8	epyc
v1.8.17_conda	Rhizopus_delemar_RA_99-880	TRAIN_PREDICT:FUNANNOTATE_PREDICT	1	0	0	0	0	1.0697	1.1001	4.0778	11.1	peak_rss	0.0	0.0	1	8	epyc
v1.8.17_conda	Rhizopus_delemar_RA_99-880	TRAIN_PREDICT:FUNANNOTATE_TRAIN	1	0	0	0	0	11.1006	11.1177	35.5773	6.2	peak_rss	0.0	0.0	1	8	epyc
v1.8.17_conda	Rhizopus_microsporus_ATCC_52813	TRAIN_PREDICT:FUNANNOTATE_PREDICT	1	0	0	0	0	0.6031	0.6167	2.9791	6.2	peak_rss	0.0	0.0	1	8	epyc
v1.8.17_conda	Rhizopus_microsporus_ATCC_52813	TRAIN_PREDICT:FUNANNOTATE_TRAIN	1	0	0	1	0	21.5322	21.5355	27.2383	2.4	peak_rss	0.3469	1.5064	1	8	epyc
v1.8.17_conda	Rhodotorula_graminis_WP1	TRAIN_PREDICT:FUNANNOTATE_PREDICT	1	0	0	0	0	1.2761	1.2833	7.8634	9.5	peak_rss	0.0	0.0	1	8	epyc
v1.8.17_conda	Rhodotorula_toruloides_NP11	TRAIN_PREDICT:FUNANNOTATE_PREDICT	1	0	0	1	0	1.0503	1.05	5.8994	4.7	peak_rss	1.0361	5.6903	1	8	epyc
v1.8.17_conda	Rhodotorula_toruloides_NP11	TRAIN_PREDICT:FUNANNOTATE_TRAIN	1	0	0	0	0	4.5561		6.7476	0.493	rss	0.0	0.0			
v1.8.17_conda	Saccharomyces_cerevisiae_S288C	TRAIN_PREDICT:FUNANNOTATE_PREDICT	1	0	0	0	0	0.3572		2.0808	2.8	rss	0.0	0.0			
v1.8.17_conda	Saccharomyces_cerevisiae_S288C	TRAIN_PREDICT:FUNANNOTATE_TRAIN	1	25	0	1	0	0.2989		0.4337	1.5	rss	25.2867	10.5681			
v1.8.17_conda	Schizophyllum_commune_H4-8	TRAIN_PREDICT:FUNANNOTATE_PREDICT	1	0	0	0	0	0.645		3.7545	14.0	rss	0.0	0.0			
v1.8.17_conda	Schizophyllum_commune_H4-8	TRAIN_PREDICT:FUNANNOTATE_TRAIN	1	0	0	0	0	8.8153		20.5925	2.6	rss	0.0	0.0			
v1.8.17_conda	Sclerotinia_sclerotiorum_1980	TRAIN_PREDICT:FUNANNOTATE_PREDICT	1	0	0	0	0	0.7094	0.7168	3.9857	9.6	peak_rss	0.0	0.0	1	8	epyc
v1.8.17_conda	Sclerotinia_sclerotiorum_1980	TRAIN_PREDICT:FUNANNOTATE_TRAIN	1	1	0	1	0	4.1389	4.1506	32.0433	3.9	peak_rss	5.4033	25.6103	2	24	epyc
v1.8.17_conda	Spizellomyces_punctatus_+1_more	FETCH_RNASEQ:SRA_QUERY_BATCH	1	0	0	0	0	0.0001		0.0	0.003	rss	0.0	0.0			
v1.8.17_conda	Spizellomyces_punctatus_+9_more	FETCH_RNASEQ:SRA_QUERY_BATCH	1	0	0	0	0	0.0001		0.0	0.003	rss	0.0	0.0			
v1.8.17_conda	Spizellomyces_punctatus_DAOM_BR117	TRAIN_PREDICT:FUNANNOTATE_PREDICT	1	0	0	0	0	0.9353	0.95	3.7514	6.8	peak_rss	0.0	0.0	1	8	epyc
v1.8.17_conda	Spizellomyces_punctatus_DAOM_BR117	TRAIN_PREDICT:FUNANNOTATE_TRAIN	1	0	0	0	0	0.0098		0.0043	0.103	rss	0.0	0.0			
v1.8.17_conda	Sporobolomyces_koalae_JCM15063	TRAIN_PREDICT:FUNANNOTATE_PREDICT	1	0	0	0	0	0.8414	0.85	4.9272	3.3	peak_rss	0.0	0.0	1	8	epyc
v1.8.17_conda	Sporobolomyces_salmoneus_JCM6883	TRAIN_PREDICT:FUNANNOTATE_PREDICT	1	0	0	0	0	1.5742	1.5834	6.3612	2.4	peak_rss	0.0	0.0	1	8	epyc
v1.8.17_conda	Sugiyamaella_lignohabitans_CBS_10342	TRAIN_PREDICT:FUNANNOTATE_PREDICT	1	0	0	0	0	0.9903	1.0001	5.907	9.0	peak_rss	0.0	0.0	1	8	epyc
v1.8.17_conda	Synchytrium_microbalum_JEL517	TRAIN_PREDICT:FUNANNOTATE_PREDICT	1	0	0	0	0	0.6767	0.7	3.9653	5.1	peak_rss	0.0	0.0	1	8	epyc
v1.8.17_conda	Talaromyces_marneffei_ATCC_18224	TRAIN_PREDICT:FUNANNOTATE_PREDICT	1	0	0	0	0	0.5164	0.5167	2.7611	18.1	peak_rss	0.0	0.0	1	8	epyc
v1.8.17_conda	Talaromyces_marneffei_ATCC_18224	TRAIN_PREDICT:FUNANNOTATE_TRAIN	1	0	0	1	0	10.8769	10.8844	24.2012	5.9	peak_rss	5.9625	29.574	1	8	epyc
v1.8.17_conda	Talaromyces_stipitatus_ATCC_10500	TRAIN_PREDICT:FUNANNOTATE_PREDICT	1	0	0	0	0	2.6872	2.7002	7.586	14.4	peak_rss	0.0	0.0	1	8	epyc
v1.8.17_conda	Tilletiaria_anomala_UBC_951	TRAIN_PREDICT:FUNANNOTATE_PREDICT	1	0	0	0	0	0.3214	0.3334	1.515	3.0	peak_rss	0.0	0.0	1	8	epyc
v1.8.17_conda	Tilletiaria_anomala_UBC_951	TRAIN_PREDICT:FUNANNOTATE_TRAIN	1	0	0	1	0	8.9719	8.9675	14.714	2.2	peak_rss	7.1525	16.6439	1	8	epyc
v1.8.17_conda	Tilletiopsis_washingtonensis_MCA_4186	TRAIN_PREDICT:FUNANNOTATE_PREDICT	1	0	0	0	0	0.5047		2.5917	4.9	rss	0.0	0.0			
v1.8.17_conda	Tilletiopsis_washingtonensis_MCA_4186	TRAIN_PREDICT:FUNANNOTATE_TRAIN	1	0	0	0	0	6.3192		13.8263	1.7	rss	0.0	0.0			
v1.8.17_conda	Tremella_mesenterica_Fries	TRAIN_PREDICT:FUNANNOTATE_PREDICT	1	0	0	0	0	2.7794	2.7835	10.3117	8.7	peak_rss	0.0	0.0	1	8	epyc
v1.8.17_conda	Tricharina_praecox_CBS_144465	TRAIN_PREDICT:FUNANNOTATE_PREDICT	1	0	0	0	0	0.5611	0.5666	3.0126	10.8	peak_rss	0.0	0.0	1	8	epyc
v1.8.17_conda	Tricharina_praecox_CBS_144465	TRAIN_PREDICT:FUNANNOTATE_TRAIN	1	1	0	0	0	4.3431	4.3506	31.1701	3.7	peak_rss	0.05	0.0	2	24	epyc
v1.8.17_conda	Trichosporon_asahii_+9_more	FETCH_RNASEQ:SRA_QUERY_BATCH	1	0	0	0	0	0.0002		0.0	0.003	rss	0.0	0.0			
v1.8.17_conda	Trichosporon_asahii_CBS_2479	TRAIN_PREDICT:FUNANNOTATE_PREDICT	1	0	0	0	0	0.7072	0.7167	2.7568	5.1	peak_rss	0.0	0.0	1	8	epyc
v1.8.17_conda	Trichosporon_asahii_CBS_2479	TRAIN_PREDICT:FUNANNOTATE_TRAIN	1	0	0	0	0	3.705	3.7003	19.1623	4.8	peak_rss	0.0	0.0	1	8	epyc
v1.8.17_conda	Umbelopsis_ramanniana_AG	TRAIN_PREDICT:FUNANNOTATE_PREDICT	1	0	0	0	0	0.4003		2.3268	4.1	rss	0.0	0.0			
v1.8.17_conda	Umbelopsis_ramanniana_AG	TRAIN_PREDICT:FUNANNOTATE_TRAIN	1	29	0	1	0	0.5636		0.9288	1.3	rss	22.0661	22.2936			
v1.8.17_conda	Uncinocarpus_reesii_1704	TRAIN_PREDICT:FUNANNOTATE_PREDICT	1	0	0	0	0	1.5558	1.5835	9.8438	10.3	peak_rss	0.0	0.0	1	8	epyc
v1.8.17_conda	Wallemia_mellicola_+4_more	FETCH_RNASEQ:SRA_QUERY_BATCH	1	0	0	0	0	0.0001		0.0	0.003	rss	0.0	0.0			
v1.8.17_conda	Wallemia_mellicola_CBS_633.66	TRAIN_PREDICT:FUNANNOTATE_PREDICT	1	0	0	0	0	0.8417	0.8501	4.3893	3.1	peak_rss	0.0	0.0	1	8	epyc
v1.8.17_conda	Yarrowia_lipolytica_CLIB122	TRAIN_PREDICT:FUNANNOTATE_PREDICT	1	0	0	0	0	0.5989		3.3915	5.4	rss	0.0	0.0			
v1.8.17_conda	Yarrowia_lipolytica_CLIB122	TRAIN_PREDICT:FUNANNOTATE_TRAIN	1	0	0	1	0	3.5717		18.6977	1.7	rss	9.5197	24.4562			
v1.8.17_conda	Zygosaccharomyces_rouxii_CBS_732	TRAIN_PREDICT:FUNANNOTATE_PREDICT	1	0	0	0	0	0.4825		2.5862	4.3	rss	0.0	0.0			
v1.8.17_conda	Zygosaccharomyces_rouxii_CBS_732	TRAIN_PREDICT:FUNANNOTATE_TRAIN	1	0	0	0	0	1.3931		4.937	3.0	rss	0.0	0.0			
v1.8.17_conda	Zymoseptoria_tritici_IPO323	TRAIN_PREDICT:FUNANNOTATE_PREDICT	1	0	0	0	0	0.6953	0.7001	4.1369	8.7	peak_rss	0.0	0.0	1	8	epyc
v1.8.17_conda	Zymoseptoria_tritici_IPO323	TRAIN_PREDICT:FUNANNOTATE_TRAIN	1	0	0	0	0	6.7486	6.7506	26.5693	10.6	peak_rss	0.0	0.0	1	8	epyc
v1.9.0-rc1_conda	Allomyces_macrogynus	TRAIN_PREDICT:RNASEQ_PREPARE	1	0	0	0	0	3.4864	3.5003	28.2781	3.0	peak_rss	0.0	0.0	1	16	epyc
v1.9.0-rc1_conda	Allomyces_macrogynus_ATCC_38327	TRAIN_PREDICT:FUNANNOTATE_PREDICT	1	0	0	0	0	1.0925	1.1001	6.3584	12.4	peak_rss	0.0	0.0	1	8	epyc
v1.9.0-rc1_conda	Allomyces_macrogynus_ATCC_38327	TRAIN_PREDICT:FUNANNOTATE_TRAIN	1	0	0	0	0	1.0992	1.1	1.7037	1.7	peak_rss	0.0	0.0	1	8	epyc
v1.9.0-rc1_conda	Aspergillus_fumigatus	TRAIN_PREDICT:RNASEQ_PREPARE	1	0	0	0	0	5.7311	5.7506	18.7866	5.2	peak_rss	0.0	0.0	1	16	epyc
v1.9.0-rc1_conda	Aspergillus_fumigatus_Af293	TRAIN_PREDICT:FUNANNOTATE_PREDICT	1	0	0	0	0	0.5533	0.5501	3.1512	20.7	peak_rss	0.0	0.0	1	8	epyc
v1.9.0-rc1_conda	Aspergillus_fumigatus_Af293	TRAIN_PREDICT:FUNANNOTATE_TRAIN	1	0	0	0	0	0.9725	0.9834	1.2205	1.6	peak_rss	0.0	0.0	1	8	epyc
v1.9.0-rc1_conda	Batrachochytrium_dendrobatidis	TRAIN_PREDICT:RNASEQ_PREPARE	1	0	0	0	0	0.0325	0.0333	0.3952	2.1	peak_rss	0.0	0.0	1	16	epyc
v1.9.0-rc1_conda	Batrachochytrium_dendrobatidis_JAM81	TRAIN_PREDICT:FUNANNOTATE_PREDICT	1	0	0	0	0	0.6144	0.6167	2.7447	6.9	peak_rss	0.0	0.0	1	8	epyc
v1.9.0-rc1_conda	Batrachochytrium_dendrobatidis_JAM81	TRAIN_PREDICT:FUNANNOTATE_TRAIN	1	0	0	0	0	4.9117	4.9172	23.4532	16.7	peak_rss	0.0	0.0	1	8	epyc
v1.9.0-rc1_conda	Botrytis_cinerea	TRAIN_PREDICT:RNASEQ_PREPARE	1	0	0	0	0	2.935	2.9503	27.1458	3.8	peak_rss	0.0	0.0	1	16	epyc
v1.9.0-rc1_conda	Botrytis_cinerea_B05.10	TRAIN_PREDICT:FUNANNOTATE_PREDICT	1	0	0	0	0	0.5975	0.6001	3.3819	14.5	peak_rss	0.0	0.0	1	8	epyc
v1.9.0-rc1_conda	Botrytis_cinerea_B05.10	TRAIN_PREDICT:FUNANNOTATE_TRAIN	1	0	0	0	0	1.7472	1.7668	1.7385	2.0	peak_rss	0.0	0.0	1	8	epyc
v1.9.0-rc1_conda	Chaetomium_globosum	TRAIN_PREDICT:RNASEQ_PREPARE	1	0	0	0	0	7.7844	7.7842	27.339	2.8	peak_rss	0.0	0.0	1	16	epyc
v1.9.0-rc1_conda	Chaetomium_globosum_CBS_148.51	TRAIN_PREDICT:FUNANNOTATE_PREDICT	1	0	0	0	0	0.9358	0.9334	4.5014	20.8	peak_rss	0.0	0.0	1	8	epyc
v1.9.0-rc1_conda	Chaetomium_globosum_CBS_148.51	TRAIN_PREDICT:FUNANNOTATE_TRAIN	1	0	0	0	0	3.1289	3.1336	2.0244	3.2	peak_rss	0.0	0.0	1	8	epyc
v1.9.0-rc1_conda	Cokeromyces_recurvatus	TRAIN_PREDICT:RNASEQ_PREPARE	1	0	0	0	0	7.1642	7.1842	21.4209	2.0	peak_rss	0.0	0.0	1	16	epyc
v1.9.0-rc1_conda	Cokeromyces_recurvatus_NRRL_2243	TRAIN_PREDICT:FUNANNOTATE_PREDICT	1	0	0	0	0	0.5311	0.5334	2.7496	6.7	peak_rss	0.0	0.0	1	8	epyc
v1.9.0-rc1_conda	Cokeromyces_recurvatus_NRRL_2243	TRAIN_PREDICT:FUNANNOTATE_TRAIN	1	0	0	0	0	1.1114	1.1167	1.6793	1.7	peak_rss	0.0	0.0	1	8	epyc
v1.9.0-rc1_conda	Colletotrichum_graminicola	TRAIN_PREDICT:RNASEQ_PREPARE	1	0	0	0	0	4.1111	4.1172	29.5054	5.1	peak_rss	0.0	0.0	1	16	epyc
v1.9.0-rc1_conda	Colletotrichum_graminicola_M1.001	TRAIN_PREDICT:FUNANNOTATE_PREDICT	1	0	0	0	0	1.2392	1.2501	4.0471	5.4	peak_rss	0.0	0.0	1	8	epyc
v1.9.0-rc1_conda	Colletotrichum_graminicola_M1.001	TRAIN_PREDICT:FUNANNOTATE_TRAIN	1	0	0	0	0	2.0375	2.0501	1.7237	1.8	peak_rss	0.0	0.0	1	8	epyc
v1.9.0-rc1_conda	Cryptococcus_deneoformans	TRAIN_PREDICT:RNASEQ_PREPARE	1	0	0	0	0	1.4119	1.4168	15.7065	10.1	peak_rss	0.0	0.0	1	16	epyc
v1.9.0-rc1_conda	Cryptococcus_deneoformans_JEC21	TRAIN_PREDICT:FUNANNOTATE_PREDICT	1	0	0	0	0	0.5297	0.5333	2.2815	6.0	peak_rss	0.0	0.0	1	8	epyc
v1.9.0-rc1_conda	Cryptococcus_deneoformans_JEC21	TRAIN_PREDICT:FUNANNOTATE_TRAIN	1	0	0	0	0	1.3656	1.3835	1.3765	1.6	peak_rss	0.0	0.0	1	8	epyc
v1.9.0-rc1_conda	Cryptococcus_neoformans	TRAIN_PREDICT:RNASEQ_PREPARE	1	0	0	0	0	3.6656	3.667	14.3323	4.2	peak_rss	0.0	0.0	1	16	epyc
v1.9.0-rc1_conda	Cryptococcus_neoformans_H99	TRAIN_PREDICT:FUNANNOTATE_PREDICT	1	0	0	0	0	0.465	0.4667	2.0934	5.7	peak_rss	0.0	0.0	1	8	epyc
v1.9.0-rc1_conda	Cryptococcus_neoformans_H99	TRAIN_PREDICT:FUNANNOTATE_TRAIN	1	0	0	0	0	0.8964	0.9001	1.4432	1.6	peak_rss	0.0	0.0	1	8	epyc
v1.9.0-rc1_conda	Drepanopeziza_brunnea	TRAIN_PREDICT:RNASEQ_PREPARE	1	0	0	0	0	0.1125	0.1167	0.9386	3.1	peak_rss	0.0	0.0	1	16	epyc
v1.9.0-rc1_conda	Drepanopeziza_brunnea_MB_m1	TRAIN_PREDICT:FUNANNOTATE_PREDICT	1	0	0	0	0	1.4422	1.4334	8.8884	9.0	peak_rss	0.0	0.0	1	8	epyc
v1.9.0-rc1_conda	Drepanopeziza_brunnea_MB_m1	TRAIN_PREDICT:FUNANNOTATE_TRAIN	1	0	0	0	0	0.0001	0.0	0.0	0.003	peak_rss	0.0	0.0	1	8	epyc
v1.9.0-rc1_conda	Fusarium_oxysporum	TRAIN_PREDICT:RNASEQ_PREPARE	1	0	0	0	0	0.085	0.0833	1.0923	5.6	peak_rss	0.0	0.0	1	16	epyc
v1.9.0-rc1_conda	Fusarium_oxysporum_4287	TRAIN_PREDICT:FUNANNOTATE_PREDICT	1	0	0	0	0	0.9264	0.9334	5.3647	11.7	peak_rss	0.0	0.0	1	8	epyc
v1.9.0-rc1_conda	Fusarium_oxysporum_4287	TRAIN_PREDICT:FUNANNOTATE_TRAIN	1	0	0	0	0	21.3153	21.3352	33.4224	3.7	peak_rss	0.0	0.0	1	8	epyc
v1.9.0-rc1_conda	Fusarium_verticillioides	TRAIN_PREDICT:RNASEQ_PREPARE	1	0	0	0	0	3.1572	3.167	17.33	3.6	peak_rss	0.0	0.0	1	16	epyc
v1.9.0-rc1_conda	Fusarium_verticillioides_7600	TRAIN_PREDICT:FUNANNOTATE_PREDICT	1	0	0	0	0	0.5739	0.5834	3.3836	17.0	peak_rss	0.0	0.0	1	8	epyc
v1.9.0-rc1_conda	Fusarium_verticillioides_7600	TRAIN_PREDICT:FUNANNOTATE_TRAIN	1	0	0	0	0	0.9717	0.9668	1.6965	1.6	peak_rss	0.0	0.0	1	8	epyc
v1.9.0-rc1_conda	Gaeumannomyces_tritici	TRAIN_PREDICT:RNASEQ_PREPARE	1	0	0	0	0	0.0386	0.05	0.4458	2.6	peak_rss	0.0	0.0	1	16	epyc
v1.9.0-rc1_conda	Gaeumannomyces_tritici_R3-111a-1	TRAIN_PREDICT:FUNANNOTATE_PREDICT	1	0	0	0	0	0.9364	0.9334	5.2812	15.0	peak_rss	0.0	0.0	1	8	epyc
v1.9.0-rc1_conda	Gaeumannomyces_tritici_R3-111a-1	TRAIN_PREDICT:FUNANNOTATE_TRAIN	1	0	0	0	0	19.7853	19.785	30.5089	2.6	peak_rss	0.0	0.0	1	8	epyc
v1.9.0-rc1_conda	Kluyveromyces_lactis	TRAIN_PREDICT:RNASEQ_PREPARE	1	0	0	0	0	0.4769	0.4834	5.8607	6.1	peak_rss	0.0	0.0	1	16	epyc
v1.9.0-rc1_conda	Kluyveromyces_lactis_NRRL_Y-1140	TRAIN_PREDICT:FUNANNOTATE_PREDICT	1	0	0	0	0	0.3506	0.3501	2.0087	3.9	peak_rss	0.0	0.0	1	8	epyc
v1.9.0-rc1_conda	Kluyveromyces_lactis_NRRL_Y-1140	TRAIN_PREDICT:FUNANNOTATE_TRAIN	1	0	0	0	0	0.2319	0.2334	0.3591	1.7	peak_rss	0.0	0.0	1	8	epyc
v1.9.0-rc1_conda	Lachancea_thermotolerans	TRAIN_PREDICT:RNASEQ_PREPARE	1	0	0	0	0	0.0167	0.0167	0.1865	1.1	peak_rss	0.0	0.0	1	16	epyc
v1.9.0-rc1_conda	Lachancea_thermotolerans_CBS_6340	TRAIN_PREDICT:FUNANNOTATE_PREDICT	1	0	0	0	0	0.3164	0.3167	1.8515	5.2	peak_rss	0.0	0.0	1	8	epyc
v1.9.0-rc1_conda	Lachancea_thermotolerans_CBS_6340	TRAIN_PREDICT:FUNANNOTATE_TRAIN	1	0	0	0	0	1.735	1.7335	8.0036	1.2	peak_rss	0.0	0.0	1	8	epyc
v1.9.0-rc1_conda	Lipomyces_tetrasporus	TRAIN_PREDICT:RNASEQ_PREPARE	1	0	0	0	0	0.04	0.05	0.5032	2.9	peak_rss	0.0	0.0	1	16	epyc
v1.9.0-rc1_conda	Lipomyces_tetrasporus_NRRL_Y-64009	TRAIN_PREDICT:FUNANNOTATE_PREDICT	1	0	0	0	0	0.6581	0.6667	3.031	8.8	peak_rss	0.0	0.0	1	8	epyc
v1.9.0-rc1_conda	Lipomyces_tetrasporus_NRRL_Y-64009	TRAIN_PREDICT:FUNANNOTATE_TRAIN	1	0	0	0	0	11.1122	11.1179	30.0363	6.3	peak_rss	0.0	0.0	1	8	epyc
v1.9.0-rc1_conda	Malassezia_globosa	TRAIN_PREDICT:RNASEQ_PREPARE	1	0	0	0	0	1.2283	1.2334	6.7558	4.3	peak_rss	0.0	0.0	1	16	epyc
v1.9.0-rc1_conda	Malassezia_globosa_CBS_7966	TRAIN_PREDICT:FUNANNOTATE_PREDICT	1	0	0	0	0	0.2822	0.2834	1.5793	3.4	peak_rss	0.0	0.0	1	8	epyc
v1.9.0-rc1_conda	Malassezia_globosa_CBS_7966	TRAIN_PREDICT:FUNANNOTATE_TRAIN	1	0	0	0	0	0.6214	0.6334	0.6046	1.5	peak_rss	0.0	0.0	1	8	epyc
v1.9.0-rc1_conda	Malassezia_sympodialis	TRAIN_PREDICT:RNASEQ_PREPARE	1	0	0	0	0	3.5178	3.5336	6.9195	0.893	peak_rss	0.0	0.0	1	16	epyc
v1.9.0-rc1_conda	Malassezia_sympodialis_ATCC_42132	TRAIN_PREDICT:FUNANNOTATE_PREDICT	1	0	0	0	0	0.775	0.7834	2.8815	2.8	peak_rss	0.0	0.0	1	8	epyc
v1.9.0-rc1_conda	Malassezia_sympodialis_ATCC_42132	TRAIN_PREDICT:FUNANNOTATE_TRAIN	1	0	0	0	0	0.3056	0.3167	0.4632	1.001	peak_rss	0.0	0.0	1	8	epyc
v1.9.0-rc1_conda	Morchella_importuna	TRAIN_PREDICT:RNASEQ_PREPARE	1	0	0	0	0	4.7169	4.7339	22.2404	6.9	peak_rss	0.0	0.0	1	16	epyc
v1.9.0-rc1_conda	Morchella_importuna_M04M26	TRAIN_PREDICT:FUNANNOTATE_PREDICT	1	0	0	0	0	0.6353	0.65	3.6071	9.7	peak_rss	0.0	0.0	1	8	epyc
v1.9.0-rc1_conda	Morchella_importuna_M04M26	TRAIN_PREDICT:FUNANNOTATE_TRAIN	1	0	0	0	0	0.8706	0.8834	1.7655	1.7	peak_rss	0.0	0.0	1	8	epyc
v1.9.0-rc1_conda	Morchella_sextelata	TRAIN_PREDICT:RNASEQ_PREPARE	1	0	0	0	0	0.0572	0.0666	0.6906	4.2	peak_rss	0.0	0.0	1	16	epyc
v1.9.0-rc1_conda	Morchella_sextelata_SCLS	TRAIN_PREDICT:FUNANNOTATE_PREDICT	1	0	0	0	0	1.0328	1.0334	6.1399	8.2	peak_rss	0.0	0.0	1	8	epyc
v1.9.0-rc1_conda	Morchella_sextelata_SCLS	TRAIN_PREDICT:FUNANNOTATE_TRAIN	1	0	0	0	0	19.6294	19.6351	47.8173	15.6	peak_rss	0.0	0.0	1	8	epyc
v1.9.0-rc1_conda	Mucor_mucedo	TRAIN_PREDICT:RNASEQ_PREPARE	1	0	0	0	0	0.0347	0.0333	0.4207	2.3	peak_rss	0.0	0.0	1	16	epyc
v1.9.0-rc1_conda	Mucor_mucedo_NRRL_3635	TRAIN_PREDICT:FUNANNOTATE_PREDICT	1	0	0	0	0	1.0086	1.0168	4.1464	2.9	peak_rss	0.0	0.0	1	8	epyc
v1.9.0-rc1_conda	Mucor_mucedo_NRRL_3635	TRAIN_PREDICT:FUNANNOTATE_TRAIN	1	0	0	0	0	7.1456	7.1674	30.0828	3.8	peak_rss	0.0	0.0	1	8	epyc
v1.9.0-rc1_conda	Orbilia_oligospora	TRAIN_PREDICT:RNASEQ_PREPARE	1	0	0	0	0	2.9681	2.9835	25.1988	9.9	peak_rss	0.0	0.0	1	16	epyc
v1.9.0-rc1_conda	Orbilia_oligospora_ATCC_24927	TRAIN_PREDICT:FUNANNOTATE_PREDICT	1	0	0	0	0	0.5497	0.5501	3.0631	5.7	peak_rss	0.0	0.0	1	8	epyc
v1.9.0-rc1_conda	Orbilia_oligospora_ATCC_24927	TRAIN_PREDICT:FUNANNOTATE_TRAIN	1	0	0	0	0	1.2242	1.2334	2.0101	1.7	peak_rss	0.0	0.0	1	8	epyc
v1.9.0-rc1_conda	Parastagonospora_nodorum	TRAIN_PREDICT:RNASEQ_PREPARE	1	0	0	0	0	2.4689	2.4835	24.0149	3.8	peak_rss	0.0	0.0	1	16	epyc
v1.9.0-rc1_conda	Parastagonospora_nodorum_SN15	TRAIN_PREDICT:FUNANNOTATE_PREDICT	1	0	0	0	0	0.6667	0.6667	3.8067	7.1	peak_rss	0.0	0.0	1	8	epyc
v1.9.0-rc1_conda	Parastagonospora_nodorum_SN15	TRAIN_PREDICT:FUNANNOTATE_TRAIN	1	0	0	0	0	0.9231	0.9168	1.8858	4.0	peak_rss	0.0	0.0	1	8	epyc
v1.9.0-rc1_conda	Phycomyces_blakesleeanus	TRAIN_PREDICT:RNASEQ_PREPARE	1	0	0	0	0	6.1103	6.1172	31.9873	6.2	peak_rss	0.0	0.0	1	16	epyc
v1.9.0-rc1_conda	Phycomyces_blakesleeanus_NRRL_1555_-	TRAIN_PREDICT:FUNANNOTATE_PREDICT	1	0	0	0	0	0.7356	0.7501	4.2706	15.3	peak_rss	0.0	0.0	1	8	epyc
v1.9.0-rc1_conda	Phycomyces_blakesleeanus_NRRL_1555_-	TRAIN_PREDICT:FUNANNOTATE_TRAIN	1	0	0	0	0	1.6283	1.6335	3.6084	2.7	peak_rss	0.0	0.0	1	8	epyc
v1.9.0-rc1_conda	Protomyces_lactucae-debilis	TRAIN_PREDICT:RNASEQ_PREPARE	1	0	0	0	0	0.0217	0.0167	0.2567	1.4	peak_rss	0.0	0.0	1	16	epyc
v1.9.0-rc1_conda	Protomyces_lactucae-debilis_12-1054	TRAIN_PREDICT:FUNANNOTATE_PREDICT	1	0	0	0	0	0.6925	0.7001	3.11	2.9	peak_rss	0.0	0.0	1	8	epyc
v1.9.0-rc1_conda	Protomyces_lactucae-debilis_12-1054	TRAIN_PREDICT:FUNANNOTATE_TRAIN	1	0	0	0	0	1.9847	1.9836	7.7682	5.6	peak_rss	0.0	0.0	1	8	epyc
v1.9.0-rc1_conda	Pseudogymnoascus_destructans	TRAIN_PREDICT:RNASEQ_PREPARE	1	0	0	0	0	0.0392	0.05	0.4925	2.9	peak_rss	0.0	0.0	1	16	epyc
v1.9.0-rc1_conda	Pseudogymnoascus_destructans_20631-21	TRAIN_PREDICT:FUNANNOTATE_PREDICT	1	0	0	0	0	0.6939	0.7	3.1093	3.2	peak_rss	0.0	0.0	1	8	epyc
v1.9.0-rc1_conda	Pseudogymnoascus_destructans_20631-21	TRAIN_PREDICT:FUNANNOTATE_TRAIN	1	0	0	0	0	13.7283	13.7346	26.6604	5.1	peak_rss	0.0	0.0	1	8	epyc
v1.9.0-rc1_conda	Pyrenophora_teres	TRAIN_PREDICT:RNASEQ_PREPARE	1	0	0	0	0	1.2281	1.2335	6.7248	4.4	peak_rss	0.0	0.0	1	16	epyc
v1.9.0-rc1_conda	Pyrenophora_teres_0-1	TRAIN_PREDICT:FUNANNOTATE_PREDICT	1	0	0	0	0	1.2211	1.2334	3.1822	1.2	peak_rss	0.0	0.0	1	8	epyc
v1.9.0-rc1_conda	Pyrenophora_teres_0-1	TRAIN_PREDICT:FUNANNOTATE_TRAIN	1	0	0	0	0	0.3083	0.3167	0.3268	0.898	peak_rss	0.0	0.0	1	8	epyc
v1.9.0-rc1_conda	Pyrenophora_tritici-repentis	TRAIN_PREDICT:RNASEQ_PREPARE	1	0	0	0	0	2.5558	2.5669	26.5628	3.7	peak_rss	0.0	0.0	1	16	epyc
v1.9.0-rc1_conda	Pyrenophora_tritici-repentis_Pt-1C-BFP	TRAIN_PREDICT:FUNANNOTATE_PREDICT	1	0	0	0	0	0.6589	0.6667	3.78	13.9	peak_rss	0.0	0.0	1	8	epyc
v1.9.0-rc1_conda	Pyrenophora_tritici-repentis_Pt-1C-BFP	TRAIN_PREDICT:FUNANNOTATE_TRAIN	1	0	0	0	0	1.0006	1.0001	2.0732	1.9	peak_rss	0.0	0.0	1	8	epyc
v1.9.0-rc1_conda	Rhizopus_delemar	TRAIN_PREDICT:RNASEQ_PREPARE	1	0	0	0	0	9.2586	9.2676	40.2194	4.6	peak_rss	0.0	0.0	1	16	epyc
v1.9.0-rc1_conda	Rhizopus_delemar_RA_99-880	TRAIN_PREDICT:FUNANNOTATE_PREDICT	1	0	0	0	0	0.7339	0.7334	4.2852	18.6	peak_rss	0.0	0.0	1	8	epyc
v1.9.0-rc1_conda	Rhizopus_delemar_RA_99-880	TRAIN_PREDICT:FUNANNOTATE_TRAIN	1	0	0	0	0	1.4119	1.4001	3.1896	2.0	peak_rss	0.0	0.0	1	8	epyc
v1.9.0-rc1_conda	Rhizopus_microsporus	TRAIN_PREDICT:RNASEQ_PREPARE	1	0	0	0	0	6.1203	6.1339	21.8004	2.4	peak_rss	0.0	0.0	1	16	epyc
v1.9.0-rc1_conda	Rhizopus_microsporus_ATCC_52813	TRAIN_PREDICT:FUNANNOTATE_PREDICT	1	0	0	0	0	0.4836	0.4834	2.303	10.8	peak_rss	0.0	0.0	1	8	epyc
v1.9.0-rc1_conda	Rhizopus_microsporus_ATCC_52813	TRAIN_PREDICT:FUNANNOTATE_TRAIN	1	0	0	0	0	0.655	0.6667	1.2301	1.5	peak_rss	0.0	0.0	1	8	epyc
v1.9.0-rc1_conda	Saccharomyces_cerevisiae	TRAIN_PREDICT:RNASEQ_PREPARE	1	0	0	0	0	0.0253	0.0334	0.2614	1.8	peak_rss	0.0	0.0	1	16	epyc
v1.9.0-rc1_conda	Saccharomyces_cerevisiae_S288C	TRAIN_PREDICT:FUNANNOTATE_PREDICT	1	0	0	0	0	0.3733	0.3667	2.3005	3.6	peak_rss	0.0	0.0	1	8	epyc
v1.9.0-rc1_conda	Saccharomyces_cerevisiae_S288C	TRAIN_PREDICT:FUNANNOTATE_TRAIN	1	0	0	0	0	2.1553	2.167	7.4939	1.8	peak_rss	0.0	0.0	1	8	epyc
v1.9.0-rc1_conda	Schizophyllum_commune	TRAIN_PREDICT:RNASEQ_PREPARE	1	0	0	0	0	4.7083	4.7172	17.289	2.6	peak_rss	0.0	0.0	1	16	epyc
v1.9.0-rc1_conda	Schizophyllum_commune_H4-8	TRAIN_PREDICT:FUNANNOTATE_PREDICT	1	0	0	0	0	0.6528	0.6668	3.4754	17.2	peak_rss	0.0	0.0	1	8	epyc
v1.9.0-rc1_conda	Schizophyllum_commune_H4-8	TRAIN_PREDICT:FUNANNOTATE_TRAIN	1	0	0	0	0	0.4942	0.5	0.6671	1.6	peak_rss	0.0	0.0	1	8	epyc
v1.9.0-rc1_conda	Sclerotinia_sclerotiorum	TRAIN_PREDICT:RNASEQ_PREPARE	1	0	0	0	0	0.0442	0.0333	0.523	2.8	peak_rss	0.0	0.0	1	16	epyc
v1.9.0-rc1_conda	Sclerotinia_sclerotiorum_1980	TRAIN_PREDICT:FUNANNOTATE_PREDICT	1	0	0	0	0	0.5578	0.5667	3.1548	11.5	peak_rss	0.0	0.0	1	8	epyc
v1.9.0-rc1_conda	Sclerotinia_sclerotiorum_1980	TRAIN_PREDICT:FUNANNOTATE_TRAIN	1	0	0	0	0	6.7061	6.7008	29.3057	4.4	peak_rss	0.0	0.0	1	8	epyc
v1.9.0-rc1_conda	Talaromyces_marneffei	TRAIN_PREDICT:RNASEQ_PREPARE	1	0	0	0	0	6.7658	6.7673	27.1851	5.4	peak_rss	0.0	0.0	1	16	epyc
v1.9.0-rc1_conda	Talaromyces_marneffei_ATCC_18224	TRAIN_PREDICT:FUNANNOTATE_PREDICT	1	0	0	0	0	0.8947	0.9001	2.9418	12.1	peak_rss	0.0	0.0	1	8	epyc
v1.9.0-rc1_conda	Talaromyces_marneffei_ATCC_18224	TRAIN_PREDICT:FUNANNOTATE_TRAIN	1	0	0	0	0	0.8161	0.8167	1.4682	1.9	peak_rss	0.0	0.0	1	8	epyc
v1.9.0-rc1_conda	Tilletiaria_anomala	TRAIN_PREDICT:RNASEQ_PREPARE	1	0	0	0	0	5.2683	5.2839	12.0961	2.2	peak_rss	0.0	0.0	1	16	epyc
v1.9.0-rc1_conda	Tilletiaria_anomala_UBC_951	TRAIN_PREDICT:FUNANNOTATE_PREDICT	1	0	0	0	0	0.2958	0.3	1.5135	2.7	peak_rss	0.0	0.0	1	8	epyc
v1.9.0-rc1_conda	Tilletiaria_anomala_UBC_951	TRAIN_PREDICT:FUNANNOTATE_TRAIN	1	0	0	0	0	1.2653	1.2668	0.9376	1.2	peak_rss	0.0	0.0	1	8	epyc
v1.9.0-rc1_conda	Tilletiopsis_washingtonensis	TRAIN_PREDICT:RNASEQ_PREPARE	1	0	0	0	0	5.1089	5.1173	12.2205	1.7	peak_rss	0.0	0.0	1	16	epyc
v1.9.0-rc1_conda	Tilletiopsis_washingtonensis_MCA_4186	TRAIN_PREDICT:FUNANNOTATE_PREDICT	1	0	0	0	0	0.3769	0.3834	2.0031	4.9	peak_rss	0.0	0.0	1	8	epyc
v1.9.0-rc1_conda	Tilletiopsis_washingtonensis_MCA_4186	TRAIN_PREDICT:FUNANNOTATE_TRAIN	1	0	0	0	0	0.6928	0.7001	1.089	1.6	peak_rss	0.0	0.0	1	8	epyc
v1.9.0-rc1_conda	Tricharina_praecox	TRAIN_PREDICT:RNASEQ_PREPARE	1	0	0	0	0	7.7933	7.8009	27.6819	3.0	peak_rss	0.0	0.0	1	16	epyc
v1.9.0-rc1_conda	Tricharina_praecox_CBS_144465	TRAIN_PREDICT:FUNANNOTATE_PREDICT	1	0	0	0	0	0.5233	0.5334	2.9228	7.8	peak_rss	0.0	0.0	1	8	epyc
v1.9.0-rc1_conda	Tricharina_praecox_CBS_144465	TRAIN_PREDICT:FUNANNOTATE_TRAIN	1	0	0	0	0	1.0436	1.0501	1.8775	1.6	peak_rss	0.0	0.0	1	8	epyc
v1.9.0-rc1_conda	Trichosporon_asahii	TRAIN_PREDICT:RNASEQ_PREPARE	1	0	0	0	0	6.8183	6.8508	16.364	2.1	peak_rss	0.0	0.0	1	16	epyc
v1.9.0-rc1_conda	Trichosporon_asahii_CBS_2479	TRAIN_PREDICT:FUNANNOTATE_PREDICT	1	0	0	0	0	0.5239	0.5167	2.8049	4.6	peak_rss	0.0	0.0	1	8	epyc
v1.9.0-rc1_conda	Trichosporon_asahii_CBS_2479	TRAIN_PREDICT:FUNANNOTATE_TRAIN	1	0	0	0	0	1.6019	1.6001	1.2159	1.5	peak_rss	0.0	0.0	1	8	epyc
v1.9.0-rc1_conda	Umbelopsis_ramanniana	TRAIN_PREDICT:RNASEQ_PREPARE	1	0	0	0	0	0.0317	0.0333	0.3809	2.1	peak_rss	0.0	0.0	1	16	epyc
v1.9.0-rc1_conda	Umbelopsis_ramanniana_AG	TRAIN_PREDICT:FUNANNOTATE_PREDICT	1	0	0	0	0	0.4919	0.5	2.5493	3.7	peak_rss	0.0	0.0	1	8	epyc
v1.9.0-rc1_conda	Umbelopsis_ramanniana_AG	TRAIN_PREDICT:FUNANNOTATE_TRAIN	1	0	0	0	0	11.285	11.2842	21.2497	2.1	peak_rss	0.0	0.0	1	8	epyc
v1.9.0-rc1_conda	Yarrowia_lipolytica	TRAIN_PREDICT:RNASEQ_PREPARE	1	0	0	0	0	5.7497	5.7507	19.3593	1.5	peak_rss	0.0	0.0	1	16	epyc
v1.9.0-rc1_conda	Yarrowia_lipolytica_CLIB122	TRAIN_PREDICT:FUNANNOTATE_PREDICT	1	0	0	0	0	0.5572	0.5668	2.7165	12.8	peak_rss	0.0	0.0	1	8	epyc
v1.9.0-rc1_conda	Yarrowia_lipolytica_CLIB122	TRAIN_PREDICT:FUNANNOTATE_TRAIN	1	0	0	0	0	0.4031	0.4	0.7166	1.8	peak_rss	0.0	0.0	1	8	epyc
v1.9.0-rc1_conda	Zygosaccharomyces_rouxii	TRAIN_PREDICT:RNASEQ_PREPARE	1	0	0	0	0	0.0436	0.05	0.5168	2.6	peak_rss	0.0	0.0	1	16	epyc
v1.9.0-rc1_conda	Zygosaccharomyces_rouxii_CBS_732	TRAIN_PREDICT:FUNANNOTATE_PREDICT	1	0	0	0	0	0.3806	0.3833	2.2472	4.2	peak_rss	0.0	0.0	1	8	epyc
v1.9.0-rc1_conda	Zygosaccharomyces_rouxii_CBS_732	TRAIN_PREDICT:FUNANNOTATE_TRAIN	1	0	0	0	0	1.0292	1.0335	5.0553	2.7	peak_rss	0.0	0.0	1	8	epyc
v1.9.0-rc1_conda	Zymoseptoria_tritici	TRAIN_PREDICT:RNASEQ_PREPARE	1	0	0	0	0	2.3567	2.3669	14.4652	7.2	peak_rss	0.0	0.0	1	16	epyc
v1.9.0-rc1_conda	Zymoseptoria_tritici_IPO323	TRAIN_PREDICT:FUNANNOTATE_PREDICT	1	0	0	0	0	0.6994	0.7001	4.0512	18.3	peak_rss	0.0	0.0	1	8	epyc
v1.9.0-rc1_conda	Zymoseptoria_tritici_IPO323	TRAIN_PREDICT:FUNANNOTATE_TRAIN	1	0	0	0	0	0.9	0.9001	1.5273	1.8	peak_rss	0.0	0.0	1	8	epyc
v1.9.0-rc1_conda_rust	-	ASM_STATS	1	0	0	0	0	0.0081		0.0106	0.012	rss	0.0	0.0			
v1.9.0-rc1_conda_rust	-	FETCH_RNASEQ:COLLECT_SRA_QUERY	1	0	0	0	0	0.0001		0.0001	0.003	rss	0.0	0.0			
v1.9.0-rc1_conda_rust	-	SETUP_DBS:SETUP_AUGUSTUS_CONFIG	1	0	0	0	0	0.0055		0.0001	0.008	rss	0.0	0.0			
v1.9.0-rc1_conda_rust	-	SETUP_DBS:SETUP_MARIADB_DATADIR	1	0	0	0	0	0.001		0.0003	0.136	rss	0.0	0.0			
v1.9.0-rc1_conda_rust	Allomyces_macrogynus	TRAIN_PREDICT:RNASEQ_PREPARE	1	0	0	0	0	7.3953		18.4956	2.1	rss	0.0	0.0			
v1.9.0-rc1_conda_rust	Allomyces_macrogynus_ATCC_38327	MASK_GENOME:MASKREPEAT_TANTAN_RUN	1	0	0	0	0	0.0083		0.006	0.044	rss	0.0	0.0			
v1.9.0-rc1_conda_rust	Allomyces_macrogynus_ATCC_38327	TRAIN_PREDICT:FUNANNOTATE_PREDICT	1	0	0	0	0	0.5428		3.0982	10.5	rss	0.0	0.0			
v1.9.0-rc1_conda_rust	Allomyces_macrogynus_ATCC_38327	TRAIN_PREDICT:FUNANNOTATE_TRAIN	1	1	0	0	0	0.0001		0.0	0.003	rss	0.5667	0.0			
v1.9.0-rc1_conda_rust	Aspergillus_clavatus_NRRL_1	MASK_GENOME:MASKREPEAT_TANTAN_RUN	1	0	0	0	0	0.0019		0.0037	0.073	rss	0.0	0.0			
v1.9.0-rc1_conda_rust	Aspergillus_clavatus_NRRL_1	TRAIN_PREDICT:FUNANNOTATE_PREDICT	1	0	0	0	0	1.1975		7.573	4.3	rss	0.0	0.0			
v1.9.0-rc1_conda_rust	Aspergillus_fumigatus	TRAIN_PREDICT:RNASEQ_PREPARE	1	2	0	0	0	1.0819		10.9525	4.1	rss	1.1	0.0			
v1.9.0-rc1_conda_rust	Aspergillus_fumigatus_Af293	MASK_GENOME:MASKREPEAT_TANTAN_RUN	1	0	0	0	0	0.002		0.0037	0.08	rss	0.0	0.0			
v1.9.0-rc1_conda_rust	Aspergillus_fumigatus_Af293	TRAIN_PREDICT:FUNANNOTATE_PREDICT	1	0	0	0	0	0.4656		2.3092	4.6	rss	0.0	0.0			
v1.9.0-rc1_conda_rust	Aspergillus_fumigatus_Af293	TRAIN_PREDICT:FUNANNOTATE_TRAIN	1	0	0	0	0	0.615		1.3745	1.5	rss	0.0	0.0			
v1.9.0-rc1_conda_rust	Batrachochytrium_dendrobatidis	TRAIN_PREDICT:RNASEQ_PREPARE	1	0	0	1	0	1.5147	1.5168	17.2345	14.5	peak_rss	2.9925	14.6184	1	16	epyc
v1.9.0-rc1_conda_rust	Batrachochytrium_dendrobatidis_JAM81	MASK_GENOME:MASKREPEAT_TANTAN_RUN	1	0	0	0	0	0.0022		0.0031	0.068	rss	0.0	0.0			
v1.9.0-rc1_conda_rust	Batrachochytrium_dendrobatidis_JAM81	TRAIN_PREDICT:FUNANNOTATE_PREDICT	1	0	0	1	0	0.2125	0.2333	1.1194	4.3	peak_rss	0.2825	1.1286	1	8	epyc
v1.9.0-rc1_conda_rust	Batrachochytrium_dendrobatidis_JAM81	TRAIN_PREDICT:FUNANNOTATE_TRAIN	1	1	0	0	0	0.8281	0.8334	1.7431	2.0	peak_rss	0.55	0.0	1	8	epyc
v1.9.0-rc1_conda_rust	Blastomyces_dermatitidis_ER-3	MASK_GENOME:MASKREPEAT_TANTAN_RUN	1	0	0	0	0	0.0044		0.0083	0.109	rss	0.0	0.0			
v1.9.0-rc1_conda_rust	Blastomyces_dermatitidis_ER-3	TRAIN_PREDICT:FUNANNOTATE_PREDICT	1	0	0	0	0	2.4239		9.601	2.6	rss	0.0	0.0			
v1.9.0-rc1_conda_rust	Botrytis_cinerea	TRAIN_PREDICT:RNASEQ_PREPARE	1	2	0	0	0	3.6203		20.7188	2.5	rss	1.1	0.0			
v1.9.0-rc1_conda_rust	Botrytis_cinerea_B05.10	MASK_GENOME:MASKREPEAT_TANTAN_RUN	1	0	0	0	0	0.0031		0.0059	0.073	rss	0.0	0.0			
v1.9.0-rc1_conda_rust	Botrytis_cinerea_B05.10	TRAIN_PREDICT:FUNANNOTATE_PREDICT	1	0	0	0	0	0.5628		2.6546	4.5	rss	0.0	0.0			
v1.9.0-rc1_conda_rust	Botrytis_cinerea_B05.10	TRAIN_PREDICT:FUNANNOTATE_TRAIN	1	0	0	0	0	0.6822		1.8597	1.8	rss	0.0	0.0			
v1.9.0-rc1_conda_rust	Chaetomium_globosum	TRAIN_PREDICT:RNASEQ_PREPARE	1	0	0	0	0	7.16		20.3774	2.7	rss	0.0	0.0			
v1.9.0-rc1_conda_rust	Chaetomium_globosum_CBS_148.51	MASK_GENOME:MASKREPEAT_TANTAN_RUN	1	0	0	0	0	0.0026		0.0047	0.083	rss	0.0	0.0			
v1.9.0-rc1_conda_rust	Chaetomium_globosum_CBS_148.51	TRAIN_PREDICT:FUNANNOTATE_PREDICT	1	0	0	0	0	2.2283	2.2345	11.8993	4.6	peak_rss	0.0	0.0	1	8	epyc
v1.9.0-rc1_conda_rust	Chaetomium_globosum_CBS_148.51	TRAIN_PREDICT:FUNANNOTATE_TRAIN	1	1	0	1	0	0.0003	0.0167	0.0	0.003	peak_rss	0.5502	0.0	1	8	epyc
v1.9.0-rc1_conda_rust	Cokeromyces_recurvatus	TRAIN_PREDICT:RNASEQ_PREPARE	0	2	0	0	1	0.0		0.0	0.0		1.1	0.0			
v1.9.0-rc1_conda_rust	Cokeromyces_recurvatus_NRRL_2243	MASK_GENOME:MASKREPEAT_TANTAN_RUN	1	0	0	0	0	0.0019		0.0035	0.07	rss	0.0	0.0			
v1.9.0-rc1_conda_rust	Cokeromyces_recurvatus_NRRL_2243	TRAIN_PREDICT:FUNANNOTATE_PREDICT	1	0	0	0	0	0.4422	0.4543	1.7446	6.1	peak_rss	0.0	0.0	1	8	epyc
v1.9.0-rc1_conda_rust	Cokeromyces_recurvatus_NRRL_2243	TRAIN_PREDICT:FUNANNOTATE_TRAIN	1	0	0	0	0	0.8311	0.8338	1.7644	1.7	peak_rss	0.0	0.0	1	8	epyc
v1.9.0-rc1_conda_rust	Colletotrichum_graminicola	TRAIN_PREDICT:RNASEQ_PREPARE	1	0	0	0	0	6.8528		18.989	3.1	rss	0.0	0.0			
v1.9.0-rc1_conda_rust	Colletotrichum_graminicola_M1.001	MASK_GENOME:MASKREPEAT_TANTAN_RUN	1	0	0	0	0	0.0038		0.007	0.062	rss	0.0	0.0			
v1.9.0-rc1_conda_rust	Colletotrichum_graminicola_M1.001	TRAIN_PREDICT:FUNANNOTATE_PREDICT	1	0	0	0	0	0.6425		3.4014	4.4	rss	0.0	0.0			
v1.9.0-rc1_conda_rust	Colletotrichum_graminicola_M1.001	TRAIN_PREDICT:FUNANNOTATE_TRAIN	1	1	0	0	0	0.0001		0.0	0.003	rss	0.5667	0.0			
v1.9.0-rc1_conda_rust	Cryptococcus_deneoformans	TRAIN_PREDICT:RNASEQ_PREPARE	1	0	0	0	0	1.1447		11.5216	3.1	rss	0.0	0.0			
v1.9.0-rc1_conda_rust	Cryptococcus_deneoformans_JEC21	MASK_GENOME:MASKREPEAT_TANTAN_RUN	1	0	0	0	0	0.0028		0.0026	0.065	rss	0.0	0.0			
v1.9.0-rc1_conda_rust	Cryptococcus_deneoformans_JEC21	TRAIN_PREDICT:FUNANNOTATE_PREDICT	1	0	0	0	0	0.355		1.2748	1.7	rss	0.0	0.0			
v1.9.0-rc1_conda_rust	Cryptococcus_deneoformans_JEC21	TRAIN_PREDICT:FUNANNOTATE_TRAIN	1	1	0	0	0	0.0001		0.0	0.003	rss	0.55	0.0			
v1.9.0-rc1_conda_rust	Cryptococcus_neoformans	TRAIN_PREDICT:RNASEQ_PREPARE	1	0	0	0	0	1.2017		10.064	2.2	rss	0.0	0.0			
v1.9.0-rc1_conda_rust	Cryptococcus_neoformans_H99	MASK_GENOME:MASKREPEAT_TANTAN_RUN	1	0	0	0	0	0.0034		0.0025	0.064	rss	0.0	0.0			
v1.9.0-rc1_conda_rust	Cryptococcus_neoformans_H99	TRAIN_PREDICT:FUNANNOTATE_PREDICT	1	0	0	0	0	0.2642		1.3161	4.4	rss	0.0	0.0			
v1.9.0-rc1_conda_rust	Cryptococcus_neoformans_H99	TRAIN_PREDICT:FUNANNOTATE_TRAIN	1	1	0	0	0	0.0002		0.0	0.003	rss	0.55	0.0			
v1.9.0-rc1_conda_rust	Cystobasidium_minutum_MCA_4210	MASK_GENOME:MASKREPEAT_TANTAN_RUN	1	0	0	0	0	0.0015		0.0028	0.073	rss	0.0	0.0			
v1.9.0-rc1_conda_rust	Cystobasidium_minutum_MCA_4210	TRAIN_PREDICT:FUNANNOTATE_PREDICT	1	0	0	0	0	0.9156		5.5199	4.4	rss	0.0	0.0			
v1.9.0-rc1_conda_rust	Dactylellina_haptotyla_CBS_200.50	MASK_GENOME:MASKREPEAT_TANTAN_RUN	1	0	0	0	0	0.0069		0.0093	0.061	rss	0.0	0.0			
v1.9.0-rc1_conda_rust	Dactylellina_haptotyla_CBS_200.50	TRAIN_PREDICT:FUNANNOTATE_PREDICT	1	2	0	0	0	0.0001		0.0	0.003	rss	0.5667	0.0			
v1.9.0-rc1_conda_rust	Drepanopeziza_brunnea	TRAIN_PREDICT:RNASEQ_PREPARE	1	0	0	0	0	0.3617		0.9132	2.9	rss	0.0	0.0			
v1.9.0-rc1_conda_rust	Drepanopeziza_brunnea_MB_m1	MASK_GENOME:MASKREPEAT_TANTAN_RUN	1	0	0	0	0	0.0032		0.0063	0.074	rss	0.0	0.0			
v1.9.0-rc1_conda_rust	Drepanopeziza_brunnea_MB_m1	TRAIN_PREDICT:FUNANNOTATE_PREDICT	1	0	0	0	0	1.6267		9.4639	4.5	rss	0.0	0.0			
v1.9.0-rc1_conda_rust	Drepanopeziza_brunnea_MB_m1	TRAIN_PREDICT:FUNANNOTATE_TRAIN	1	0	0	1	0	0.0001	0.0	0.0	0.003	peak_rss	0.0005	0.0	1	8	epyc
v1.9.0-rc1_conda_rust	Eremothecium_gossypii_ATCC_10895	MASK_GENOME:MASKREPEAT_TANTAN_RUN	1	0	0	0	0	0.0007		0.0012	0.063	rss	0.0	0.0			
v1.9.0-rc1_conda_rust	Eremothecium_gossypii_ATCC_10895	TRAIN_PREDICT:FUNANNOTATE_PREDICT	1	2	0	0	0	0.0001		0.0	0.003	rss	0.5666	0.0			
v1.9.0-rc1_conda_rust	Fusarium_oxysporum	TRAIN_PREDICT:RNASEQ_PREPARE	1	0	0	0	0	5.8231		23.7581	5.6	rss	0.0	0.0			
v1.9.0-rc1_conda_rust	Fusarium_oxysporum_4287	MASK_GENOME:MASKREPEAT_TANTAN_RUN	1	0	0	0	0	0.0041		0.0081	0.091	rss	0.0	0.0			
v1.9.0-rc1_conda_rust	Fusarium_oxysporum_4287	TRAIN_PREDICT:FUNANNOTATE_PREDICT	1	0	0	0	0	0.7581		3.7395	4.8	rss	0.0	0.0			
v1.9.0-rc1_conda_rust	Fusarium_oxysporum_4287	TRAIN_PREDICT:FUNANNOTATE_TRAIN	1	0	0	0	0	0.8558		2.1653	1.9	rss	0.0	0.0			
v1.9.0-rc1_conda_rust	Fusarium_verticillioides	TRAIN_PREDICT:RNASEQ_PREPARE	1	0	0	0	0	6.5281		17.6258	3.5	rss	0.0	0.0			
v1.9.0-rc1_conda_rust	Fusarium_verticillioides_7600	MASK_GENOME:MASKREPEAT_TANTAN_RUN	1	0	0	0	0	0.0031		0.0059	0.089	rss	0.0	0.0			
v1.9.0-rc1_conda_rust	Fusarium_verticillioides_7600	TRAIN_PREDICT:FUNANNOTATE_PREDICT	1	0	0	0	0	0.5289		2.3948	4.7	rss	0.0	0.0			
v1.9.0-rc1_conda_rust	Fusarium_verticillioides_7600	TRAIN_PREDICT:FUNANNOTATE_TRAIN	1	0	0	0	0	1.1258		2.1503	1.4	rss	0.0	0.0			
v1.9.0-rc1_conda_rust	Gaeumannomyces_tritici	TRAIN_PREDICT:RNASEQ_PREPARE	1	0	0	0	0	5.1244		19.5241	2.5	rss	0.0	0.0			
v1.9.0-rc1_conda_rust	Gaeumannomyces_tritici_R3-111a-1	MASK_GENOME:MASKREPEAT_TANTAN_RUN	1	0	0	0	0	0.0028		0.0053	0.096	rss	0.0	0.0			
v1.9.0-rc1_conda_rust	Gaeumannomyces_tritici_R3-111a-1	TRAIN_PREDICT:FUNANNOTATE_PREDICT	1	0	0	0	0	1.6058	1.6174	9.5194	6.9	peak_rss	0.0	0.0	1	8	epyc
v1.9.0-rc1_conda_rust	Gaeumannomyces_tritici_R3-111a-1	TRAIN_PREDICT:FUNANNOTATE_TRAIN	1	1	0	1	0	0.0004	0.0167	0.0	0.003	peak_rss	0.5502	0.0	1	8	epyc
v1.9.0-rc1_conda_rust	Kluyveromyces_lactis	TRAIN_PREDICT:RNASEQ_PREPARE	1	1	0	0	0	0.5139		2.4949	2.4	rss	0.55	0.0			
v1.9.0-rc1_conda_rust	Kluyveromyces_lactis_NRRL_Y-1140	MASK_GENOME:MASKREPEAT_TANTAN_RUN	1	0	0	0	0	0.001		0.0016	0.07	rss	0.0	0.0			
v1.9.0-rc1_conda_rust	Kluyveromyces_lactis_NRRL_Y-1140	TRAIN_PREDICT:FUNANNOTATE_PREDICT	1	0	0	0	0	0.2997		1.3035	4.0	rss	0.0	0.0			
v1.9.0-rc1_conda_rust	Kluyveromyces_lactis_NRRL_Y-1140	TRAIN_PREDICT:FUNANNOTATE_TRAIN	1	0	0	0	0	0.2253		0.4508	1.5	rss	0.0	0.0			
v1.9.0-rc1_conda_rust	Laccaria_bicolor_S238N-H82	MASK_GENOME:MASKREPEAT_TANTAN_RUN	1	0	0	0	0	0.0039		0.0074	0.072	rss	0.0	0.0			
v1.9.0-rc1_conda_rust	Laccaria_bicolor_S238N-H82	TRAIN_PREDICT:FUNANNOTATE_PREDICT	1	0	0	0	0	1.9475		11.6831	4.5	rss	0.0	0.0			
v1.9.0-rc1_conda_rust	Lachancea_thermotolerans	TRAIN_PREDICT:RNASEQ_PREPARE	1	0	0	0	0	0.6142		5.818	1.1	rss	0.0	0.0			
v1.9.0-rc1_conda_rust	Lachancea_thermotolerans_CBS_6340	MASK_GENOME:MASKREPEAT_TANTAN_RUN	1	0	0	0	0	0.0012		0.0014	0.062	rss	0.0	0.0			
v1.9.0-rc1_conda_rust	Lachancea_thermotolerans_CBS_6340	TRAIN_PREDICT:FUNANNOTATE_PREDICT	1	0	0	0	0	0.2286	0.2335	1.088	2.4	peak_rss	0.0	0.0	1	8	epyc
v1.9.0-rc1_conda_rust	Lachancea_thermotolerans_CBS_6340	TRAIN_PREDICT:FUNANNOTATE_TRAIN	0	1	0	0	1	0.0		0.0	0.0		0.55	0.0			
v1.9.0-rc1_conda_rust	Leptographium_clavigerum_kw1407	MASK_GENOME:MASKREPEAT_TANTAN_RUN	1	0	0	0	0	0.004		0.0038	0.076	rss	0.0	0.0			
v1.9.0-rc1_conda_rust	Leptographium_clavigerum_kw1407	TRAIN_PREDICT:FUNANNOTATE_PREDICT	1	0	0	0	0	1.5589		8.5365	4.1	rss	0.0	0.0			
v1.9.0-rc1_conda_rust	Letharia_columbiana_WasteWater2	MASK_GENOME:MASKREPEAT_TANTAN_RUN	1	0	0	0	0	0.0034		0.0064	0.073	rss	0.0	0.0			
v1.9.0-rc1_conda_rust	Letharia_columbiana_WasteWater2	TRAIN_PREDICT:FUNANNOTATE_PREDICT	1	0	0	0	0	1.0969		5.7677	4.2	rss	0.0	0.0			
v1.9.0-rc1_conda_rust	Lipomyces_tetrasporus	TRAIN_PREDICT:RNASEQ_PREPARE	1	0	0	0	0	2.5422		13.9644	2.8	rss	0.0	0.0			
v1.9.0-rc1_conda_rust	Lipomyces_tetrasporus_NRRL_Y-64009	MASK_GENOME:MASKREPEAT_TANTAN_RUN	1	0	0	0	0	0.0019		0.0028	0.069	rss	0.0	0.0			
v1.9.0-rc1_conda_rust	Lipomyces_tetrasporus_NRRL_Y-64009	TRAIN_PREDICT:FUNANNOTATE_PREDICT	1	0	0	0	0	0.3028	0.3048	1.0419	3.8	peak_rss	0.0	0.0	1	8	epyc
v1.9.0-rc1_conda_rust	Lipomyces_tetrasporus_NRRL_Y-64009	TRAIN_PREDICT:FUNANNOTATE_TRAIN	0	1	0	0	1	0.0		0.0	0.0		0.55	0.0			
v1.9.0-rc1_conda_rust	Malassezia_globosa	TRAIN_PREDICT:RNASEQ_PREPARE	1	0	0	0	0	0.4103		4.6948	1.6	rss	0.0	0.0			
v1.9.0-rc1_conda_rust	Malassezia_globosa_CBS_7966	MASK_GENOME:MASKREPEAT_TANTAN_RUN	1	0	0	0	0	0.0027		0.0013	0.058	rss	0.0	0.0			
v1.9.0-rc1_conda_rust	Malassezia_globosa_CBS_7966	TRAIN_PREDICT:FUNANNOTATE_PREDICT	1	0	0	0	0	0.2475		1.0477	3.2	rss	0.0	0.0			
v1.9.0-rc1_conda_rust	Malassezia_globosa_CBS_7966	TRAIN_PREDICT:FUNANNOTATE_TRAIN	1	0	0	0	0	0.5614		0.6383	1.2	rss	0.0	0.0			
v1.9.0-rc1_conda_rust	Malassezia_sympodialis	TRAIN_PREDICT:RNASEQ_PREPARE	1	0	0	0	0	1.5994		4.9487	1.003	rss	0.0	0.0			
v1.9.0-rc1_conda_rust	Malassezia_sympodialis_ATCC_42132	MASK_GENOME:MASKREPEAT_TANTAN_RUN	1	0	0	0	0	0.0006		0.0011	0.053	rss	0.0	0.0			
v1.9.0-rc1_conda_rust	Malassezia_sympodialis_ATCC_42132	TRAIN_PREDICT:FUNANNOTATE_PREDICT	1	0	0	0	0	0.1792	0.1668	0.867	2.8	peak_rss	0.0	0.0	1	8	epyc
v1.9.0-rc1_conda_rust	Malassezia_sympodialis_ATCC_42132	TRAIN_PREDICT:FUNANNOTATE_TRAIN	0	1	0	0	1	0.0		0.0	0.0		0.55	0.0			
v1.9.0-rc1_conda_rust	Mixia_osmundae_IAM_14324	MASK_GENOME:MASKREPEAT_TANTAN_RUN	1	0	0	0	0	0.001		0.0019	0.061	rss	0.0	0.0			
v1.9.0-rc1_conda_rust	Mixia_osmundae_IAM_14324	TRAIN_PREDICT:FUNANNOTATE_PREDICT	1	1	0	0	0	0.5033		5.1466	6.0	rss	0.0	0.0			
v1.9.0-rc1_conda_rust	Morchella_importuna	TRAIN_PREDICT:RNASEQ_PREPARE	1	2	0	0	0	2.4056		18.5156	6.7	rss	1.1167	0.0			
v1.9.0-rc1_conda_rust	Morchella_importuna_M04M26	MASK_GENOME:MASKREPEAT_TANTAN_RUN	1	0	0	0	0	0.0035		0.0063	0.07	rss	0.0	0.0			
v1.9.0-rc1_conda_rust	Morchella_importuna_M04M26	TRAIN_PREDICT:FUNANNOTATE_PREDICT	1	0	0	0	0	0.6031	0.6044	2.9363	3.8	peak_rss	0.0	0.0	1	8	epyc
v1.9.0-rc1_conda_rust	Morchella_importuna_M04M26	TRAIN_PREDICT:FUNANNOTATE_TRAIN	1	0	0	0	0	0.6689	0.6837	1.6481	1.8	peak_rss	0.0	0.0	1	8	epyc
v1.9.0-rc1_conda_rust	Morchella_sextelata	TRAIN_PREDICT:RNASEQ_PREPARE	1	0	0	0	0	3.5147		35.2175	12.6	rss	0.0	0.0			
v1.9.0-rc1_conda_rust	Morchella_sextelata_SCLS	MASK_GENOME:MASKREPEAT_TANTAN_RUN	1	0	0	0	0	0.0041		0.0073	0.074	rss	0.0	0.0			
v1.9.0-rc1_conda_rust	Morchella_sextelata_SCLS	TRAIN_PREDICT:FUNANNOTATE_PREDICT	1	1	0	0	0	0.3631	0.3668	2.793	9.0	peak_rss	0.0166	0.0	2	16	epyc
v1.9.0-rc1_conda_rust	Morchella_sextelata_SCLS	TRAIN_PREDICT:FUNANNOTATE_TRAIN	0	1	0	0	1	0.0		0.0	0.0		0.55	0.0			
v1.9.0-rc1_conda_rust	Mucor_mucedo	TRAIN_PREDICT:RNASEQ_PREPARE	1	0	0	0	0	4.0831		16.516	2.2	rss	0.0	0.0			
v1.9.0-rc1_conda_rust	Mucor_mucedo_NRRL_3635	MASK_GENOME:MASKREPEAT_TANTAN_RUN	1	0	0	0	0	0.0036		0.0062	0.058	rss	0.0	0.0			
v1.9.0-rc1_conda_rust	Mucor_mucedo_NRRL_3635	TRAIN_PREDICT:FUNANNOTATE_PREDICT	1	0	0	0	0	0.44	0.4503	1.9422	3.8	peak_rss	0.0	0.0	1	8	epyc
v1.9.0-rc1_conda_rust	Mucor_mucedo_NRRL_3635	TRAIN_PREDICT:FUNANNOTATE_TRAIN	0	1	0	0	1	0.0		0.0	0.0		0.55	0.0			
v1.9.0-rc1_conda_rust	Nakaseomyces_glabratus_CBS_138	MASK_GENOME:MASKREPEAT_TANTAN_RUN	1	0	0	0	0	0.0009		0.0017	0.06	rss	0.0	0.0			
v1.9.0-rc1_conda_rust	Nakaseomyces_glabratus_CBS_138	TRAIN_PREDICT:FUNANNOTATE_PREDICT	1	0	0	0	0	0.7253		4.4539	3.4	rss	0.0	0.0			
v1.9.0-rc1_conda_rust	Orbilia_oligospora	TRAIN_PREDICT:RNASEQ_PREPARE	1	2	0	0	0	1.8322		17.7048	3.0	rss	1.1	0.0			
v1.9.0-rc1_conda_rust	Orbilia_oligospora_ATCC_24927	MASK_GENOME:MASKREPEAT_TANTAN_RUN	1	0	0	0	0	0.0028		0.0052	0.078	rss	0.0	0.0			
v1.9.0-rc1_conda_rust	Orbilia_oligospora_ATCC_24927	TRAIN_PREDICT:FUNANNOTATE_PREDICT	1	0	0	0	0	0.4692	0.4669	1.9226	7.3	peak_rss	0.0	0.0	1	8	epyc
v1.9.0-rc1_conda_rust	Orbilia_oligospora_ATCC_24927	TRAIN_PREDICT:FUNANNOTATE_TRAIN	1	0	0	0	0	0.7256	0.7334	2.0751	1.7	peak_rss	0.0	0.0	1	8	epyc
v1.9.0-rc1_conda_rust	Parastagonospora_nodorum	TRAIN_PREDICT:RNASEQ_PREPARE	1	0	0	0	0	5.1644		16.9497	3.8	rss	0.0	0.0			
v1.9.0-rc1_conda_rust	Parastagonospora_nodorum_SN15	MASK_GENOME:MASKREPEAT_TANTAN_RUN	1	0	0	0	0	0.0026		0.0048	0.065	rss	0.0	0.0			
v1.9.0-rc1_conda_rust	Parastagonospora_nodorum_SN15	TRAIN_PREDICT:FUNANNOTATE_PREDICT	1	0	0	0	0	0.4233	0.4336	2.2327	4.1	peak_rss	0.0	0.0	1	8	epyc
v1.9.0-rc1_conda_rust	Parastagonospora_nodorum_SN15	TRAIN_PREDICT:FUNANNOTATE_TRAIN	0	1	0	0	1	0.0		0.0	0.0		0.55	0.0			
v1.9.0-rc1_conda_rust	Phycomyces_blakesleeanus	TRAIN_PREDICT:RNASEQ_PREPARE	1	0	0	0	0	3.5153		19.1864	2.9	rss	0.0	0.0			
v1.9.0-rc1_conda_rust	Phycomyces_blakesleeanus_NRRL_1555_-	MASK_GENOME:MASKREPEAT_TANTAN_RUN	1	0	0	0	0	0.0058		0.0072	0.079	rss	0.0	0.0			
v1.9.0-rc1_conda_rust	Phycomyces_blakesleeanus_NRRL_1555_-	TRAIN_PREDICT:FUNANNOTATE_PREDICT	1	0	0	0	0	0.5481		2.954	4.5	rss	0.0	0.0			
v1.9.0-rc1_conda_rust	Phycomyces_blakesleeanus_NRRL_1555_-	TRAIN_PREDICT:FUNANNOTATE_TRAIN	1	0	0	0	0	1.7667		3.8284	1.7	rss	0.0	0.0			
v1.9.0-rc1_conda_rust	Pneumocystis_murina_B123	MASK_GENOME:MASKREPEAT_TANTAN_RUN	1	0	0	0	0	0.0007		0.0011	0.059	rss	0.0	0.0			
v1.9.0-rc1_conda_rust	Pneumocystis_murina_B123	TRAIN_PREDICT:FUNANNOTATE_PREDICT	1	2	0	0	0	0.0001		0.0	0.003	rss	0.55	0.0			
v1.9.0-rc1_conda_rust	Protomyces_lactucae-debilis	TRAIN_PREDICT:RNASEQ_PREPARE	0	2	0	0	1	0.0		0.0	0.0		1.1	0.0			
v1.9.0-rc1_conda_rust	Protomyces_lactucae-debilis_12-1054	MASK_GENOME:MASKREPEAT_TANTAN_RUN	1	0	0	0	0	0.0009		0.0017	0.059	rss	0.0	0.0			
v1.9.0-rc1_conda_rust	Protomyces_lactucae-debilis_12-1054	TRAIN_PREDICT:FUNANNOTATE_PREDICT	1	0	0	0	0	0.2808	0.2834	1.4572	3.5	peak_rss	0.0	0.0	1	8	epyc
v1.9.0-rc1_conda_rust	Protomyces_lactucae-debilis_12-1054	TRAIN_PREDICT:FUNANNOTATE_TRAIN	1	0	0	0	0	0.3694	0.3669	0.5586	1.6	peak_rss	0.0	0.0	1	8	epyc
v1.9.0-rc1_conda_rust	Pseudogymnoascus_destructans	TRAIN_PREDICT:RNASEQ_PREPARE	0	2	0	0	1	0.0		0.0	0.0		1.0961	0.0			
v1.9.0-rc1_conda_rust	Pseudogymnoascus_destructans_20631-21	MASK_GENOME:MASKREPEAT_TANTAN_RUN	1	0	0	0	0	0.0026		0.0038	0.056	rss	0.0	0.0			
v1.9.0-rc1_conda_rust	Pseudogymnoascus_destructans_20631-21	TRAIN_PREDICT:FUNANNOTATE_PREDICT	1	0	0	0	0	0.5317	0.5336	2.6684	3.3	peak_rss	0.0	0.0	1	8	epyc
v1.9.0-rc1_conda_rust	Pseudogymnoascus_destructans_20631-21	TRAIN_PREDICT:FUNANNOTATE_TRAIN	1	0	0	0	0	0.4644	0.4669	1.1402	1.5	peak_rss	0.0	0.0	1	8	epyc
v1.9.0-rc1_conda_rust	Pyrenophora_teres	TRAIN_PREDICT:RNASEQ_PREPARE	1	2	0	0	0	2.0356		5.8726	4.5	rss	1.1	0.0			
v1.9.0-rc1_conda_rust	Pyrenophora_teres_0-1	MASK_GENOME:MASKREPEAT_TANTAN_RUN	1	0	0	0	0	0.0022		0.0042	0.055	rss	0.0	0.0			
v1.9.0-rc1_conda_rust	Pyrenophora_teres_0-1	TRAIN_PREDICT:FUNANNOTATE_PREDICT	1	0	0	0	0	0.6967		2.5805	1.3	rss	0.0	0.0			
v1.9.0-rc1_conda_rust	Pyrenophora_teres_0-1	TRAIN_PREDICT:FUNANNOTATE_TRAIN	1	0	0	0	0	0.2636		0.431	0.388	rss	0.0	0.0			
v1.9.0-rc1_conda_rust	Pyrenophora_tritici-repentis	TRAIN_PREDICT:RNASEQ_PREPARE	1	2	0	0	0	3.5956		19.4268	3.6	rss	1.1	0.0			
v1.9.0-rc1_conda_rust	Pyrenophora_tritici-repentis_Pt-1C-BFP	MASK_GENOME:MASKREPEAT_TANTAN_RUN	1	0	0	0	0	0.0028		0.0053	0.075	rss	0.0	0.0			
v1.9.0-rc1_conda_rust	Pyrenophora_tritici-repentis_Pt-1C-BFP	TRAIN_PREDICT:FUNANNOTATE_PREDICT	1	0	0	0	0	0.5939		2.7782	11.6	rss	0.0	0.0			
v1.9.0-rc1_conda_rust	Pyrenophora_tritici-repentis_Pt-1C-BFP	TRAIN_PREDICT:FUNANNOTATE_TRAIN	1	0	0	0	0	0.7919		2.5033	1.7	rss	0.0	0.0			
v1.9.0-rc1_conda_rust	Pyricularia_oryzae_70-15	MASK_GENOME:MASKREPEAT_TANTAN_RUN	1	0	0	0	0	0.0047		0.0053	0.124	rss	0.0	0.0			
v1.9.0-rc1_conda_rust	Pyricularia_oryzae_70-15	TRAIN_PREDICT:FUNANNOTATE_PREDICT	1	0	0	0	0	1.5403		8.641	4.5	rss	0.0	0.0			
v1.9.0-rc1_conda_rust	Rhizopus_delemar	TRAIN_PREDICT:RNASEQ_PREPARE	1	0	0	0	0	3.765		27.364	3.3	rss	0.0	0.0			
v1.9.0-rc1_conda_rust	Rhizopus_delemar_RA_99-880	MASK_GENOME:MASKREPEAT_TANTAN_RUN	1	0	0	0	0	0.0054		0.0066	0.084	rss	0.0	0.0			
v1.9.0-rc1_conda_rust	Rhizopus_delemar_RA_99-880	TRAIN_PREDICT:FUNANNOTATE_PREDICT	1	0	0	0	0	0.5667		2.5052	14.5	rss	0.0	0.0			
v1.9.0-rc1_conda_rust	Rhizopus_delemar_RA_99-880	TRAIN_PREDICT:FUNANNOTATE_TRAIN	1	1	0	0	0	0.0001		0.0	0.003	rss	0.55	0.0			
v1.9.0-rc1_conda_rust	Rhizopus_microsporus	TRAIN_PREDICT:RNASEQ_PREPARE	1	0	0	1	0	2.4361	2.4501	16.4072	2.4	peak_rss	0.445	2.8849	1	16	epyc
v1.9.0-rc1_conda_rust	Rhizopus_microsporus_ATCC_52813	MASK_GENOME:MASKREPEAT_TANTAN_RUN	1	0	0	0	0	0.0032		0.0034	0.068	rss	0.0	0.0			
v1.9.0-rc1_conda_rust	Rhizopus_microsporus_ATCC_52813	TRAIN_PREDICT:FUNANNOTATE_PREDICT	1	0	0	0	0	0.3842	0.3833	1.8302	4.5	peak_rss	0.0	0.0	1	8	epyc
v1.9.0-rc1_conda_rust	Rhizopus_microsporus_ATCC_52813	TRAIN_PREDICT:FUNANNOTATE_TRAIN	1	5	0	0	0	0.7853	0.8	2.2679	1.5	peak_rss	1.1003	0.0	1	8	epyc
v1.9.0-rc1_conda_rust	Rhodotorula_graminis_WP1	MASK_GENOME:MASKREPEAT_TANTAN_RUN	1	0	0	0	0	0.0036		0.0026	0.064	rss	0.0	0.0			
v1.9.0-rc1_conda_rust	Rhodotorula_graminis_WP1	TRAIN_PREDICT:FUNANNOTATE_PREDICT	1	0	0	0	0	0.9128		5.5342	4.3	rss	0.0	0.0			
v1.9.0-rc1_conda_rust	Rhodotorula_toruloides_NP11	MASK_GENOME:MASKREPEAT_TANTAN_RUN	1	0	0	0	0	0.0028		0.0028	0.062	rss	0.0	0.0			
v1.9.0-rc1_conda_rust	Rhodotorula_toruloides_NP11	TRAIN_PREDICT:FUNANNOTATE_PREDICT	1	0	0	0	0	0.9394		5.6649	4.3	rss	0.0	0.0			
v1.9.0-rc1_conda_rust	Saccharomyces_cerevisiae	TRAIN_PREDICT:RNASEQ_PREPARE	1	0	0	0	0	1.9483		4.8338	1.6	rss	0.0	0.0			
v1.9.0-rc1_conda_rust	Saccharomyces_cerevisiae_S288C	MASK_GENOME:MASKREPEAT_TANTAN_RUN	1	0	0	0	0	0.0009		0.0016	0.062	rss	0.0	0.0			
v1.9.0-rc1_conda_rust	Saccharomyces_cerevisiae_S288C	TRAIN_PREDICT:FUNANNOTATE_PREDICT	1	0	0	0	0	0.3119		1.3155	3.5	rss	0.0	0.0			
v1.9.0-rc1_conda_rust	Saccharomyces_cerevisiae_S288C	TRAIN_PREDICT:FUNANNOTATE_TRAIN	1	0	0	0	0	0.1678		0.3899	1.6	rss	0.0	0.0			
v1.9.0-rc1_conda_rust	Schizophyllum_commune	TRAIN_PREDICT:RNASEQ_PREPARE	1	2	0	0	0	1.4383		12.1007	2.6	rss	1.1	0.0			
v1.9.0-rc1_conda_rust	Schizophyllum_commune_H4-8	MASK_GENOME:MASKREPEAT_TANTAN_RUN	1	0	0	0	0	0.0027		0.0049	0.078	rss	0.0	0.0			
v1.9.0-rc1_conda_rust	Schizophyllum_commune_H4-8	TRAIN_PREDICT:FUNANNOTATE_PREDICT	1	0	0	0	0	0.5025		2.3236	8.5	rss	0.0	0.0			
v1.9.0-rc1_conda_rust	Schizophyllum_commune_H4-8	TRAIN_PREDICT:FUNANNOTATE_TRAIN	1	0	0	0	0	0.2458		0.6512	1.5	rss	0.0	0.0			
v1.9.0-rc1_conda_rust	Sclerotinia_sclerotiorum	TRAIN_PREDICT:RNASEQ_PREPARE	1	0	0	0	0	5.1383		18.5905	2.7	rss	0.0	0.0			
v1.9.0-rc1_conda_rust	Sclerotinia_sclerotiorum_1980	MASK_GENOME:MASKREPEAT_TANTAN_RUN	1	0	0	0	0	0.0025		0.0049	0.074	rss	0.0	0.0			
v1.9.0-rc1_conda_rust	Sclerotinia_sclerotiorum_1980	TRAIN_PREDICT:FUNANNOTATE_PREDICT	1	0	0	0	0	0.5164		2.6413	4.3	rss	0.0	0.0			
v1.9.0-rc1_conda_rust	Sclerotinia_sclerotiorum_1980	TRAIN_PREDICT:FUNANNOTATE_TRAIN	1	0	0	0	0	0.5453		1.6784	1.6	rss	0.0	0.0			
v1.9.0-rc1_conda_rust	Spizellomyces_punctatus_DAOM_BR117	MASK_GENOME:MASKREPEAT_TANTAN_RUN	1	0	0	0	0	0.0039		0.0034	0.068	rss	0.0	0.0			
v1.9.0-rc1_conda_rust	Spizellomyces_punctatus_DAOM_BR117	TRAIN_PREDICT:FUNANNOTATE_PREDICT	1	0	0	0	0	0.5583		3.0948	4.3	rss	0.0	0.0			
v1.9.0-rc1_conda_rust	Sporobolomyces_koalae_JCM15063	MASK_GENOME:MASKREPEAT_TANTAN_RUN	1	0	0	0	0	0.0013		0.0024	0.059	rss	0.0	0.0			
v1.9.0-rc1_conda_rust	Sporobolomyces_koalae_JCM15063	TRAIN_PREDICT:FUNANNOTATE_PREDICT	1	2	0	0	0	0.0001		0.0	0.0		0.55	0.0			
v1.9.0-rc1_conda_rust	Sporobolomyces_salmoneus_JCM6883	MASK_GENOME:MASKREPEAT_TANTAN_RUN	1	0	0	0	0	0.0014		0.0026	0.065	rss	0.0	0.0			
v1.9.0-rc1_conda_rust	Sporobolomyces_salmoneus_JCM6883	TRAIN_PREDICT:FUNANNOTATE_PREDICT	1	0	0	0	0	1.5139		6.2009	1.1	rss	0.0	0.0			
v1.9.0-rc1_conda_rust	Sugiyamaella_lignohabitans_CBS_10342	MASK_GENOME:MASKREPEAT_TANTAN_RUN	1	0	0	0	0	0.0012		0.0022	0.087	rss	0.0	0.0			
v1.9.0-rc1_conda_rust	Sugiyamaella_lignohabitans_CBS_10342	TRAIN_PREDICT:FUNANNOTATE_PREDICT	1	0	0	0	0	1.5208		5.5708	1.6	rss	0.0	0.0			
v1.9.0-rc1_conda_rust	Synchytrium_microbalum_JEL517	MASK_GENOME:MASKREPEAT_TANTAN_RUN	1	0	0	0	0	0.0021		0.0037	0.063	rss	0.0	0.0			
v1.9.0-rc1_conda_rust	Synchytrium_microbalum_JEL517	TRAIN_PREDICT:FUNANNOTATE_PREDICT	1	0	0	0	0	0.5342		3.345	2.9	rss	0.0	0.0			
v1.9.0-rc1_conda_rust	Talaromyces_marneffei	TRAIN_PREDICT:RNASEQ_PREPARE	1	0	0	0	0	5.11		15.4629	7.8	rss	0.0	0.0			
v1.9.0-rc1_conda_rust	Talaromyces_marneffei_ATCC_18224	MASK_GENOME:MASKREPEAT_TANTAN_RUN	1	0	0	0	0	0.0021		0.0037	0.079	rss	0.0	0.0			
v1.9.0-rc1_conda_rust	Talaromyces_marneffei_ATCC_18224	TRAIN_PREDICT:FUNANNOTATE_PREDICT	1	0	0	0	0	0.4836		2.2444	4.4	rss	0.0	0.0			
v1.9.0-rc1_conda_rust	Talaromyces_marneffei_ATCC_18224	TRAIN_PREDICT:FUNANNOTATE_TRAIN	1	1	0	0	0	0.0001		0.0	0.003	rss	0.55	0.0			
v1.9.0-rc1_conda_rust	Talaromyces_stipitatus_ATCC_10500	MASK_GENOME:MASKREPEAT_TANTAN_RUN	1	0	0	0	0	0.0028		0.0047	0.081	rss	0.0	0.0			
v1.9.0-rc1_conda_rust	Talaromyces_stipitatus_ATCC_10500	TRAIN_PREDICT:FUNANNOTATE_PREDICT	1	2	0	0	0	0.0001		0.0	0.003	rss	0.5666	0.0			
v1.9.0-rc1_conda_rust	Tilletiaria_anomala	TRAIN_PREDICT:RNASEQ_PREPARE	1	0	0	0	0	2.5975		8.0211	2.1	rss	0.0	0.0			
v1.9.0-rc1_conda_rust	Tilletiaria_anomala_UBC_951	MASK_GENOME:MASKREPEAT_TANTAN_RUN	1	0	0	0	0	0.0013		0.0024	0.057	rss	0.0	0.0			
v1.9.0-rc1_conda_rust	Tilletiaria_anomala_UBC_951	TRAIN_PREDICT:FUNANNOTATE_PREDICT	1	0	0	0	0	0.4022	0.4168	1.528	1.6	peak_rss	0.0	0.0	1	8	epyc
v1.9.0-rc1_conda_rust	Tilletiaria_anomala_UBC_951	TRAIN_PREDICT:FUNANNOTATE_TRAIN	1	2	0	0	0	0.7114	0.7171	0.8103	1.3	peak_rss	0.5333	0.0	1	8	epyc
v1.9.0-rc1_conda_rust	Tilletiopsis_washingtonensis	TRAIN_PREDICT:RNASEQ_PREPARE	1	2	0	0	0	2.32		8.5353	1.7	rss	1.1	0.0			
v1.9.0-rc1_conda_rust	Tilletiopsis_washingtonensis_MCA_4186	MASK_GENOME:MASKREPEAT_TANTAN_RUN	1	0	0	0	0	0.0015		0.0021	0.06	rss	0.0	0.0			
v1.9.0-rc1_conda_rust	Tilletiopsis_washingtonensis_MCA_4186	TRAIN_PREDICT:FUNANNOTATE_PREDICT	1	0	0	0	0	0.2369		1.2665	4.3	rss	0.0	0.0			
v1.9.0-rc1_conda_rust	Tilletiopsis_washingtonensis_MCA_4186	TRAIN_PREDICT:FUNANNOTATE_TRAIN	1	0	0	0	0	0.7461		1.3214	1.3	rss	0.0	0.0			
v1.9.0-rc1_conda_rust	Tremella_mesenterica_Fries	MASK_GENOME:MASKREPEAT_TANTAN_RUN	1	0	0	0	0	0.0022		0.0039	0.076	rss	0.0	0.0			
v1.9.0-rc1_conda_rust	Tremella_mesenterica_Fries	TRAIN_PREDICT:FUNANNOTATE_PREDICT	1	1	0	0	0	0.0001		0.0	0.003	rss	0.55	0.0			
v1.9.0-rc1_conda_rust	Tricharina_praecox	TRAIN_PREDICT:RNASEQ_PREPARE	1	2	0	0	0	2.0892		16.7426	2.9	rss	1.1	0.0			
v1.9.0-rc1_conda_rust	Tricharina_praecox_CBS_144465	MASK_GENOME:MASKREPEAT_TANTAN_RUN	1	0	0	0	0	0.0026		0.0051	0.075	rss	0.0	0.0			
v1.9.0-rc1_conda_rust	Tricharina_praecox_CBS_144465	TRAIN_PREDICT:FUNANNOTATE_PREDICT	1	0	0	0	0	0.6039	0.6214	2.3576	4.5	peak_rss	0.0	0.0	1	8	epyc
v1.9.0-rc1_conda_rust	Tricharina_praecox_CBS_144465	TRAIN_PREDICT:FUNANNOTATE_TRAIN	1	0	0	0	0	0.8256	0.8338	1.4645	1.7	peak_rss	0.0	0.0	1	8	epyc
v1.9.0-rc1_conda_rust	Trichosporon_asahii	TRAIN_PREDICT:RNASEQ_PREPARE	1	0	0	0	0	4.6564		12.4512	2.2	rss	0.0	0.0			
v1.9.0-rc1_conda_rust	Trichosporon_asahii_CBS_2479	MASK_GENOME:MASKREPEAT_TANTAN_RUN	1	0	0	0	0	0.0019		0.0035	0.074	rss	0.0	0.0			
v1.9.0-rc1_conda_rust	Trichosporon_asahii_CBS_2479	TRAIN_PREDICT:FUNANNOTATE_PREDICT	1	0	0	0	0	1.9314	1.9345	12.5019	4.0	peak_rss	0.0	0.0	1	8	epyc
v1.9.0-rc1_conda_rust	Trichosporon_asahii_CBS_2479	TRAIN_PREDICT:FUNANNOTATE_TRAIN	1	1	0	1	0	0.0002	0.0166	0.0	0.003	peak_rss	0.5668	0.0	1	8	epyc
v1.9.0-rc1_conda_rust	Umbelopsis_ramanniana	TRAIN_PREDICT:RNASEQ_PREPARE	1	0	0	0	0	2.7169		11.2291	2.1	rss	0.0	0.0			
v1.9.0-rc1_conda_rust	Umbelopsis_ramanniana_AG	MASK_GENOME:MASKREPEAT_TANTAN_RUN	1	0	0	0	0	0.0016		0.0032	0.058	rss	0.0	0.0			
v1.9.0-rc1_conda_rust	Umbelopsis_ramanniana_AG	TRAIN_PREDICT:FUNANNOTATE_PREDICT	1	0	0	0	0	0.2239	0.2169	1.0062	3.4	peak_rss	0.0	0.0	1	8	epyc
v1.9.0-rc1_conda_rust	Umbelopsis_ramanniana_AG	TRAIN_PREDICT:FUNANNOTATE_TRAIN	0	1	0	0	1	0.0		0.0	0.0		0.55	0.0			
v1.9.0-rc1_conda_rust	Uncinocarpus_reesii_1704	MASK_GENOME:MASKREPEAT_TANTAN_RUN	1	0	0	0	0	0.0015		0.0029	0.1	rss	0.0	0.0			
v1.9.0-rc1_conda_rust	Uncinocarpus_reesii_1704	TRAIN_PREDICT:FUNANNOTATE_PREDICT	1	0	0	0	0	1.8244		8.9252	4.0	rss	0.0	0.0			
v1.9.0-rc1_conda_rust	Wallemia_mellicola_CBS_633.66	MASK_GENOME:MASKREPEAT_TANTAN_RUN	1	0	0	0	0	0.0008		0.0015	0.058	rss	0.0	0.0			
v1.9.0-rc1_conda_rust	Wallemia_mellicola_CBS_633.66	TRAIN_PREDICT:FUNANNOTATE_PREDICT	1	0	0	0	0	0.8081		4.7037	3.0	rss	0.0	0.0			
v1.9.0-rc1_conda_rust	Yarrowia_lipolytica	TRAIN_PREDICT:RNASEQ_PREPARE	1	2	0	0	0	2.0011		13.4114	1.8	rss	1.1	0.0			
v1.9.0-rc1_conda_rust	Yarrowia_lipolytica_CLIB122	MASK_GENOME:MASKREPEAT_TANTAN_RUN	1	0	0	0	0	0.0016		0.0029	0.078	rss	0.0	0.0			
v1.9.0-rc1_conda_rust	Yarrowia_lipolytica_CLIB122	TRAIN_PREDICT:FUNANNOTATE_PREDICT	1	0	0	0	0	0.3003		1.6398	4.7	rss	0.0	0.0			
v1.9.0-rc1_conda_rust	Yarrowia_lipolytica_CLIB122	TRAIN_PREDICT:FUNANNOTATE_TRAIN	1	0	0	0	0	0.3383		0.9345	1.7	rss	0.0	0.0			
v1.9.0-rc1_conda_rust	Zygosaccharomyces_rouxii	TRAIN_PREDICT:RNASEQ_PREPARE	1	0	0	0	0	0.5567		3.6478	2.6	rss	0.0	0.0			
v1.9.0-rc1_conda_rust	Zygosaccharomyces_rouxii_CBS_732	MASK_GENOME:MASKREPEAT_TANTAN_RUN	1	0	0	0	0	0.0008		0.0013	0.065	rss	0.0	0.0			
v1.9.0-rc1_conda_rust	Zygosaccharomyces_rouxii_CBS_732	TRAIN_PREDICT:FUNANNOTATE_PREDICT	1	0	0	0	0	0.2667		1.1003	3.9	rss	0.0	0.0			
v1.9.0-rc1_conda_rust	Zygosaccharomyces_rouxii_CBS_732	TRAIN_PREDICT:FUNANNOTATE_TRAIN	1	0	0	0	0	0.3267		0.4067	1.5	rss	0.0	0.0			
v1.9.0-rc1_conda_rust	Zymoseptoria_tritici	TRAIN_PREDICT:RNASEQ_PREPARE	1	0	0	0	0	1.5622		15.8113	7.1	rss	0.0	0.0			
v1.9.0-rc1_conda_rust	Zymoseptoria_tritici_IPO323	MASK_GENOME:MASKREPEAT_TANTAN_RUN	1	0	0	0	0	0.0029		0.0054	0.076	rss	0.0	0.0			
v1.9.0-rc1_conda_rust	Zymoseptoria_tritici_IPO323	TRAIN_PREDICT:FUNANNOTATE_PREDICT	1	0	0	0	0	0.4847	0.4836	2.1357	13.7	peak_rss	0.0	0.0	1	8	epyc
v1.9.0-rc1_conda_rust	Zymoseptoria_tritici_IPO323	TRAIN_PREDICT:FUNANNOTATE_TRAIN	0	1	0	0	1	0.0		0.0	0.0		0.55	0.0			
v1.9.0-rc1_container	Allomyces_macrogynus	TRAIN_PREDICT:RNASEQ_PREPARE	1	0	0	0	0	1.2228	1.2334	15.5562	2.2	peak_rss	0.0	0.0	1	16	epyc
v1.9.0-rc1_container	Allomyces_macrogynus_ATCC_38327	TRAIN_PREDICT:FUNANNOTATE_PREDICT	1	0	0	0	0	0.9869	1.0001	5.7805	11.0	peak_rss	0.0	0.0	1	8	epyc
v1.9.0-rc1_container	Allomyces_macrogynus_ATCC_38327	TRAIN_PREDICT:FUNANNOTATE_TRAIN	1	0	0	0	0	0.9972	1.0001	3.6339	1.9	peak_rss	0.0	0.0	1	8	epyc
v1.9.0-rc1_container	Aspergillus_clavatus_NRRL_1	TRAIN_PREDICT:FUNANNOTATE_PREDICT	1	0	0	0	0	1.7225	1.7168	11.5563	11.2	peak_rss	0.0	0.0	1	8	epyc
v1.9.0-rc1_container	Aspergillus_fumigatus	TRAIN_PREDICT:RNASEQ_PREPARE	1	0	0	0	0	1.0053	1.0001	12.9691	3.9	peak_rss	0.0	0.0	1	16	epyc
v1.9.0-rc1_container	Aspergillus_fumigatus_Af293	TRAIN_PREDICT:FUNANNOTATE_PREDICT	1	0	0	0	0	0.675	0.6833	4.3072	20.5	peak_rss	0.0	0.0	1	8	epyc
v1.9.0-rc1_container	Aspergillus_fumigatus_Af293	TRAIN_PREDICT:FUNANNOTATE_TRAIN	1	0	0	0	0	0.6692	0.6834	1.7345	1.9	peak_rss	0.0	0.0	1	8	epyc
v1.9.0-rc1_container	Batrachochytrium_dendrobatidis	TRAIN_PREDICT:RNASEQ_PREPARE	1	0	0	1	0	1.4228	1.4501	18.3581	5.4	peak_rss	1.3144	15.9061	1	16	epyc
v1.9.0-rc1_container	Batrachochytrium_dendrobatidis_JAM81	TRAIN_PREDICT:FUNANNOTATE_PREDICT	1	0	0	0	0	0.4922	0.5	2.7958	7.4	peak_rss	0.0	0.0	1	8	epyc
v1.9.0-rc1_container	Batrachochytrium_dendrobatidis_JAM81	TRAIN_PREDICT:FUNANNOTATE_TRAIN	1	1	0	1	0	0.6961	0.7	1.9923	2.1	peak_rss	0.6689	3.5023	1	8	epyc
v1.9.0-rc1_container	Blastomyces_dermatitidis_ER-3	TRAIN_PREDICT:FUNANNOTATE_PREDICT	1	0	0	0	0	1.6811	1.7001	10.7793	23.2	peak_rss	0.0	0.0	1	8	epyc
v1.9.0-rc1_container	Botrytis_cinerea	TRAIN_PREDICT:RNASEQ_PREPARE	1	0	0	0	0	1.4122	1.4168	17.8787	2.6	peak_rss	0.0	0.0	1	16	epyc
v1.9.0-rc1_container	Botrytis_cinerea_B05.10	TRAIN_PREDICT:FUNANNOTATE_PREDICT	1	0	0	0	0	0.7389	0.75	4.01	14.4	peak_rss	0.0	0.0	1	8	epyc
v1.9.0-rc1_container	Botrytis_cinerea_B05.10	TRAIN_PREDICT:FUNANNOTATE_TRAIN	1	0	0	0	0	0.8542	0.8667	2.3891	2.2	peak_rss	0.0	0.0	1	8	epyc
v1.9.0-rc1_container	Chaetomium_globosum	TRAIN_PREDICT:RNASEQ_PREPARE	1	0	0	0	0	1.5128	1.5168	18.701	2.8	peak_rss	0.0	0.0	1	16	epyc
v1.9.0-rc1_container	Chaetomium_globosum_CBS_148.51	TRAIN_PREDICT:FUNANNOTATE_PREDICT	1	0	0	0	0	0.8083	0.8001	4.6099	17.7	peak_rss	0.0	0.0	1	8	epyc
v1.9.0-rc1_container	Chaetomium_globosum_CBS_148.51	TRAIN_PREDICT:FUNANNOTATE_TRAIN	1	0	0	0	0	1.1042	1.1167	3.1855	3.4	peak_rss	0.0	0.0	1	8	epyc
v1.9.0-rc1_container	Cokeromyces_recurvatus	TRAIN_PREDICT:RNASEQ_PREPARE	1	0	0	0	0	0.9642	0.9667	11.8409	2.2	peak_rss	0.0	0.0	1	16	epyc
v1.9.0-rc1_container	Cokeromyces_recurvatus_NRRL_2243	TRAIN_PREDICT:FUNANNOTATE_PREDICT	1	0	0	0	0	0.6886	0.6834	3.4706	6.5	peak_rss	0.0	0.0	1	8	epyc
v1.9.0-rc1_container	Cokeromyces_recurvatus_NRRL_2243	TRAIN_PREDICT:FUNANNOTATE_TRAIN	1	0	0	0	0	0.7206	0.7167	2.3375	1.9	peak_rss	0.0	0.0	1	8	epyc
v1.9.0-rc1_container	Colletotrichum_graminicola	TRAIN_PREDICT:RNASEQ_PREPARE	1	0	0	0	0	1.2422	1.25	14.4731	3.3	peak_rss	0.0	0.0	1	16	epyc
v1.9.0-rc1_container	Colletotrichum_graminicola_M1.001	TRAIN_PREDICT:FUNANNOTATE_PREDICT	1	0	0	0	0	0.7247	0.7334	4.3164	6.1	peak_rss	0.0	0.0	1	8	epyc
v1.9.0-rc1_container	Colletotrichum_graminicola_M1.001	TRAIN_PREDICT:FUNANNOTATE_TRAIN	1	0	0	0	0	0.795	0.8	2.4566	1.9	peak_rss	0.0	0.0	1	8	epyc
v1.9.0-rc1_container	Cryptococcus_deneoformans	TRAIN_PREDICT:RNASEQ_PREPARE	1	0	0	0	0	0.6714	0.6834	8.0533	3.1	peak_rss	0.0	0.0	1	16	epyc
v1.9.0-rc1_container	Cryptococcus_deneoformans_JEC21	TRAIN_PREDICT:FUNANNOTATE_PREDICT	1	0	0	0	0	0.6303	0.6334	2.8552	5.2	peak_rss	0.0	0.0	1	8	epyc
v1.9.0-rc1_container	Cryptococcus_deneoformans_JEC21	TRAIN_PREDICT:FUNANNOTATE_TRAIN	1	0	0	0	0	0.8458	0.85	2.277	1.9	peak_rss	0.0	0.0	1	8	epyc
v1.9.0-rc1_container	Cryptococcus_neoformans	TRAIN_PREDICT:RNASEQ_PREPARE	1	0	0	0	0	0.7506	0.7501	9.7092	2.2	peak_rss	0.0	0.0	1	16	epyc
v1.9.0-rc1_container	Cryptococcus_neoformans_H99	TRAIN_PREDICT:FUNANNOTATE_PREDICT	1	0	0	0	0	0.4258	0.4334	2.1688	8.1	peak_rss	0.0	0.0	1	8	epyc
v1.9.0-rc1_container	Cryptococcus_neoformans_H99	TRAIN_PREDICT:FUNANNOTATE_TRAIN	1	0	0	0	0	0.9453	0.9501	2.4105	1.9	peak_rss	0.0	0.0	1	8	epyc
v1.9.0-rc1_container	Cystobasidium_minutum_MCA_4210	TRAIN_PREDICT:FUNANNOTATE_PREDICT	1	0	0	0	0	1.4225	1.4167	8.3145	12.3	peak_rss	0.0	0.0	1	8	epyc
v1.9.0-rc1_container	Dactylellina_haptotyla_CBS_200.50	TRAIN_PREDICT:FUNANNOTATE_PREDICT	1	0	0	0	0	1.0658	1.0668	6.2053	2.6	peak_rss	0.0	0.0	1	8	epyc
v1.9.0-rc1_container	Drepanopeziza_brunnea	TRAIN_PREDICT:RNASEQ_PREPARE	1	0	0	0	0	0.0772	0.0833	0.867	3.0	peak_rss	0.0	0.0	1	16	epyc
v1.9.0-rc1_container	Drepanopeziza_brunnea_MB_m1	TRAIN_PREDICT:FUNANNOTATE_PREDICT	1	0	0	0	0	1.9814	1.9835	12.3084	8.9	peak_rss	0.0	0.0	1	8	epyc
v1.9.0-rc1_container	Drepanopeziza_brunnea_MB_m1	TRAIN_PREDICT:FUNANNOTATE_TRAIN	1	0	0	1	0	0.0008	0.0167	0.0	0.007	peak_rss	0.0	0.0	1	8	epyc
v1.9.0-rc1_container	Eremothecium_gossypii_ATCC_10895	TRAIN_PREDICT:FUNANNOTATE_PREDICT	1	0	0	0	0	2.9428	2.9503	8.6694	3.3	peak_rss	0.0	0.0	1	8	epyc
v1.9.0-rc1_container	Fusarium_oxysporum	TRAIN_PREDICT:RNASEQ_PREPARE	1	0	0	0	0	1.5011	1.5001	17.2373	5.7	peak_rss	0.0	0.0	1	16	epyc
v1.9.0-rc1_container	Fusarium_oxysporum_4287	TRAIN_PREDICT:FUNANNOTATE_PREDICT	1	0	0	0	0	1.005	1.0167	5.823	19.5	peak_rss	0.0	0.0	1	8	epyc
v1.9.0-rc1_container	Fusarium_oxysporum_4287	TRAIN_PREDICT:FUNANNOTATE_TRAIN	1	0	0	0	0	1.0381	1.0501	3.3259	2.3	peak_rss	0.0	0.0	1	8	epyc
v1.9.0-rc1_container	Fusarium_verticillioides	TRAIN_PREDICT:RNASEQ_PREPARE	1	0	0	0	0	1.3467	1.3501	16.6663	3.6	peak_rss	0.0	0.0	1	16	epyc
v1.9.0-rc1_container	Fusarium_verticillioides_7600	TRAIN_PREDICT:FUNANNOTATE_PREDICT	1	0	0	0	0	0.8581	0.8668	5.2393	17.1	peak_rss	0.0	0.0	1	8	epyc
v1.9.0-rc1_container	Fusarium_verticillioides_7600	TRAIN_PREDICT:FUNANNOTATE_TRAIN	1	0	0	0	0	0.9725	0.9834	2.8416	1.9	peak_rss	0.0	0.0	1	8	epyc
v1.9.0-rc1_container	Gaeumannomyces_tritici	TRAIN_PREDICT:RNASEQ_PREPARE	1	0	0	0	0	1.4056	1.4168	17.0719	2.6	peak_rss	0.0	0.0	1	16	epyc
v1.9.0-rc1_container	Gaeumannomyces_tritici_R3-111a-1	TRAIN_PREDICT:FUNANNOTATE_PREDICT	1	0	0	0	0	0.7794	0.7834	4.7086	13.3	peak_rss	0.0	0.0	1	8	epyc
v1.9.0-rc1_container	Gaeumannomyces_tritici_R3-111a-1	TRAIN_PREDICT:FUNANNOTATE_TRAIN	1	0	0	0	0	1.0253	1.0334	2.7221	1.9	peak_rss	0.0	0.0	1	8	epyc
v1.9.0-rc1_container	Kluyveromyces_lactis	TRAIN_PREDICT:RNASEQ_PREPARE	1	0	0	0	0	0.255	0.2667	3.0886	4.7	peak_rss	0.0	0.0	1	16	epyc
v1.9.0-rc1_container	Kluyveromyces_lactis_NRRL_Y-1140	TRAIN_PREDICT:FUNANNOTATE_PREDICT	1	0	0	0	0	0.3789	0.3834	2.0274	4.3	peak_rss	0.0	0.0	1	8	epyc
v1.9.0-rc1_container	Kluyveromyces_lactis_NRRL_Y-1140	TRAIN_PREDICT:FUNANNOTATE_TRAIN	1	0	0	0	0	0.3025	0.3	0.6613	1.9	peak_rss	0.0	0.0	1	8	epyc
v1.9.0-rc1_container	Laccaria_bicolor_S238N-H82	TRAIN_PREDICT:FUNANNOTATE_PREDICT	1	0	0	0	0	2.4764	2.4836	15.9653	6.9	peak_rss	0.0	0.0	1	8	epyc
v1.9.0-rc1_container	Lachancea_thermotolerans	TRAIN_PREDICT:RNASEQ_PREPARE	1	0	0	0	0	0.3975	0.4	5.0685	1.2	peak_rss	0.0	0.0	1	16	epyc
v1.9.0-rc1_container	Lachancea_thermotolerans_CBS_6340	TRAIN_PREDICT:FUNANNOTATE_PREDICT	1	0	0	0	0	0.425	0.4333	2.6095	4.2	peak_rss	0.0	0.0	1	8	epyc
v1.9.0-rc1_container	Lachancea_thermotolerans_CBS_6340	TRAIN_PREDICT:FUNANNOTATE_TRAIN	1	0	0	0	0	0.2236	0.2334	0.6263	1.4	peak_rss	0.0	0.0	1	8	epyc
v1.9.0-rc1_container	Leptographium_clavigerum_kw1407	TRAIN_PREDICT:FUNANNOTATE_PREDICT	1	0	0	0	0	1.8281	1.8335	11.2901	6.5	peak_rss	0.0	0.0	1	8	epyc
v1.9.0-rc1_container	Letharia_columbiana_WasteWater2	TRAIN_PREDICT:FUNANNOTATE_PREDICT	1	0	0	0	0	1.2486	1.2501	7.7002	4.3	peak_rss	0.0	0.0	1	8	epyc
v1.9.0-rc1_container	Lipomyces_tetrasporus	TRAIN_PREDICT:RNASEQ_PREPARE	1	0	0	0	0	1.1875	1.2001	15.3093	3.0	peak_rss	0.0	0.0	1	16	epyc
v1.9.0-rc1_container	Lipomyces_tetrasporus_NRRL_Y-64009	TRAIN_PREDICT:FUNANNOTATE_PREDICT	1	0	0	0	0	0.4878	0.4834	2.5994	8.8	peak_rss	0.0	0.0	1	8	epyc
v1.9.0-rc1_container	Lipomyces_tetrasporus_NRRL_Y-64009	TRAIN_PREDICT:FUNANNOTATE_TRAIN	1	0	0	0	0	0.7558	0.7667	2.2773	1.9	peak_rss	0.0	0.0	1	8	epyc
v1.9.0-rc1_container	Malassezia_globosa	TRAIN_PREDICT:RNASEQ_PREPARE	1	0	0	0	0	0.31	0.3167	3.8629	1.5	peak_rss	0.0	0.0	1	16	epyc
v1.9.0-rc1_container	Malassezia_globosa_CBS_7966	TRAIN_PREDICT:FUNANNOTATE_PREDICT	1	0	0	0	0	0.2792	0.2833	1.5996	3.5	peak_rss	0.0	0.0	1	8	epyc
v1.9.0-rc1_container	Malassezia_globosa_CBS_7966	TRAIN_PREDICT:FUNANNOTATE_TRAIN	1	0	0	0	0	0.4108	0.4167	0.9071	1.7	peak_rss	0.0	0.0	1	8	epyc
v1.9.0-rc1_container	Malassezia_sympodialis	TRAIN_PREDICT:RNASEQ_PREPARE	1	0	0	0	0	0.3833	0.3834	4.4398	1.0	peak_rss	0.0	0.0	1	16	epyc
v1.9.0-rc1_container	Malassezia_sympodialis_ATCC_42132	TRAIN_PREDICT:FUNANNOTATE_PREDICT	1	0	0	0	0	0.5994	0.6	2.7275	2.7	peak_rss	0.0	0.0	1	8	epyc
v1.9.0-rc1_container	Malassezia_sympodialis_ATCC_42132	TRAIN_PREDICT:FUNANNOTATE_TRAIN	1	0	0	0	0	0.3433	0.35	0.9527	1.3	peak_rss	0.0	0.0	1	8	epyc
v1.9.0-rc1_container	Mixia_osmundae_IAM_14324	TRAIN_PREDICT:FUNANNOTATE_PREDICT	1	0	0	0	0	1.1864	1.2001	6.1514	4.2	peak_rss	0.0	0.0	1	8	epyc
v1.9.0-rc1_container	Morchella_importuna	TRAIN_PREDICT:RNASEQ_PREPARE	1	0	0	0	0	1.35	1.3501	14.9418	6.9	peak_rss	0.0	0.0	1	16	epyc
v1.9.0-rc1_container	Morchella_importuna_M04M26	TRAIN_PREDICT:FUNANNOTATE_PREDICT	1	0	0	0	0	0.77	0.7834	4.8687	6.1	peak_rss	0.0	0.0	1	8	epyc
v1.9.0-rc1_container	Morchella_importuna_M04M26	TRAIN_PREDICT:FUNANNOTATE_TRAIN	1	0	0	0	0	0.9075	0.9168	3.0274	1.9	peak_rss	0.0	0.0	1	8	epyc
v1.9.0-rc1_container	Morchella_sextelata	TRAIN_PREDICT:RNASEQ_PREPARE	1	0	0	0	0	2.9311	2.9336	37.0903	14.7	peak_rss	0.0	0.0	1	16	epyc
v1.9.0-rc1_container	Morchella_sextelata_SCLS	TRAIN_PREDICT:FUNANNOTATE_PREDICT	1	0	0	0	0	0.79	0.7834	4.7969	15.0	peak_rss	0.0	0.0	1	8	epyc
v1.9.0-rc1_container	Morchella_sextelata_SCLS	TRAIN_PREDICT:FUNANNOTATE_TRAIN	1	0	0	0	0	1.4972	1.5001	4.7731	2.8	peak_rss	0.0	0.0	1	8	epyc
v1.9.0-rc1_container	Mucor_mucedo	TRAIN_PREDICT:RNASEQ_PREPARE	1	0	0	0	0	1.2833	1.3001	15.0625	2.1	peak_rss	0.0	0.0	1	16	epyc
v1.9.0-rc1_container	Mucor_mucedo_NRRL_3635	TRAIN_PREDICT:FUNANNOTATE_PREDICT	1	0	0	0	0	0.62	0.6167	3.4776	4.0	peak_rss	0.0	0.0	1	8	epyc
v1.9.0-rc1_container	Mucor_mucedo_NRRL_3635	TRAIN_PREDICT:FUNANNOTATE_TRAIN	1	0	0	0	0	0.705	0.7	2.4604	2.7	peak_rss	0.0	0.0	1	8	epyc
v1.9.0-rc1_container	Nakaseomyces_glabratus_CBS_138	TRAIN_PREDICT:FUNANNOTATE_PREDICT	1	0	0	0	0	1.0258	1.0334	6.0042	5.7	peak_rss	0.0	0.0	1	8	epyc
v1.9.0-rc1_container	Orbilia_oligospora	TRAIN_PREDICT:RNASEQ_PREPARE	1	0	0	0	0	1.3286	1.3335	16.5	3.5	peak_rss	0.0	0.0	1	16	epyc
v1.9.0-rc1_container	Orbilia_oligospora_ATCC_24927	TRAIN_PREDICT:FUNANNOTATE_PREDICT	1	0	0	0	0	0.9617	0.9667	4.5112	11.8	peak_rss	0.0	0.0	1	8	epyc
v1.9.0-rc1_container	Orbilia_oligospora_ATCC_24927	TRAIN_PREDICT:FUNANNOTATE_TRAIN	1	0	0	0	0	1.1319	1.1334	3.14	1.9	peak_rss	0.0	0.0	1	8	epyc
v1.9.0-rc1_container	Parastagonospora_nodorum	TRAIN_PREDICT:RNASEQ_PREPARE	1	0	0	0	0	1.0417	1.0501	13.1656	3.8	peak_rss	0.0	0.0	1	16	epyc
v1.9.0-rc1_container	Parastagonospora_nodorum_SN15	TRAIN_PREDICT:FUNANNOTATE_PREDICT	1	0	0	0	0	0.8097	0.8167	4.681	6.7	peak_rss	0.0	0.0	1	8	epyc
v1.9.0-rc1_container	Parastagonospora_nodorum_SN15	TRAIN_PREDICT:FUNANNOTATE_TRAIN	1	0	0	0	0	1.0456	1.0501	2.9861	3.7	peak_rss	0.0	0.0	1	8	epyc
v1.9.0-rc1_container	Phycomyces_blakesleeanus	TRAIN_PREDICT:RNASEQ_PREPARE	1	0	0	0	0	1.7042	1.7001	19.482	2.8	peak_rss	0.0	0.0	1	16	epyc
v1.9.0-rc1_container	Phycomyces_blakesleeanus_NRRL_1555_-	TRAIN_PREDICT:FUNANNOTATE_PREDICT	1	1	0	0	0	0.5042	0.5167	5.1939	28.3	peak_rss	0.0166	0.0	2	16	epyc
v1.9.0-rc1_container	Phycomyces_blakesleeanus_NRRL_1555_-	TRAIN_PREDICT:FUNANNOTATE_TRAIN	1	0	0	0	0	1.5603	1.5667	5.4188	2.5	peak_rss	0.0	0.0	1	8	epyc
v1.9.0-rc1_container	Pneumocystis_murina_B123	TRAIN_PREDICT:FUNANNOTATE_PREDICT	1	0	0	0	0	0.8406	0.8501	5.8326	2.6	peak_rss	0.0	0.0	1	8	epyc
v1.9.0-rc1_container	Protomyces_lactucae-debilis	TRAIN_PREDICT:RNASEQ_PREPARE	1	0	0	0	0	0.3444	0.3501	4.2566	4.6	peak_rss	0.0	0.0	1	16	epyc
v1.9.0-rc1_container	Protomyces_lactucae-debilis_12-1054	TRAIN_PREDICT:FUNANNOTATE_PREDICT	1	0	0	0	0	0.4625	0.4834	2.9484	3.2	peak_rss	0.0	0.0	1	8	epyc
v1.9.0-rc1_container	Protomyces_lactucae-debilis_12-1054	TRAIN_PREDICT:FUNANNOTATE_TRAIN	1	0	0	0	0	0.3525	0.35	0.7677	1.8	peak_rss	0.0	0.0	1	8	epyc
v1.9.0-rc1_container	Pseudogymnoascus_destructans	TRAIN_PREDICT:RNASEQ_PREPARE	1	0	0	0	0	1.0514	1.0668	12.3128	2.9	peak_rss	0.0	0.0	1	16	epyc
v1.9.0-rc1_container	Pseudogymnoascus_destructans_20631-21	TRAIN_PREDICT:FUNANNOTATE_PREDICT	1	0	0	0	0	0.5036	0.5	2.649	3.0	peak_rss	0.0	0.0	1	8	epyc
v1.9.0-rc1_container	Pseudogymnoascus_destructans_20631-21	TRAIN_PREDICT:FUNANNOTATE_TRAIN	1	0	0	0	0	0.7881	0.7834	2.3035	1.6	peak_rss	0.0	0.0	1	8	epyc
v1.9.0-rc1_container	Pyrenophora_teres	TRAIN_PREDICT:RNASEQ_PREPARE	1	0	0	0	0	0.3686	0.3834	4.6928	4.4	peak_rss	0.0	0.0	1	16	epyc
v1.9.0-rc1_container	Pyrenophora_teres_0-1	TRAIN_PREDICT:FUNANNOTATE_PREDICT	1	0	0	0	0	0.4892	0.4834	2.5769	1.2	peak_rss	0.0	0.0	1	8	epyc
v1.9.0-rc1_container	Pyrenophora_teres_0-1	TRAIN_PREDICT:FUNANNOTATE_TRAIN	1	0	0	0	0	0.1975	0.2	0.6124	0.814	peak_rss	0.0	0.0	1	8	epyc
v1.9.0-rc1_container	Pyrenophora_tritici-repentis	TRAIN_PREDICT:RNASEQ_PREPARE	1	0	0	0	0	1.3294	1.3334	16.0145	3.7	peak_rss	0.0	0.0	1	16	epyc
v1.9.0-rc1_container	Pyrenophora_tritici-repentis_Pt-1C-BFP	TRAIN_PREDICT:FUNANNOTATE_PREDICT	1	0	0	0	0	0.7575	0.7667	4.8291	13.8	peak_rss	0.0	0.0	1	8	epyc
v1.9.0-rc1_container	Pyrenophora_tritici-repentis_Pt-1C-BFP	TRAIN_PREDICT:FUNANNOTATE_TRAIN	1	0	0	0	0	1.1103	1.1168	3.4618	2.1	peak_rss	0.0	0.0	1	8	epyc
v1.9.0-rc1_container	Pyricularia_oryzae_70-15	TRAIN_PREDICT:FUNANNOTATE_PREDICT	1	0	0	0	0	1.5958	1.6001	9.883	12.1	peak_rss	0.0	0.0	1	8	epyc
v1.9.0-rc1_container	Rhizopus_delemar	TRAIN_PREDICT:RNASEQ_PREPARE	1	0	0	0	0	1.9889	2.0001	24.4932	3.3	peak_rss	0.0	0.0	1	16	epyc
v1.9.0-rc1_container	Rhizopus_delemar_RA_99-880	TRAIN_PREDICT:FUNANNOTATE_PREDICT	1	0	0	0	0	0.7928	0.8001	5.0333	13.6	peak_rss	0.0	0.0	1	8	epyc
v1.9.0-rc1_container	Rhizopus_delemar_RA_99-880	TRAIN_PREDICT:FUNANNOTATE_TRAIN	1	0	0	0	0	1.1656	1.1668	4.3405	2.3	peak_rss	0.0	0.0	1	8	epyc
v1.9.0-rc1_container	Rhizopus_microsporus	TRAIN_PREDICT:RNASEQ_PREPARE	1	0	0	1	0	1.1439	1.1667	13.992	2.4	peak_rss	0.2928	2.6622	1	16	epyc
v1.9.0-rc1_container	Rhizopus_microsporus_ATCC_52813	TRAIN_PREDICT:FUNANNOTATE_PREDICT	1	0	0	0	0	0.5394	0.55	2.9152	10.5	peak_rss	0.0	0.0	1	8	epyc
v1.9.0-rc1_container	Rhizopus_microsporus_ATCC_52813	TRAIN_PREDICT:FUNANNOTATE_TRAIN	1	3	0	0	0	0.6875	0.7	2.3966	1.7	peak_rss	0.5167	0.0	1	8	epyc
v1.9.0-rc1_container	Rhodotorula_graminis_WP1	TRAIN_PREDICT:FUNANNOTATE_PREDICT	1	0	0	0	0	1.3489	1.3501	8.4791	9.0	peak_rss	0.0	0.0	1	8	epyc
v1.9.0-rc1_container	Rhodotorula_toruloides_NP11	TRAIN_PREDICT:FUNANNOTATE_PREDICT	1	0	0	0	0	1.1964	1.2001	8.017	4.3	peak_rss	0.0	0.0	1	8	epyc
v1.9.0-rc1_container	Saccharomyces_cerevisiae	TRAIN_PREDICT:RNASEQ_PREPARE	1	0	0	0	0	0.4031	0.4167	5.0176	1.8	peak_rss	0.0	0.0	1	16	epyc
v1.9.0-rc1_container	Saccharomyces_cerevisiae_S288C	TRAIN_PREDICT:FUNANNOTATE_PREDICT	1	0	0	0	0	0.3322	0.35	2.0332	4.7	peak_rss	0.0	0.0	1	8	epyc
v1.9.0-rc1_container	Saccharomyces_cerevisiae_S288C	TRAIN_PREDICT:FUNANNOTATE_TRAIN	1	0	0	0	0	0.2783	0.2834	0.651	1.8	peak_rss	0.0	0.0	1	8	epyc
v1.9.0-rc1_container	Schizophyllum_commune	TRAIN_PREDICT:RNASEQ_PREPARE	1	0	0	0	0	0.8906	0.9	10.9521	2.6	peak_rss	0.0	0.0	1	16	epyc
v1.9.0-rc1_container	Schizophyllum_commune_H4-8	TRAIN_PREDICT:FUNANNOTATE_PREDICT	1	1	0	0	0	0.4219	0.4334	4.2633	28.4	peak_rss	0.0166	0.0	2	16	epyc
v1.9.0-rc1_container	Schizophyllum_commune_H4-8	TRAIN_PREDICT:FUNANNOTATE_TRAIN	1	0	0	0	0	0.3853	0.4	0.9786	1.8	peak_rss	0.0	0.0	1	8	epyc
v1.9.0-rc1_container	Sclerotinia_sclerotiorum	TRAIN_PREDICT:RNASEQ_PREPARE	1	0	0	0	0	1.0706	1.0834	13.064	2.8	peak_rss	0.0	0.0	1	16	epyc
v1.9.0-rc1_container	Sclerotinia_sclerotiorum_1980	TRAIN_PREDICT:FUNANNOTATE_PREDICT	1	0	0	0	0	0.6117	0.6167	3.7263	10.9	peak_rss	0.0	0.0	1	8	epyc
v1.9.0-rc1_container	Sclerotinia_sclerotiorum_1980	TRAIN_PREDICT:FUNANNOTATE_TRAIN	1	0	0	0	0	0.9631	0.9667	2.8574	1.9	peak_rss	0.0	0.0	1	8	epyc
v1.9.0-rc1_container	Spizellomyces_punctatus_DAOM_BR117	TRAIN_PREDICT:FUNANNOTATE_PREDICT	1	0	0	0	0	0.8283	0.8334	5.3179	7.3	peak_rss	0.0	0.0	1	8	epyc
v1.9.0-rc1_container	Sporobolomyces_koalae_JCM15063	TRAIN_PREDICT:FUNANNOTATE_PREDICT	1	0	0	0	0	1.0658	1.0668	6.8693	2.8	peak_rss	0.0	0.0	1	8	epyc
v1.9.0-rc1_container	Sporobolomyces_salmoneus_JCM6883	TRAIN_PREDICT:FUNANNOTATE_PREDICT	1	0	0	0	0	1.0086	1.0168	6.4339	3.5	peak_rss	0.0	0.0	1	8	epyc
v1.9.0-rc1_container	Sugiyamaella_lignohabitans_CBS_10342	TRAIN_PREDICT:FUNANNOTATE_PREDICT	1	0	0	0	0	1.1667	1.1834	7.6137	12.3	peak_rss	0.0	0.0	1	8	epyc
v1.9.0-rc1_container	Synchytrium_microbalum_JEL517	TRAIN_PREDICT:FUNANNOTATE_PREDICT	1	0	0	0	0	0.8761	0.8834	5.8069	5.2	peak_rss	0.0	0.0	1	8	epyc
v1.9.0-rc1_container	Talaromyces_marneffei	TRAIN_PREDICT:RNASEQ_PREPARE	1	0	0	0	0	1.1475	1.1501	14.8177	7.9	peak_rss	0.0	0.0	1	16	epyc
v1.9.0-rc1_container	Talaromyces_marneffei_ATCC_18224	TRAIN_PREDICT:FUNANNOTATE_PREDICT	1	1	0	0	0	0.315	0.3167	3.0788	21.9	peak_rss	0.0167	0.0	2	16	epyc
v1.9.0-rc1_container	Talaromyces_marneffei_ATCC_18224	TRAIN_PREDICT:FUNANNOTATE_TRAIN	1	0	0	0	0	0.9086	0.9001	2.694	2.0	peak_rss	0.0	0.0	1	8	epyc
v1.9.0-rc1_container	Talaromyces_stipitatus_ATCC_10500	TRAIN_PREDICT:FUNANNOTATE_PREDICT	1	0	0	0	0	1.6569	1.6668	10.1223	11.1	peak_rss	0.0	0.0	1	8	epyc
v1.9.0-rc1_container	Tilletiaria_anomala	TRAIN_PREDICT:RNASEQ_PREPARE	1	0	0	0	0	0.59	0.6001	7.1638	2.2	peak_rss	0.0	0.0	1	16	epyc
v1.9.0-rc1_container	Tilletiaria_anomala_UBC_951	TRAIN_PREDICT:FUNANNOTATE_PREDICT	1	0	0	0	0	0.32	0.3334	1.7834	3.1	peak_rss	0.0	0.0	1	8	epyc
v1.9.0-rc1_container	Tilletiaria_anomala_UBC_951	TRAIN_PREDICT:FUNANNOTATE_TRAIN	1	0	0	0	0	0.4167	0.4167	1.0196	1.5	peak_rss	0.0	0.0	1	8	epyc
v1.9.0-rc1_container	Tilletiopsis_washingtonensis	TRAIN_PREDICT:RNASEQ_PREPARE	1	0	0	0	0	0.6856	0.7	8.4221	1.7	peak_rss	0.0	0.0	1	16	epyc
v1.9.0-rc1_container	Tilletiopsis_washingtonensis_MCA_4186	TRAIN_PREDICT:FUNANNOTATE_PREDICT	1	0	0	0	0	0.4994	0.5167	3.0002	4.8	peak_rss	0.0	0.0	1	8	epyc
v1.9.0-rc1_container	Tilletiopsis_washingtonensis_MCA_4186	TRAIN_PREDICT:FUNANNOTATE_TRAIN	1	0	0	0	0	0.5947	0.6001	1.4791	1.7	peak_rss	0.0	0.0	1	8	epyc
v1.9.0-rc1_container	Tremella_mesenterica_Fries	TRAIN_PREDICT:FUNANNOTATE_PREDICT	1	0	0	0	0	1.9319	1.9335	12.633	8.0	peak_rss	0.0	0.0	1	8	epyc
v1.9.0-rc1_container	Tricharina_praecox	TRAIN_PREDICT:RNASEQ_PREPARE	1	0	0	0	0	1.2675	1.3001	15.4939	3.0	peak_rss	0.0	0.0	1	16	epyc
v1.9.0-rc1_container	Tricharina_praecox_CBS_144465	TRAIN_PREDICT:FUNANNOTATE_PREDICT	1	0	0	0	0	0.6467	0.6501	3.8334	7.7	peak_rss	0.0	0.0	1	8	epyc
v1.9.0-rc1_container	Tricharina_praecox_CBS_144465	TRAIN_PREDICT:FUNANNOTATE_TRAIN	1	0	0	0	0	0.7119	0.7167	2.2056	1.9	peak_rss	0.0	0.0	1	8	epyc
v1.9.0-rc1_container	Trichosporon_asahii	TRAIN_PREDICT:RNASEQ_PREPARE	1	0	0	0	0	0.8753	0.8834	10.9629	2.2	peak_rss	0.0	0.0	1	16	epyc
v1.9.0-rc1_container	Trichosporon_asahii_CBS_2479	TRAIN_PREDICT:FUNANNOTATE_PREDICT	1	0	0	0	0	0.4786	0.4834	2.6338	4.4	peak_rss	0.0	0.0	1	8	epyc
v1.9.0-rc1_container	Trichosporon_asahii_CBS_2479	TRAIN_PREDICT:FUNANNOTATE_TRAIN	1	0	0	0	0	0.7058	0.7	1.7667	1.7	peak_rss	0.0	0.0	1	8	epyc
v1.9.0-rc1_container	Umbelopsis_ramanniana	TRAIN_PREDICT:RNASEQ_PREPARE	1	0	0	0	0	0.9064	0.9168	10.873	2.1	peak_rss	0.0	0.0	1	16	epyc
v1.9.0-rc1_container	Umbelopsis_ramanniana_AG	TRAIN_PREDICT:FUNANNOTATE_PREDICT	1	0	0	0	0	0.4947	0.5	2.6992	4.0	peak_rss	0.0	0.0	1	8	epyc
v1.9.0-rc1_container	Umbelopsis_ramanniana_AG	TRAIN_PREDICT:FUNANNOTATE_TRAIN	1	0	0	0	0	0.4183	0.4176	1.2073	1.6	peak_rss	0.0	0.0	1	8	epyc
v1.9.0-rc1_container	Uncinocarpus_reesii_1704	TRAIN_PREDICT:FUNANNOTATE_PREDICT	1	0	0	0	0	1.4936	1.5001	9.7234	11.6	peak_rss	0.0	0.0	1	8	epyc
v1.9.0-rc1_container	Wallemia_mellicola_CBS_633.66	TRAIN_PREDICT:FUNANNOTATE_PREDICT	1	0	0	0	0	0.9033	0.9	5.7253	2.8	peak_rss	0.0	0.0	1	8	epyc
v1.9.0-rc1_container	Yarrowia_lipolytica	TRAIN_PREDICT:RNASEQ_PREPARE	1	0	0	0	0	0.7483	0.75	8.8266	1.8	peak_rss	0.0	0.0	1	16	epyc
v1.9.0-rc1_container	Yarrowia_lipolytica_CLIB122	TRAIN_PREDICT:FUNANNOTATE_PREDICT	1	1	0	0	0	0.2997	0.3	3.2253	23.9	peak_rss	0.0167	0.0	2	16	epyc
v1.9.0-rc1_container	Yarrowia_lipolytica_CLIB122	TRAIN_PREDICT:FUNANNOTATE_TRAIN	1	0	0	0	0	0.5289	0.5334	1.3878	2.0	peak_rss	0.0	0.0	1	8	epyc
v1.9.0-rc1_container	Zygosaccharomyces_rouxii	TRAIN_PREDICT:RNASEQ_PREPARE	1	0	0	0	0	0.2817	0.3	3.1434	2.7	peak_rss	0.0	0.0	1	16	epyc
v1.9.0-rc1_container	Zygosaccharomyces_rouxii_CBS_732	TRAIN_PREDICT:FUNANNOTATE_PREDICT	1	1	0	0	0	0.2394	0.2334	2.4799	6.8	peak_rss	0.0167	0.0	2	16	epyc
v1.9.0-rc1_container	Zygosaccharomyces_rouxii_CBS_732	TRAIN_PREDICT:FUNANNOTATE_TRAIN	1	0	0	0	0	0.2669	0.2667	0.622	1.8	peak_rss	0.0	0.0	1	8	epyc
v1.9.0-rc1_container	Zymoseptoria_tritici	TRAIN_PREDICT:RNASEQ_PREPARE	1	0	0	0	0	1.1464	1.1501	12.8212	7.4	peak_rss	0.0	0.0	1	16	epyc
v1.9.0-rc1_container	Zymoseptoria_tritici_IPO323	TRAIN_PREDICT:FUNANNOTATE_PREDICT	1	0	0	0	0	0.7303	0.7334	4.462	18.1	peak_rss	0.0	0.0	1	8	epyc
v1.9.0-rc1_container	Zymoseptoria_tritici_IPO323	TRAIN_PREDICT:FUNANNOTATE_TRAIN	1	0	0	0	0	1.0058	1.0168	2.5629	1.9	peak_rss	0.0	0.0	1	8	epyc
v1.9.0-rc1_container_rust	Allomyces_macrogynus	TRAIN_PREDICT:RNASEQ_PREPARE	1	0	0	0	0	1.055	1.0668	13.0883	2.2	peak_rss	0.0	0.0	1	16	epyc
v1.9.0-rc1_container_rust	Allomyces_macrogynus_ATCC_38327	TRAIN_PREDICT:FUNANNOTATE_PREDICT	1	0	0	0	0	0.6347	0.6501	3.6078	4.3	peak_rss	0.0	0.0	1	8	epyc
v1.9.0-rc1_container_rust	Allomyces_macrogynus_ATCC_38327	TRAIN_PREDICT:FUNANNOTATE_TRAIN	1	0	0	0	0	0.9544	0.9501	3.436	1.9	peak_rss	0.0	0.0	1	8	epyc
v1.9.0-rc1_container_rust	Aspergillus_clavatus_NRRL_1	TRAIN_PREDICT:FUNANNOTATE_PREDICT	1	0	0	0	0	1.5158	1.5168	9.4345	4.0	peak_rss	0.0	0.0	1	8	epyc
v1.9.0-rc1_container_rust	Aspergillus_fumigatus	TRAIN_PREDICT:RNASEQ_PREPARE	1	0	0	0	0	1.1356	1.1334	14.0048	3.9	peak_rss	0.0	0.0	1	16	epyc
v1.9.0-rc1_container_rust	Aspergillus_fumigatus_Af293	TRAIN_PREDICT:FUNANNOTATE_PREDICT	1	0	0	0	0	0.4036	0.4167	2.4733	4.0	peak_rss	0.0	0.0	1	8	epyc
v1.9.0-rc1_container_rust	Aspergillus_fumigatus_Af293	TRAIN_PREDICT:FUNANNOTATE_TRAIN	1	0	0	0	0	0.6508	0.6501	1.782	1.9	peak_rss	0.0	0.0	1	8	epyc
v1.9.0-rc1_container_rust	Batrachochytrium_dendrobatidis	TRAIN_PREDICT:RNASEQ_PREPARE	1	0	0	1	0	1.3328	1.3334	17.5434	14.2	peak_rss	1.2811	16.6608	1	16	epyc
v1.9.0-rc1_container_rust	Batrachochytrium_dendrobatidis_JAM81	TRAIN_PREDICT:FUNANNOTATE_PREDICT	1	0	0	1	0	0.3681	0.3833	1.6235	4.3	peak_rss	0.2422	1.2508	1	8	epyc
v1.9.0-rc1_container_rust	Batrachochytrium_dendrobatidis_JAM81	TRAIN_PREDICT:FUNANNOTATE_TRAIN	1	1	0	1	0	0.7417	0.7667	2.0596	2.2	peak_rss	0.5628	3.3986	1	8	epyc
v1.9.0-rc1_container_rust	Blastomyces_dermatitidis_ER-3	TRAIN_PREDICT:FUNANNOTATE_PREDICT	1	0	0	0	0	1.7514	1.7668	11.0986	22.3	peak_rss	0.0	0.0	1	8	epyc
v1.9.0-rc1_container_rust	Botrytis_cinerea	TRAIN_PREDICT:RNASEQ_PREPARE	1	0	0	0	0	1.2092	1.2168	14.7881	2.6	peak_rss	0.0	0.0	1	16	epyc
v1.9.0-rc1_container_rust	Botrytis_cinerea_B05.10	TRAIN_PREDICT:FUNANNOTATE_PREDICT	1	0	0	0	0	0.4514	0.4667	2.735	4.6	peak_rss	0.0	0.0	1	8	epyc
v1.9.0-rc1_container_rust	Botrytis_cinerea_B05.10	TRAIN_PREDICT:FUNANNOTATE_TRAIN	1	0	0	0	0	0.7094	0.7167	2.2369	2.2	peak_rss	0.0	0.0	1	8	epyc
v1.9.0-rc1_container_rust	Chaetomium_globosum	TRAIN_PREDICT:RNASEQ_PREPARE	1	0	0	0	0	1.3139	1.3168	16.9728	2.8	peak_rss	0.0	0.0	1	16	epyc
v1.9.0-rc1_container_rust	Chaetomium_globosum_CBS_148.51	TRAIN_PREDICT:FUNANNOTATE_PREDICT	1	0	0	0	0	0.4703	0.4834	2.5705	4.5	peak_rss	0.0	0.0	1	8	epyc
v1.9.0-rc1_container_rust	Chaetomium_globosum_CBS_148.51	TRAIN_PREDICT:FUNANNOTATE_TRAIN	1	0	0	0	0	0.7756	0.7834	2.6082	3.4	peak_rss	0.0	0.0	1	8	epyc
v1.9.0-rc1_container_rust	Cokeromyces_recurvatus	TRAIN_PREDICT:RNASEQ_PREPARE	1	0	0	0	0	1.1286	1.1334	13.233	2.2	peak_rss	0.0	0.0	1	16	epyc
v1.9.0-rc1_container_rust	Cokeromyces_recurvatus_NRRL_2243	TRAIN_PREDICT:FUNANNOTATE_PREDICT	1	0	0	0	0	0.3525	0.35	1.5915	4.2	peak_rss	0.0	0.0	1	8	epyc
v1.9.0-rc1_container_rust	Cokeromyces_recurvatus_NRRL_2243	TRAIN_PREDICT:FUNANNOTATE_TRAIN	1	0	0	0	0	0.7011	0.7001	2.4378	2.0	peak_rss	0.0	0.0	1	8	epyc
v1.9.0-rc1_container_rust	Colletotrichum_graminicola	TRAIN_PREDICT:RNASEQ_PREPARE	1	0	0	0	0	1.3756	1.3834	15.7102	3.2	peak_rss	0.0	0.0	1	16	epyc
v1.9.0-rc1_container_rust	Colletotrichum_graminicola_M1.001	TRAIN_PREDICT:FUNANNOTATE_PREDICT	1	0	0	0	0	0.6794	0.6834	3.4699	4.0	peak_rss	0.0	0.0	1	8	epyc
v1.9.0-rc1_container_rust	Colletotrichum_graminicola_M1.001	TRAIN_PREDICT:FUNANNOTATE_TRAIN	1	0	0	0	0	0.7131	0.7167	2.2119	1.9	peak_rss	0.0	0.0	1	8	epyc
v1.9.0-rc1_container_rust	Cryptococcus_deneoformans	TRAIN_PREDICT:RNASEQ_PREPARE	1	0	0	0	0	0.8089	0.8334	9.917	3.1	peak_rss	0.0	0.0	1	16	epyc
v1.9.0-rc1_container_rust	Cryptococcus_deneoformans_JEC21	TRAIN_PREDICT:FUNANNOTATE_PREDICT	1	0	0	0	0	0.2625	0.2667	1.3264	6.7	peak_rss	0.0	0.0	1	8	epyc
v1.9.0-rc1_container_rust	Cryptococcus_deneoformans_JEC21	TRAIN_PREDICT:FUNANNOTATE_TRAIN	1	0	0	0	0	0.8122	0.8167	2.167	1.7	peak_rss	0.0	0.0	1	8	epyc
v1.9.0-rc1_container_rust	Cryptococcus_neoformans	TRAIN_PREDICT:RNASEQ_PREPARE	1	0	0	0	0	0.78	0.7833	9.633	2.2	peak_rss	0.0	0.0	1	16	epyc
v1.9.0-rc1_container_rust	Cryptococcus_neoformans_H99	TRAIN_PREDICT:FUNANNOTATE_PREDICT	1	0	0	0	0	0.2286	0.2333	1.1966	4.4	peak_rss	0.0	0.0	1	8	epyc
v1.9.0-rc1_container_rust	Cryptococcus_neoformans_H99	TRAIN_PREDICT:FUNANNOTATE_TRAIN	1	0	0	0	0	0.6094	0.6167	1.6693	1.8	peak_rss	0.0	0.0	1	8	epyc
v1.9.0-rc1_container_rust	Cystobasidium_minutum_MCA_4210	TRAIN_PREDICT:FUNANNOTATE_PREDICT	1	0	0	0	0	0.9928	1.0168	6.3488	4.4	peak_rss	0.0	0.0	1	8	epyc
v1.9.0-rc1_container_rust	Dactylellina_haptotyla_CBS_200.50	TRAIN_PREDICT:FUNANNOTATE_PREDICT	1	0	0	0	0	0.91	0.9167	5.7567	2.4	peak_rss	0.0	0.0	1	8	epyc
v1.9.0-rc1_container_rust	Drepanopeziza_brunnea	TRAIN_PREDICT:RNASEQ_PREPARE	1	0	0	0	0	0.0714	0.0833	0.7591	3.0	peak_rss	0.0	0.0	1	16	epyc
v1.9.0-rc1_container_rust	Drepanopeziza_brunnea_MB_m1	TRAIN_PREDICT:FUNANNOTATE_PREDICT	1	0	0	0	0	1.4289	1.4335	9.9736	4.2	peak_rss	0.0	0.0	1	8	epyc
v1.9.0-rc1_container_rust	Drepanopeziza_brunnea_MB_m1	TRAIN_PREDICT:FUNANNOTATE_TRAIN	1	0	0	1	0	0.0001	0.0	0.0	0.004	peak_rss	0.0001	0.0	1	8	epyc
v1.9.0-rc1_container_rust	Eremothecium_gossypii_ATCC_10895	TRAIN_PREDICT:FUNANNOTATE_PREDICT	1	0	0	0	0	0.7469	0.75	4.8066	4.0	peak_rss	0.0	0.0	1	8	epyc
v1.9.0-rc1_container_rust	Fusarium_oxysporum	TRAIN_PREDICT:RNASEQ_PREPARE	1	0	0	0	0	1.3353	1.3502	17.3813	5.7	peak_rss	0.0	0.0	1	16	epyc
v1.9.0-rc1_container_rust	Fusarium_oxysporum_4287	TRAIN_PREDICT:FUNANNOTATE_PREDICT	1	0	0	0	0	0.6864	0.7001	3.5617	5.4	peak_rss	0.0	0.0	1	8	epyc
v1.9.0-rc1_container_rust	Fusarium_oxysporum_4287	TRAIN_PREDICT:FUNANNOTATE_TRAIN	1	0	0	0	0	0.7694	0.7668	2.8931	2.3	peak_rss	0.0	0.0	1	8	epyc
v1.9.0-rc1_container_rust	Fusarium_verticillioides	TRAIN_PREDICT:RNASEQ_PREPARE	1	0	0	0	0	1.3931	1.4001	15.9268	3.6	peak_rss	0.0	0.0	1	16	epyc
v1.9.0-rc1_container_rust	Fusarium_verticillioides_7600	TRAIN_PREDICT:FUNANNOTATE_PREDICT	1	0	0	0	0	0.6297	0.6334	3.0548	16.8	peak_rss	0.0	0.0	1	8	epyc
v1.9.0-rc1_container_rust	Fusarium_verticillioides_7600	TRAIN_PREDICT:FUNANNOTATE_TRAIN	1	0	0	0	0	0.6756	0.6834	2.1956	2.0	peak_rss	0.0	0.0	1	8	epyc
v1.9.0-rc1_container_rust	Gaeumannomyces_tritici	TRAIN_PREDICT:RNASEQ_PREPARE	1	0	0	0	0	1.2756	1.2834	16.0605	2.6	peak_rss	0.0	0.0	1	16	epyc
v1.9.0-rc1_container_rust	Gaeumannomyces_tritici_R3-111a-1	TRAIN_PREDICT:FUNANNOTATE_PREDICT	1	0	0	0	0	0.6119	0.6167	3.1778	6.8	peak_rss	0.0	0.0	1	8	epyc
v1.9.0-rc1_container_rust	Gaeumannomyces_tritici_R3-111a-1	TRAIN_PREDICT:FUNANNOTATE_TRAIN	1	0	0	0	0	0.8664	0.8667	2.3826	1.9	peak_rss	0.0	0.0	1	8	epyc
v1.9.0-rc1_container_rust	Kluyveromyces_lactis	TRAIN_PREDICT:RNASEQ_PREPARE	1	0	0	0	0	0.2247	0.2334	2.6614	13.1	peak_rss	0.0	0.0	1	16	epyc
v1.9.0-rc1_container_rust	Kluyveromyces_lactis_NRRL_Y-1140	TRAIN_PREDICT:FUNANNOTATE_PREDICT	1	0	0	0	0	0.1961	0.2	1.1121	4.0	peak_rss	0.0	0.0	1	8	epyc
v1.9.0-rc1_container_rust	Kluyveromyces_lactis_NRRL_Y-1140	TRAIN_PREDICT:FUNANNOTATE_TRAIN	1	0	0	0	0	0.2331	0.2333	0.5423	1.8	peak_rss	0.0	0.0	1	8	epyc
v1.9.0-rc1_container_rust	Laccaria_bicolor_S238N-H82	TRAIN_PREDICT:FUNANNOTATE_PREDICT	1	0	0	0	0	2.2442	2.2502	13.9138	4.9	peak_rss	0.0	0.0	1	8	epyc
v1.9.0-rc1_container_rust	Lachancea_thermotolerans	TRAIN_PREDICT:RNASEQ_PREPARE	1	0	0	0	0	0.4439	0.45	5.3378	1.1	peak_rss	0.0	0.0	1	16	epyc
v1.9.0-rc1_container_rust	Lachancea_thermotolerans_CBS_6340	TRAIN_PREDICT:FUNANNOTATE_PREDICT	1	0	0	0	0	0.2097	0.2167	1.0419	4.2	peak_rss	0.0	0.0	1	8	epyc
v1.9.0-rc1_container_rust	Lachancea_thermotolerans_CBS_6340	TRAIN_PREDICT:FUNANNOTATE_TRAIN	1	0	0	0	0	0.2128	0.2167	0.5813	1.5	peak_rss	0.0	0.0	1	8	epyc
v1.9.0-rc1_container_rust	Leptographium_clavigerum_kw1407	TRAIN_PREDICT:FUNANNOTATE_PREDICT	1	0	0	0	0	1.4267	1.4334	8.851	4.1	peak_rss	0.0	0.0	1	8	epyc
v1.9.0-rc1_container_rust	Letharia_columbiana_WasteWater2	TRAIN_PREDICT:FUNANNOTATE_PREDICT	1	0	0	0	0	1.1347	1.15	6.6393	4.3	peak_rss	0.0	0.0	1	8	epyc
v1.9.0-rc1_container_rust	Lipomyces_tetrasporus	TRAIN_PREDICT:RNASEQ_PREPARE	1	0	0	0	0	0.9678	0.9668	12.1688	2.9	peak_rss	0.0	0.0	1	16	epyc
v1.9.0-rc1_container_rust	Lipomyces_tetrasporus_NRRL_Y-64009	TRAIN_PREDICT:FUNANNOTATE_PREDICT	1	0	0	0	0	0.3417	0.35	1.71	4.3	peak_rss	0.0	0.0	1	8	epyc
v1.9.0-rc1_container_rust	Lipomyces_tetrasporus_NRRL_Y-64009	TRAIN_PREDICT:FUNANNOTATE_TRAIN	1	0	0	0	0	0.7422	0.75	2.22	1.9	peak_rss	0.0	0.0	1	8	epyc
v1.9.0-rc1_container_rust	Malassezia_globosa	TRAIN_PREDICT:RNASEQ_PREPARE	1	0	0	0	0	0.3311	0.3334	4.0329	1.5	peak_rss	0.0	0.0	1	16	epyc
v1.9.0-rc1_container_rust	Malassezia_globosa_CBS_7966	TRAIN_PREDICT:FUNANNOTATE_PREDICT	1	0	0	0	0	0.2389	0.25	1.0647	3.5	peak_rss	0.0	0.0	1	8	epyc
v1.9.0-rc1_container_rust	Malassezia_globosa_CBS_7966	TRAIN_PREDICT:FUNANNOTATE_TRAIN	1	0	0	0	0	0.3692	0.3667	0.8554	1.6	peak_rss	0.0	0.0	1	8	epyc
v1.9.0-rc1_container_rust	Malassezia_sympodialis	TRAIN_PREDICT:RNASEQ_PREPARE	1	0	0	0	0	0.3747	0.3833	4.4821	1.1	peak_rss	0.0	0.0	1	16	epyc
v1.9.0-rc1_container_rust	Malassezia_sympodialis_ATCC_42132	TRAIN_PREDICT:FUNANNOTATE_PREDICT	1	0	0	0	0	0.2228	0.2333	1.3356	2.8	peak_rss	0.0	0.0	1	8	epyc
v1.9.0-rc1_container_rust	Malassezia_sympodialis_ATCC_42132	TRAIN_PREDICT:FUNANNOTATE_TRAIN	1	0	0	0	0	0.3114	0.3167	0.8952	1.3	peak_rss	0.0	0.0	1	8	epyc
v1.9.0-rc1_container_rust	Mixia_osmundae_IAM_14324	TRAIN_PREDICT:FUNANNOTATE_PREDICT	1	0	0	0	0	0.6386	0.6334	4.3477	2.3	peak_rss	0.0	0.0	1	8	epyc
v1.9.0-rc1_container_rust	Morchella_importuna	TRAIN_PREDICT:RNASEQ_PREPARE	1	0	0	0	0	1.1831	1.1834	13.9565	6.9	peak_rss	0.0	0.0	1	16	epyc
v1.9.0-rc1_container_rust	Morchella_importuna_M04M26	TRAIN_PREDICT:FUNANNOTATE_PREDICT	1	1	0	0	0	0.3603	0.3667	3.0732	8.6	peak_rss	0.0333	0.0	2	16	epyc
v1.9.0-rc1_container_rust	Morchella_importuna_M04M26	TRAIN_PREDICT:FUNANNOTATE_TRAIN	1	0	0	0	0	0.6478	0.65	2.2115	1.9	peak_rss	0.0	0.0	1	8	epyc
v1.9.0-rc1_container_rust	Morchella_sextelata	TRAIN_PREDICT:RNASEQ_PREPARE	1	0	0	0	0	3.0269	3.0336	39.1989	15.0	peak_rss	0.0	0.0	1	16	epyc
v1.9.0-rc1_container_rust	Morchella_sextelata_SCLS	TRAIN_PREDICT:FUNANNOTATE_PREDICT	1	0	0	0	0	0.5603	0.5667	3.0423	4.8	peak_rss	0.0	0.0	1	8	epyc
v1.9.0-rc1_container_rust	Morchella_sextelata_SCLS	TRAIN_PREDICT:FUNANNOTATE_TRAIN	1	0	0	0	0	1.3342	1.3335	4.787	2.6	peak_rss	0.0	0.0	1	8	epyc
v1.9.0-rc1_container_rust	Mucor_mucedo	TRAIN_PREDICT:RNASEQ_PREPARE	1	0	0	0	0	1.3025	1.3168	16.0207	2.3	peak_rss	0.0	0.0	1	16	epyc
v1.9.0-rc1_container_rust	Mucor_mucedo_NRRL_3635	TRAIN_PREDICT:FUNANNOTATE_PREDICT	1	0	0	0	0	0.4319	0.4334	2.2513	4.4	peak_rss	0.0	0.0	1	8	epyc
v1.9.0-rc1_container_rust	Mucor_mucedo_NRRL_3635	TRAIN_PREDICT:FUNANNOTATE_TRAIN	1	0	0	0	0	0.8008	0.8	2.7685	2.8	peak_rss	0.0	0.0	1	8	epyc
v1.9.0-rc1_container_rust	Nakaseomyces_glabratus_CBS_138	TRAIN_PREDICT:FUNANNOTATE_PREDICT	1	0	0	0	0	0.8236	0.8334	5.2242	2.9	peak_rss	0.0	0.0	1	8	epyc
v1.9.0-rc1_container_rust	Orbilia_oligospora	TRAIN_PREDICT:RNASEQ_PREPARE	1	0	0	0	0	1.3239	1.3334	16.6876	3.0	peak_rss	0.0	0.0	1	16	epyc
v1.9.0-rc1_container_rust	Orbilia_oligospora_ATCC_24927	TRAIN_PREDICT:FUNANNOTATE_PREDICT	1	0	0	0	0	0.465	0.4667	2.7621	3.9	peak_rss	0.0	0.0	1	8	epyc
v1.9.0-rc1_container_rust	Orbilia_oligospora_ATCC_24927	TRAIN_PREDICT:FUNANNOTATE_TRAIN	1	0	0	0	0	0.8983	0.9167	2.7193	1.9	peak_rss	0.0	0.0	1	8	epyc
v1.9.0-rc1_container_rust	Parastagonospora_nodorum	TRAIN_PREDICT:RNASEQ_PREPARE	1	0	0	0	0	1.3217	1.3334	15.9591	3.8	peak_rss	0.0	0.0	1	16	epyc
v1.9.0-rc1_container_rust	Parastagonospora_nodorum_SN15	TRAIN_PREDICT:FUNANNOTATE_PREDICT	1	0	0	0	0	0.4117	0.4167	2.3222	4.5	peak_rss	0.0	0.0	1	8	epyc
v1.9.0-rc1_container_rust	Parastagonospora_nodorum_SN15	TRAIN_PREDICT:FUNANNOTATE_TRAIN	1	0	0	0	0	0.9958	1.0001	2.9128	4.1	peak_rss	0.0	0.0	1	8	epyc
v1.9.0-rc1_container_rust	Phycomyces_blakesleeanus	TRAIN_PREDICT:RNASEQ_PREPARE	1	0	0	0	0	1.8208	1.8335	21.0288	2.9	peak_rss	0.0	0.0	1	16	epyc
v1.9.0-rc1_container_rust	Phycomyces_blakesleeanus_NRRL_1555_-	TRAIN_PREDICT:FUNANNOTATE_PREDICT	1	0	0	0	0	0.5094	0.5167	2.9859	4.7	peak_rss	0.0	0.0	1	8	epyc
v1.9.0-rc1_container_rust	Phycomyces_blakesleeanus_NRRL_1555_-	TRAIN_PREDICT:FUNANNOTATE_TRAIN	1	0	0	0	0	1.1239	1.1334	4.3742	2.5	peak_rss	0.0	0.0	1	8	epyc
v1.9.0-rc1_container_rust	Pneumocystis_murina_B123	TRAIN_PREDICT:FUNANNOTATE_PREDICT	1	0	0	0	0	0.7725	0.7834	4.9672	3.5	peak_rss	0.0	0.0	1	8	epyc
v1.9.0-rc1_container_rust	Protomyces_lactucae-debilis	TRAIN_PREDICT:RNASEQ_PREPARE	1	0	0	0	0	0.35	0.3667	4.1216	1.9	peak_rss	0.0	0.0	1	16	epyc
v1.9.0-rc1_container_rust	Protomyces_lactucae-debilis_12-1054	TRAIN_PREDICT:FUNANNOTATE_PREDICT	1	0	0	0	0	0.2781	0.2833	1.6678	3.5	peak_rss	0.0	0.0	1	8	epyc
v1.9.0-rc1_container_rust	Protomyces_lactucae-debilis_12-1054	TRAIN_PREDICT:FUNANNOTATE_TRAIN	1	0	0	0	0	0.36	0.3667	0.815	1.9	peak_rss	0.0	0.0	1	8	epyc
v1.9.0-rc1_container_rust	Pseudogymnoascus_destructans	TRAIN_PREDICT:RNASEQ_PREPARE	1	0	0	0	0	1.0514	1.0667	12.5788	3.0	peak_rss	0.0	0.0	1	16	epyc
v1.9.0-rc1_container_rust	Pseudogymnoascus_destructans_20631-21	TRAIN_PREDICT:FUNANNOTATE_PREDICT	1	0	0	0	0	0.4861	0.5	2.451	3.2	peak_rss	0.0	0.0	1	8	epyc
v1.9.0-rc1_container_rust	Pseudogymnoascus_destructans_20631-21	TRAIN_PREDICT:FUNANNOTATE_TRAIN	1	0	0	0	0	0.6633	0.6667	1.8427	1.7	peak_rss	0.0	0.0	1	8	epyc
v1.9.0-rc1_container_rust	Pyrenophora_teres	TRAIN_PREDICT:RNASEQ_PREPARE	1	0	0	0	0	0.4194	0.4333	4.8303	4.4	peak_rss	0.0	0.0	1	16	epyc
v1.9.0-rc1_container_rust	Pyrenophora_teres_0-1	TRAIN_PREDICT:FUNANNOTATE_PREDICT	1	1	0	0	0	0.3194	0.3334	2.6207	2.2	peak_rss	0.0166	0.0	2	16	epyc
v1.9.0-rc1_container_rust	Pyrenophora_teres_0-1	TRAIN_PREDICT:FUNANNOTATE_TRAIN	1	0	0	0	0	0.1697	0.1666	0.5334	0.937	peak_rss	0.0	0.0	1	8	epyc
v1.9.0-rc1_container_rust	Pyrenophora_tritici-repentis	TRAIN_PREDICT:RNASEQ_PREPARE	1	0	0	0	0	1.3236	1.3334	16.7662	3.7	peak_rss	0.0	0.0	1	16	epyc
v1.9.0-rc1_container_rust	Pyrenophora_tritici-repentis_Pt-1C-BFP	TRAIN_PREDICT:FUNANNOTATE_PREDICT	1	0	0	0	0	0.5561	0.5667	3.3534	13.4	peak_rss	0.0	0.0	1	8	epyc
v1.9.0-rc1_container_rust	Pyrenophora_tritici-repentis_Pt-1C-BFP	TRAIN_PREDICT:FUNANNOTATE_TRAIN	1	0	0	0	0	0.6975	0.7167	2.5326	2.1	peak_rss	0.0	0.0	1	8	epyc
v1.9.0-rc1_container_rust	Pyricularia_oryzae_70-15	TRAIN_PREDICT:FUNANNOTATE_PREDICT	1	0	0	0	0	1.5442	1.5501	9.1754	6.2	peak_rss	0.0	0.0	1	8	epyc
v1.9.0-rc1_container_rust	Rhizopus_delemar	TRAIN_PREDICT:RNASEQ_PREPARE	1	0	0	0	0	1.5806	1.5834	19.3492	3.3	peak_rss	0.0	0.0	1	16	epyc
v1.9.0-rc1_container_rust	Rhizopus_delemar_RA_99-880	TRAIN_PREDICT:FUNANNOTATE_PREDICT	1	0	0	0	0	0.4964	0.5167	2.9744	4.7	peak_rss	0.0	0.0	1	8	epyc
v1.9.0-rc1_container_rust	Rhizopus_delemar_RA_99-880	TRAIN_PREDICT:FUNANNOTATE_TRAIN	1	0	0	0	0	1.2322	1.2334	4.6714	2.0	peak_rss	0.0	0.0	1	8	epyc
v1.9.0-rc1_container_rust	Rhizopus_microsporus	TRAIN_PREDICT:RNASEQ_PREPARE	1	0	0	1	0	1.12	1.1167	13.3045	2.4	peak_rss	0.2417	2.2127	1	16	epyc
v1.9.0-rc1_container_rust	Rhizopus_microsporus_ATCC_52813	TRAIN_PREDICT:FUNANNOTATE_PREDICT	1	0	0	1	0	0.3406	0.35	1.7637	4.5	peak_rss	0.9664	6.0854	1	8	epyc
v1.9.0-rc1_container_rust	Rhizopus_microsporus_ATCC_52813	TRAIN_PREDICT:FUNANNOTATE_TRAIN	1	1	0	1	0	0.9261	0.9333	3.4766	1.8	peak_rss	0.3001	0.0	1	8	epyc
v1.9.0-rc1_container_rust	Rhodotorula_graminis_WP1	TRAIN_PREDICT:FUNANNOTATE_PREDICT	1	0	0	0	0	1.0178	1.0167	6.5789	6.5	peak_rss	0.0	0.0	1	8	epyc
v1.9.0-rc1_container_rust	Rhodotorula_toruloides_NP11	TRAIN_PREDICT:FUNANNOTATE_PREDICT	1	0	0	0	0	0.9653	0.9667	6.0726	4.2	peak_rss	0.0	0.0	1	8	epyc
v1.9.0-rc1_container_rust	Saccharomyces_cerevisiae	TRAIN_PREDICT:RNASEQ_PREPARE	1	0	0	0	0	0.4056	0.4167	4.8261	1.9	peak_rss	0.0	0.0	1	16	epyc
v1.9.0-rc1_container_rust	Saccharomyces_cerevisiae_S288C	TRAIN_PREDICT:FUNANNOTATE_PREDICT	1	0	0	0	0	0.2769	0.2834	1.4329	3.4	peak_rss	0.0	0.0	1	8	epyc
v1.9.0-rc1_container_rust	Saccharomyces_cerevisiae_S288C	TRAIN_PREDICT:FUNANNOTATE_TRAIN	1	0	0	0	0	0.1911	0.2	0.5187	1.8	peak_rss	0.0	0.0	1	8	epyc
v1.9.0-rc1_container_rust	Schizophyllum_commune	TRAIN_PREDICT:RNASEQ_PREPARE	1	0	0	0	0	1.0319	1.0334	12.6599	2.6	peak_rss	0.0	0.0	1	16	epyc
v1.9.0-rc1_container_rust	Schizophyllum_commune_H4-8	TRAIN_PREDICT:FUNANNOTATE_PREDICT	1	1	0	0	0	0.2536	0.2667	2.2886	32.6	peak_rss	0.0167	0.0	2	16	epyc
v1.9.0-rc1_container_rust	Schizophyllum_commune_H4-8	TRAIN_PREDICT:FUNANNOTATE_TRAIN	1	0	0	0	0	0.2447	0.25	0.7721	1.8	peak_rss	0.0	0.0	1	8	epyc
v1.9.0-rc1_container_rust	Sclerotinia_sclerotiorum	TRAIN_PREDICT:RNASEQ_PREPARE	1	0	0	0	0	1.4011	1.4168	17.0039	2.8	peak_rss	0.0	0.0	1	16	epyc
v1.9.0-rc1_container_rust	Sclerotinia_sclerotiorum_1980	TRAIN_PREDICT:FUNANNOTATE_PREDICT	1	0	0	0	0	0.4414	0.4501	2.2392	4.0	peak_rss	0.0	0.0	1	8	epyc
v1.9.0-rc1_container_rust	Sclerotinia_sclerotiorum_1980	TRAIN_PREDICT:FUNANNOTATE_TRAIN	1	0	0	0	0	0.7569	0.7667	2.7348	1.9	peak_rss	0.0	0.0	1	8	epyc
v1.9.0-rc1_container_rust	Spizellomyces_punctatus_DAOM_BR117	TRAIN_PREDICT:FUNANNOTATE_PREDICT	1	0	0	0	0	0.6556	0.65	4.1765	4.2	peak_rss	0.0	0.0	1	8	epyc
v1.9.0-rc1_container_rust	Sporobolomyces_koalae_JCM15063	TRAIN_PREDICT:FUNANNOTATE_PREDICT	1	0	0	0	0	0.9194	0.9167	5.9819	3.2	peak_rss	0.0	0.0	1	8	epyc
v1.9.0-rc1_container_rust	Sporobolomyces_salmoneus_JCM6883	TRAIN_PREDICT:FUNANNOTATE_PREDICT	1	0	0	0	0	0.9911	1.0	6.0269	3.5	peak_rss	0.0	0.0	1	8	epyc
v1.9.0-rc1_container_rust	Sugiyamaella_lignohabitans_CBS_10342	TRAIN_PREDICT:FUNANNOTATE_PREDICT	1	0	0	0	0	0.8689	0.8834	5.6078	4.5	peak_rss	0.0	0.0	1	8	epyc
v1.9.0-rc1_container_rust	Synchytrium_microbalum_JEL517	TRAIN_PREDICT:FUNANNOTATE_PREDICT	1	0	0	0	0	0.6136	0.6334	3.9964	4.1	peak_rss	0.0	0.0	1	8	epyc
v1.9.0-rc1_container_rust	Talaromyces_marneffei	TRAIN_PREDICT:RNASEQ_PREPARE	1	0	0	0	0	1.1358	1.1335	14.6363	7.8	peak_rss	0.0	0.0	1	16	epyc
v1.9.0-rc1_container_rust	Talaromyces_marneffei_ATCC_18224	TRAIN_PREDICT:FUNANNOTATE_PREDICT	1	0	0	0	0	0.4475	0.4667	2.7503	4.3	peak_rss	0.0	0.0	1	8	epyc
v1.9.0-rc1_container_rust	Talaromyces_marneffei_ATCC_18224	TRAIN_PREDICT:FUNANNOTATE_TRAIN	1	0	0	0	0	1.0056	1.0167	3.0418	2.0	peak_rss	0.0	0.0	1	8	epyc
v1.9.0-rc1_container_rust	Talaromyces_stipitatus_ATCC_10500	TRAIN_PREDICT:FUNANNOTATE_PREDICT	1	0	0	0	0	1.3922	1.4001	8.732	4.6	peak_rss	0.0	0.0	1	8	epyc
v1.9.0-rc1_container_rust	Tilletiaria_anomala	TRAIN_PREDICT:RNASEQ_PREPARE	1	0	0	0	0	0.605	0.6167	7.6303	2.2	peak_rss	0.0	0.0	1	16	epyc
v1.9.0-rc1_container_rust	Tilletiaria_anomala_UBC_951	TRAIN_PREDICT:FUNANNOTATE_PREDICT	1	0	0	0	0	0.3169	0.3167	1.5197	3.2	peak_rss	0.0	0.0	1	8	epyc
v1.9.0-rc1_container_rust	Tilletiaria_anomala_UBC_951	TRAIN_PREDICT:FUNANNOTATE_TRAIN	1	0	0	0	0	0.575	0.5833	1.407	1.4	peak_rss	0.0	0.0	1	8	epyc
v1.9.0-rc1_container_rust	Tilletiopsis_washingtonensis	TRAIN_PREDICT:RNASEQ_PREPARE	1	0	0	0	0	0.6956	0.7	8.3682	1.7	peak_rss	0.0	0.0	1	16	epyc
v1.9.0-rc1_container_rust	Tilletiopsis_washingtonensis_MCA_4186	TRAIN_PREDICT:FUNANNOTATE_PREDICT	1	0	0	0	0	0.3122	0.3167	1.8265	4.2	peak_rss	0.0	0.0	1	8	epyc
v1.9.0-rc1_container_rust	Tilletiopsis_washingtonensis_MCA_4186	TRAIN_PREDICT:FUNANNOTATE_TRAIN	1	0	0	0	0	0.6522	0.65	1.5451	1.6	peak_rss	0.0	0.0	1	8	epyc
v1.9.0-rc1_container_rust	Tremella_mesenterica_Fries	TRAIN_PREDICT:FUNANNOTATE_PREDICT	1	0	0	0	0	2.1594	2.1668	14.5655	5.2	peak_rss	0.0	0.0	1	8	epyc
v1.9.0-rc1_container_rust	Tricharina_praecox	TRAIN_PREDICT:RNASEQ_PREPARE	1	0	0	0	0	1.2961	1.3001	14.2365	3.0	peak_rss	0.0	0.0	1	16	epyc
v1.9.0-rc1_container_rust	Tricharina_praecox_CBS_144465	TRAIN_PREDICT:FUNANNOTATE_PREDICT	1	0	0	0	0	0.4069	0.4167	2.2085	4.5	peak_rss	0.0	0.0	1	8	epyc
v1.9.0-rc1_container_rust	Tricharina_praecox_CBS_144465	TRAIN_PREDICT:FUNANNOTATE_TRAIN	1	0	0	0	0	0.7203	0.7167	2.4367	1.9	peak_rss	0.0	0.0	1	8	epyc
v1.9.0-rc1_container_rust	Trichosporon_asahii	TRAIN_PREDICT:RNASEQ_PREPARE	1	0	0	0	0	1.015	1.0334	10.9082	2.2	peak_rss	0.0	0.0	1	16	epyc
v1.9.0-rc1_container_rust	Trichosporon_asahii_CBS_2479	TRAIN_PREDICT:FUNANNOTATE_PREDICT	1	0	0	0	0	0.3486	0.35	1.6203	4.4	peak_rss	0.0	0.0	1	8	epyc
v1.9.0-rc1_container_rust	Trichosporon_asahii_CBS_2479	TRAIN_PREDICT:FUNANNOTATE_TRAIN	1	1	0	0	0	0.4711	0.4834	2.928	3.9	peak_rss	0.2	0.0	2	24	epyc
v1.9.0-rc1_container_rust	Umbelopsis_ramanniana	TRAIN_PREDICT:RNASEQ_PREPARE	1	0	0	0	0	0.7192	0.7334	8.425	2.1	peak_rss	0.0	0.0	1	16	epyc
v1.9.0-rc1_container_rust	Umbelopsis_ramanniana_AG	TRAIN_PREDICT:FUNANNOTATE_PREDICT	1	0	0	0	0	0.2764	0.2833	1.4494	3.9	peak_rss	0.0	0.0	1	8	epyc
v1.9.0-rc1_container_rust	Umbelopsis_ramanniana_AG	TRAIN_PREDICT:FUNANNOTATE_TRAIN	1	0	0	0	0	0.4697	0.4833	1.4768	1.6	peak_rss	0.0	0.0	1	8	epyc
v1.9.0-rc1_container_rust	Uncinocarpus_reesii_1704	TRAIN_PREDICT:FUNANNOTATE_PREDICT	1	0	0	0	0	1.3922	1.4001	8.7849	3.7	peak_rss	0.0	0.0	1	8	epyc
v1.9.0-rc1_container_rust	Wallemia_mellicola_CBS_633.66	TRAIN_PREDICT:FUNANNOTATE_PREDICT	1	0	0	0	0	0.8911	0.9	6.0738	2.7	peak_rss	0.0	0.0	1	8	epyc
v1.9.0-rc1_container_rust	Yarrowia_lipolytica	TRAIN_PREDICT:RNASEQ_PREPARE	1	0	0	0	0	0.9525	0.9667	11.6424	1.8	peak_rss	0.0	0.0	1	16	epyc
v1.9.0-rc1_container_rust	Yarrowia_lipolytica_CLIB122	TRAIN_PREDICT:FUNANNOTATE_PREDICT	1	1	0	0	0	0.1986	0.2167	1.6705	21.7	peak_rss	0.0167	0.0	2	16	epyc
v1.9.0-rc1_container_rust	Yarrowia_lipolytica_CLIB122	TRAIN_PREDICT:FUNANNOTATE_TRAIN	1	0	0	0	0	0.3975	0.4	1.2672	2.0	peak_rss	0.0	0.0	1	8	epyc
v1.9.0-rc1_container_rust	Zygosaccharomyces_rouxii	TRAIN_PREDICT:RNASEQ_PREPARE	1	0	0	0	0	0.2106	0.2167	2.538	2.7	peak_rss	0.0	0.0	1	16	epyc
v1.9.0-rc1_container_rust	Zygosaccharomyces_rouxii_CBS_732	TRAIN_PREDICT:FUNANNOTATE_PREDICT	1	0	0	0	0	0.2389	0.25	1.424	3.8	peak_rss	0.0	0.0	1	8	epyc
v1.9.0-rc1_container_rust	Zygosaccharomyces_rouxii_CBS_732	TRAIN_PREDICT:FUNANNOTATE_TRAIN	1	0	0	0	0	0.175	0.1833	0.4492	1.8	peak_rss	0.0	0.0	1	8	epyc
v1.9.0-rc1_container_rust	Zymoseptoria_tritici	TRAIN_PREDICT:RNASEQ_PREPARE	1	0	0	0	0	1.2667	1.2668	15.3077	7.2	peak_rss	0.0	0.0	1	16	epyc
v1.9.0-rc1_container_rust	Zymoseptoria_tritici_IPO323	TRAIN_PREDICT:FUNANNOTATE_PREDICT	1	0	0	0	0	0.4714	0.4834	2.5658	4.8	peak_rss	0.0	0.0	1	8	epyc
v1.9.0-rc1_container_rust	Zymoseptoria_tritici_IPO323	TRAIN_PREDICT:FUNANNOTATE_TRAIN	1	0	0	0	0	0.7364	0.7334	1.9419	1.9	peak_rss	0.0	0.0	1	8	epyc
v1.9.0-rc3_container_rust	-	ASM_STATS	1	0	0	0	0	0.0104	0.0167	0.0129	0.014	peak_rss	0.0	0.0	1	2	
v1.9.0-rc3_container_rust	-	FETCH_RNASEQ:COLLECT_SRA_QUERY	1	0	0	0	0	0.0	0.0	0.0	0.003	peak_rss	0.0	0.0	1	1	short
v1.9.0-rc3_container_rust	-	SETUP_DBS:SETUP_AUGUSTUS_CONFIG	1	0	0	0	0	0.0006	0.0	0.0001	0.008	peak_rss	0.0	0.0	1	1	short
v1.9.0-rc3_container_rust	-	SETUP_DBS:SETUP_MARIADB_DATADIR	1	0	0	0	0	0.0016	0.0	0.0003	0.212	peak_rss	0.0	0.0	1	1	
v1.9.0-rc3_container_rust	Allomyces_macrogynus_ATCC_38327	MASK_GENOME:MASKREPEAT_TANTAN_RUN	1	0	0	0	0	0.004	0.0166	0.006	0.068	peak_rss	0.0	0.0	1	8	short
v1.9.0-rc3_container_rust	Allomyces_macrogynus_ATCC_38327	TRAIN_PREDICT:BUSCO_COMPLETENESS	1	0	0	0	0	0.0186	0.0167	0.093	1.4	peak_rss	0.0	0.0	1	8	short
v1.9.0-rc3_container_rust	Allomyces_macrogynus_ATCC_38327	TRAIN_PREDICT:FUNANNOTATE_PREDICT	1	0	0	0	0	0.7008	0.7167	4.0866	4.4	peak_rss	0.0	0.0	1	8	epyc
v1.9.0-rc3_container_rust	Allomyces_macrogynus_ATCC_38327	TRAIN_PREDICT:FUNANNOTATE_TRAIN	1	0	0	0	0	0.655	0.6667	2.491	1.9	peak_rss	0.0	0.0	1	8	epyc
v1.9.0-rc3_container_rust	Aspergillus_clavatus_NRRL_1	MASK_GENOME:MASKREPEAT_TANTAN_RUN	1	0	0	0	0	0.0021	0.0	0.0034	0.086	peak_rss	0.0	0.0	1	8	short
v1.9.0-rc3_container_rust	Aspergillus_clavatus_NRRL_1	TRAIN_PREDICT:FUNANNOTATE_PREDICT	1	0	0	0	0	1.4631	1.4668	8.7505	10.9	peak_rss	0.0	0.0	1	8	epyc
v1.9.0-rc3_container_rust	Aspergillus_fumigatus_Af293	MASK_GENOME:MASKREPEAT_TANTAN_RUN	1	0	0	0	0	0.0022	0.0166	0.0037	0.078	peak_rss	0.0	0.0	1	8	short
v1.9.0-rc3_container_rust	Aspergillus_fumigatus_Af293	TRAIN_PREDICT:BUSCO_COMPLETENESS	1	0	0	0	0	0.0494	0.05	0.2786	1.1	peak_rss	0.0	0.0	1	8	short
v1.9.0-rc3_container_rust	Aspergillus_fumigatus_Af293	TRAIN_PREDICT:FUNANNOTATE_PREDICT	1	0	0	0	0	0.4047	0.4166	2.2592	20.1	peak_rss	0.0	0.0	1	8	epyc
v1.9.0-rc3_container_rust	Aspergillus_fumigatus_Af293	TRAIN_PREDICT:FUNANNOTATE_TRAIN	1	0	0	0	0	0.6739	0.6834	1.9482	1.9	peak_rss	0.0	0.0	1	8	epyc
v1.9.0-rc3_container_rust	Batrachochytrium_dendrobatidis_JAM81	MASK_GENOME:MASKREPEAT_TANTAN_RUN	1	0	0	0	0	0.0021	0.0	0.003	0.075	peak_rss	0.0	0.0	1	8	short
v1.9.0-rc3_container_rust	Batrachochytrium_dendrobatidis_JAM81	TRAIN_PREDICT:BUSCO_COMPLETENESS	1	0	0	0	0	0.0109	0.0	0.0515	1.017	peak_rss	0.0	0.0	1	8	short
v1.9.0-rc3_container_rust	Batrachochytrium_dendrobatidis_JAM81	TRAIN_PREDICT:FUNANNOTATE_PREDICT	1	0	0	0	0	0.2386	0.2333	1.199	6.2	peak_rss	0.0	0.0	1	8	epyc
v1.9.0-rc3_container_rust	Batrachochytrium_dendrobatidis_JAM81	TRAIN_PREDICT:FUNANNOTATE_TRAIN	1	0	0	0	0	0.845	0.8501	2.6432	2.2	peak_rss	0.0	0.0	1	8	epyc
v1.9.0-rc3_container_rust	Blastomyces_dermatitidis_ER-3	MASK_GENOME:MASKREPEAT_TANTAN_RUN	1	0	0	0	0	0.0045	0.0	0.0076	0.135	peak_rss	0.0	0.0	1	8	short
v1.9.0-rc3_container_rust	Blastomyces_dermatitidis_ER-3	TRAIN_PREDICT:FUNANNOTATE_PREDICT	1	0	0	0	0	1.6211	1.6335	9.9747	6.0	peak_rss	0.0	0.0	1	8	epyc
v1.9.0-rc3_container_rust	Botrytis_cinerea_B05.10	MASK_GENOME:MASKREPEAT_TANTAN_RUN	1	0	0	0	0	0.003	0.0166	0.005	0.089	peak_rss	0.0	0.0	1	8	short
v1.9.0-rc3_container_rust	Botrytis_cinerea_B05.10	TRAIN_PREDICT:BUSCO_COMPLETENESS	1	0	0	0	0	0.0456	0.05	0.2561	1.1	peak_rss	0.0	0.0	1	8	short
v1.9.0-rc3_container_rust	Botrytis_cinerea_B05.10	TRAIN_PREDICT:FUNANNOTATE_PREDICT	1	0	0	0	0	0.4661	0.4667	2.6773	4.6	peak_rss	0.0	0.0	1	8	epyc
v1.9.0-rc3_container_rust	Botrytis_cinerea_B05.10	TRAIN_PREDICT:FUNANNOTATE_TRAIN	1	0	0	0	0	0.6531	0.65	2.1472	2.2	peak_rss	0.0	0.0	1	8	epyc
v1.9.0-rc3_container_rust	Chaetomium_globosum_CBS_148.51	MASK_GENOME:MASKREPEAT_TANTAN_RUN	1	0	0	0	0	0.0025	0.0	0.0043	0.113	peak_rss	0.0	0.0	1	8	short
v1.9.0-rc3_container_rust	Chaetomium_globosum_CBS_148.51	TRAIN_PREDICT:BUSCO_COMPLETENESS	1	0	0	0	0	0.0536	0.05	0.2723	1.1	peak_rss	0.0	0.0	1	8	short
v1.9.0-rc3_container_rust	Chaetomium_globosum_CBS_148.51	TRAIN_PREDICT:FUNANNOTATE_PREDICT	1	0	0	0	0	0.5297	0.5333	2.8801	4.6	peak_rss	0.0	0.0	1	8	epyc
v1.9.0-rc3_container_rust	Chaetomium_globosum_CBS_148.51	TRAIN_PREDICT:FUNANNOTATE_TRAIN	1	0	0	0	0	0.8022	0.8167	2.5655	3.5	peak_rss	0.0	0.0	1	8	epyc
v1.9.0-rc3_container_rust	Cokeromyces_recurvatus_NRRL_2243	MASK_GENOME:MASKREPEAT_TANTAN_RUN	1	0	0	0	0	0.0024	0.0165	0.0035	0.064	peak_rss	0.0	0.0	1	8	short
v1.9.0-rc3_container_rust	Cokeromyces_recurvatus_NRRL_2243	TRAIN_PREDICT:BUSCO_COMPLETENESS	1	0	0	0	0	0.035	0.0333	0.1719	1.1	peak_rss	0.0	0.0	1	8	short
v1.9.0-rc3_container_rust	Cokeromyces_recurvatus_NRRL_2243	TRAIN_PREDICT:FUNANNOTATE_PREDICT	1	0	0	0	0	0.3364	0.3334	1.8471	4.2	peak_rss	0.0	0.0	1	8	epyc
v1.9.0-rc3_container_rust	Cokeromyces_recurvatus_NRRL_2243	TRAIN_PREDICT:FUNANNOTATE_TRAIN	1	0	0	0	0	0.9161	0.9334	3.0827	2.0	peak_rss	0.0	0.0	1	8	epyc
v1.9.0-rc3_container_rust	Colletotrichum_graminicola_M1.001	MASK_GENOME:MASKREPEAT_TANTAN_RUN	1	0	0	0	0	0.0037	0.0165	0.0062	0.06	peak_rss	0.0	0.0	1	8	short
v1.9.0-rc3_container_rust	Colletotrichum_graminicola_M1.001	TRAIN_PREDICT:BUSCO_COMPLETENESS	1	0	0	0	0	0.0533	0.05	0.271	1.1	peak_rss	0.0	0.0	1	8	short
v1.9.0-rc3_container_rust	Colletotrichum_graminicola_M1.001	TRAIN_PREDICT:FUNANNOTATE_PREDICT	1	0	0	0	0	0.5378	0.55	2.8771	4.5	peak_rss	0.0	0.0	1	8	epyc
v1.9.0-rc3_container_rust	Colletotrichum_graminicola_M1.001	TRAIN_PREDICT:FUNANNOTATE_TRAIN	1	0	0	0	0	1.0625	1.0667	2.8826	2.0	peak_rss	0.0	0.0	1	8	epyc
v1.9.0-rc3_container_rust	Cryptococcus_deneoformans_JEC21	MASK_GENOME:MASKREPEAT_TANTAN_RUN	1	0	0	0	0	0.0019	0.0166	0.0023	0.064	peak_rss	0.0	0.0	1	8	short
v1.9.0-rc3_container_rust	Cryptococcus_deneoformans_JEC21	TRAIN_PREDICT:BUSCO_COMPLETENESS	1	0	0	0	0	0.0425	0.05	0.2428	1.2	peak_rss	0.0	0.0	1	8	short
v1.9.0-rc3_container_rust	Cryptococcus_deneoformans_JEC21	TRAIN_PREDICT:FUNANNOTATE_PREDICT	1	0	0	0	0	0.2336	0.2333	1.1241	4.9	peak_rss	0.0	0.0	1	8	epyc
v1.9.0-rc3_container_rust	Cryptococcus_deneoformans_JEC21	TRAIN_PREDICT:FUNANNOTATE_TRAIN	1	0	0	0	0	0.6839	0.7001	1.9149	1.6	peak_rss	0.0	0.0	1	8	epyc
v1.9.0-rc3_container_rust	Cryptococcus_neoformans_H99	MASK_GENOME:MASKREPEAT_TANTAN_RUN	1	0	0	0	0	0.0019	0.0166	0.0025	0.063	peak_rss	0.0	0.0	1	8	short
v1.9.0-rc3_container_rust	Cryptococcus_neoformans_H99	TRAIN_PREDICT:BUSCO_COMPLETENESS	1	0	0	0	0	0.055	0.05	0.2948	1.007	peak_rss	0.0	0.0	1	8	short
v1.9.0-rc3_container_rust	Cryptococcus_neoformans_H99	TRAIN_PREDICT:FUNANNOTATE_PREDICT	1	0	0	0	0	0.3169	0.3333	1.5654	4.5	peak_rss	0.0	0.0	1	8	epyc
v1.9.0-rc3_container_rust	Cryptococcus_neoformans_H99	TRAIN_PREDICT:FUNANNOTATE_TRAIN	1	0	0	0	0	0.55	0.5834	1.4949	1.8	peak_rss	0.0	0.0	1	8	epyc
v1.9.0-rc3_container_rust	Cystobasidium_minutum_MCA_4210	MASK_GENOME:MASKREPEAT_TANTAN_RUN	1	0	0	0	0	0.0018	0.0166	0.0027	0.072	peak_rss	0.0	0.0	1	8	short
v1.9.0-rc3_container_rust	Cystobasidium_minutum_MCA_4210	TRAIN_PREDICT:FUNANNOTATE_PREDICT	1	0	0	0	0	0.825	0.85	5.5555	3.5	peak_rss	0.0	0.0	1	8	epyc
v1.9.0-rc3_container_rust	Dactylellina_haptotyla_CBS_200.50	MASK_GENOME:MASKREPEAT_TANTAN_RUN	1	0	0	0	0	0.003	0.0165	0.0048	0.058	peak_rss	0.0	0.0	1	8	short
v1.9.0-rc3_container_rust	Dactylellina_haptotyla_CBS_200.50	TRAIN_PREDICT:FUNANNOTATE_PREDICT	1	0	0	0	0	0.8772	0.8834	4.6589	2.9	peak_rss	0.0	0.0	1	8	epyc
v1.9.0-rc3_container_rust	Drepanopeziza_brunnea_MB_m1	MASK_GENOME:MASKREPEAT_TANTAN_RUN	1	0	0	0	0	0.0035	0.0165	0.0061	0.079	peak_rss	0.0	0.0	1	8	short
v1.9.0-rc3_container_rust	Drepanopeziza_brunnea_MB_m1	TRAIN_PREDICT:BUSCO_COMPLETENESS	1	0	0	0	0	0.0736	0.0667	0.2551	1.1	peak_rss	0.0	0.0	1	8	short
v1.9.0-rc3_container_rust	Drepanopeziza_brunnea_MB_m1	TRAIN_PREDICT:FUNANNOTATE_PREDICT	1	0	0	0	0	1.6619	1.6833	10.4054	4.6	peak_rss	0.0	0.0	1	8	epyc
v1.9.0-rc3_container_rust	Drepanopeziza_brunnea_MB_m1	TRAIN_PREDICT:FUNANNOTATE_TRAIN	1	0	0	0	0	0.0001	0.0167	0.0	0.007	peak_rss	0.0	0.0	1	8	epyc
v1.9.0-rc3_container_rust	Eremothecium_gossypii_ATCC_10895	MASK_GENOME:MASKREPEAT_TANTAN_RUN	1	0	0	0	0	0.0008	0.0	0.0013	0.056	peak_rss	0.0	0.0	1	8	short
v1.9.0-rc3_container_rust	Eremothecium_gossypii_ATCC_10895	TRAIN_PREDICT:FUNANNOTATE_PREDICT	1	0	0	0	0	0.6414	0.6667	3.4237	3.7	peak_rss	0.0	0.0	1	8	epyc
v1.9.0-rc3_container_rust	Fusarium_oxysporum_4287	MASK_GENOME:MASKREPEAT_TANTAN_RUN	1	0	0	0	0	0.0042	0.0	0.0072	0.088	peak_rss	0.0	0.0	1	8	short
v1.9.0-rc3_container_rust	Fusarium_oxysporum_4287	TRAIN_PREDICT:BUSCO_COMPLETENESS	1	0	0	0	0	0.0567	0.0667	0.3476	1.3	peak_rss	0.0	0.0	1	8	short
v1.9.0-rc3_container_rust	Fusarium_oxysporum_4287	TRAIN_PREDICT:FUNANNOTATE_PREDICT	1	0	0	0	0	0.6578	0.6667	3.5632	5.5	peak_rss	0.0	0.0	1	8	epyc
v1.9.0-rc3_container_rust	Fusarium_oxysporum_4287	TRAIN_PREDICT:FUNANNOTATE_TRAIN	1	0	0	0	0	0.7017	0.7	2.7695	2.4	peak_rss	0.0	0.0	1	8	epyc
v1.9.0-rc3_container_rust	Fusarium_verticillioides_7600	MASK_GENOME:MASKREPEAT_TANTAN_RUN	1	0	0	0	0	0.0028	0.0	0.0046	0.107	peak_rss	0.0	0.0	1	8	short
v1.9.0-rc3_container_rust	Fusarium_verticillioides_7600	TRAIN_PREDICT:BUSCO_COMPLETENESS	1	0	0	0	0	0.08	0.0667	0.32	1.3	peak_rss	0.0	0.0	1	8	short
v1.9.0-rc3_container_rust	Fusarium_verticillioides_7600	TRAIN_PREDICT:FUNANNOTATE_PREDICT	1	0	0	0	0	0.4853	0.5	2.471	4.1	peak_rss	0.0	0.0	1	8	epyc
v1.9.0-rc3_container_rust	Fusarium_verticillioides_7600	TRAIN_PREDICT:FUNANNOTATE_TRAIN	1	0	0	0	0	1.0189	1.0167	3.0078	2.0	peak_rss	0.0	0.0	1	8	epyc
v1.9.0-rc3_container_rust	Gaeumannomyces_tritici_R3-111a-1	MASK_GENOME:MASKREPEAT_TANTAN_RUN	1	0	0	0	0	0.0031	0.0	0.005	0.093	peak_rss	0.0	0.0	1	8	short
v1.9.0-rc3_container_rust	Gaeumannomyces_tritici_R3-111a-1	TRAIN_PREDICT:BUSCO_COMPLETENESS	1	0	0	0	0	0.0575	0.05	0.2925	1.1	peak_rss	0.0	0.0	1	8	short
v1.9.0-rc3_container_rust	Gaeumannomyces_tritici_R3-111a-1	TRAIN_PREDICT:FUNANNOTATE_PREDICT	1	0	0	0	0	0.5986	0.6	3.4893	6.5	peak_rss	0.0	0.0	1	8	epyc
v1.9.0-rc3_container_rust	Gaeumannomyces_tritici_R3-111a-1	TRAIN_PREDICT:FUNANNOTATE_TRAIN	1	0	0	0	0	0.8525	0.8501	2.4458	1.9	peak_rss	0.0	0.0	1	8	epyc
v1.9.0-rc3_container_rust	Kluyveromyces_lactis_NRRL_Y-1140	MASK_GENOME:MASKREPEAT_TANTAN_RUN	1	0	0	0	0	0.0014	0.0	0.0016	0.06	peak_rss	0.0	0.0	1	8	short
v1.9.0-rc3_container_rust	Kluyveromyces_lactis_NRRL_Y-1140	TRAIN_PREDICT:FUNANNOTATE_PREDICT	1	0	0	0	0	0.2158	0.2167	1.2287	4.0	peak_rss	0.0	0.0	1	8	epyc
v1.9.0-rc3_container_rust	Kluyveromyces_lactis_NRRL_Y-1140	TRAIN_PREDICT:FUNANNOTATE_TRAIN	1	0	0	0	0	0.1869	0.187	0.4382	1.9	peak_rss	0.0	0.0	1	8	epyc
v1.9.0-rc3_container_rust	Laccaria_bicolor_S238N-H82	MASK_GENOME:MASKREPEAT_TANTAN_RUN	1	0	0	0	0	0.0037	0.0	0.0061	0.069	peak_rss	0.0	0.0	1	8	short
v1.9.0-rc3_container_rust	Laccaria_bicolor_S238N-H82	TRAIN_PREDICT:FUNANNOTATE_PREDICT	1	0	0	0	0	1.9603	1.9668	12.632	4.7	peak_rss	0.0	0.0	1	8	epyc
v1.9.0-rc3_container_rust	Lachancea_thermotolerans_CBS_6340	MASK_GENOME:MASKREPEAT_TANTAN_RUN	1	0	0	0	0	0.0012	0.0165	0.0015	0.056	peak_rss	0.0	0.0	1	8	short
v1.9.0-rc3_container_rust	Lachancea_thermotolerans_CBS_6340	TRAIN_PREDICT:BUSCO_COMPLETENESS	1	0	0	0	0	0.0167	0.0166	0.0719	0.907	peak_rss	0.0	0.0	1	8	short
v1.9.0-rc3_container_rust	Lachancea_thermotolerans_CBS_6340	TRAIN_PREDICT:FUNANNOTATE_PREDICT	1	0	0	0	0	0.2294	0.2333	1.292	3.3	peak_rss	0.0	0.0	1	8	epyc
v1.9.0-rc3_container_rust	Lachancea_thermotolerans_CBS_6340	TRAIN_PREDICT:FUNANNOTATE_TRAIN	1	0	0	0	0	0.1817	0.2	0.5715	1.4	peak_rss	0.0	0.0	1	8	epyc
v1.9.0-rc3_container_rust	Leptographium_clavigerum_kw1407	MASK_GENOME:MASKREPEAT_TANTAN_RUN	1	0	0	0	0	0.0025	0.0166	0.0036	0.084	peak_rss	0.0	0.0	1	8	short
v1.9.0-rc3_container_rust	Leptographium_clavigerum_kw1407	TRAIN_PREDICT:FUNANNOTATE_PREDICT	1	0	0	0	0	1.4022	1.4168	8.5157	4.3	peak_rss	0.0	0.0	1	8	epyc
v1.9.0-rc3_container_rust	Letharia_columbiana_WasteWater2	MASK_GENOME:MASKREPEAT_TANTAN_RUN	1	0	0	0	0	0.0037	0.0	0.0061	0.062	peak_rss	0.0	0.0	1	8	short
v1.9.0-rc3_container_rust	Letharia_columbiana_WasteWater2	TRAIN_PREDICT:FUNANNOTATE_PREDICT	1	0	0	0	0	0.8944	0.9	5.2352	4.3	peak_rss	0.0	0.0	1	8	epyc
v1.9.0-rc3_container_rust	Lipomyces_tetrasporus_NRRL_Y-64009	MASK_GENOME:MASKREPEAT_TANTAN_RUN	1	0	0	0	0	0.0018	0.0	0.0026	0.071	peak_rss	0.0	0.0	1	8	short
v1.9.0-rc3_container_rust	Lipomyces_tetrasporus_NRRL_Y-64009	TRAIN_PREDICT:BUSCO_COMPLETENESS	1	0	0	0	0	0.0189	0.0333	0.093	1.0	peak_rss	0.0	0.0	1	8	short
v1.9.0-rc3_container_rust	Lipomyces_tetrasporus_NRRL_Y-64009	TRAIN_PREDICT:FUNANNOTATE_PREDICT	1	0	0	0	0	0.3494	0.35	1.8933	4.4	peak_rss	0.0	0.0	1	8	epyc
v1.9.0-rc3_container_rust	Lipomyces_tetrasporus_NRRL_Y-64009	TRAIN_PREDICT:FUNANNOTATE_TRAIN	1	0	0	0	0	0.5936	0.5964	1.9037	1.9	peak_rss	0.0	0.0	1	8	epyc
v1.9.0-rc3_container_rust	Malassezia_globosa_CBS_7966	MASK_GENOME:MASKREPEAT_TANTAN_RUN	1	0	0	0	0	0.0013	0.0	0.0013	0.055	peak_rss	0.0	0.0	1	8	short
v1.9.0-rc3_container_rust	Malassezia_globosa_CBS_7966	TRAIN_PREDICT:BUSCO_COMPLETENESS	1	0	0	0	0	0.015	0.0167	0.0701	0.962	peak_rss	0.0	0.0	1	8	short
v1.9.0-rc3_container_rust	Malassezia_globosa_CBS_7966	TRAIN_PREDICT:FUNANNOTATE_PREDICT	1	0	0	0	0	0.2442	0.25	1.1664	3.5	peak_rss	0.0	0.0	1	8	epyc
v1.9.0-rc3_container_rust	Malassezia_globosa_CBS_7966	TRAIN_PREDICT:FUNANNOTATE_TRAIN	1	0	0	0	0	0.3978	0.4	0.8528	1.7	peak_rss	0.0	0.0	1	8	epyc
v1.9.0-rc3_container_rust	Malassezia_sympodialis_ATCC_42132	MASK_GENOME:MASKREPEAT_TANTAN_RUN	1	0	0	0	0	0.001	0.0	0.0011	0.055	peak_rss	0.0	0.0	1	8	short
v1.9.0-rc3_container_rust	Malassezia_sympodialis_ATCC_42132	TRAIN_PREDICT:BUSCO_COMPLETENESS	1	0	0	0	0	0.0122	0.0167	0.0604	0.898	peak_rss	0.0	0.0	1	8	short
v1.9.0-rc3_container_rust	Malassezia_sympodialis_ATCC_42132	TRAIN_PREDICT:FUNANNOTATE_PREDICT	1	0	0	0	0	0.2011	0.2	1.1435	3.1	peak_rss	0.0	0.0	1	8	epyc
v1.9.0-rc3_container_rust	Malassezia_sympodialis_ATCC_42132	TRAIN_PREDICT:FUNANNOTATE_TRAIN	1	0	0	0	0	0.3739	0.3833	0.9863	1.3	peak_rss	0.0	0.0	1	8	epyc
v1.9.0-rc3_container_rust	Mixia_osmundae_IAM_14324	MASK_GENOME:MASKREPEAT_TANTAN_RUN	1	0	0	0	0	0.0013	0.0	0.0019	0.066	peak_rss	0.0	0.0	1	8	short
v1.9.0-rc3_container_rust	Mixia_osmundae_IAM_14324	TRAIN_PREDICT:FUNANNOTATE_PREDICT	1	0	0	0	0	0.7328	0.7333	4.5088	3.4	peak_rss	0.0	0.0	1	8	epyc
v1.9.0-rc3_container_rust	Morchella_importuna_M04M26	MASK_GENOME:MASKREPEAT_TANTAN_RUN	1	0	0	0	0	0.0038	0.0166	0.006	0.069	peak_rss	0.0	0.0	1	8	short
v1.9.0-rc3_container_rust	Morchella_importuna_M04M26	TRAIN_PREDICT:BUSCO_COMPLETENESS	1	0	0	0	0	0.0228	0.0166	0.1293	1.3	peak_rss	0.0	0.0	1	8	short
v1.9.0-rc3_container_rust	Morchella_importuna_M04M26	TRAIN_PREDICT:FUNANNOTATE_PREDICT	1	0	0	0	0	0.4611	0.4666	2.5905	4.4	peak_rss	0.0	0.0	1	8	epyc
v1.9.0-rc3_container_rust	Morchella_importuna_M04M26	TRAIN_PREDICT:FUNANNOTATE_TRAIN	1	0	0	0	0	0.7364	0.75	2.584	1.9	peak_rss	0.0	0.0	1	8	epyc
v1.9.0-rc3_container_rust	Morchella_sextelata_SCLS	MASK_GENOME:MASKREPEAT_TANTAN_RUN	1	0	0	0	0	0.0038	0.0	0.0064	0.071	peak_rss	0.0	0.0	1	8	short
v1.9.0-rc3_container_rust	Morchella_sextelata_SCLS	TRAIN_PREDICT:BUSCO_COMPLETENESS	1	0	0	0	0	0.0272	0.0333	0.1485	1.3	peak_rss	0.0	0.0	1	8	short
v1.9.0-rc3_container_rust	Morchella_sextelata_SCLS	TRAIN_PREDICT:FUNANNOTATE_PREDICT	1	0	0	0	0	0.5658	0.5667	3.1059	4.9	peak_rss	0.0	0.0	1	8	epyc
v1.9.0-rc3_container_rust	Morchella_sextelata_SCLS	TRAIN_PREDICT:FUNANNOTATE_TRAIN	1	0	0	0	0	1.1694	1.1668	4.0147	2.7	peak_rss	0.0	0.0	1	8	epyc
v1.9.0-rc3_container_rust	Mucor_mucedo_NRRL_3635	MASK_GENOME:MASKREPEAT_TANTAN_RUN	1	0	0	0	0	0.0031	0.0	0.0056	0.07	peak_rss	0.0	0.0	1	8	short
v1.9.0-rc3_container_rust	Mucor_mucedo_NRRL_3635	TRAIN_PREDICT:BUSCO_COMPLETENESS	1	0	0	0	0	0.0336	0.0334	0.2044	1.4	peak_rss	0.0	0.0	1	8	short
v1.9.0-rc3_container_rust	Mucor_mucedo_NRRL_3635	TRAIN_PREDICT:FUNANNOTATE_PREDICT	1	0	0	0	0	0.4753	0.4833	2.3731	4.6	peak_rss	0.0	0.0	1	8	epyc
v1.9.0-rc3_container_rust	Mucor_mucedo_NRRL_3635	TRAIN_PREDICT:FUNANNOTATE_TRAIN	1	0	0	0	0	0.7364	0.7501	2.503	2.8	peak_rss	0.0	0.0	1	8	epyc
v1.9.0-rc3_container_rust	Nakaseomyces_glabratus_CBS_138	MASK_GENOME:MASKREPEAT_TANTAN_RUN	1	0	0	0	0	0.0015	0.0166	0.0017	0.058	peak_rss	0.0	0.0	1	8	short
v1.9.0-rc3_container_rust	Nakaseomyces_glabratus_CBS_138	TRAIN_PREDICT:FUNANNOTATE_PREDICT	1	0	0	0	0	0.7311	0.7334	4.073	3.4	peak_rss	0.0	0.0	1	8	epyc
v1.9.0-rc3_container_rust	Orbilia_oligospora_ATCC_24927	MASK_GENOME:MASKREPEAT_TANTAN_RUN	1	0	0	0	0	0.0031	0.0166	0.0049	0.124	peak_rss	0.0	0.0	1	8	short
v1.9.0-rc3_container_rust	Orbilia_oligospora_ATCC_24927	TRAIN_PREDICT:BUSCO_COMPLETENESS	1	0	0	0	0	0.0289	0.0333	0.1628	1.3	peak_rss	0.0	0.0	1	8	short
v1.9.0-rc3_container_rust	Orbilia_oligospora_ATCC_24927	TRAIN_PREDICT:FUNANNOTATE_PREDICT	1	0	0	0	0	0.3861	0.4	2.0043	4.6	peak_rss	0.0	0.0	1	8	epyc
v1.9.0-rc3_container_rust	Orbilia_oligospora_ATCC_24927	TRAIN_PREDICT:FUNANNOTATE_TRAIN	1	0	0	0	0	0.8428	0.8501	2.5241	2.0	peak_rss	0.0	0.0	1	8	epyc
v1.9.0-rc3_container_rust	Parastagonospora_nodorum_SN15	MASK_GENOME:MASKREPEAT_TANTAN_RUN	1	0	0	0	0	0.0029	0.0166	0.0045	0.084	peak_rss	0.0	0.0	1	8	short
v1.9.0-rc3_container_rust	Parastagonospora_nodorum_SN15	TRAIN_PREDICT:BUSCO_COMPLETENESS	1	0	0	0	0	0.0581	0.05	0.3251	1.2	peak_rss	0.0	0.0	1	8	short
v1.9.0-rc3_container_rust	Parastagonospora_nodorum_SN15	TRAIN_PREDICT:FUNANNOTATE_PREDICT	1	0	0	0	0	0.4783	0.4833	2.5127	4.5	peak_rss	0.0	0.0	1	8	epyc
v1.9.0-rc3_container_rust	Parastagonospora_nodorum_SN15	TRAIN_PREDICT:FUNANNOTATE_TRAIN	1	0	0	0	0	0.6781	0.6834	2.163	3.9	peak_rss	0.0	0.0	1	8	epyc
v1.9.0-rc3_container_rust	Phycomyces_blakesleeanus_NRRL_1555_-	MASK_GENOME:MASKREPEAT_TANTAN_RUN	1	0	0	0	0	0.004	0.0166	0.0064	0.075	peak_rss	0.0	0.0	1	8	short
v1.9.0-rc3_container_rust	Phycomyces_blakesleeanus_NRRL_1555_-	TRAIN_PREDICT:BUSCO_COMPLETENESS	1	0	0	0	0	0.0356	0.0333	0.2343	1.5	peak_rss	0.0	0.0	1	8	short
v1.9.0-rc3_container_rust	Phycomyces_blakesleeanus_NRRL_1555_-	TRAIN_PREDICT:FUNANNOTATE_PREDICT	1	0	0	0	0	0.5603	0.5667	2.9308	4.8	peak_rss	0.0	0.0	1	8	epyc
v1.9.0-rc3_container_rust	Phycomyces_blakesleeanus_NRRL_1555_-	TRAIN_PREDICT:FUNANNOTATE_TRAIN	1	0	0	0	0	1.1311	1.1333	4.2564	2.6	peak_rss	0.0	0.0	1	8	epyc
v1.9.0-rc3_container_rust	Pneumocystis_murina_B123	MASK_GENOME:MASKREPEAT_TANTAN_RUN	1	0	0	0	0	0.0008	0.0	0.0012	0.053	peak_rss	0.0	0.0	1	8	short
v1.9.0-rc3_container_rust	Pneumocystis_murina_B123	TRAIN_PREDICT:FUNANNOTATE_PREDICT	1	0	0	0	0	0.6397	0.65	4.029	2.3	peak_rss	0.0	0.0	1	8	epyc
v1.9.0-rc3_container_rust	Protomyces_lactucae-debilis_12-1054	MASK_GENOME:MASKREPEAT_TANTAN_RUN	1	0	0	0	0	0.001	0.0	0.0019	0.055	peak_rss	0.0	0.0	1	8	short
v1.9.0-rc3_container_rust	Protomyces_lactucae-debilis_12-1054	TRAIN_PREDICT:BUSCO_COMPLETENESS	1	0	0	0	0	0.0172	0.0167	0.0896	1.1	peak_rss	0.0	0.0	1	8	short
v1.9.0-rc3_container_rust	Protomyces_lactucae-debilis_12-1054	TRAIN_PREDICT:FUNANNOTATE_PREDICT	1	0	0	0	0	0.2331	0.2333	1.3161	3.6	peak_rss	0.0	0.0	1	8	epyc
v1.9.0-rc3_container_rust	Protomyces_lactucae-debilis_12-1054	TRAIN_PREDICT:FUNANNOTATE_TRAIN	1	0	0	0	0	0.3542	0.3667	0.8203	1.9	peak_rss	0.0	0.0	1	8	epyc
v1.9.0-rc3_container_rust	Pseudogymnoascus_destructans_20631-21	MASK_GENOME:MASKREPEAT_TANTAN_RUN	1	0	0	0	0	0.0019	0.0	0.0036	0.084	peak_rss	0.0	0.0	1	8	short
v1.9.0-rc3_container_rust	Pseudogymnoascus_destructans_20631-21	TRAIN_PREDICT:BUSCO_COMPLETENESS	1	0	0	0	0	0.0397	0.0333	0.2073	1.1	peak_rss	0.0	0.0	1	8	short
v1.9.0-rc3_container_rust	Pseudogymnoascus_destructans_20631-21	TRAIN_PREDICT:FUNANNOTATE_PREDICT	1	0	0	0	0	0.4369	0.4333	2.4814	3.3	peak_rss	0.0	0.0	1	8	epyc
v1.9.0-rc3_container_rust	Pseudogymnoascus_destructans_20631-21	TRAIN_PREDICT:FUNANNOTATE_TRAIN	1	0	0	0	0	0.8506	0.8706	2.2268	1.7	peak_rss	0.0	0.0	1	8	epyc
v1.9.0-rc3_container_rust	Pyrenophora_teres_0-1	MASK_GENOME:MASKREPEAT_TANTAN_RUN	1	0	0	0	0	0.0024	0.0166	0.0037	0.053	peak_rss	0.0	0.0	1	8	short
v1.9.0-rc3_container_rust	Pyrenophora_teres_0-1	TRAIN_PREDICT:BUSCO_COMPLETENESS	1	0	0	0	0	0.0819	0.0667	0.2876	1.1	peak_rss	0.0	0.0	1	8	short
v1.9.0-rc3_container_rust	Pyrenophora_teres_0-1	TRAIN_PREDICT:FUNANNOTATE_PREDICT	1	0	0	0	0	1.3953	1.4	7.395	2.0	peak_rss	0.0	0.0	1	8	epyc
v1.9.0-rc3_container_rust	Pyrenophora_teres_0-1	TRAIN_PREDICT:FUNANNOTATE_TRAIN	1	1	0	0	0	0.0001	0.0	0.0	0.0		0.0166	0.0	1	8	epyc
v1.9.0-rc3_container_rust	Pyrenophora_tritici-repentis_Pt-1C-BFP	MASK_GENOME:MASKREPEAT_TANTAN_RUN	1	0	0	0	0	0.0029	0.0166	0.0046	0.096	peak_rss	0.0	0.0	1	8	short
v1.9.0-rc3_container_rust	Pyrenophora_tritici-repentis_Pt-1C-BFP	TRAIN_PREDICT:BUSCO_COMPLETENESS	1	0	0	0	0	0.0564	0.05	0.3015	1.3	peak_rss	0.0	0.0	1	8	short
v1.9.0-rc3_container_rust	Pyrenophora_tritici-repentis_Pt-1C-BFP	TRAIN_PREDICT:FUNANNOTATE_PREDICT	1	0	0	0	0	0.4728	0.4833	2.7208	4.6	peak_rss	0.0	0.0	1	8	epyc
v1.9.0-rc3_container_rust	Pyrenophora_tritici-repentis_Pt-1C-BFP	TRAIN_PREDICT:FUNANNOTATE_TRAIN	1	0	0	0	0	0.9092	0.9167	3.1266	2.2	peak_rss	0.0	0.0	1	8	epyc
v1.9.0-rc3_container_rust	Pyricularia_oryzae_70-15	MASK_GENOME:MASKREPEAT_TANTAN_RUN	1	0	0	0	0	0.0032	0.0166	0.0049	0.119	peak_rss	0.0	0.0	1	8	short
v1.9.0-rc3_container_rust	Pyricularia_oryzae_70-15	TRAIN_PREDICT:FUNANNOTATE_PREDICT	1	0	0	0	0	1.4481	1.4501	8.5986	6.2	peak_rss	0.0	0.0	1	8	epyc
v1.9.0-rc3_container_rust	Rhizopus_delemar_RA_99-880	MASK_GENOME:MASKREPEAT_TANTAN_RUN	1	0	0	0	0	0.0035	0.0166	0.0054	0.081	peak_rss	0.0	0.0	1	8	short
v1.9.0-rc3_container_rust	Rhizopus_delemar_RA_99-880	TRAIN_PREDICT:BUSCO_COMPLETENESS	1	0	0	0	0	0.0381	0.0333	0.2135	1.2	peak_rss	0.0	0.0	1	8	short
v1.9.0-rc3_container_rust	Rhizopus_delemar_RA_99-880	TRAIN_PREDICT:FUNANNOTATE_PREDICT	1	0	0	0	0	0.5556	0.5667	2.9533	18.8	peak_rss	0.0	0.0	1	8	epyc
v1.9.0-rc3_container_rust	Rhizopus_delemar_RA_99-880	TRAIN_PREDICT:FUNANNOTATE_TRAIN	1	0	0	0	0	1.0775	1.0834	4.185	2.3	peak_rss	0.0	0.0	1	8	epyc
v1.9.0-rc3_container_rust	Rhizopus_microsporus_ATCC_52813	MASK_GENOME:MASKREPEAT_TANTAN_RUN	1	0	0	0	0	0.0023	0.0166	0.0032	0.066	peak_rss	0.0	0.0	1	8	short
v1.9.0-rc3_container_rust	Rhizopus_microsporus_ATCC_52813	TRAIN_PREDICT:BUSCO_COMPLETENESS	1	0	0	0	0	0.0394	0.0333	0.1966	1.1	peak_rss	0.0	0.0	1	8	short
v1.9.0-rc3_container_rust	Rhizopus_microsporus_ATCC_52813	TRAIN_PREDICT:FUNANNOTATE_PREDICT	1	0	0	0	0	0.3461	0.35	1.9458	4.5	peak_rss	0.0	0.0	1	8	epyc
v1.9.0-rc3_container_rust	Rhizopus_microsporus_ATCC_52813	TRAIN_PREDICT:FUNANNOTATE_TRAIN	1	0	0	0	0	0.8944	0.9001	3.0671	1.8	peak_rss	0.0	0.0	1	8	epyc
v1.9.0-rc3_container_rust	Rhodotorula_graminis_WP1	MASK_GENOME:MASKREPEAT_TANTAN_RUN	1	0	0	0	0	0.0021	0.0166	0.0026	0.064	peak_rss	0.0	0.0	1	8	short
v1.9.0-rc3_container_rust	Rhodotorula_graminis_WP1	TRAIN_PREDICT:FUNANNOTATE_PREDICT	1	0	0	0	0	0.9903	1.0001	6.009	4.1	peak_rss	0.0	0.0	1	8	epyc
v1.9.0-rc3_container_rust	Rhodotorula_toruloides_NP11	MASK_GENOME:MASKREPEAT_TANTAN_RUN	1	0	0	0	0	0.002	0.0166	0.0026	0.059	peak_rss	0.0	0.0	1	8	short
v1.9.0-rc3_container_rust	Rhodotorula_toruloides_NP11	TRAIN_PREDICT:FUNANNOTATE_PREDICT	1	0	0	0	0	0.9003	0.9168	5.6321	4.2	peak_rss	0.0	0.0	1	8	epyc
v1.9.0-rc3_container_rust	Saccharomyces_cerevisiae_S288C	MASK_GENOME:MASKREPEAT_TANTAN_RUN	1	0	0	0	0	0.0013	0.0	0.0017	0.058	peak_rss	0.0	0.0	1	8	short
v1.9.0-rc3_container_rust	Saccharomyces_cerevisiae_S288C	TRAIN_PREDICT:BUSCO_COMPLETENESS	1	0	0	0	0	0.0211	0.0167	0.09	1.0	peak_rss	0.0	0.0	1	8	short
v1.9.0-rc3_container_rust	Saccharomyces_cerevisiae_S288C	TRAIN_PREDICT:FUNANNOTATE_PREDICT	1	0	0	0	0	0.2292	0.2333	1.2659	3.8	peak_rss	0.0	0.0	1	8	epyc
v1.9.0-rc3_container_rust	Saccharomyces_cerevisiae_S288C	TRAIN_PREDICT:FUNANNOTATE_TRAIN	1	0	0	0	0	0.2131	0.2333	0.5663	1.8	peak_rss	0.0	0.0	1	8	epyc
v1.9.0-rc3_container_rust	Schizophyllum_commune_H4-8	MASK_GENOME:MASKREPEAT_TANTAN_RUN	1	0	0	0	0	0.0028	0.0166	0.0047	0.12	peak_rss	0.0	0.0	1	8	short
v1.9.0-rc3_container_rust	Schizophyllum_commune_H4-8	TRAIN_PREDICT:BUSCO_COMPLETENESS	1	0	0	0	0	0.0444	0.0333	0.209	1.2	peak_rss	0.0	0.0	1	8	short
v1.9.0-rc3_container_rust	Schizophyllum_commune_H4-8	TRAIN_PREDICT:FUNANNOTATE_PREDICT	1	0	0	0	0	1.4056	1.4	9.1108	4.0	peak_rss	0.0	0.0	1	8	epyc
v1.9.0-rc3_container_rust	Schizophyllum_commune_H4-8	TRAIN_PREDICT:FUNANNOTATE_TRAIN	1	0	0	0	0	0.2419	0.25	0.8354	1.6	peak_rss	0.0	0.0	1	8	epyc
v1.9.0-rc3_container_rust	Sclerotinia_sclerotiorum_1980	MASK_GENOME:MASKREPEAT_TANTAN_RUN	1	0	0	0	0	0.0027	0.0	0.0047	0.067	peak_rss	0.0	0.0	1	8	short
v1.9.0-rc3_container_rust	Sclerotinia_sclerotiorum_1980	TRAIN_PREDICT:BUSCO_COMPLETENESS	1	0	0	0	0	0.0475	0.05	0.2662	1.1	peak_rss	0.0	0.0	1	8	short
v1.9.0-rc3_container_rust	Sclerotinia_sclerotiorum_1980	TRAIN_PREDICT:FUNANNOTATE_PREDICT	1	0	0	0	0	0.5189	0.5167	2.7309	4.7	peak_rss	0.0	0.0	1	8	epyc
v1.9.0-rc3_container_rust	Sclerotinia_sclerotiorum_1980	TRAIN_PREDICT:FUNANNOTATE_TRAIN	1	0	0	0	0	0.6989	0.7001	2.4503	2.0	peak_rss	0.0	0.0	1	8	epyc
v1.9.0-rc3_container_rust	Spizellomyces_punctatus_DAOM_BR117	MASK_GENOME:MASKREPEAT_TANTAN_RUN	1	0	0	0	0	0.0022	0.0166	0.003	0.062	peak_rss	0.0	0.0	1	8	short
v1.9.0-rc3_container_rust	Spizellomyces_punctatus_DAOM_BR117	TRAIN_PREDICT:BUSCO_COMPLETENESS	0	3	0	0	1	0.0		0.0	0.0		0.0	0.0			
v1.9.0-rc3_container_rust	Spizellomyces_punctatus_DAOM_BR117	TRAIN_PREDICT:FUNANNOTATE_PREDICT	1	0	0	0	0	0.5728	0.5833	3.2843	4.3	peak_rss	0.0	0.0	1	8	epyc
v1.9.0-rc3_container_rust	Sporobolomyces_koalae_JCM15063	MASK_GENOME:MASKREPEAT_TANTAN_RUN	1	0	0	0	0	0.0015	0.0	0.0024	0.054	peak_rss	0.0	0.0	1	8	short
v1.9.0-rc3_container_rust	Sporobolomyces_koalae_JCM15063	TRAIN_PREDICT:FUNANNOTATE_PREDICT	1	0	0	0	0	0.7772	0.7833	4.9602	3.3	peak_rss	0.0	0.0	1	8	epyc
v1.9.0-rc3_container_rust	Sporobolomyces_salmoneus_JCM6883	MASK_GENOME:MASKREPEAT_TANTAN_RUN	1	0	0	0	0	0.0015	0.0	0.0026	0.059	peak_rss	0.0	0.0	1	8	short
v1.9.0-rc3_container_rust	Sporobolomyces_salmoneus_JCM6883	TRAIN_PREDICT:FUNANNOTATE_PREDICT	1	0	0	0	0	0.8847	0.9001	5.6587	3.4	peak_rss	0.0	0.0	1	8	epyc
v1.9.0-rc3_container_rust	Sugiyamaella_lignohabitans_CBS_10342	MASK_GENOME:MASKREPEAT_TANTAN_RUN	1	0	0	0	0	0.0014	0.0165	0.0021	0.084	peak_rss	0.0	0.0	1	8	short
v1.9.0-rc3_container_rust	Sugiyamaella_lignohabitans_CBS_10342	TRAIN_PREDICT:FUNANNOTATE_PREDICT	1	0	0	0	0	0.7742	0.7834	4.6961	4.0	peak_rss	0.0	0.0	1	8	epyc
v1.9.0-rc3_container_rust	Synchytrium_microbalum_JEL517	MASK_GENOME:MASKREPEAT_TANTAN_RUN	1	0	0	0	0	0.002	0.0165	0.0032	0.059	peak_rss	0.0	0.0	1	8	short
v1.9.0-rc3_container_rust	Synchytrium_microbalum_JEL517	TRAIN_PREDICT:FUNANNOTATE_PREDICT	1	0	0	0	0	0.5181	0.5334	3.0384	4.1	peak_rss	0.0	0.0	1	8	epyc
v1.9.0-rc3_container_rust	Talaromyces_marneffei_ATCC_18224	MASK_GENOME:MASKREPEAT_TANTAN_RUN	1	0	0	0	0	0.0024	0.0166	0.0035	0.086	peak_rss	0.0	0.0	1	8	short
v1.9.0-rc3_container_rust	Talaromyces_marneffei_ATCC_18224	TRAIN_PREDICT:BUSCO_COMPLETENESS	1	0	0	0	0	0.0481	0.05	0.2492	1.2	peak_rss	0.0	0.0	1	8	short
v1.9.0-rc3_container_rust	Talaromyces_marneffei_ATCC_18224	TRAIN_PREDICT:FUNANNOTATE_PREDICT	1	0	0	0	0	0.3417	0.35	1.9571	4.3	peak_rss	0.0	0.0	1	8	epyc
v1.9.0-rc3_container_rust	Talaromyces_marneffei_ATCC_18224	TRAIN_PREDICT:FUNANNOTATE_TRAIN	1	0	0	0	0	0.6678	0.6834	2.0494	1.9	peak_rss	0.0	0.0	1	8	epyc
v1.9.0-rc3_container_rust	Talaromyces_stipitatus_ATCC_10500	MASK_GENOME:MASKREPEAT_TANTAN_RUN	1	0	0	0	0	0.0024	0.0	0.0043	0.082	peak_rss	0.0	0.0	1	8	short
v1.9.0-rc3_container_rust	Talaromyces_stipitatus_ATCC_10500	TRAIN_PREDICT:FUNANNOTATE_PREDICT	1	0	0	0	0	1.4225	1.4334	8.6147	4.5	peak_rss	0.0	0.0	1	8	epyc
v1.9.0-rc3_container_rust	Tilletiaria_anomala_UBC_951	MASK_GENOME:MASKREPEAT_TANTAN_RUN	1	0	0	0	0	0.0014	0.0166	0.0025	0.053	peak_rss	0.0	0.0	1	8	short
v1.9.0-rc3_container_rust	Tilletiaria_anomala_UBC_951	TRAIN_PREDICT:BUSCO_COMPLETENESS	1	0	0	0	0	0.0148	0.0166	0.0818	1.017	peak_rss	0.0	0.0	1	8	short
v1.9.0-rc3_container_rust	Tilletiaria_anomala_UBC_951	TRAIN_PREDICT:FUNANNOTATE_PREDICT	1	0	0	0	0	0.2917	0.3	1.3778	3.0	peak_rss	0.0	0.0	1	8	epyc
v1.9.0-rc3_container_rust	Tilletiaria_anomala_UBC_951	TRAIN_PREDICT:FUNANNOTATE_TRAIN	1	0	0	0	0	0.4525	0.4667	1.0878	1.5	peak_rss	0.0	0.0	1	8	epyc
v1.9.0-rc3_container_rust	Tilletiopsis_washingtonensis_MCA_4186	MASK_GENOME:MASKREPEAT_TANTAN_RUN	1	0	0	0	0	0.0014	0.0166	0.0024	0.056	peak_rss	0.0	0.0	1	8	short
v1.9.0-rc3_container_rust	Tilletiopsis_washingtonensis_MCA_4186	TRAIN_PREDICT:BUSCO_COMPLETENESS	1	0	0	0	0	0.0146	0.0166	0.0837	1.02	peak_rss	0.0	0.0	1	8	short
v1.9.0-rc3_container_rust	Tilletiopsis_washingtonensis_MCA_4186	TRAIN_PREDICT:FUNANNOTATE_PREDICT	1	0	0	0	0	0.285	0.3	1.492	4.3	peak_rss	0.0	0.0	1	8	epyc
v1.9.0-rc3_container_rust	Tilletiopsis_washingtonensis_MCA_4186	TRAIN_PREDICT:FUNANNOTATE_TRAIN	1	0	0	0	0	0.7183	0.7334	1.6536	1.6	peak_rss	0.0	0.0	1	8	epyc
v1.9.0-rc3_container_rust	Tremella_mesenterica_Fries	MASK_GENOME:MASKREPEAT_TANTAN_RUN	1	0	0	0	0	0.0026	0.0	0.0035	0.083	peak_rss	0.0	0.0	1	8	short
v1.9.0-rc3_container_rust	Tremella_mesenterica_Fries	TRAIN_PREDICT:FUNANNOTATE_PREDICT	1	0	0	0	0	1.7186	1.7335	10.7637	4.7	peak_rss	0.0	0.0	1	8	epyc
v1.9.0-rc3_container_rust	Tricharina_praecox_CBS_144465	MASK_GENOME:MASKREPEAT_TANTAN_RUN	1	0	0	0	0	0.0027	0.0	0.0046	0.073	peak_rss	0.0	0.0	1	8	short
v1.9.0-rc3_container_rust	Tricharina_praecox_CBS_144465	TRAIN_PREDICT:BUSCO_COMPLETENESS	1	0	0	0	0	0.0256	0.0167	0.1245	1.2	peak_rss	0.0	0.0	1	8	short
v1.9.0-rc3_container_rust	Tricharina_praecox_CBS_144465	TRAIN_PREDICT:FUNANNOTATE_PREDICT	1	0	0	0	0	0.3669	0.3833	2.0453	4.5	peak_rss	0.0	0.0	1	8	epyc
v1.9.0-rc3_container_rust	Tricharina_praecox_CBS_144465	TRAIN_PREDICT:FUNANNOTATE_TRAIN	1	0	0	0	0	0.6514	0.6667	2.1151	1.9	peak_rss	0.0	0.0	1	8	epyc
v1.9.0-rc3_container_rust	Trichosporon_asahii_CBS_2479	MASK_GENOME:MASKREPEAT_TANTAN_RUN	1	0	0	0	0	0.0021	0.0165	0.0031	0.074	peak_rss	0.0	0.0	1	8	short
v1.9.0-rc3_container_rust	Trichosporon_asahii_CBS_2479	TRAIN_PREDICT:BUSCO_COMPLETENESS	1	0	0	0	0	0.0467	0.0333	0.2951	1.2	peak_rss	0.0	0.0	1	8	short
v1.9.0-rc3_container_rust	Trichosporon_asahii_CBS_2479	TRAIN_PREDICT:FUNANNOTATE_PREDICT	1	0	0	0	0	0.415	0.4167	2.0339	4.4	peak_rss	0.0	0.0	1	8	epyc
v1.9.0-rc3_container_rust	Trichosporon_asahii_CBS_2479	TRAIN_PREDICT:FUNANNOTATE_TRAIN	1	0	0	0	0	0.6614	0.6667	1.9954	1.7	peak_rss	0.0	0.0	1	8	epyc
v1.9.0-rc3_container_rust	Umbelopsis_ramanniana_AG	MASK_GENOME:MASKREPEAT_TANTAN_RUN	1	0	0	0	0	0.002	0.0165	0.003	0.055	peak_rss	0.0	0.0	1	8	short
v1.9.0-rc3_container_rust	Umbelopsis_ramanniana_AG	TRAIN_PREDICT:BUSCO_COMPLETENESS	1	0	0	0	0	0.0272	0.0167	0.183	1.0	peak_rss	0.0	0.0	1	8	short
v1.9.0-rc3_container_rust	Umbelopsis_ramanniana_AG	TRAIN_PREDICT:FUNANNOTATE_PREDICT	1	0	0	0	0	0.2814	0.2833	1.4562	4.2	peak_rss	0.0	0.0	1	8	epyc
v1.9.0-rc3_container_rust	Umbelopsis_ramanniana_AG	TRAIN_PREDICT:FUNANNOTATE_TRAIN	1	0	0	0	0	0.3694	0.3834	1.0991	1.6	peak_rss	0.0	0.0	1	8	epyc
v1.9.0-rc3_container_rust	Uncinocarpus_reesii_1704	MASK_GENOME:MASKREPEAT_TANTAN_RUN	1	0	0	0	0	0.002	0.0165	0.0028	0.092	peak_rss	0.0	0.0	1	8	short
v1.9.0-rc3_container_rust	Uncinocarpus_reesii_1704	TRAIN_PREDICT:FUNANNOTATE_PREDICT	1	0	0	0	0	1.5378	1.5501	9.588	5.0	peak_rss	0.0	0.0	1	8	epyc
v1.9.0-rc3_container_rust	Wallemia_mellicola_CBS_633.66	MASK_GENOME:MASKREPEAT_TANTAN_RUN	1	0	0	0	0	0.0012	0.0	0.0015	0.055	peak_rss	0.0	0.0	1	8	short
v1.9.0-rc3_container_rust	Wallemia_mellicola_CBS_633.66	TRAIN_PREDICT:FUNANNOTATE_PREDICT	1	0	0	0	0	0.955	0.9667	5.8952	2.7	peak_rss	0.0	0.0	1	8	epyc
v1.9.0-rc3_container_rust	Yarrowia_lipolytica_CLIB122	MASK_GENOME:MASKREPEAT_TANTAN_RUN	1	0	0	0	0	0.0015	0.0166	0.0027	0.073	peak_rss	0.0	0.0	1	8	short
v1.9.0-rc3_container_rust	Yarrowia_lipolytica_CLIB122	TRAIN_PREDICT:BUSCO_COMPLETENESS	1	0	0	0	0	0.0211	0.0333	0.1055	1.016	peak_rss	0.0	0.0	1	8	short
v1.9.0-rc3_container_rust	Yarrowia_lipolytica_CLIB122	TRAIN_PREDICT:FUNANNOTATE_PREDICT	1	0	0	0	0	0.2842	0.2833	1.5462	8.8	peak_rss	0.0	0.0	1	8	epyc
v1.9.0-rc3_container_rust	Yarrowia_lipolytica_CLIB122	TRAIN_PREDICT:FUNANNOTATE_TRAIN	1	0	0	0	0	0.3614	0.3833	1.2464	1.8	peak_rss	0.0	0.0	1	8	epyc
v1.9.0-rc3_container_rust	Zygosaccharomyces_rouxii_CBS_732	MASK_GENOME:MASKREPEAT_TANTAN_RUN	1	0	0	0	0	0.0011	0.0	0.0015	0.058	peak_rss	0.0	0.0	1	8	short
v1.9.0-rc3_container_rust	Zygosaccharomyces_rouxii_CBS_732	TRAIN_PREDICT:BUSCO_COMPLETENESS	1	0	0	0	0	0.0203	0.0167	0.0889	0.979	peak_rss	0.0	0.0	1	8	short
v1.9.0-rc3_container_rust	Zygosaccharomyces_rouxii_CBS_732	TRAIN_PREDICT:FUNANNOTATE_PREDICT	1	0	0	0	0	0.2667	0.2667	1.3931	4.1	peak_rss	0.0	0.0	1	8	epyc
v1.9.0-rc3_container_rust	Zygosaccharomyces_rouxii_CBS_732	TRAIN_PREDICT:FUNANNOTATE_TRAIN	1	0	0	0	0	0.1861	0.2037	0.4874	1.8	peak_rss	0.0	0.0	1	8	epyc
v1.9.0-rc3_container_rust	Zymoseptoria_tritici_IPO323	MASK_GENOME:MASKREPEAT_TANTAN_RUN	1	0	0	0	0	0.003	0.0	0.0048	0.072	peak_rss	0.0	0.0	1	8	short
v1.9.0-rc3_container_rust	Zymoseptoria_tritici_IPO323	TRAIN_PREDICT:BUSCO_COMPLETENESS	1	0	0	0	0	0.0875	0.0833	0.2417	1.2	peak_rss	0.0	0.0	1	8	short
v1.9.0-rc3_container_rust	Zymoseptoria_tritici_IPO323	TRAIN_PREDICT:FUNANNOTATE_PREDICT	1	0	0	0	0	0.5697	0.5667	2.9945	4.8	peak_rss	0.0	0.0	1	8	epyc
v1.9.0-rc3_container_rust	Zymoseptoria_tritici_IPO323	TRAIN_PREDICT:FUNANNOTATE_TRAIN	1	0	0	0	0	0.9178	0.9334	2.1641	2.0	peak_rss	0.0	0.0	1	8	epyc
