cell	genome	process	task_name	status	exit	realtime_s	cpu_pct	peak_rss_gb	rss_field	cpu_hours	attempt	cpus	memory_req_gb	queue	hostname	submit	start	complete	trace_file	role
v1.8.17_conda	Nakaseomyces_glabratus_+9_more	FETCH_RNASEQ:SRA_QUERY_BATCH	FETCH_RNASEQ:SRA_QUERY_BATCH (Nakaseomyces_glabratus_+9_more)	COMPLETED	0	0.42	30.7	0.0033	rss	3.5816666666666665e-05									annotate_trace.20260905_164327.txt	final
v1.8.17_conda	Spizellomyces_punctatus_+9_more	FETCH_RNASEQ:SRA_QUERY_BATCH	FETCH_RNASEQ:SRA_QUERY_BATCH (Spizellomyces_punctatus_+9_more)	COMPLETED	0	0.28500000000000003	47.9	0.0033	rss	3.792083333333334e-05									annotate_trace.20260905_164327.txt	final
v1.8.17_conda	Leptographium_clavigerum_+9_more	FETCH_RNASEQ:SRA_QUERY_BATCH	FETCH_RNASEQ:SRA_QUERY_BATCH (Leptographium_clavigerum_+9_more)	COMPLETED	0	0.28500000000000003	45.2	0.0032	rss	3.578333333333334e-05									annotate_trace.20260905_164327.txt	final
v1.8.17_conda	Pneumocystis_murina_+9_more	FETCH_RNASEQ:SRA_QUERY_BATCH	FETCH_RNASEQ:SRA_QUERY_BATCH (Pneumocystis_murina_+9_more)	COMPLETED	0	0.6880000000000001	17.2	0.0032	rss	3.287111111111111e-05									annotate_trace.20260905_164327.txt	final
v1.8.17_conda	Malassezia_sympodialis_+9_more	FETCH_RNASEQ:SRA_QUERY_BATCH	FETCH_RNASEQ:SRA_QUERY_BATCH (Malassezia_sympodialis_+9_more)	COMPLETED	0	0.38	35.8	0.0032	rss	3.7788888888888884e-05									annotate_trace.20260905_164327.txt	final
v1.8.17_conda	Wallemia_mellicola_+4_more	FETCH_RNASEQ:SRA_QUERY_BATCH	FETCH_RNASEQ:SRA_QUERY_BATCH (Wallemia_mellicola_+4_more)	COMPLETED	0	0.503	17.1	0.0032	rss	2.3892500000000002e-05									annotate_trace.20260905_164327.txt	final
v1.8.17_conda	Trichosporon_asahii_+9_more	FETCH_RNASEQ:SRA_QUERY_BATCH	FETCH_RNASEQ:SRA_QUERY_BATCH (Trichosporon_asahii_+9_more)	COMPLETED	0	0.644	19.6	0.0031000000000000003	rss	3.506222222222222e-05									annotate_trace.20260905_164327.txt	final
v1.8.17_conda	-	FETCH_RNASEQ:COLLECT_SRA_QUERY	FETCH_RNASEQ:COLLECT_SRA_QUERY	COMPLETED	0	0.749	52.5	0.0032	rss	0.00010922916666666668									annotate_trace.20260905_164327.txt	overhead
v1.8.17_conda	Malassezia_globosa	FETCH_RNASEQ:SRA_FETCH	FETCH_RNASEQ:SRA_FETCH (Malassezia_globosa)	FAILED	1	300.0													annotate_trace.20260905_164327.txt	unresolved
v1.8.17_conda	Malassezia_globosa	FETCH_RNASEQ:SRA_FETCH	FETCH_RNASEQ:SRA_FETCH (Malassezia_globosa)	FAILED	1	180.0													annotate_trace.20260905_164327.txt	unresolved
v1.8.17_conda	Malassezia_globosa	FETCH_RNASEQ:SRA_FETCH	FETCH_RNASEQ:SRA_FETCH (Malassezia_globosa)	FAILED	1	120.0													annotate_trace.20260905_164327.txt	unresolved
v1.8.17_conda	Malassezia_globosa	FETCH_RNASEQ:SRA_FETCH	FETCH_RNASEQ:SRA_FETCH (Malassezia_globosa)	FAILED	1	180.0													annotate_trace.20260905_164327.txt	unresolved
v1.8.17_conda	Malassezia_globosa	FETCH_RNASEQ:SRA_FETCH	FETCH_RNASEQ:SRA_FETCH (Malassezia_globosa)	FAILED	1	180.0													annotate_trace.20260905_164327.txt	unresolved
v1.8.17_conda	Malassezia_globosa	FETCH_RNASEQ:SRA_FETCH	FETCH_RNASEQ:SRA_FETCH (Malassezia_globosa)	FAILED	1	240.0													annotate_trace.20260905_164327.txt	unresolved
v1.8.17_conda	Allomyces_macrogynus_ATCC_38327	TRAIN_PREDICT:FUNANNOTATE_TRAIN	TRAIN_PREDICT:FUNANNOTATE_TRAIN (Allomyces_macrogynus_ATCC_38327)	CACHED	0	162.0	67.6	0.0985	rss	0.030419999999999996									annotate_trace.20260905_164327.txt	cached
v1.8.17_conda	Spizellomyces_punctatus_DAOM_BR117	TRAIN_PREDICT:FUNANNOTATE_TRAIN	TRAIN_PREDICT:FUNANNOTATE_TRAIN (Spizellomyces_punctatus_DAOM_BR117)	CACHED	0	35.2	44.1	0.1028	rss	0.004312000000000001									annotate_trace.20260905_164327.txt	cached
v1.8.17_conda	Rhizopus_microsporus_ATCC_52813	TRAIN_PREDICT:FUNANNOTATE_TRAIN	TRAIN_PREDICT:FUNANNOTATE_TRAIN (Rhizopus_microsporus_ATCC_52813)	COMPLETED	0	1249.0	434.2	3.4	rss	1.5064327777777777									annotate_trace.20260905_164327.txt	final
v1.8.17_conda	Kluyveromyces_lactis_NRRL_Y-1140	TRAIN_PREDICT:FUNANNOTATE_TRAIN	TRAIN_PREDICT:FUNANNOTATE_TRAIN (Kluyveromyces_lactis_NRRL_Y-1140)	COMPLETED	0	7922.0	402.8	2.8	rss	8.863837777777778									annotate_trace.20260905_164327.txt	final
v1.8.17_conda	Malassezia_sympodialis_ATCC_42132	TRAIN_PREDICT:FUNANNOTATE_TRAIN	TRAIN_PREDICT:FUNANNOTATE_TRAIN (Malassezia_sympodialis_ATCC_42132)	COMPLETED	0	6848.0	577.1	3.6	rss	10.977724444444444									annotate_trace.20260905_164327.txt	final
v1.8.17_conda	Orbilia_oligospora_ATCC_24927	TRAIN_PREDICT:FUNANNOTATE_TRAIN	TRAIN_PREDICT:FUNANNOTATE_TRAIN (Orbilia_oligospora_ATCC_24927)	COMPLETED	0	23515.0	510.8	8.7	rss	33.36517222222223									annotate_trace.20260905_164327.txt	final
v1.8.17_conda	Talaromyces_marneffei_ATCC_18224	TRAIN_PREDICT:FUNANNOTATE_TRAIN	TRAIN_PREDICT:FUNANNOTATE_TRAIN (Talaromyces_marneffei_ATCC_18224)	COMPLETED	0	21465.0	496.0	10.0	rss	29.574									annotate_trace.20260905_164327.txt	final
v1.8.17_conda	Tilletiaria_anomala_UBC_951	TRAIN_PREDICT:FUNANNOTATE_TRAIN	TRAIN_PREDICT:FUNANNOTATE_TRAIN (Tilletiaria_anomala_UBC_951)	COMPLETED	0	25749.0	232.7	2.2	rss	16.6438675									annotate_trace.20260905_164327.txt	final
v1.8.17_conda	Mucor_mucedo_NRRL_3635	TRAIN_PREDICT:FUNANNOTATE_TRAIN	TRAIN_PREDICT:FUNANNOTATE_TRAIN (Mucor_mucedo_NRRL_3635)	COMPLETED	0	21922.0	460.8	5.5	rss	28.060160000000003									annotate_trace.20260905_164327.txt	final
v1.8.17_conda	Nakaseomyces_glabratus_CBS_138	TRAIN_PREDICT:FUNANNOTATE_TRAIN	TRAIN_PREDICT:FUNANNOTATE_TRAIN (Nakaseomyces_glabratus_CBS_138)	COMPLETED	0	10051.0	508.4	3.4	rss	14.194245555555554									annotate_trace.20260905_164327.txt	final
v1.8.17_conda	Cryptococcus_deneoformans_JEC21	TRAIN_PREDICT:FUNANNOTATE_TRAIN	TRAIN_PREDICT:FUNANNOTATE_TRAIN (Cryptococcus_deneoformans_JEC21)	COMPLETED	0	33307.0	242.7	5.8	rss	22.454469166666666									annotate_trace.20260905_164327.txt	final
v1.8.17_conda	Yarrowia_lipolytica_CLIB122	TRAIN_PREDICT:FUNANNOTATE_TRAIN	TRAIN_PREDICT:FUNANNOTATE_TRAIN (Yarrowia_lipolytica_CLIB122)	COMPLETED	0	34271.0	256.9	0.5313	rss	24.45616638888889									annotate_trace.20260905_164327.txt	overhead
v1.8.17_conda	Aspergillus_fumigatus_Af293	TRAIN_PREDICT:FUNANNOTATE_TRAIN	TRAIN_PREDICT:FUNANNOTATE_TRAIN (Aspergillus_fumigatus_Af293)	COMPLETED	0	10325.0	386.2	1.6	rss	11.076430555555556									annotate_trace.20260905_164327.txt	overhead
v1.8.17_conda	Chaetomium_globosum_CBS_148.51	TRAIN_PREDICT:FUNANNOTATE_TRAIN	TRAIN_PREDICT:FUNANNOTATE_TRAIN (Chaetomium_globosum_CBS_148.51)	COMPLETED	0	36039.0	399.4	3.8	rss	39.983268333333335									annotate_trace.20260905_164327.txt	overhead
v1.8.17_conda	Sclerotinia_sclerotiorum_1980	TRAIN_PREDICT:FUNANNOTATE_TRAIN	TRAIN_PREDICT:FUNANNOTATE_TRAIN (Sclerotinia_sclerotiorum_1980)	COMPLETED	0	19272.0	478.4	3.5	rss	25.610346666666665									annotate_trace.20260905_164327.txt	final
v1.8.17_conda	-	SETUP_DBS:SETUP_MARIADB_DATADIR	SETUP_DBS:SETUP_MARIADB_DATADIR	COMPLETED	0	4.5	22.3	0.13190000000000002	rss	0.00027875									annotate_trace.20260906_122613.txt	overhead
v1.8.17_conda	Batrachochytrium_dendrobatidis_+9_more	FETCH_RNASEQ:SRA_QUERY_BATCH	FETCH_RNASEQ:SRA_QUERY_BATCH (Batrachochytrium_dendrobatidis_+9_more)	COMPLETED	0	0.34	23.1	0.003	rss	2.181666666666667e-05									annotate_trace.20260906_122613.txt	final
v1.8.17_conda	-	FETCH_RNASEQ:COLLECT_SRA_QUERY	FETCH_RNASEQ:COLLECT_SRA_QUERY	COMPLETED	0	0.113	82.2			2.580166666666667e-05									annotate_trace.20260906_122613.txt	overhead
v1.8.17_conda	Malassezia_globosa	FETCH_RNASEQ:SRA_FETCH	FETCH_RNASEQ:SRA_FETCH (Malassezia_globosa)	FAILED	1	180.0													annotate_trace.20260906_122613.txt	unresolved
v1.8.17_conda	Malassezia_globosa	FETCH_RNASEQ:SRA_FETCH	FETCH_RNASEQ:SRA_FETCH (Malassezia_globosa)	FAILED	1	180.0													annotate_trace.20260906_122613.txt	unresolved
v1.8.17_conda	Malassezia_globosa	FETCH_RNASEQ:SRA_FETCH	FETCH_RNASEQ:SRA_FETCH (Malassezia_globosa)	FAILED	1	120.0													annotate_trace.20260906_122613.txt	unresolved
v1.8.17_conda	Malassezia_globosa	FETCH_RNASEQ:SRA_FETCH	FETCH_RNASEQ:SRA_FETCH (Malassezia_globosa)	FAILED	1	120.0													annotate_trace.20260906_122613.txt	unresolved
v1.8.17_conda	Malassezia_globosa	FETCH_RNASEQ:SRA_FETCH	FETCH_RNASEQ:SRA_FETCH (Malassezia_globosa)	FAILED	1	180.0													annotate_trace.20260906_122613.txt	unresolved
v1.8.17_conda	Malassezia_globosa	FETCH_RNASEQ:SRA_FETCH	FETCH_RNASEQ:SRA_FETCH (Malassezia_globosa)	FAILED	1	180.0													annotate_trace.20260906_122613.txt	unresolved
v1.8.17_conda	Allomyces_macrogynus_ATCC_38327	TRAIN_PREDICT:FUNANNOTATE_TRAIN	TRAIN_PREDICT:FUNANNOTATE_TRAIN (Allomyces_macrogynus_ATCC_38327)	COMPLETED	0	27.0	62.8	0.08059999999999999	rss	0.00471									annotate_trace.20260906_122613.txt	overhead
v1.8.17_conda	Aspergillus_fumigatus_Af293	TRAIN_PREDICT:FUNANNOTATE_TRAIN	TRAIN_PREDICT:FUNANNOTATE_TRAIN (Aspergillus_fumigatus_Af293)	COMPLETED	0	9335.0	513.2	0.49410000000000004	rss	13.307561111111111									annotate_trace.20260906_122613.txt	overhead
v1.8.17_conda	Rhodotorula_toruloides_NP11	TRAIN_PREDICT:FUNANNOTATE_TRAIN	TRAIN_PREDICT:FUNANNOTATE_TRAIN (Rhodotorula_toruloides_NP11)	COMPLETED	0	16402.0	148.1	0.4933	rss	6.747600555555555									annotate_trace.20260906_122613.txt	final
v1.8.17_conda	Saccharomyces_cerevisiae_S288C	TRAIN_PREDICT:FUNANNOTATE_TRAIN	TRAIN_PREDICT:FUNANNOTATE_TRAIN (Saccharomyces_cerevisiae_S288C)	COMPLETED	0	17803.0	213.7	1.2	rss	10.568058611111113									annotate_trace.20260906_122613.txt	overhead
v1.8.17_conda	Batrachochytrium_dendrobatidis_JAM81	TRAIN_PREDICT:FUNANNOTATE_TRAIN	TRAIN_PREDICT:FUNANNOTATE_TRAIN (Batrachochytrium_dendrobatidis_JAM81)	COMPLETED	0	30479.0	266.6	6.0	rss	22.571392777777778									annotate_trace.20260906_122613.txt	overhead
v1.8.17_conda	Umbelopsis_ramanniana_AG	TRAIN_PREDICT:FUNANNOTATE_TRAIN	TRAIN_PREDICT:FUNANNOTATE_TRAIN (Umbelopsis_ramanniana_AG)	COMPLETED	0	32638.0	245.9	2.0	rss	22.293567222222222									annotate_trace.20260906_122613.txt	overhead
v1.8.17_conda	Chaetomium_globosum_CBS_148.51	TRAIN_PREDICT:FUNANNOTATE_TRAIN	TRAIN_PREDICT:FUNANNOTATE_TRAIN (Chaetomium_globosum_CBS_148.51)	COMPLETED	0	40766.0	292.0	3.4	rss	33.065755555555555									annotate_trace.20260906_122613.txt	overhead
v1.8.17_conda	-	FETCH_RNASEQ:COLLECT_SRA_QUERY	FETCH_RNASEQ:COLLECT_SRA_QUERY	COMPLETED	0	0.233	63.5	0.003	rss	4.1098611111111115e-05									annotate_trace.20260907_181325.txt	overhead
v1.8.17_conda	Malassezia_globosa	TRAIN_PREDICT:RNASEQ_PREPARE	TRAIN_PREDICT:RNASEQ_PREPARE (Malassezia_globosa)	COMPLETED	0	10.5	25.4	0.045200000000000004	rss	0.0007408333333333334									annotate_trace.20260907_181325.txt	final
v1.8.17_conda	Allomyces_macrogynus_ATCC_38327	TRAIN_PREDICT:FUNANNOTATE_TRAIN	TRAIN_PREDICT:FUNANNOTATE_TRAIN (Allomyces_macrogynus_ATCC_38327)	FAILED	1	0.007													annotate_trace.20260907_181325.txt	overhead
v1.8.17_conda	Allomyces_macrogynus_ATCC_38327	TRAIN_PREDICT:FUNANNOTATE_TRAIN	TRAIN_PREDICT:FUNANNOTATE_TRAIN (Allomyces_macrogynus_ATCC_38327)	FAILED	1	0.005													annotate_trace.20260907_181325.txt	overhead
v1.8.17_conda	Allomyces_macrogynus_ATCC_38327	TRAIN_PREDICT:FUNANNOTATE_TRAIN	TRAIN_PREDICT:FUNANNOTATE_TRAIN (Allomyces_macrogynus_ATCC_38327)	FAILED	1	0.004													annotate_trace.20260907_181325.txt	overhead
v1.8.17_conda	Batrachochytrium_dendrobatidis_JAM81	TRAIN_PREDICT:FUNANNOTATE_TRAIN	TRAIN_PREDICT:FUNANNOTATE_TRAIN (Batrachochytrium_dendrobatidis_JAM81)	FAILED	1	12660.0													annotate_trace.20260907_181325.txt	overhead
v1.8.17_conda	Umbelopsis_ramanniana_AG	TRAIN_PREDICT:FUNANNOTATE_TRAIN	TRAIN_PREDICT:FUNANNOTATE_TRAIN (Umbelopsis_ramanniana_AG)	FAILED	1	14220.0													annotate_trace.20260907_181325.txt	overhead
v1.8.17_conda	Malassezia_globosa_CBS_7966	TRAIN_PREDICT:FUNANNOTATE_TRAIN	TRAIN_PREDICT:FUNANNOTATE_TRAIN (Malassezia_globosa_CBS_7966)	FAILED	1	25260.0													annotate_trace.20260907_181325.txt	overhead
v1.8.17_conda	Saccharomyces_cerevisiae_S288C	TRAIN_PREDICT:FUNANNOTATE_TRAIN	TRAIN_PREDICT:FUNANNOTATE_TRAIN (Saccharomyces_cerevisiae_S288C)	FAILED	1	35760.0													annotate_trace.20260907_181325.txt	overhead
v1.8.17_conda	-	FETCH_RNASEQ:COLLECT_SRA_QUERY	FETCH_RNASEQ:COLLECT_SRA_QUERY	CACHED	0	0.233	63.5	0.003	rss	4.1098611111111115e-05									annotate_trace.20260908_160108.txt	cached
v1.8.17_conda	Allomyces_macrogynus_ATCC_38327	TRAIN_PREDICT:FUNANNOTATE_TRAIN	TRAIN_PREDICT:FUNANNOTATE_TRAIN (Allomyces_macrogynus_ATCC_38327)	FAILED	1	60.0													annotate_trace.20260908_160108.txt	overhead
v1.8.17_conda	Batrachochytrium_dendrobatidis_JAM81	TRAIN_PREDICT:FUNANNOTATE_TRAIN	TRAIN_PREDICT:FUNANNOTATE_TRAIN (Batrachochytrium_dendrobatidis_JAM81)	FAILED	1	2520.0													annotate_trace.20260908_160108.txt	overhead
v1.8.17_conda	Malassezia_globosa_CBS_7966	TRAIN_PREDICT:FUNANNOTATE_TRAIN	TRAIN_PREDICT:FUNANNOTATE_TRAIN (Malassezia_globosa_CBS_7966)	FAILED	1	1260.0													annotate_trace.20260908_160108.txt	overhead
v1.8.17_conda	Allomyces_macrogynus_ATCC_38327	TRAIN_PREDICT:FUNANNOTATE_TRAIN	TRAIN_PREDICT:FUNANNOTATE_TRAIN (Allomyces_macrogynus_ATCC_38327)	FAILED	1	0.003													annotate_trace.20260908_160108.txt	overhead
v1.8.17_conda	Allomyces_macrogynus_ATCC_38327	TRAIN_PREDICT:FUNANNOTATE_TRAIN	TRAIN_PREDICT:FUNANNOTATE_TRAIN (Allomyces_macrogynus_ATCC_38327)	FAILED	1	60.0													annotate_trace.20260908_160108.txt	overhead
v1.8.17_conda	Aspergillus_fumigatus_Af293	TRAIN_PREDICT:FUNANNOTATE_TRAIN	TRAIN_PREDICT:FUNANNOTATE_TRAIN (Aspergillus_fumigatus_Af293)	FAILED	1	3480.0													annotate_trace.20260908_160108.txt	overhead
v1.8.17_conda	Saccharomyces_cerevisiae_S288C	TRAIN_PREDICT:FUNANNOTATE_TRAIN	TRAIN_PREDICT:FUNANNOTATE_TRAIN (Saccharomyces_cerevisiae_S288C)	FAILED	1	3840.0													annotate_trace.20260908_160108.txt	overhead
v1.8.17_conda	Umbelopsis_ramanniana_AG	TRAIN_PREDICT:FUNANNOTATE_TRAIN	TRAIN_PREDICT:FUNANNOTATE_TRAIN (Umbelopsis_ramanniana_AG)	FAILED	1	4920.0													annotate_trace.20260908_160108.txt	overhead
v1.8.17_conda	Cryptococcus_neoformans_H99	TRAIN_PREDICT:FUNANNOTATE_TRAIN	TRAIN_PREDICT:FUNANNOTATE_TRAIN (Cryptococcus_neoformans_H99)	FAILED	1	7380.0													annotate_trace.20260908_160108.txt	overhead
v1.8.17_conda	Batrachochytrium_dendrobatidis_JAM81	TRAIN_PREDICT:FUNANNOTATE_TRAIN	TRAIN_PREDICT:FUNANNOTATE_TRAIN (Batrachochytrium_dendrobatidis_JAM81)	FAILED	1	1740.0													annotate_trace.20260908_160108.txt	overhead
v1.8.17_conda	Malassezia_globosa_CBS_7966	TRAIN_PREDICT:FUNANNOTATE_TRAIN	TRAIN_PREDICT:FUNANNOTATE_TRAIN (Malassezia_globosa_CBS_7966)	FAILED	1	3000.0													annotate_trace.20260908_160108.txt	overhead
v1.8.17_conda	Chaetomium_globosum_CBS_148.51	TRAIN_PREDICT:FUNANNOTATE_TRAIN	TRAIN_PREDICT:FUNANNOTATE_TRAIN (Chaetomium_globosum_CBS_148.51)	FAILED	1	8640.0													annotate_trace.20260908_160108.txt	overhead
v1.8.17_conda	-	FETCH_RNASEQ:COLLECT_SRA_QUERY	FETCH_RNASEQ:COLLECT_SRA_QUERY	CACHED	0	0.233	63.5	0.003	rss	4.1098611111111115e-05									annotate_trace.20260909_091332.txt	cached
v1.8.17_conda	Cryptococcus_neoformans_H99	TRAIN_PREDICT:FUNANNOTATE_TRAIN	TRAIN_PREDICT:FUNANNOTATE_TRAIN (Cryptococcus_neoformans_H99)	FAILED	1	0.007													annotate_trace.20260909_091332.txt	overhead
v1.8.17_conda	Allomyces_macrogynus_ATCC_38327	TRAIN_PREDICT:FUNANNOTATE_TRAIN	TRAIN_PREDICT:FUNANNOTATE_TRAIN (Allomyces_macrogynus_ATCC_38327)	FAILED	1	60.0													annotate_trace.20260909_091332.txt	overhead
v1.8.17_conda	Chaetomium_globosum_CBS_148.51	TRAIN_PREDICT:FUNANNOTATE_TRAIN	TRAIN_PREDICT:FUNANNOTATE_TRAIN (Chaetomium_globosum_CBS_148.51)	FAILED	1	60.0													annotate_trace.20260909_091332.txt	overhead
v1.8.17_conda	Umbelopsis_ramanniana_AG	TRAIN_PREDICT:FUNANNOTATE_TRAIN	TRAIN_PREDICT:FUNANNOTATE_TRAIN (Umbelopsis_ramanniana_AG)	FAILED	1	2280.0													annotate_trace.20260909_091332.txt	overhead
v1.8.17_conda	Saccharomyces_cerevisiae_S288C	TRAIN_PREDICT:FUNANNOTATE_TRAIN	TRAIN_PREDICT:FUNANNOTATE_TRAIN (Saccharomyces_cerevisiae_S288C)	FAILED	1	1440.0													annotate_trace.20260909_091332.txt	overhead
v1.8.17_conda	Batrachochytrium_dendrobatidis_JAM81	TRAIN_PREDICT:FUNANNOTATE_TRAIN	TRAIN_PREDICT:FUNANNOTATE_TRAIN (Batrachochytrium_dendrobatidis_JAM81)	FAILED	1	4200.0													annotate_trace.20260909_091332.txt	overhead
v1.8.17_conda	Malassezia_globosa_CBS_7966	TRAIN_PREDICT:FUNANNOTATE_TRAIN	TRAIN_PREDICT:FUNANNOTATE_TRAIN (Malassezia_globosa_CBS_7966)	FAILED	1	2220.0													annotate_trace.20260909_091332.txt	overhead
v1.8.17_conda	Aspergillus_fumigatus_Af293	TRAIN_PREDICT:FUNANNOTATE_TRAIN	TRAIN_PREDICT:FUNANNOTATE_TRAIN (Aspergillus_fumigatus_Af293)	FAILED	1	3660.0													annotate_trace.20260909_091332.txt	overhead
v1.8.17_conda	Cryptococcus_neoformans_H99	TRAIN_PREDICT:FUNANNOTATE_TRAIN	TRAIN_PREDICT:FUNANNOTATE_TRAIN (Cryptococcus_neoformans_H99)	FAILED	1	0.003													annotate_trace.20260909_091332.txt	overhead
v1.8.17_conda	Cryptococcus_neoformans_H99	TRAIN_PREDICT:FUNANNOTATE_TRAIN	TRAIN_PREDICT:FUNANNOTATE_TRAIN (Cryptococcus_neoformans_H99)	FAILED	1	60.0													annotate_trace.20260909_091332.txt	overhead
v1.8.17_conda	Allomyces_macrogynus_ATCC_38327	TRAIN_PREDICT:FUNANNOTATE_TRAIN	TRAIN_PREDICT:FUNANNOTATE_TRAIN (Allomyces_macrogynus_ATCC_38327)	FAILED	1	0.002													annotate_trace.20260909_091332.txt	overhead
v1.8.17_conda	Chaetomium_globosum_CBS_148.51	TRAIN_PREDICT:FUNANNOTATE_TRAIN	TRAIN_PREDICT:FUNANNOTATE_TRAIN (Chaetomium_globosum_CBS_148.51)	FAILED	1	60.0													annotate_trace.20260909_091332.txt	overhead
v1.8.17_conda	Umbelopsis_ramanniana_AG	TRAIN_PREDICT:FUNANNOTATE_TRAIN	TRAIN_PREDICT:FUNANNOTATE_TRAIN (Umbelopsis_ramanniana_AG)	FAILED	1	1380.0													annotate_trace.20260909_091332.txt	overhead
v1.8.17_conda	Saccharomyces_cerevisiae_S288C	TRAIN_PREDICT:FUNANNOTATE_TRAIN	TRAIN_PREDICT:FUNANNOTATE_TRAIN (Saccharomyces_cerevisiae_S288C)	FAILED	1	900.0													annotate_trace.20260909_091332.txt	overhead
v1.8.17_conda	Batrachochytrium_dendrobatidis_JAM81	TRAIN_PREDICT:FUNANNOTATE_TRAIN	TRAIN_PREDICT:FUNANNOTATE_TRAIN (Batrachochytrium_dendrobatidis_JAM81)	FAILED	1	1440.0													annotate_trace.20260909_091332.txt	overhead
v1.8.17_conda	Malassezia_globosa_CBS_7966	TRAIN_PREDICT:FUNANNOTATE_TRAIN	TRAIN_PREDICT:FUNANNOTATE_TRAIN (Malassezia_globosa_CBS_7966)	FAILED	1	1500.0													annotate_trace.20260909_091332.txt	overhead
v1.8.17_conda	Aspergillus_fumigatus_Af293	TRAIN_PREDICT:FUNANNOTATE_TRAIN	TRAIN_PREDICT:FUNANNOTATE_TRAIN (Aspergillus_fumigatus_Af293)	FAILED	1	1680.0													annotate_trace.20260909_091332.txt	overhead
v1.8.17_conda	-	FETCH_RNASEQ:COLLECT_SRA_QUERY	FETCH_RNASEQ:COLLECT_SRA_QUERY	CACHED	0	0.233	63.5	0.003	rss	4.1098611111111115e-05									annotate_trace.20260909_224225.txt	cached
v1.8.17_conda	Cryptococcus_neoformans_H99	TRAIN_PREDICT:FUNANNOTATE_TRAIN	TRAIN_PREDICT:FUNANNOTATE_TRAIN (Cryptococcus_neoformans_H99)	FAILED	1	0.006													annotate_trace.20260909_224225.txt	overhead
v1.8.17_conda	Allomyces_macrogynus_ATCC_38327	TRAIN_PREDICT:FUNANNOTATE_TRAIN	TRAIN_PREDICT:FUNANNOTATE_TRAIN (Allomyces_macrogynus_ATCC_38327)	FAILED	1	0.013000000000000001													annotate_trace.20260909_224225.txt	overhead
v1.8.17_conda	Umbelopsis_ramanniana_AG	TRAIN_PREDICT:FUNANNOTATE_TRAIN	TRAIN_PREDICT:FUNANNOTATE_TRAIN (Umbelopsis_ramanniana_AG)	FAILED	1	0.006													annotate_trace.20260909_224225.txt	overhead
v1.8.17_conda	Chaetomium_globosum_CBS_148.51	TRAIN_PREDICT:FUNANNOTATE_TRAIN	TRAIN_PREDICT:FUNANNOTATE_TRAIN (Chaetomium_globosum_CBS_148.51)	FAILED	1	0.003													annotate_trace.20260909_224225.txt	overhead
v1.8.17_conda	Batrachochytrium_dendrobatidis_JAM81	TRAIN_PREDICT:FUNANNOTATE_TRAIN	TRAIN_PREDICT:FUNANNOTATE_TRAIN (Batrachochytrium_dendrobatidis_JAM81)	FAILED	1	0.016													annotate_trace.20260909_224225.txt	overhead
v1.8.17_conda	Saccharomyces_cerevisiae_S288C	TRAIN_PREDICT:FUNANNOTATE_TRAIN	TRAIN_PREDICT:FUNANNOTATE_TRAIN (Saccharomyces_cerevisiae_S288C)	FAILED	1	0.009000000000000001													annotate_trace.20260909_224225.txt	overhead
v1.8.17_conda	Aspergillus_fumigatus_Af293	TRAIN_PREDICT:FUNANNOTATE_TRAIN	TRAIN_PREDICT:FUNANNOTATE_TRAIN (Aspergillus_fumigatus_Af293)	FAILED	1	0.012													annotate_trace.20260909_224225.txt	overhead
v1.8.17_conda	Malassezia_globosa_CBS_7966	TRAIN_PREDICT:FUNANNOTATE_TRAIN	TRAIN_PREDICT:FUNANNOTATE_TRAIN (Malassezia_globosa_CBS_7966)	FAILED	1	59.7													annotate_trace.20260909_224225.txt	overhead
v1.8.17_conda	Cryptococcus_neoformans_H99	TRAIN_PREDICT:FUNANNOTATE_TRAIN	TRAIN_PREDICT:FUNANNOTATE_TRAIN (Cryptococcus_neoformans_H99)	FAILED	1	0.002													annotate_trace.20260909_224225.txt	overhead
v1.8.17_conda	Allomyces_macrogynus_ATCC_38327	TRAIN_PREDICT:FUNANNOTATE_TRAIN	TRAIN_PREDICT:FUNANNOTATE_TRAIN (Allomyces_macrogynus_ATCC_38327)	FAILED	1	0.011													annotate_trace.20260909_224225.txt	overhead
v1.8.17_conda	Umbelopsis_ramanniana_AG	TRAIN_PREDICT:FUNANNOTATE_TRAIN	TRAIN_PREDICT:FUNANNOTATE_TRAIN (Umbelopsis_ramanniana_AG)	FAILED	1	0.003													annotate_trace.20260909_224225.txt	overhead
v1.8.17_conda	Chaetomium_globosum_CBS_148.51	TRAIN_PREDICT:FUNANNOTATE_TRAIN	TRAIN_PREDICT:FUNANNOTATE_TRAIN (Chaetomium_globosum_CBS_148.51)	FAILED	1	0.007													annotate_trace.20260909_224225.txt	overhead
v1.8.17_conda	Saccharomyces_cerevisiae_S288C	TRAIN_PREDICT:FUNANNOTATE_TRAIN	TRAIN_PREDICT:FUNANNOTATE_TRAIN (Saccharomyces_cerevisiae_S288C)	FAILED	1	0.004													annotate_trace.20260909_224225.txt	overhead
v1.8.17_conda	Batrachochytrium_dendrobatidis_JAM81	TRAIN_PREDICT:FUNANNOTATE_TRAIN	TRAIN_PREDICT:FUNANNOTATE_TRAIN (Batrachochytrium_dendrobatidis_JAM81)	FAILED	1	0.002													annotate_trace.20260909_224225.txt	overhead
v1.8.17_conda	Aspergillus_fumigatus_Af293	TRAIN_PREDICT:FUNANNOTATE_TRAIN	TRAIN_PREDICT:FUNANNOTATE_TRAIN (Aspergillus_fumigatus_Af293)	FAILED	1	0.002													annotate_trace.20260909_224225.txt	overhead
v1.8.17_conda	Malassezia_globosa_CBS_7966	TRAIN_PREDICT:FUNANNOTATE_TRAIN	TRAIN_PREDICT:FUNANNOTATE_TRAIN (Malassezia_globosa_CBS_7966)	FAILED	1	0.004													annotate_trace.20260909_224225.txt	overhead
v1.8.17_conda	Cryptococcus_neoformans_H99	TRAIN_PREDICT:FUNANNOTATE_TRAIN	TRAIN_PREDICT:FUNANNOTATE_TRAIN (Cryptococcus_neoformans_H99)	FAILED	1	0.002													annotate_trace.20260909_224225.txt	overhead
v1.8.17_conda	Allomyces_macrogynus_ATCC_38327	TRAIN_PREDICT:FUNANNOTATE_TRAIN	TRAIN_PREDICT:FUNANNOTATE_TRAIN (Allomyces_macrogynus_ATCC_38327)	FAILED	1	0.003													annotate_trace.20260909_224225.txt	overhead
v1.8.17_conda	Umbelopsis_ramanniana_AG	TRAIN_PREDICT:FUNANNOTATE_TRAIN	TRAIN_PREDICT:FUNANNOTATE_TRAIN (Umbelopsis_ramanniana_AG)	FAILED	1	0.008													annotate_trace.20260909_224225.txt	overhead
v1.8.17_conda	Chaetomium_globosum_CBS_148.51	TRAIN_PREDICT:FUNANNOTATE_TRAIN	TRAIN_PREDICT:FUNANNOTATE_TRAIN (Chaetomium_globosum_CBS_148.51)	FAILED	1	0.004													annotate_trace.20260909_224225.txt	overhead
v1.8.17_conda	Saccharomyces_cerevisiae_S288C	TRAIN_PREDICT:FUNANNOTATE_TRAIN	TRAIN_PREDICT:FUNANNOTATE_TRAIN (Saccharomyces_cerevisiae_S288C)	FAILED	1	0.002													annotate_trace.20260909_224225.txt	overhead
v1.8.17_conda	Batrachochytrium_dendrobatidis_JAM81	TRAIN_PREDICT:FUNANNOTATE_TRAIN	TRAIN_PREDICT:FUNANNOTATE_TRAIN (Batrachochytrium_dendrobatidis_JAM81)	FAILED	1	0.003													annotate_trace.20260909_224225.txt	overhead
v1.8.17_conda	Malassezia_globosa_CBS_7966	TRAIN_PREDICT:FUNANNOTATE_TRAIN	TRAIN_PREDICT:FUNANNOTATE_TRAIN (Malassezia_globosa_CBS_7966)	FAILED	1	0.003													annotate_trace.20260909_224225.txt	overhead
v1.8.17_conda	Aspergillus_fumigatus_Af293	TRAIN_PREDICT:FUNANNOTATE_TRAIN	TRAIN_PREDICT:FUNANNOTATE_TRAIN (Aspergillus_fumigatus_Af293)	FAILED	1	0.001													annotate_trace.20260909_224225.txt	overhead
v1.8.17_conda	-	FETCH_RNASEQ:COLLECT_SRA_QUERY	FETCH_RNASEQ:COLLECT_SRA_QUERY	CACHED	0	0.233	63.5	0.003	rss	4.1098611111111115e-05									annotate_trace.20260910_001400.txt	cached
v1.8.17_conda	Batrachochytrium_dendrobatidis_JAM81	TRAIN_PREDICT:FUNANNOTATE_TRAIN	TRAIN_PREDICT:FUNANNOTATE_TRAIN (Batrachochytrium_dendrobatidis_JAM81)	FAILED	1	0.008													annotate_trace.20260910_001400.txt	overhead
v1.8.17_conda	Umbelopsis_ramanniana_AG	TRAIN_PREDICT:FUNANNOTATE_TRAIN	TRAIN_PREDICT:FUNANNOTATE_TRAIN (Umbelopsis_ramanniana_AG)	FAILED	1	0.013000000000000001													annotate_trace.20260910_001400.txt	overhead
v1.8.17_conda	Cryptococcus_neoformans_H99	TRAIN_PREDICT:FUNANNOTATE_TRAIN	TRAIN_PREDICT:FUNANNOTATE_TRAIN (Cryptococcus_neoformans_H99)	FAILED	1	0.004													annotate_trace.20260910_001400.txt	overhead
v1.8.17_conda	Allomyces_macrogynus_ATCC_38327	TRAIN_PREDICT:FUNANNOTATE_TRAIN	TRAIN_PREDICT:FUNANNOTATE_TRAIN (Allomyces_macrogynus_ATCC_38327)	FAILED	1	0.005													annotate_trace.20260910_001400.txt	overhead
v1.8.17_conda	Chaetomium_globosum_CBS_148.51	TRAIN_PREDICT:FUNANNOTATE_TRAIN	TRAIN_PREDICT:FUNANNOTATE_TRAIN (Chaetomium_globosum_CBS_148.51)	FAILED	1	0.004													annotate_trace.20260910_001400.txt	overhead
v1.8.17_conda	Saccharomyces_cerevisiae_S288C	TRAIN_PREDICT:FUNANNOTATE_TRAIN	TRAIN_PREDICT:FUNANNOTATE_TRAIN (Saccharomyces_cerevisiae_S288C)	FAILED	1	0.002													annotate_trace.20260910_001400.txt	overhead
v1.8.17_conda	Aspergillus_fumigatus_Af293	TRAIN_PREDICT:FUNANNOTATE_TRAIN	TRAIN_PREDICT:FUNANNOTATE_TRAIN (Aspergillus_fumigatus_Af293)	FAILED	1	0.004													annotate_trace.20260910_001400.txt	overhead
v1.8.17_conda	Malassezia_globosa_CBS_7966	TRAIN_PREDICT:FUNANNOTATE_TRAIN	TRAIN_PREDICT:FUNANNOTATE_TRAIN (Malassezia_globosa_CBS_7966)	FAILED	1	0.014													annotate_trace.20260910_001400.txt	overhead
v1.8.17_conda	Batrachochytrium_dendrobatidis_JAM81	TRAIN_PREDICT:FUNANNOTATE_TRAIN	TRAIN_PREDICT:FUNANNOTATE_TRAIN (Batrachochytrium_dendrobatidis_JAM81)	FAILED	1	0.004													annotate_trace.20260910_001400.txt	overhead
v1.8.17_conda	Cryptococcus_neoformans_H99	TRAIN_PREDICT:FUNANNOTATE_TRAIN	TRAIN_PREDICT:FUNANNOTATE_TRAIN (Cryptococcus_neoformans_H99)	FAILED	1	0.002													annotate_trace.20260910_001400.txt	overhead
v1.8.17_conda	Umbelopsis_ramanniana_AG	TRAIN_PREDICT:FUNANNOTATE_TRAIN	TRAIN_PREDICT:FUNANNOTATE_TRAIN (Umbelopsis_ramanniana_AG)	FAILED	1	0.018000000000000002													annotate_trace.20260910_001400.txt	overhead
v1.8.17_conda	Batrachochytrium_dendrobatidis_JAM81	TRAIN_PREDICT:FUNANNOTATE_TRAIN	TRAIN_PREDICT:FUNANNOTATE_TRAIN (Batrachochytrium_dendrobatidis_JAM81)	FAILED	1	0.003													annotate_trace.20260910_001400.txt	overhead
v1.8.17_conda	Allomyces_macrogynus_ATCC_38327	TRAIN_PREDICT:FUNANNOTATE_TRAIN	TRAIN_PREDICT:FUNANNOTATE_TRAIN (Allomyces_macrogynus_ATCC_38327)	FAILED	1	0.004													annotate_trace.20260910_001400.txt	overhead
v1.8.17_conda	Chaetomium_globosum_CBS_148.51	TRAIN_PREDICT:FUNANNOTATE_TRAIN	TRAIN_PREDICT:FUNANNOTATE_TRAIN (Chaetomium_globosum_CBS_148.51)	FAILED	1	0.003													annotate_trace.20260910_001400.txt	overhead
v1.8.17_conda	Aspergillus_fumigatus_Af293	TRAIN_PREDICT:FUNANNOTATE_TRAIN	TRAIN_PREDICT:FUNANNOTATE_TRAIN (Aspergillus_fumigatus_Af293)	FAILED	1	0.002													annotate_trace.20260910_001400.txt	overhead
v1.8.17_conda	Saccharomyces_cerevisiae_S288C	TRAIN_PREDICT:FUNANNOTATE_TRAIN	TRAIN_PREDICT:FUNANNOTATE_TRAIN (Saccharomyces_cerevisiae_S288C)	FAILED	1	0.003													annotate_trace.20260910_001400.txt	overhead
v1.8.17_conda	Cryptococcus_neoformans_H99	TRAIN_PREDICT:FUNANNOTATE_TRAIN	TRAIN_PREDICT:FUNANNOTATE_TRAIN (Cryptococcus_neoformans_H99)	FAILED	1	0.012													annotate_trace.20260910_001400.txt	overhead
v1.8.17_conda	Malassezia_globosa_CBS_7966	TRAIN_PREDICT:FUNANNOTATE_TRAIN	TRAIN_PREDICT:FUNANNOTATE_TRAIN (Malassezia_globosa_CBS_7966)	FAILED	1	0.001													annotate_trace.20260910_001400.txt	overhead
v1.8.17_conda	Umbelopsis_ramanniana_AG	TRAIN_PREDICT:FUNANNOTATE_TRAIN	TRAIN_PREDICT:FUNANNOTATE_TRAIN (Umbelopsis_ramanniana_AG)	FAILED	1	60.0													annotate_trace.20260910_001400.txt	overhead
v1.8.17_conda	-	FETCH_RNASEQ:COLLECT_SRA_QUERY	FETCH_RNASEQ:COLLECT_SRA_QUERY	CACHED	0	0.233	63.5	0.003	rss	4.1098611111111115e-05									annotate_trace.20260910_105123.txt	cached
v1.8.17_conda	Batrachochytrium_dendrobatidis_JAM81	TRAIN_PREDICT:FUNANNOTATE_TRAIN	TRAIN_PREDICT:FUNANNOTATE_TRAIN (Batrachochytrium_dendrobatidis_JAM81)	FAILED	1	0.007													annotate_trace.20260910_105123.txt	overhead
v1.8.17_conda	Allomyces_macrogynus_ATCC_38327	TRAIN_PREDICT:FUNANNOTATE_TRAIN	TRAIN_PREDICT:FUNANNOTATE_TRAIN (Allomyces_macrogynus_ATCC_38327)	FAILED	1	0.013000000000000001													annotate_trace.20260910_105123.txt	overhead
v1.8.17_conda	Umbelopsis_ramanniana_AG	TRAIN_PREDICT:FUNANNOTATE_TRAIN	TRAIN_PREDICT:FUNANNOTATE_TRAIN (Umbelopsis_ramanniana_AG)	FAILED	1	0.002													annotate_trace.20260910_105123.txt	overhead
v1.8.17_conda	Cryptococcus_neoformans_H99	TRAIN_PREDICT:FUNANNOTATE_TRAIN	TRAIN_PREDICT:FUNANNOTATE_TRAIN (Cryptococcus_neoformans_H99)	FAILED	1	0.017													annotate_trace.20260910_105123.txt	overhead
v1.8.17_conda	Chaetomium_globosum_CBS_148.51	TRAIN_PREDICT:FUNANNOTATE_TRAIN	TRAIN_PREDICT:FUNANNOTATE_TRAIN (Chaetomium_globosum_CBS_148.51)	FAILED	1	60.0													annotate_trace.20260910_105123.txt	overhead
v1.8.17_conda	-	FETCH_RNASEQ:COLLECT_SRA_QUERY	FETCH_RNASEQ:COLLECT_SRA_QUERY	CACHED	0	0.233	63.5	0.003	rss	4.1098611111111115e-05									annotate_trace.20260910_105820.txt	cached
v1.8.17_conda	Cryptococcus_neoformans_H99	TRAIN_PREDICT:FUNANNOTATE_TRAIN	TRAIN_PREDICT:FUNANNOTATE_TRAIN (Cryptococcus_neoformans_H99)	FAILED	1	60.0													annotate_trace.20260910_105820.txt	overhead
v1.8.17_conda	Allomyces_macrogynus_ATCC_38327	TRAIN_PREDICT:FUNANNOTATE_TRAIN	TRAIN_PREDICT:FUNANNOTATE_TRAIN (Allomyces_macrogynus_ATCC_38327)	FAILED	1	0.002													annotate_trace.20260910_105820.txt	overhead
v1.8.17_conda	Batrachochytrium_dendrobatidis_JAM81	TRAIN_PREDICT:FUNANNOTATE_TRAIN	TRAIN_PREDICT:FUNANNOTATE_TRAIN (Batrachochytrium_dendrobatidis_JAM81)	FAILED	1	2820.0													annotate_trace.20260910_105820.txt	overhead
v1.8.17_conda	Umbelopsis_ramanniana_AG	TRAIN_PREDICT:FUNANNOTATE_TRAIN	TRAIN_PREDICT:FUNANNOTATE_TRAIN (Umbelopsis_ramanniana_AG)	FAILED	1	2040.0													annotate_trace.20260910_105820.txt	overhead
v1.8.17_conda	Chaetomium_globosum_CBS_148.51	TRAIN_PREDICT:FUNANNOTATE_TRAIN	TRAIN_PREDICT:FUNANNOTATE_TRAIN (Chaetomium_globosum_CBS_148.51)	FAILED	1	60.0													annotate_trace.20260910_105820.txt	overhead
v1.8.17_conda	Aspergillus_fumigatus_Af293	TRAIN_PREDICT:FUNANNOTATE_TRAIN	TRAIN_PREDICT:FUNANNOTATE_TRAIN (Aspergillus_fumigatus_Af293)	FAILED	1	2100.0													annotate_trace.20260910_105820.txt	overhead
v1.8.17_conda	Saccharomyces_cerevisiae_S288C	TRAIN_PREDICT:FUNANNOTATE_TRAIN	TRAIN_PREDICT:FUNANNOTATE_TRAIN (Saccharomyces_cerevisiae_S288C)	FAILED	1	1140.0													annotate_trace.20260910_105820.txt	overhead
v1.8.17_conda	Malassezia_globosa_CBS_7966	TRAIN_PREDICT:FUNANNOTATE_TRAIN	TRAIN_PREDICT:FUNANNOTATE_TRAIN (Malassezia_globosa_CBS_7966)	FAILED	1	1380.0													annotate_trace.20260910_105820.txt	overhead
v1.8.17_conda	Cryptococcus_neoformans_H99	TRAIN_PREDICT:FUNANNOTATE_TRAIN	TRAIN_PREDICT:FUNANNOTATE_TRAIN (Cryptococcus_neoformans_H99)	FAILED	1	60.0													annotate_trace.20260910_105820.txt	overhead
v1.8.17_conda	Allomyces_macrogynus_ATCC_38327	TRAIN_PREDICT:FUNANNOTATE_TRAIN	TRAIN_PREDICT:FUNANNOTATE_TRAIN (Allomyces_macrogynus_ATCC_38327)	FAILED	1	60.0													annotate_trace.20260910_105820.txt	overhead
v1.8.17_conda	Cryptococcus_neoformans_H99	TRAIN_PREDICT:FUNANNOTATE_TRAIN	TRAIN_PREDICT:FUNANNOTATE_TRAIN (Cryptococcus_neoformans_H99)	FAILED	1	0.001													annotate_trace.20260910_105820.txt	overhead
v1.8.17_conda	Allomyces_macrogynus_ATCC_38327	TRAIN_PREDICT:FUNANNOTATE_TRAIN	TRAIN_PREDICT:FUNANNOTATE_TRAIN (Allomyces_macrogynus_ATCC_38327)	FAILED	1	0.003													annotate_trace.20260910_105820.txt	overhead
v1.8.17_conda	Chaetomium_globosum_CBS_148.51	TRAIN_PREDICT:FUNANNOTATE_TRAIN	TRAIN_PREDICT:FUNANNOTATE_TRAIN (Chaetomium_globosum_CBS_148.51)	FAILED	1	60.0													annotate_trace.20260910_105820.txt	overhead
v1.8.17_conda	Batrachochytrium_dendrobatidis_JAM81	TRAIN_PREDICT:FUNANNOTATE_TRAIN	TRAIN_PREDICT:FUNANNOTATE_TRAIN (Batrachochytrium_dendrobatidis_JAM81)	FAILED	1	1980.0													annotate_trace.20260910_105820.txt	overhead
v1.8.17_conda	Saccharomyces_cerevisiae_S288C	TRAIN_PREDICT:FUNANNOTATE_TRAIN	TRAIN_PREDICT:FUNANNOTATE_TRAIN (Saccharomyces_cerevisiae_S288C)	FAILED	1	960.0													annotate_trace.20260910_105820.txt	overhead
v1.8.17_conda	Aspergillus_fumigatus_Af293	TRAIN_PREDICT:FUNANNOTATE_TRAIN	TRAIN_PREDICT:FUNANNOTATE_TRAIN (Aspergillus_fumigatus_Af293)	FAILED	1	2640.0													annotate_trace.20260910_105820.txt	overhead
v1.8.17_conda	Umbelopsis_ramanniana_AG	TRAIN_PREDICT:FUNANNOTATE_TRAIN	TRAIN_PREDICT:FUNANNOTATE_TRAIN (Umbelopsis_ramanniana_AG)	FAILED	1	2820.0													annotate_trace.20260910_105820.txt	overhead
v1.8.17_conda	-	FETCH_RNASEQ:COLLECT_SRA_QUERY	FETCH_RNASEQ:COLLECT_SRA_QUERY	CACHED	0	0.233	63.5	0.003	rss	4.1098611111111115e-05									annotate_trace.20260910_143834.txt	cached
v1.8.17_conda	Allomyces_macrogynus_ATCC_38327	TRAIN_PREDICT:FUNANNOTATE_TRAIN	TRAIN_PREDICT:FUNANNOTATE_TRAIN (Allomyces_macrogynus_ATCC_38327)	FAILED	1	60.0													annotate_trace.20260910_143834.txt	overhead
v1.8.17_conda	Batrachochytrium_dendrobatidis_JAM81	TRAIN_PREDICT:FUNANNOTATE_TRAIN	TRAIN_PREDICT:FUNANNOTATE_TRAIN (Batrachochytrium_dendrobatidis_JAM81)	FAILED	1	1920.0													annotate_trace.20260910_143834.txt	overhead
v1.8.17_conda	Cryptococcus_neoformans_H99	TRAIN_PREDICT:FUNANNOTATE_TRAIN	TRAIN_PREDICT:FUNANNOTATE_TRAIN (Cryptococcus_neoformans_H99)	FAILED	1	0.003													annotate_trace.20260910_143834.txt	overhead
v1.8.17_conda	Chaetomium_globosum_CBS_148.51	TRAIN_PREDICT:FUNANNOTATE_TRAIN	TRAIN_PREDICT:FUNANNOTATE_TRAIN (Chaetomium_globosum_CBS_148.51)	FAILED	1	0.002													annotate_trace.20260910_143834.txt	overhead
v1.8.17_conda	Allomyces_macrogynus_ATCC_38327	TRAIN_PREDICT:FUNANNOTATE_TRAIN	TRAIN_PREDICT:FUNANNOTATE_TRAIN (Allomyces_macrogynus_ATCC_38327)	FAILED	1	59.7													annotate_trace.20260910_143834.txt	overhead
v1.8.17_conda	Allomyces_macrogynus_ATCC_38327	TRAIN_PREDICT:FUNANNOTATE_TRAIN	TRAIN_PREDICT:FUNANNOTATE_TRAIN (Allomyces_macrogynus_ATCC_38327)	FAILED	1	0.004													annotate_trace.20260910_143834.txt	overhead
v1.8.17_conda	Aspergillus_fumigatus_Af293	TRAIN_PREDICT:FUNANNOTATE_TRAIN	TRAIN_PREDICT:FUNANNOTATE_TRAIN (Aspergillus_fumigatus_Af293)	FAILED	-	1982.0													annotate_trace.20260910_143834.txt	overhead
v1.8.17_conda	Umbelopsis_ramanniana_AG	TRAIN_PREDICT:FUNANNOTATE_TRAIN	TRAIN_PREDICT:FUNANNOTATE_TRAIN (Umbelopsis_ramanniana_AG)	FAILED	-	1980.0													annotate_trace.20260910_143834.txt	overhead
v1.8.17_conda	Saccharomyces_cerevisiae_S288C	TRAIN_PREDICT:FUNANNOTATE_TRAIN	TRAIN_PREDICT:FUNANNOTATE_TRAIN (Saccharomyces_cerevisiae_S288C)	FAILED	-	2008.0													annotate_trace.20260910_143834.txt	overhead
v1.8.17_conda	Malassezia_globosa_CBS_7966	TRAIN_PREDICT:FUNANNOTATE_TRAIN	TRAIN_PREDICT:FUNANNOTATE_TRAIN (Malassezia_globosa_CBS_7966)	FAILED	-	2007.0													annotate_trace.20260910_143834.txt	overhead
v1.8.17_conda	Batrachochytrium_dendrobatidis_JAM81	TRAIN_PREDICT:FUNANNOTATE_TRAIN	TRAIN_PREDICT:FUNANNOTATE_TRAIN (Batrachochytrium_dendrobatidis_JAM81)	FAILED	-	1981.0													annotate_trace.20260910_143834.txt	overhead
v1.8.17_conda	Chaetomium_globosum_CBS_148.51	TRAIN_PREDICT:FUNANNOTATE_TRAIN	TRAIN_PREDICT:FUNANNOTATE_TRAIN (Chaetomium_globosum_CBS_148.51)	FAILED	1	0.004													annotate_trace.20260910_143834.txt	overhead
v1.8.17_conda	Cryptococcus_neoformans_H99	TRAIN_PREDICT:FUNANNOTATE_TRAIN	TRAIN_PREDICT:FUNANNOTATE_TRAIN (Cryptococcus_neoformans_H99)	FAILED	1	60.0													annotate_trace.20260910_143834.txt	overhead
v1.8.17_conda	-	FETCH_RNASEQ:COLLECT_SRA_QUERY	FETCH_RNASEQ:COLLECT_SRA_QUERY	CACHED	0	0.233	63.5	0.003	rss	4.1098611111111115e-05									annotate_trace.20260910_225647.txt	cached
v1.8.17_conda	Malassezia_globosa_CBS_7966	TRAIN_PREDICT:FUNANNOTATE_TRAIN	TRAIN_PREDICT:FUNANNOTATE_TRAIN (Malassezia_globosa_CBS_7966)	FAILED	1	1500.0													annotate_trace.20260910_225647.txt	overhead
v1.8.17_conda	Umbelopsis_ramanniana_AG	TRAIN_PREDICT:FUNANNOTATE_TRAIN	TRAIN_PREDICT:FUNANNOTATE_TRAIN (Umbelopsis_ramanniana_AG)	FAILED	1	10440.0													annotate_trace.20260910_225647.txt	overhead
v1.8.17_conda	Aspergillus_fumigatus_Af293	TRAIN_PREDICT:FUNANNOTATE_TRAIN	TRAIN_PREDICT:FUNANNOTATE_TRAIN (Aspergillus_fumigatus_Af293)	FAILED	1	14641.0													annotate_trace.20260910_225647.txt	overhead
v1.8.17_conda	Malassezia_globosa_CBS_7966	TRAIN_PREDICT:FUNANNOTATE_TRAIN	TRAIN_PREDICT:FUNANNOTATE_TRAIN (Malassezia_globosa_CBS_7966)	FAILED	1	60.0													annotate_trace.20260910_225647.txt	overhead
v1.8.17_conda	Umbelopsis_ramanniana_AG	TRAIN_PREDICT:FUNANNOTATE_TRAIN	TRAIN_PREDICT:FUNANNOTATE_TRAIN (Umbelopsis_ramanniana_AG)	FAILED	1	0.011													annotate_trace.20260910_225647.txt	overhead
v1.8.17_conda	Umbelopsis_ramanniana_AG	TRAIN_PREDICT:FUNANNOTATE_TRAIN	TRAIN_PREDICT:FUNANNOTATE_TRAIN (Umbelopsis_ramanniana_AG)	FAILED	1	0.002													annotate_trace.20260910_225647.txt	overhead
v1.8.17_conda	Malassezia_globosa_CBS_7966	TRAIN_PREDICT:FUNANNOTATE_TRAIN	TRAIN_PREDICT:FUNANNOTATE_TRAIN (Malassezia_globosa_CBS_7966)	FAILED	1	60.0													annotate_trace.20260910_225647.txt	overhead
v1.8.17_conda	Aspergillus_fumigatus_Af293	TRAIN_PREDICT:FUNANNOTATE_TRAIN	TRAIN_PREDICT:FUNANNOTATE_TRAIN (Aspergillus_fumigatus_Af293)	FAILED	1	0.003													annotate_trace.20260910_225647.txt	overhead
v1.8.17_conda	Saccharomyces_cerevisiae_S288C	TRAIN_PREDICT:FUNANNOTATE_TRAIN	TRAIN_PREDICT:FUNANNOTATE_TRAIN (Saccharomyces_cerevisiae_S288C)	FAILED	1	23701.0													annotate_trace.20260910_225647.txt	overhead
v1.8.17_conda	Batrachochytrium_dendrobatidis_JAM81	TRAIN_PREDICT:FUNANNOTATE_TRAIN	TRAIN_PREDICT:FUNANNOTATE_TRAIN (Batrachochytrium_dendrobatidis_JAM81)	FAILED	1	32881.0													annotate_trace.20260910_225647.txt	overhead
v1.8.17_conda	Cryptococcus_neoformans_H99	TRAIN_PREDICT:FUNANNOTATE_TRAIN	TRAIN_PREDICT:FUNANNOTATE_TRAIN (Cryptococcus_neoformans_H99)	FAILED	1	34381.0													annotate_trace.20260910_225647.txt	overhead
v1.8.17_conda	Allomyces_macrogynus_ATCC_38327	TRAIN_PREDICT:FUNANNOTATE_TRAIN	TRAIN_PREDICT:FUNANNOTATE_TRAIN (Allomyces_macrogynus_ATCC_38327)	FAILED	1	39481.0													annotate_trace.20260910_225647.txt	overhead
v1.8.17_conda	Chaetomium_globosum_CBS_148.51	TRAIN_PREDICT:FUNANNOTATE_TRAIN	TRAIN_PREDICT:FUNANNOTATE_TRAIN (Chaetomium_globosum_CBS_148.51)	FAILED	1	47641.0													annotate_trace.20260910_225647.txt	overhead
v1.8.17_conda	-	FETCH_RNASEQ:COLLECT_SRA_QUERY	FETCH_RNASEQ:COLLECT_SRA_QUERY	CACHED	0	0.233	63.5	0.003	rss	4.1098611111111115e-05									annotate_trace.20260911_130826.txt	cached
v1.8.17_conda	Batrachochytrium_dendrobatidis_JAM81	TRAIN_PREDICT:FUNANNOTATE_TRAIN	TRAIN_PREDICT:FUNANNOTATE_TRAIN (Batrachochytrium_dendrobatidis_JAM81)	FAILED	1	60.0													annotate_trace.20260911_130826.txt	overhead
v1.8.17_conda	Cryptococcus_neoformans_H99	TRAIN_PREDICT:FUNANNOTATE_TRAIN	TRAIN_PREDICT:FUNANNOTATE_TRAIN (Cryptococcus_neoformans_H99)	FAILED	1	60.0													annotate_trace.20260911_130826.txt	overhead
v1.8.17_conda	Allomyces_macrogynus_ATCC_38327	TRAIN_PREDICT:FUNANNOTATE_TRAIN	TRAIN_PREDICT:FUNANNOTATE_TRAIN (Allomyces_macrogynus_ATCC_38327)	FAILED	1	60.0													annotate_trace.20260911_130826.txt	overhead
v1.8.17_conda	Saccharomyces_cerevisiae_S288C	TRAIN_PREDICT:FUNANNOTATE_TRAIN	TRAIN_PREDICT:FUNANNOTATE_TRAIN (Saccharomyces_cerevisiae_S288C)	FAILED	1	0.004													annotate_trace.20260911_130826.txt	overhead
v1.8.17_conda	Aspergillus_fumigatus_Af293	TRAIN_PREDICT:FUNANNOTATE_TRAIN	TRAIN_PREDICT:FUNANNOTATE_TRAIN (Aspergillus_fumigatus_Af293)	FAILED	1	0.015													annotate_trace.20260911_130826.txt	overhead
v1.8.17_conda	Umbelopsis_ramanniana_AG	TRAIN_PREDICT:FUNANNOTATE_TRAIN	TRAIN_PREDICT:FUNANNOTATE_TRAIN (Umbelopsis_ramanniana_AG)	FAILED	1	0.003													annotate_trace.20260911_130826.txt	overhead
v1.8.17_conda	Chaetomium_globosum_CBS_148.51	TRAIN_PREDICT:FUNANNOTATE_TRAIN	TRAIN_PREDICT:FUNANNOTATE_TRAIN (Chaetomium_globosum_CBS_148.51)	FAILED	1	0.002													annotate_trace.20260911_130826.txt	overhead
v1.8.17_conda	Malassezia_globosa_CBS_7966	TRAIN_PREDICT:FUNANNOTATE_TRAIN	TRAIN_PREDICT:FUNANNOTATE_TRAIN (Malassezia_globosa_CBS_7966)	FAILED	1	0.007													annotate_trace.20260911_130826.txt	overhead
v1.8.17_conda	Allomyces_macrogynus_ATCC_38327	TRAIN_PREDICT:FUNANNOTATE_TRAIN	TRAIN_PREDICT:FUNANNOTATE_TRAIN (Allomyces_macrogynus_ATCC_38327)	FAILED	1	60.0													annotate_trace.20260911_130826.txt	overhead
v1.8.17_conda	Batrachochytrium_dendrobatidis_JAM81	TRAIN_PREDICT:FUNANNOTATE_TRAIN	TRAIN_PREDICT:FUNANNOTATE_TRAIN (Batrachochytrium_dendrobatidis_JAM81)	FAILED	1	60.0													annotate_trace.20260911_130826.txt	overhead
v1.8.17_conda	Cryptococcus_neoformans_H99	TRAIN_PREDICT:FUNANNOTATE_TRAIN	TRAIN_PREDICT:FUNANNOTATE_TRAIN (Cryptococcus_neoformans_H99)	FAILED	1	60.0													annotate_trace.20260911_130826.txt	overhead
v1.8.17_conda	Allomyces_macrogynus_ATCC_38327	TRAIN_PREDICT:FUNANNOTATE_TRAIN	TRAIN_PREDICT:FUNANNOTATE_TRAIN (Allomyces_macrogynus_ATCC_38327)	FAILED	1	60.0													annotate_trace.20260911_130826.txt	overhead
v1.8.17_conda	Batrachochytrium_dendrobatidis_JAM81	TRAIN_PREDICT:FUNANNOTATE_TRAIN	TRAIN_PREDICT:FUNANNOTATE_TRAIN (Batrachochytrium_dendrobatidis_JAM81)	FAILED	1	0.01													annotate_trace.20260911_130826.txt	overhead
v1.8.17_conda	Saccharomyces_cerevisiae_S288C	TRAIN_PREDICT:FUNANNOTATE_TRAIN	TRAIN_PREDICT:FUNANNOTATE_TRAIN (Saccharomyces_cerevisiae_S288C)	FAILED	1	60.0													annotate_trace.20260911_130826.txt	overhead
v1.8.17_conda	Cryptococcus_neoformans_H99	TRAIN_PREDICT:FUNANNOTATE_TRAIN	TRAIN_PREDICT:FUNANNOTATE_TRAIN (Cryptococcus_neoformans_H99)	FAILED	1	0.002													annotate_trace.20260911_130826.txt	overhead
v1.8.17_conda	Aspergillus_fumigatus_Af293	TRAIN_PREDICT:FUNANNOTATE_TRAIN	TRAIN_PREDICT:FUNANNOTATE_TRAIN (Aspergillus_fumigatus_Af293)	FAILED	1	60.0													annotate_trace.20260911_130826.txt	overhead
v1.8.17_conda	Chaetomium_globosum_CBS_148.51	TRAIN_PREDICT:FUNANNOTATE_TRAIN	TRAIN_PREDICT:FUNANNOTATE_TRAIN (Chaetomium_globosum_CBS_148.51)	FAILED	1	0.002													annotate_trace.20260911_130826.txt	overhead
v1.8.17_conda	Umbelopsis_ramanniana_AG	TRAIN_PREDICT:FUNANNOTATE_TRAIN	TRAIN_PREDICT:FUNANNOTATE_TRAIN (Umbelopsis_ramanniana_AG)	FAILED	1	60.0													annotate_trace.20260911_130826.txt	overhead
v1.8.17_conda	Malassezia_globosa_CBS_7966	TRAIN_PREDICT:FUNANNOTATE_TRAIN	TRAIN_PREDICT:FUNANNOTATE_TRAIN (Malassezia_globosa_CBS_7966)	FAILED	1	0.003													annotate_trace.20260911_130826.txt	overhead
v1.8.17_conda	-	FETCH_RNASEQ:COLLECT_SRA_QUERY	FETCH_RNASEQ:COLLECT_SRA_QUERY	CACHED	0	0.233	63.5	0.003	rss	4.1098611111111115e-05									annotate_trace.20260912_002539.txt	cached
v1.8.17_conda	Batrachochytrium_dendrobatidis_JAM81	TRAIN_PREDICT:FUNANNOTATE_TRAIN	TRAIN_PREDICT:FUNANNOTATE_TRAIN (Batrachochytrium_dendrobatidis_JAM81)	FAILED	1	120.0													annotate_trace.20260912_002539.txt	overhead
v1.8.17_conda	Cryptococcus_neoformans_H99	TRAIN_PREDICT:FUNANNOTATE_TRAIN	TRAIN_PREDICT:FUNANNOTATE_TRAIN (Cryptococcus_neoformans_H99)	FAILED	1	60.0													annotate_trace.20260912_002539.txt	overhead
v1.8.17_conda	Umbelopsis_ramanniana_AG	TRAIN_PREDICT:FUNANNOTATE_TRAIN	TRAIN_PREDICT:FUNANNOTATE_TRAIN (Umbelopsis_ramanniana_AG)	FAILED	1	120.0													annotate_trace.20260912_002539.txt	overhead
v1.8.17_conda	Allomyces_macrogynus_ATCC_38327	TRAIN_PREDICT:FUNANNOTATE_TRAIN	TRAIN_PREDICT:FUNANNOTATE_TRAIN (Allomyces_macrogynus_ATCC_38327)	FAILED	1	60.0													annotate_trace.20260912_002539.txt	overhead
v1.8.17_conda	Saccharomyces_cerevisiae_S288C	TRAIN_PREDICT:FUNANNOTATE_TRAIN	TRAIN_PREDICT:FUNANNOTATE_TRAIN (Saccharomyces_cerevisiae_S288C)	FAILED	1	0.004													annotate_trace.20260912_002539.txt	overhead
v1.8.17_conda	Malassezia_globosa_CBS_7966	TRAIN_PREDICT:FUNANNOTATE_TRAIN	TRAIN_PREDICT:FUNANNOTATE_TRAIN (Malassezia_globosa_CBS_7966)	FAILED	1	0.001													annotate_trace.20260912_002539.txt	overhead
v1.8.17_conda	Aspergillus_fumigatus_Af293	TRAIN_PREDICT:FUNANNOTATE_TRAIN	TRAIN_PREDICT:FUNANNOTATE_TRAIN (Aspergillus_fumigatus_Af293)	FAILED	1	60.0													annotate_trace.20260912_002539.txt	overhead
v1.8.17_conda	Chaetomium_globosum_CBS_148.51	TRAIN_PREDICT:FUNANNOTATE_TRAIN	TRAIN_PREDICT:FUNANNOTATE_TRAIN (Chaetomium_globosum_CBS_148.51)	FAILED	1	60.0													annotate_trace.20260912_002539.txt	overhead
v1.8.17_conda	Batrachochytrium_dendrobatidis_JAM81	TRAIN_PREDICT:FUNANNOTATE_TRAIN	TRAIN_PREDICT:FUNANNOTATE_TRAIN (Batrachochytrium_dendrobatidis_JAM81)	FAILED	1	60.0													annotate_trace.20260912_002539.txt	overhead
v1.8.17_conda	Cryptococcus_neoformans_H99	TRAIN_PREDICT:FUNANNOTATE_TRAIN	TRAIN_PREDICT:FUNANNOTATE_TRAIN (Cryptococcus_neoformans_H99)	FAILED	1	0.008													annotate_trace.20260912_002539.txt	overhead
v1.8.17_conda	Umbelopsis_ramanniana_AG	TRAIN_PREDICT:FUNANNOTATE_TRAIN	TRAIN_PREDICT:FUNANNOTATE_TRAIN (Umbelopsis_ramanniana_AG)	FAILED	1	0.001													annotate_trace.20260912_002539.txt	overhead
v1.8.17_conda	Batrachochytrium_dendrobatidis_JAM81	TRAIN_PREDICT:FUNANNOTATE_TRAIN	TRAIN_PREDICT:FUNANNOTATE_TRAIN (Batrachochytrium_dendrobatidis_JAM81)	FAILED	1	0.0													annotate_trace.20260912_002539.txt	overhead
v1.8.17_conda	Allomyces_macrogynus_ATCC_38327	TRAIN_PREDICT:FUNANNOTATE_TRAIN	TRAIN_PREDICT:FUNANNOTATE_TRAIN (Allomyces_macrogynus_ATCC_38327)	FAILED	1	0.002													annotate_trace.20260912_002539.txt	overhead
v1.8.17_conda	Umbelopsis_ramanniana_AG	TRAIN_PREDICT:FUNANNOTATE_TRAIN	TRAIN_PREDICT:FUNANNOTATE_TRAIN (Umbelopsis_ramanniana_AG)	FAILED	1	0.003													annotate_trace.20260912_002539.txt	overhead
v1.8.17_conda	Cryptococcus_neoformans_H99	TRAIN_PREDICT:FUNANNOTATE_TRAIN	TRAIN_PREDICT:FUNANNOTATE_TRAIN (Cryptococcus_neoformans_H99)	FAILED	1	60.0													annotate_trace.20260912_002539.txt	overhead
v1.8.17_conda	Saccharomyces_cerevisiae_S288C	TRAIN_PREDICT:FUNANNOTATE_TRAIN	TRAIN_PREDICT:FUNANNOTATE_TRAIN (Saccharomyces_cerevisiae_S288C)	FAILED	1	60.0													annotate_trace.20260912_002539.txt	overhead
v1.8.17_conda	Malassezia_globosa_CBS_7966	TRAIN_PREDICT:FUNANNOTATE_TRAIN	TRAIN_PREDICT:FUNANNOTATE_TRAIN (Malassezia_globosa_CBS_7966)	FAILED	1	60.0													annotate_trace.20260912_002539.txt	overhead
v1.8.17_conda	Aspergillus_fumigatus_Af293	TRAIN_PREDICT:FUNANNOTATE_TRAIN	TRAIN_PREDICT:FUNANNOTATE_TRAIN (Aspergillus_fumigatus_Af293)	FAILED	1	0.005													annotate_trace.20260912_002539.txt	overhead
v1.8.17_conda	Chaetomium_globosum_CBS_148.51	TRAIN_PREDICT:FUNANNOTATE_TRAIN	TRAIN_PREDICT:FUNANNOTATE_TRAIN (Chaetomium_globosum_CBS_148.51)	FAILED	1	0.003													annotate_trace.20260912_002539.txt	overhead
v1.8.17_conda	-	FETCH_RNASEQ:COLLECT_SRA_QUERY	FETCH_RNASEQ:COLLECT_SRA_QUERY	CACHED	0	0.233	63.5	0.003	rss	4.1098611111111115e-05									annotate_trace.20260914_073638.txt	cached
v1.8.17_conda	Saccharomyces_cerevisiae_S288C	TRAIN_PREDICT:FUNANNOTATE_TRAIN	TRAIN_PREDICT:FUNANNOTATE_TRAIN (Saccharomyces_cerevisiae_S288C)	FAILED	1	120.0													annotate_trace.20260914_073638.txt	overhead
v1.8.17_conda	Cryptococcus_neoformans_H99	TRAIN_PREDICT:FUNANNOTATE_TRAIN	TRAIN_PREDICT:FUNANNOTATE_TRAIN (Cryptococcus_neoformans_H99)	FAILED	1	300.0													annotate_trace.20260914_073638.txt	overhead
v1.8.17_conda	Batrachochytrium_dendrobatidis_JAM81	TRAIN_PREDICT:FUNANNOTATE_TRAIN	TRAIN_PREDICT:FUNANNOTATE_TRAIN (Batrachochytrium_dendrobatidis_JAM81)	FAILED	1	360.0													annotate_trace.20260914_073638.txt	overhead
v1.8.17_conda	Umbelopsis_ramanniana_AG	TRAIN_PREDICT:FUNANNOTATE_TRAIN	TRAIN_PREDICT:FUNANNOTATE_TRAIN (Umbelopsis_ramanniana_AG)	FAILED	1	180.0													annotate_trace.20260914_073638.txt	overhead
v1.8.17_conda	Allomyces_macrogynus_ATCC_38327	TRAIN_PREDICT:FUNANNOTATE_TRAIN	TRAIN_PREDICT:FUNANNOTATE_TRAIN (Allomyces_macrogynus_ATCC_38327)	FAILED	1	360.0													annotate_trace.20260914_073638.txt	overhead
v1.8.17_conda	Malassezia_globosa_CBS_7966	TRAIN_PREDICT:FUNANNOTATE_TRAIN	TRAIN_PREDICT:FUNANNOTATE_TRAIN (Malassezia_globosa_CBS_7966)	FAILED	1	58.7													annotate_trace.20260914_073638.txt	overhead
v1.8.17_conda	Aspergillus_fumigatus_Af293	TRAIN_PREDICT:FUNANNOTATE_TRAIN	TRAIN_PREDICT:FUNANNOTATE_TRAIN (Aspergillus_fumigatus_Af293)	FAILED	1	239.0													annotate_trace.20260914_073638.txt	overhead
v1.8.17_conda	Chaetomium_globosum_CBS_148.51	TRAIN_PREDICT:FUNANNOTATE_TRAIN	TRAIN_PREDICT:FUNANNOTATE_TRAIN (Chaetomium_globosum_CBS_148.51)	FAILED	1	480.0													annotate_trace.20260914_073638.txt	overhead
v1.8.17_conda	-	FETCH_RNASEQ:COLLECT_SRA_QUERY	FETCH_RNASEQ:COLLECT_SRA_QUERY	CACHED	0	0.233	63.5	0.003	rss	4.1098611111111115e-05									annotate_trace.20260914_102632.txt	cached
v1.8.17_conda	Malassezia_globosa_CBS_7966	TRAIN_PREDICT:FUNANNOTATE_TRAIN	TRAIN_PREDICT:FUNANNOTATE_TRAIN (Malassezia_globosa_CBS_7966)	FAILED	1	59.9													annotate_trace.20260914_102632.txt	overhead
v1.8.17_conda	Malassezia_globosa_CBS_7966	TRAIN_PREDICT:FUNANNOTATE_TRAIN	TRAIN_PREDICT:FUNANNOTATE_TRAIN (Malassezia_globosa_CBS_7966)	FAILED	1	0.002													annotate_trace.20260914_102632.txt	overhead
v1.8.17_conda	Saccharomyces_cerevisiae_S288C	TRAIN_PREDICT:FUNANNOTATE_TRAIN	TRAIN_PREDICT:FUNANNOTATE_TRAIN (Saccharomyces_cerevisiae_S288C)	FAILED	1	360.0													annotate_trace.20260914_102632.txt	overhead
v1.8.17_conda	Saccharomyces_cerevisiae_S288C	TRAIN_PREDICT:FUNANNOTATE_TRAIN	TRAIN_PREDICT:FUNANNOTATE_TRAIN (Saccharomyces_cerevisiae_S288C)	FAILED	1	0.002													annotate_trace.20260914_102632.txt	overhead
v1.8.17_conda	Umbelopsis_ramanniana_AG	TRAIN_PREDICT:FUNANNOTATE_TRAIN	TRAIN_PREDICT:FUNANNOTATE_TRAIN (Umbelopsis_ramanniana_AG)	FAILED	1	480.0													annotate_trace.20260914_102632.txt	overhead
v1.8.17_conda	Umbelopsis_ramanniana_AG	TRAIN_PREDICT:FUNANNOTATE_TRAIN	TRAIN_PREDICT:FUNANNOTATE_TRAIN (Umbelopsis_ramanniana_AG)	FAILED	1	0.002													annotate_trace.20260914_102632.txt	overhead
v1.8.17_conda	Batrachochytrium_dendrobatidis_JAM81	TRAIN_PREDICT:FUNANNOTATE_TRAIN	TRAIN_PREDICT:FUNANNOTATE_TRAIN (Batrachochytrium_dendrobatidis_JAM81)	FAILED	1	660.0													annotate_trace.20260914_102632.txt	overhead
v1.8.17_conda	Allomyces_macrogynus_ATCC_38327	TRAIN_PREDICT:FUNANNOTATE_TRAIN	TRAIN_PREDICT:FUNANNOTATE_TRAIN (Allomyces_macrogynus_ATCC_38327)	FAILED	1	660.0													annotate_trace.20260914_102632.txt	overhead
v1.8.17_conda	Cryptococcus_neoformans_H99	TRAIN_PREDICT:FUNANNOTATE_TRAIN	TRAIN_PREDICT:FUNANNOTATE_TRAIN (Cryptococcus_neoformans_H99)	FAILED	1	720.0													annotate_trace.20260914_102632.txt	overhead
v1.8.17_conda	Batrachochytrium_dendrobatidis_JAM81	TRAIN_PREDICT:FUNANNOTATE_TRAIN	TRAIN_PREDICT:FUNANNOTATE_TRAIN (Batrachochytrium_dendrobatidis_JAM81)	FAILED	1	0.009000000000000001													annotate_trace.20260914_102632.txt	overhead
v1.8.17_conda	Allomyces_macrogynus_ATCC_38327	TRAIN_PREDICT:FUNANNOTATE_TRAIN	TRAIN_PREDICT:FUNANNOTATE_TRAIN (Allomyces_macrogynus_ATCC_38327)	FAILED	1	0.005													annotate_trace.20260914_102632.txt	overhead
v1.8.17_conda	Cryptococcus_neoformans_H99	TRAIN_PREDICT:FUNANNOTATE_TRAIN	TRAIN_PREDICT:FUNANNOTATE_TRAIN (Cryptococcus_neoformans_H99)	FAILED	1	0.002													annotate_trace.20260914_102632.txt	overhead
v1.8.17_conda	Chaetomium_globosum_CBS_148.51	TRAIN_PREDICT:FUNANNOTATE_TRAIN	TRAIN_PREDICT:FUNANNOTATE_TRAIN (Chaetomium_globosum_CBS_148.51)	FAILED	1	900.0													annotate_trace.20260914_102632.txt	overhead
v1.8.17_conda	Chaetomium_globosum_CBS_148.51	TRAIN_PREDICT:FUNANNOTATE_TRAIN	TRAIN_PREDICT:FUNANNOTATE_TRAIN (Chaetomium_globosum_CBS_148.51)	FAILED	1	0.003													annotate_trace.20260914_102632.txt	overhead
v1.8.17_conda	Aspergillus_fumigatus_Af293	TRAIN_PREDICT:FUNANNOTATE_TRAIN	TRAIN_PREDICT:FUNANNOTATE_TRAIN (Aspergillus_fumigatus_Af293)	FAILED	1	1200.0													annotate_trace.20260914_102632.txt	overhead
v1.8.17_conda	Aspergillus_fumigatus_Af293	TRAIN_PREDICT:FUNANNOTATE_TRAIN	TRAIN_PREDICT:FUNANNOTATE_TRAIN (Aspergillus_fumigatus_Af293)	FAILED	1	0.002													annotate_trace.20260914_102632.txt	overhead
v1.8.17_conda	Malassezia_globosa_CBS_7966	TRAIN_PREDICT:FUNANNOTATE_TRAIN	TRAIN_PREDICT:FUNANNOTATE_TRAIN (Malassezia_globosa_CBS_7966)	FAILED	1	60.0													annotate_trace.20260914_102632.txt	overhead
v1.8.17_conda	Saccharomyces_cerevisiae_S288C	TRAIN_PREDICT:FUNANNOTATE_TRAIN	TRAIN_PREDICT:FUNANNOTATE_TRAIN (Saccharomyces_cerevisiae_S288C)	FAILED	1	0.001													annotate_trace.20260914_102632.txt	overhead
v1.8.17_conda	Umbelopsis_ramanniana_AG	TRAIN_PREDICT:FUNANNOTATE_TRAIN	TRAIN_PREDICT:FUNANNOTATE_TRAIN (Umbelopsis_ramanniana_AG)	FAILED	1	0.004													annotate_trace.20260914_102632.txt	overhead
v1.8.17_conda	Allomyces_macrogynus_ATCC_38327	TRAIN_PREDICT:FUNANNOTATE_TRAIN	TRAIN_PREDICT:FUNANNOTATE_TRAIN (Allomyces_macrogynus_ATCC_38327)	FAILED	1	60.0													annotate_trace.20260914_102632.txt	overhead
v1.8.17_conda	Batrachochytrium_dendrobatidis_JAM81	TRAIN_PREDICT:FUNANNOTATE_TRAIN	TRAIN_PREDICT:FUNANNOTATE_TRAIN (Batrachochytrium_dendrobatidis_JAM81)	FAILED	1	0.005													annotate_trace.20260914_102632.txt	overhead
v1.8.17_conda	Cryptococcus_neoformans_H99	TRAIN_PREDICT:FUNANNOTATE_TRAIN	TRAIN_PREDICT:FUNANNOTATE_TRAIN (Cryptococcus_neoformans_H99)	FAILED	1	60.0													annotate_trace.20260914_102632.txt	overhead
v1.8.17_conda	Chaetomium_globosum_CBS_148.51	TRAIN_PREDICT:FUNANNOTATE_TRAIN	TRAIN_PREDICT:FUNANNOTATE_TRAIN (Chaetomium_globosum_CBS_148.51)	FAILED	1	0.002													annotate_trace.20260914_102632.txt	overhead
v1.8.17_conda	Aspergillus_fumigatus_Af293	TRAIN_PREDICT:FUNANNOTATE_TRAIN	TRAIN_PREDICT:FUNANNOTATE_TRAIN (Aspergillus_fumigatus_Af293)	FAILED	1	60.0													annotate_trace.20260914_102632.txt	overhead
v1.8.17_conda	-	FETCH_RNASEQ:COLLECT_SRA_QUERY	FETCH_RNASEQ:COLLECT_SRA_QUERY	CACHED	0	0.233	63.5	0.003	rss	4.1098611111111115e-05									annotate_trace.20260914_145658.txt	cached
v1.8.17_conda	Malassezia_globosa_CBS_7966	TRAIN_PREDICT:FUNANNOTATE_TRAIN	TRAIN_PREDICT:FUNANNOTATE_TRAIN (Malassezia_globosa_CBS_7966)	FAILED	1	190.0													annotate_trace.20260914_145658.txt	overhead
v1.8.17_conda	Malassezia_globosa_CBS_7966	TRAIN_PREDICT:FUNANNOTATE_TRAIN	TRAIN_PREDICT:FUNANNOTATE_TRAIN (Malassezia_globosa_CBS_7966)	FAILED	1	120.0													annotate_trace.20260914_145658.txt	overhead
v1.8.17_conda	Saccharomyces_cerevisiae_S288C	TRAIN_PREDICT:FUNANNOTATE_TRAIN	TRAIN_PREDICT:FUNANNOTATE_TRAIN (Saccharomyces_cerevisiae_S288C)	FAILED	1	900.0													annotate_trace.20260914_145658.txt	overhead
v1.8.17_conda	Saccharomyces_cerevisiae_S288C	TRAIN_PREDICT:FUNANNOTATE_TRAIN	TRAIN_PREDICT:FUNANNOTATE_TRAIN (Saccharomyces_cerevisiae_S288C)	FAILED	1	720.0													annotate_trace.20260914_145658.txt	overhead
v1.8.17_conda	Umbelopsis_ramanniana_AG	TRAIN_PREDICT:FUNANNOTATE_TRAIN	TRAIN_PREDICT:FUNANNOTATE_TRAIN (Umbelopsis_ramanniana_AG)	FAILED	1	1980.0													annotate_trace.20260914_145658.txt	overhead
v1.8.17_conda	Malassezia_globosa_CBS_7966	TRAIN_PREDICT:FUNANNOTATE_TRAIN	TRAIN_PREDICT:FUNANNOTATE_TRAIN (Malassezia_globosa_CBS_7966)	FAILED	1	120.0													annotate_trace.20260914_145658.txt	overhead
v1.8.17_conda	Saccharomyces_cerevisiae_S288C	TRAIN_PREDICT:FUNANNOTATE_TRAIN	TRAIN_PREDICT:FUNANNOTATE_TRAIN (Saccharomyces_cerevisiae_S288C)	FAILED	1	480.0													annotate_trace.20260914_145658.txt	overhead
v1.8.17_conda	Umbelopsis_ramanniana_AG	TRAIN_PREDICT:FUNANNOTATE_TRAIN	TRAIN_PREDICT:FUNANNOTATE_TRAIN (Umbelopsis_ramanniana_AG)	FAILED	1	1440.0													annotate_trace.20260914_145658.txt	overhead
v1.8.17_conda	Aspergillus_fumigatus_Af293	TRAIN_PREDICT:FUNANNOTATE_TRAIN	TRAIN_PREDICT:FUNANNOTATE_TRAIN (Aspergillus_fumigatus_Af293)	FAILED	1	3720.0													annotate_trace.20260914_145658.txt	overhead
v1.8.17_conda	Allomyces_macrogynus_ATCC_38327	TRAIN_PREDICT:FUNANNOTATE_TRAIN	TRAIN_PREDICT:FUNANNOTATE_TRAIN (Allomyces_macrogynus_ATCC_38327)	FAILED	1	3720.0													annotate_trace.20260914_145658.txt	overhead
v1.8.17_conda	Cryptococcus_neoformans_H99	TRAIN_PREDICT:FUNANNOTATE_TRAIN	TRAIN_PREDICT:FUNANNOTATE_TRAIN (Cryptococcus_neoformans_H99)	FAILED	1	3840.0													annotate_trace.20260914_145658.txt	overhead
v1.8.17_conda	Batrachochytrium_dendrobatidis_JAM81	TRAIN_PREDICT:FUNANNOTATE_TRAIN	TRAIN_PREDICT:FUNANNOTATE_TRAIN (Batrachochytrium_dendrobatidis_JAM81)	FAILED	1	3900.0													annotate_trace.20260914_145658.txt	overhead
v1.8.17_conda	Chaetomium_globosum_CBS_148.51	TRAIN_PREDICT:FUNANNOTATE_TRAIN	TRAIN_PREDICT:FUNANNOTATE_TRAIN (Chaetomium_globosum_CBS_148.51)	FAILED	1	4380.0													annotate_trace.20260914_145658.txt	overhead
v1.8.17_conda	-	FETCH_RNASEQ:COLLECT_SRA_QUERY	FETCH_RNASEQ:COLLECT_SRA_QUERY	CACHED	0	0.233	63.5	0.003	rss	4.1098611111111115e-05									annotate_trace.20260918_074750.txt	cached
v1.8.17_conda	Malassezia_globosa_CBS_7966	TRAIN_PREDICT:FUNANNOTATE_TRAIN	TRAIN_PREDICT:FUNANNOTATE_TRAIN (Malassezia_globosa_CBS_7966)	FAILED	1	240.0													annotate_trace.20260918_074750.txt	overhead
v1.8.17_conda	Malassezia_globosa_CBS_7966	TRAIN_PREDICT:FUNANNOTATE_TRAIN	TRAIN_PREDICT:FUNANNOTATE_TRAIN (Malassezia_globosa_CBS_7966)	FAILED	1	180.0													annotate_trace.20260918_074750.txt	overhead
v1.8.17_conda	Malassezia_globosa_CBS_7966	TRAIN_PREDICT:FUNANNOTATE_TRAIN	TRAIN_PREDICT:FUNANNOTATE_TRAIN (Malassezia_globosa_CBS_7966)	FAILED	1	120.0													annotate_trace.20260918_074750.txt	overhead
v1.8.17_conda	Saccharomyces_cerevisiae_S288C	TRAIN_PREDICT:FUNANNOTATE_TRAIN	TRAIN_PREDICT:FUNANNOTATE_TRAIN (Saccharomyces_cerevisiae_S288C)	FAILED	1	780.0													annotate_trace.20260918_074750.txt	overhead
v1.8.17_conda	Umbelopsis_ramanniana_AG	TRAIN_PREDICT:FUNANNOTATE_TRAIN	TRAIN_PREDICT:FUNANNOTATE_TRAIN (Umbelopsis_ramanniana_AG)	FAILED	1	2400.0													annotate_trace.20260918_074750.txt	overhead
v1.8.17_conda	Batrachochytrium_dendrobatidis_JAM81	TRAIN_PREDICT:FUNANNOTATE_TRAIN	TRAIN_PREDICT:FUNANNOTATE_TRAIN (Batrachochytrium_dendrobatidis_JAM81)	FAILED	1	3660.0													annotate_trace.20260918_074750.txt	overhead
v1.8.17_conda	Aspergillus_fumigatus_Af293	TRAIN_PREDICT:FUNANNOTATE_TRAIN	TRAIN_PREDICT:FUNANNOTATE_TRAIN (Aspergillus_fumigatus_Af293)	FAILED	1	3780.0													annotate_trace.20260918_074750.txt	overhead
v1.8.17_conda	Cryptococcus_neoformans_H99	TRAIN_PREDICT:FUNANNOTATE_TRAIN	TRAIN_PREDICT:FUNANNOTATE_TRAIN (Cryptococcus_neoformans_H99)	FAILED	1	4560.0													annotate_trace.20260918_074750.txt	overhead
v1.8.17_conda	Chaetomium_globosum_CBS_148.51	TRAIN_PREDICT:FUNANNOTATE_TRAIN	TRAIN_PREDICT:FUNANNOTATE_TRAIN (Chaetomium_globosum_CBS_148.51)	FAILED	1	4620.0													annotate_trace.20260918_074750.txt	overhead
v1.8.17_conda	Allomyces_macrogynus_ATCC_38327	TRAIN_PREDICT:FUNANNOTATE_TRAIN	TRAIN_PREDICT:FUNANNOTATE_TRAIN (Allomyces_macrogynus_ATCC_38327)	FAILED	1	4680.0													annotate_trace.20260918_074750.txt	overhead
v1.8.17_conda	-	FETCH_RNASEQ:COLLECT_SRA_QUERY	FETCH_RNASEQ:COLLECT_SRA_QUERY	COMPLETED	0	0.146	49.3	0.003	rss	1.9993888888888886e-05									annotate_trace.20260919_151954.txt	overhead
v1.8.17_conda	Malassezia_globosa_CBS_7966	TRAIN_PREDICT:FUNANNOTATE_TRAIN	TRAIN_PREDICT:FUNANNOTATE_TRAIN (Malassezia_globosa_CBS_7966)	COMPLETED	0	136.0	137.0	0.1776	rss	0.05175555555555556									annotate_trace.20260919_151954.txt	overhead
v1.8.17_conda	-	FETCH_RNASEQ:COLLECT_SRA_QUERY	FETCH_RNASEQ:COLLECT_SRA_QUERY	CACHED	0	0.146	49.3	0.003	rss	1.9993888888888886e-05									annotate_trace.20260919_153047.txt	cached
v1.8.17_conda	Malassezia_globosa_CBS_7966	TRAIN_PREDICT:FUNANNOTATE_TRAIN	TRAIN_PREDICT:FUNANNOTATE_TRAIN (Malassezia_globosa_CBS_7966)	COMPLETED	0	158.0	133.9	0.2182	rss	0.05876722222222222									annotate_trace.20260919_153047.txt	overhead
v1.8.17_conda	Malassezia_globosa_CBS_7966	TRAIN_PREDICT:FUNANNOTATE_PREDICT	TRAIN_PREDICT:FUNANNOTATE_PREDICT (Malassezia_globosa_CBS_7966)	COMPLETED	0	1609.0	365.1	3.0	rss	1.6317941666666667									annotate_trace.20260919_153047.txt	overhead
v1.8.17_conda	-	FETCH_RNASEQ:COLLECT_SRA_QUERY	FETCH_RNASEQ:COLLECT_SRA_QUERY	CACHED	0	0.233	63.5	0.003	rss	4.1098611111111115e-05									annotate_trace.20260919_170853.txt	cached
v1.8.17_conda	Saccharomyces_cerevisiae_S288C	TRAIN_PREDICT:FUNANNOTATE_TRAIN	TRAIN_PREDICT:FUNANNOTATE_TRAIN (Saccharomyces_cerevisiae_S288C)	COMPLETED	0	1076.0	145.1	1.5	rss	0.4336877777777777									annotate_trace.20260919_170853.txt	final
v1.8.17_conda	Pneumocystis_murina_B123	TRAIN_PREDICT:FUNANNOTATE_PREDICT	TRAIN_PREDICT:FUNANNOTATE_PREDICT (Pneumocystis_murina_B123)	COMPLETED	0	1800.0	508.2	3.5	rss	2.541									annotate_trace.20260919_170853.txt	final
v1.8.17_conda	Umbelopsis_ramanniana_AG	TRAIN_PREDICT:FUNANNOTATE_TRAIN	TRAIN_PREDICT:FUNANNOTATE_TRAIN (Umbelopsis_ramanniana_AG)	COMPLETED	0	2029.0	164.8	1.3	rss	0.928831111111111									annotate_trace.20260919_170853.txt	final
v1.8.17_conda	Saccharomyces_cerevisiae_S288C	TRAIN_PREDICT:FUNANNOTATE_PREDICT	TRAIN_PREDICT:FUNANNOTATE_PREDICT (Saccharomyces_cerevisiae_S288C)	COMPLETED	0	1286.0	582.5	2.8	rss	2.0808194444444443									annotate_trace.20260919_170853.txt	final
v1.8.17_conda	Umbelopsis_ramanniana_AG	TRAIN_PREDICT:FUNANNOTATE_PREDICT	TRAIN_PREDICT:FUNANNOTATE_PREDICT (Umbelopsis_ramanniana_AG)	COMPLETED	0	1441.0	581.3	4.1	rss	2.326814722222222									annotate_trace.20260919_170853.txt	final
v1.8.17_conda	Rhodotorula_toruloides_NP11	TRAIN_PREDICT:FUNANNOTATE_PREDICT	TRAIN_PREDICT:FUNANNOTATE_PREDICT (Rhodotorula_toruloides_NP11)	COMPLETED	0	3730.0	549.2	4.5	rss	5.690322222222224									annotate_trace.20260919_170853.txt	final
v1.8.17_conda	Allomyces_macrogynus_ATCC_38327	TRAIN_PREDICT:FUNANNOTATE_TRAIN	TRAIN_PREDICT:FUNANNOTATE_TRAIN (Allomyces_macrogynus_ATCC_38327)	COMPLETED	0	4014.0	195.3	1.7	rss	2.177595									annotate_trace.20260919_170853.txt	overhead
v1.8.17_conda	Chaetomium_globosum_CBS_148.51	TRAIN_PREDICT:FUNANNOTATE_TRAIN	TRAIN_PREDICT:FUNANNOTATE_TRAIN (Chaetomium_globosum_CBS_148.51)	COMPLETED	0	4166.0	180.1	2.8	rss	2.084157222222222									annotate_trace.20260919_170853.txt	final
v1.8.17_conda	Batrachochytrium_dendrobatidis_JAM81	TRAIN_PREDICT:FUNANNOTATE_TRAIN	TRAIN_PREDICT:FUNANNOTATE_TRAIN (Batrachochytrium_dendrobatidis_JAM81)	COMPLETED	0	4230.0	205.7	1.5	rss	2.416975									annotate_trace.20260919_170853.txt	final
v1.8.17_conda	Aspergillus_fumigatus_Af293	TRAIN_PREDICT:FUNANNOTATE_TRAIN	TRAIN_PREDICT:FUNANNOTATE_TRAIN (Aspergillus_fumigatus_Af293)	COMPLETED	0	4297.0	160.7	1.5	rss	1.9181330555555556									annotate_trace.20260919_170853.txt	final
v1.8.17_conda	Cryptococcus_neoformans_H99	TRAIN_PREDICT:FUNANNOTATE_TRAIN	TRAIN_PREDICT:FUNANNOTATE_TRAIN (Cryptococcus_neoformans_H99)	COMPLETED	0	4492.0	172.9	1.4	rss	2.1574077777777783									annotate_trace.20260919_170853.txt	final
v1.8.17_conda	Batrachochytrium_dendrobatidis_JAM81	TRAIN_PREDICT:FUNANNOTATE_PREDICT	TRAIN_PREDICT:FUNANNOTATE_PREDICT (Batrachochytrium_dendrobatidis_JAM81)	COMPLETED	0	1544.0	562.2	5.0	rss	2.4112133333333334									annotate_trace.20260919_170853.txt	final
v1.8.17_conda	Chaetomium_globosum_CBS_148.51	TRAIN_PREDICT:FUNANNOTATE_PREDICT	TRAIN_PREDICT:FUNANNOTATE_PREDICT (Chaetomium_globosum_CBS_148.51)	COMPLETED	0	2199.0	594.1	8.7	rss	3.628960833333333									annotate_trace.20260919_170853.txt	final
v1.8.17_conda	Cryptococcus_neoformans_H99	TRAIN_PREDICT:FUNANNOTATE_PREDICT	TRAIN_PREDICT:FUNANNOTATE_PREDICT (Cryptococcus_neoformans_H99)	COMPLETED	0	1890.0	504.8	8.0	rss	2.6502000000000003									annotate_trace.20260919_170853.txt	final
v1.8.17_conda	Aspergillus_fumigatus_Af293	TRAIN_PREDICT:FUNANNOTATE_PREDICT	TRAIN_PREDICT:FUNANNOTATE_PREDICT (Aspergillus_fumigatus_Af293)	COMPLETED	0	2193.0	572.0	9.4	rss	3.484433333333333									annotate_trace.20260919_170853.txt	final
v1.8.17_conda	Allomyces_macrogynus_ATCC_38327	TRAIN_PREDICT:FUNANNOTATE_PREDICT	TRAIN_PREDICT:FUNANNOTATE_PREDICT (Allomyces_macrogynus_ATCC_38327)	COMPLETED	0	3773.0	577.1	6.7	rss	6.048328611111111									annotate_trace.20260919_170853.txt	final
v1.8.17_conda	-	FETCH_RNASEQ:COLLECT_SRA_QUERY	FETCH_RNASEQ:COLLECT_SRA_QUERY	COMPLETED	0	0.492	36.5	0.0031000000000000003	rss	4.988333333333333e-05									annotate_trace.20260919_210035.txt	overhead
v1.8.17_conda	Zygosaccharomyces_rouxii_CBS_732	TRAIN_PREDICT:FUNANNOTATE_TRAIN	TRAIN_PREDICT:FUNANNOTATE_TRAIN (Zygosaccharomyces_rouxii_CBS_732)	COMPLETED	0	5015.0	354.4	3.0	rss	4.936988888888888									annotate_trace.20260919_210035.txt	final
v1.8.17_conda	Zygosaccharomyces_rouxii_CBS_732	TRAIN_PREDICT:FUNANNOTATE_PREDICT	TRAIN_PREDICT:FUNANNOTATE_PREDICT (Zygosaccharomyces_rouxii_CBS_732)	COMPLETED	0	1737.0	536.0	4.3	rss	2.5862000000000003									annotate_trace.20260919_210035.txt	final
v1.8.17_conda	Malassezia_globosa_CBS_7966	TRAIN_PREDICT:FUNANNOTATE_TRAIN	TRAIN_PREDICT:FUNANNOTATE_TRAIN (Malassezia_globosa_CBS_7966)	COMPLETED	0	10756.0	247.0	4.2	rss	7.3798111111111115									annotate_trace.20260919_210035.txt	final
v1.8.17_conda	Malassezia_globosa_CBS_7966	TRAIN_PREDICT:FUNANNOTATE_PREDICT	TRAIN_PREDICT:FUNANNOTATE_PREDICT (Malassezia_globosa_CBS_7966)	CACHED	0	1609.0	365.1	3.0	rss	1.6317941666666667									annotate_trace.20260919_210035.txt	cached
v1.8.17_conda	Yarrowia_lipolytica_CLIB122	TRAIN_PREDICT:FUNANNOTATE_TRAIN	TRAIN_PREDICT:FUNANNOTATE_TRAIN (Yarrowia_lipolytica_CLIB122)	COMPLETED	0	12858.0	523.5	1.7	rss	18.697675									annotate_trace.20260919_210035.txt	final
v1.8.17_conda	Yarrowia_lipolytica_CLIB122	TRAIN_PREDICT:FUNANNOTATE_PREDICT	TRAIN_PREDICT:FUNANNOTATE_PREDICT (Yarrowia_lipolytica_CLIB122)	COMPLETED	0	2156.0	566.3	5.4	rss	3.3915077777777776									annotate_trace.20260919_210035.txt	final
v1.8.17_conda	Tilletiopsis_washingtonensis_MCA_4186	TRAIN_PREDICT:FUNANNOTATE_TRAIN	TRAIN_PREDICT:FUNANNOTATE_TRAIN (Tilletiopsis_washingtonensis_MCA_4186)	COMPLETED	0	22749.0	218.8	1.7	rss	13.826336666666668									annotate_trace.20260919_210035.txt	final
v1.8.17_conda	Tilletiopsis_washingtonensis_MCA_4186	TRAIN_PREDICT:FUNANNOTATE_PREDICT	TRAIN_PREDICT:FUNANNOTATE_PREDICT (Tilletiopsis_washingtonensis_MCA_4186)	COMPLETED	0	1817.0	513.5	4.9	rss	2.591748611111111									annotate_trace.20260919_210035.txt	final
v1.8.17_conda	Fusarium_verticillioides_7600	TRAIN_PREDICT:FUNANNOTATE_TRAIN	TRAIN_PREDICT:FUNANNOTATE_TRAIN (Fusarium_verticillioides_7600)	COMPLETED	0	25140.0	359.1	3.5	rss	25.077150000000003									annotate_trace.20260919_210035.txt	final
v1.8.17_conda	Fusarium_verticillioides_7600	TRAIN_PREDICT:FUNANNOTATE_PREDICT	TRAIN_PREDICT:FUNANNOTATE_PREDICT (Fusarium_verticillioides_7600)	COMPLETED	0	3447.0	532.5	13.4	rss	5.0986875000000005									annotate_trace.20260919_210035.txt	final
v1.8.17_conda	Schizophyllum_commune_H4-8	TRAIN_PREDICT:FUNANNOTATE_TRAIN	TRAIN_PREDICT:FUNANNOTATE_TRAIN (Schizophyllum_commune_H4-8)	COMPLETED	0	31735.0	233.6	2.6	rss	20.592488888888887									annotate_trace.20260919_210035.txt	final
v1.8.17_conda	Schizophyllum_commune_H4-8	TRAIN_PREDICT:FUNANNOTATE_PREDICT	TRAIN_PREDICT:FUNANNOTATE_PREDICT (Schizophyllum_commune_H4-8)	COMPLETED	0	2322.0	582.1	14.0	rss	3.7545450000000007									annotate_trace.20260919_210035.txt	final
v1.8.17_conda	Botrytis_cinerea_B05.10	TRAIN_PREDICT:FUNANNOTATE_TRAIN	TRAIN_PREDICT:FUNANNOTATE_TRAIN (Botrytis_cinerea_B05.10)	COMPLETED	0	35028.0	316.0	3.9	rss	30.746800000000004									annotate_trace.20260919_210035.txt	final
v1.8.17_conda	Botrytis_cinerea_B05.10	TRAIN_PREDICT:FUNANNOTATE_PREDICT	TRAIN_PREDICT:FUNANNOTATE_PREDICT (Botrytis_cinerea_B05.10)	COMPLETED	0	2259.0	564.1	11.4	rss	3.5397274999999997									annotate_trace.20260919_210035.txt	final
v1.8.17_conda	-	FETCH_RNASEQ:COLLECT_SRA_QUERY	FETCH_RNASEQ:COLLECT_SRA_QUERY	COMPLETED	0	0.123	52.2	0.003	rss	1.7835e-05									annotate_trace.20260920_072555.txt	overhead
v1.8.17_conda	Malassezia_globosa_CBS_7966	TRAIN_PREDICT:FUNANNOTATE_PREDICT	TRAIN_PREDICT:FUNANNOTATE_PREDICT (Malassezia_globosa_CBS_7966)	COMPLETED	0	1155.0	559.2	3.0	rss	1.7941000000000003									annotate_trace.20260920_072555.txt	final
v1.8.17_conda	-	SETUP_DBS:SETUP_MARIADB_DATADIR	SETUP_DBS:SETUP_MARIADB_DATADIR	COMPLETED	0	5.2	19.0	0.1397	rss	0.00027444444444444445									annotate_trace.txt	final
v1.8.17_conda	Spizellomyces_punctatus_+1_more	FETCH_RNASEQ:SRA_QUERY_BATCH	FETCH_RNASEQ:SRA_QUERY_BATCH (Spizellomyces_punctatus_+1_more)	COMPLETED	0	0.221	21.9	0.0033	rss	1.3444166666666666e-05									annotate_trace.txt	final
v1.8.17_conda	-	FETCH_RNASEQ:COLLECT_SRA_QUERY	FETCH_RNASEQ:COLLECT_SRA_QUERY	COMPLETED	0	0.199	45.7	0.0033	rss	2.526194444444445e-05									annotate_trace.txt	final
v1.8.17_conda	Spizellomyces_punctatus_DAOM_BR117	TRAIN_PREDICT:FUNANNOTATE_TRAIN	TRAIN_PREDICT:FUNANNOTATE_TRAIN (Spizellomyces_punctatus_DAOM_BR117)	COMPLETED	0	35.2	44.1	0.1028	rss	0.004312000000000001									annotate_trace.txt	final
v1.8.17_conda	Allomyces_macrogynus_ATCC_38327	TRAIN_PREDICT:FUNANNOTATE_TRAIN	TRAIN_PREDICT:FUNANNOTATE_TRAIN (Allomyces_macrogynus_ATCC_38327)	COMPLETED	0	162.0	67.6	0.0985	rss	0.030419999999999996									annotate_trace.txt	final
v1.9.0-beta12_container	-	ASM_STATS	ASM_STATS	COMPLETED	0	0.935	110.8	0.0050999999999999995	rss	0.00028777222222222217									annotate_trace.20260919_224520.txt	final
v1.9.0-beta12_container	-	SETUP_DBS:SETUP_MARIADB_DATADIR	SETUP_DBS:SETUP_MARIADB_DATADIR	COMPLETED	0	3.2	40.7	0.1455	rss	0.0003617777777777778									annotate_trace.20260919_224520.txt	final
v1.9.0-beta12_container	-	SETUP_DBS:SETUP_AUGUSTUS_CONFIG	SETUP_DBS:SETUP_AUGUSTUS_CONFIG	COMPLETED	0	1.5	22.8	0.0050999999999999995	rss	9.5e-05									annotate_trace.20260919_224520.txt	final
v1.9.0-beta12_container	Chaetomium_globosum_CBS_148.51	MASK_GENOME:MASKREPEAT_TANTAN_RUN	MASK_GENOME:MASKREPEAT_TANTAN_RUN (Chaetomium_globosum_CBS_148.51)	COMPLETED	0	21.3	149.8	0.08600000000000001	rss	0.008863166666666668									annotate_trace.20260919_224520.txt	final
v1.9.0-beta12_container	Chaetomium_globosum	TRAIN_PREDICT:RNASEQ_PREPARE	TRAIN_PREDICT:RNASEQ_PREPARE (Chaetomium_globosum)	COMPLETED	0	0.026000000000000002	36.1			2.607222222222222e-06									annotate_trace.20260919_224520.txt	final
v1.9.0-beta12_container	-	FETCH_RNASEQ:COLLECT_SRA_QUERY	FETCH_RNASEQ:COLLECT_SRA_QUERY	COMPLETED	0	0.0	69.6	0.003	rss	0.0									annotate_trace.20260919_224520.txt	overhead
v1.9.0-beta12_container	Chaetomium_globosum_CBS_148.51	TRAIN_PREDICT:FUNANNOTATE_PREDICT	TRAIN_PREDICT:FUNANNOTATE_PREDICT (Chaetomium_globosum_CBS_148.51)	COMPLETED	0	2950.0	619.2	16.3	rss	5.074									annotate_trace.20260919_224520.txt	overhead
v1.9.0-beta12_container	Allomyces_macrogynus_ATCC_38327	MASK_GENOME:MASKREPEAT_TANTAN_RUN	MASK_GENOME:MASKREPEAT_TANTAN_RUN (Allomyces_macrogynus_ATCC_38327)	COMPLETED	0	27.1	161.2	0.0675	rss	0.012134777777777777									annotate_trace.20260919_233957.txt	final
v1.9.0-beta12_container	Cryptococcus_neoformans_H99	MASK_GENOME:MASKREPEAT_TANTAN_RUN	MASK_GENOME:MASKREPEAT_TANTAN_RUN (Cryptococcus_neoformans_H99)	COMPLETED	0	11.7	141.0	0.061	rss	0.0045825									annotate_trace.20260919_233957.txt	final
v1.9.0-beta12_container	Rhodotorula_toruloides_NP11	MASK_GENOME:MASKREPEAT_TANTAN_RUN	MASK_GENOME:MASKREPEAT_TANTAN_RUN (Rhodotorula_toruloides_NP11)	COMPLETED	0	12.1	146.0	0.0586	rss	0.0049072222222222225									annotate_trace.20260919_233957.txt	final
v1.9.0-beta12_container	Malassezia_globosa_CBS_7966	MASK_GENOME:MASKREPEAT_TANTAN_RUN	MASK_GENOME:MASKREPEAT_TANTAN_RUN (Malassezia_globosa_CBS_7966)	COMPLETED	0	6.6	134.3	0.0582	rss	0.002462166666666667									annotate_trace.20260919_233957.txt	final
v1.9.0-beta12_container	Tilletiopsis_washingtonensis_MCA_4186	MASK_GENOME:MASKREPEAT_TANTAN_RUN	MASK_GENOME:MASKREPEAT_TANTAN_RUN (Tilletiopsis_washingtonensis_MCA_4186)	COMPLETED	0	12.3	136.8	0.055700000000000006	rss	0.004674									annotate_trace.20260919_233957.txt	final
v1.9.0-beta12_container	Yarrowia_lipolytica_CLIB122	MASK_GENOME:MASKREPEAT_TANTAN_RUN	MASK_GENOME:MASKREPEAT_TANTAN_RUN (Yarrowia_lipolytica_CLIB122)	COMPLETED	0	12.4	146.8	0.0727	rss	0.005056444444444445									annotate_trace.20260919_233957.txt	final
v1.9.0-beta12_container	Schizophyllum_commune_H4-8	MASK_GENOME:MASKREPEAT_TANTAN_RUN	MASK_GENOME:MASKREPEAT_TANTAN_RUN (Schizophyllum_commune_H4-8)	COMPLETED	0	10.6	182.2	0.0755	rss	0.005364777777777777									annotate_trace.20260919_233957.txt	final
v1.9.0-beta12_container	Botrytis_cinerea_B05.10	MASK_GENOME:MASKREPEAT_TANTAN_RUN	MASK_GENOME:MASKREPEAT_TANTAN_RUN (Botrytis_cinerea_B05.10)	COMPLETED	0	11.5	177.4	0.07200000000000001	rss	0.005666944444444445									annotate_trace.20260919_233957.txt	final
v1.9.0-beta12_container	Zygosaccharomyces_rouxii_CBS_732	MASK_GENOME:MASKREPEAT_TANTAN_RUN	MASK_GENOME:MASKREPEAT_TANTAN_RUN (Zygosaccharomyces_rouxii_CBS_732)	COMPLETED	0	7.6	118.9	0.058	rss	0.002510111111111111									annotate_trace.20260919_233957.txt	final
v1.9.0-beta12_container	Aspergillus_fumigatus_Af293	MASK_GENOME:MASKREPEAT_TANTAN_RUN	MASK_GENOME:MASKREPEAT_TANTAN_RUN (Aspergillus_fumigatus_Af293)	COMPLETED	0	20.1	136.6	0.0777	rss	0.007626833333333333									annotate_trace.20260919_233957.txt	final
v1.9.0-beta12_container	Pneumocystis_murina_B123	MASK_GENOME:MASKREPEAT_TANTAN_RUN	MASK_GENOME:MASKREPEAT_TANTAN_RUN (Pneumocystis_murina_B123)	COMPLETED	0	6.5	106.4	0.053200000000000004	rss	0.001921111111111111									annotate_trace.20260919_233957.txt	final
v1.9.0-beta12_container	Batrachochytrium_dendrobatidis_JAM81	MASK_GENOME:MASKREPEAT_TANTAN_RUN	MASK_GENOME:MASKREPEAT_TANTAN_RUN (Batrachochytrium_dendrobatidis_JAM81)	COMPLETED	0	7.0	175.2	0.0741	rss	0.0034066666666666664									annotate_trace.20260919_233957.txt	final
v1.9.0-beta12_container	Fusarium_verticillioides_7600	MASK_GENOME:MASKREPEAT_TANTAN_RUN	MASK_GENOME:MASKREPEAT_TANTAN_RUN (Fusarium_verticillioides_7600)	COMPLETED	0	10.1	198.2	0.0834	rss	0.005560611111111111									annotate_trace.20260919_233957.txt	final
v1.9.0-beta12_container	Umbelopsis_ramanniana_AG	MASK_GENOME:MASKREPEAT_TANTAN_RUN	MASK_GENOME:MASKREPEAT_TANTAN_RUN (Umbelopsis_ramanniana_AG)	COMPLETED	0	13.5	155.8	0.0545	rss	0.0058425									annotate_trace.20260919_233957.txt	final
v1.9.0-beta12_container	Saccharomyces_cerevisiae_S288C	MASK_GENOME:MASKREPEAT_TANTAN_RUN	MASK_GENOME:MASKREPEAT_TANTAN_RUN (Saccharomyces_cerevisiae_S288C)	COMPLETED	0	8.3	142.5	0.0565	rss	0.0032854166666666674									annotate_trace.20260919_233957.txt	final
v1.9.0-beta12_container	-	FETCH_RNASEQ:COLLECT_SRA_QUERY	FETCH_RNASEQ:COLLECT_SRA_QUERY	COMPLETED	0	0.0	50.9	0.003	rss	0.0									annotate_trace.20260919_233957.txt	overhead
v1.9.0-beta12_container	Tilletiopsis_washingtonensis	TRAIN_PREDICT:RNASEQ_PREPARE	TRAIN_PREDICT:RNASEQ_PREPARE (Tilletiopsis_washingtonensis)	COMPLETED	0	9.9	633.0	0.1758	rss	0.017407500000000003									annotate_trace.20260919_233957.txt	final
v1.9.0-beta12_container	Malassezia_globosa	TRAIN_PREDICT:RNASEQ_PREPARE	TRAIN_PREDICT:RNASEQ_PREPARE (Malassezia_globosa)	COMPLETED	0	1043.0	1206.6	1.5	rss	3.495788333333333									annotate_trace.20260919_233957.txt	final
v1.9.0-beta12_container	Zygosaccharomyces_rouxii	TRAIN_PREDICT:RNASEQ_PREPARE	TRAIN_PREDICT:RNASEQ_PREPARE (Zygosaccharomyces_rouxii)	COMPLETED	0	809.0	1192.1	2.6	rss	2.6789136111111107									annotate_trace.20260919_233957.txt	final
v1.9.0-beta12_container	Cryptococcus_neoformans	TRAIN_PREDICT:RNASEQ_PREPARE	TRAIN_PREDICT:RNASEQ_PREPARE (Cryptococcus_neoformans)	COMPLETED	0	2248.0	1257.9	2.1	rss	7.854886666666667									annotate_trace.20260919_233957.txt	final
v1.9.0-beta12_container	Pneumocystis_murina_B123	TRAIN_PREDICT:FUNANNOTATE_PREDICT	TRAIN_PREDICT:FUNANNOTATE_PREDICT (Pneumocystis_murina_B123)	COMPLETED	0	2615.0	641.1	2.9	rss	4.656879166666667									annotate_trace.20260919_233957.txt	final
v1.9.0-beta12_container	Schizophyllum_commune	TRAIN_PREDICT:RNASEQ_PREPARE	TRAIN_PREDICT:RNASEQ_PREPARE (Schizophyllum_commune)	COMPLETED	0	2637.0	1267.0	2.6	rss	9.280775									annotate_trace.20260919_233957.txt	final
v1.9.0-beta12_container	Yarrowia_lipolytica	TRAIN_PREDICT:RNASEQ_PREPARE	TRAIN_PREDICT:RNASEQ_PREPARE (Yarrowia_lipolytica)	COMPLETED	0	2686.0	1253.1	1.7	rss	9.349518333333332									annotate_trace.20260919_233957.txt	final
v1.9.0-beta12_container	Aspergillus_fumigatus	TRAIN_PREDICT:RNASEQ_PREPARE	TRAIN_PREDICT:RNASEQ_PREPARE (Aspergillus_fumigatus)	COMPLETED	0	2853.0	1142.2	3.1	rss	9.051935									annotate_trace.20260919_233957.txt	final
v1.9.0-beta12_container	Botrytis_cinerea	TRAIN_PREDICT:RNASEQ_PREPARE	TRAIN_PREDICT:RNASEQ_PREPARE (Botrytis_cinerea)	COMPLETED	0	3532.0	1271.9	2.4	rss	12.478752222222225									annotate_trace.20260919_233957.txt	final
v1.9.0-beta12_container	Allomyces_macrogynus	TRAIN_PREDICT:RNASEQ_PREPARE	TRAIN_PREDICT:RNASEQ_PREPARE (Allomyces_macrogynus)	COMPLETED	0	3713.0	1168.7	2.1	rss	12.053841944444446									annotate_trace.20260919_233957.txt	final
v1.9.0-beta12_container	Saccharomyces_cerevisiae	TRAIN_PREDICT:RNASEQ_PREPARE	TRAIN_PREDICT:RNASEQ_PREPARE (Saccharomyces_cerevisiae)	COMPLETED	0	1045.0	1258.7	1.7	rss	3.653726388888889									annotate_trace.20260919_233957.txt	final
v1.9.0-beta12_container	Rhodotorula_toruloides_NP11	TRAIN_PREDICT:FUNANNOTATE_PREDICT	TRAIN_PREDICT:FUNANNOTATE_PREDICT (Rhodotorula_toruloides_NP11)	COMPLETED	0	4053.0	621.0	4.0	rss	6.991425									annotate_trace.20260919_233957.txt	final
v1.9.0-beta12_container	Umbelopsis_ramanniana	TRAIN_PREDICT:RNASEQ_PREPARE	TRAIN_PREDICT:RNASEQ_PREPARE (Umbelopsis_ramanniana)	COMPLETED	0	2732.0	1267.4	2.0	rss	9.618157777777778									annotate_trace.20260919_233957.txt	final
v1.9.0-beta12_container	Zygosaccharomyces_rouxii_CBS_732	TRAIN_PREDICT:FUNANNOTATE_TRAIN	TRAIN_PREDICT:FUNANNOTATE_TRAIN (Zygosaccharomyces_rouxii_CBS_732)	COMPLETED	0	805.0	198.4	0.8416	rss	0.44364444444444445									annotate_trace.20260919_233957.txt	final
v1.9.0-beta12_container	Fusarium_verticillioides	TRAIN_PREDICT:RNASEQ_PREPARE	TRAIN_PREDICT:RNASEQ_PREPARE (Fusarium_verticillioides)	COMPLETED	0	4037.0	1236.0	3.5	rss	13.860366666666668									annotate_trace.20260919_233957.txt	final
v1.9.0-beta12_container	Malassezia_globosa_CBS_7966	TRAIN_PREDICT:FUNANNOTATE_TRAIN	TRAIN_PREDICT:FUNANNOTATE_TRAIN (Malassezia_globosa_CBS_7966)	COMPLETED	0	1433.0	184.1	0.7816000000000001	rss	0.7328202777777778									annotate_trace.20260919_233957.txt	final
v1.9.0-beta12_container	Batrachochytrium_dendrobatidis	TRAIN_PREDICT:RNASEQ_PREPARE	TRAIN_PREDICT:RNASEQ_PREPARE (Batrachochytrium_dendrobatidis)	COMPLETED	0	4129.0	1204.3	11.0	rss	13.812651944444445									annotate_trace.20260919_233957.txt	final
v1.9.0-beta12_container	Schizophyllum_commune_H4-8	TRAIN_PREDICT:FUNANNOTATE_TRAIN	TRAIN_PREDICT:FUNANNOTATE_TRAIN (Schizophyllum_commune_H4-8)	COMPLETED	0	916.0	230.2	0.8101	rss	0.5857311111111111									annotate_trace.20260919_233957.txt	final
v1.9.0-beta12_container	Yarrowia_lipolytica_CLIB122	TRAIN_PREDICT:FUNANNOTATE_TRAIN	TRAIN_PREDICT:FUNANNOTATE_TRAIN (Yarrowia_lipolytica_CLIB122)	COMPLETED	0	1427.0	273.5	0.7582000000000001	rss	1.084123611111111									annotate_trace.20260919_233957.txt	final
v1.9.0-beta12_container	Saccharomyces_cerevisiae_S288C	TRAIN_PREDICT:FUNANNOTATE_TRAIN	TRAIN_PREDICT:FUNANNOTATE_TRAIN (Saccharomyces_cerevisiae_S288C)	COMPLETED	0	910.0	244.6	0.8157000000000001	rss	0.6182944444444444									annotate_trace.20260919_233957.txt	final
v1.9.0-beta12_container	Aspergillus_fumigatus_Af293	TRAIN_PREDICT:FUNANNOTATE_TRAIN	TRAIN_PREDICT:FUNANNOTATE_TRAIN (Aspergillus_fumigatus_Af293)	COMPLETED	0	2424.0	236.3	1.2	rss	1.5910866666666668									annotate_trace.20260919_233957.txt	final
v1.9.0-beta12_container	Zygosaccharomyces_rouxii_CBS_732	TRAIN_PREDICT:FUNANNOTATE_PREDICT	TRAIN_PREDICT:FUNANNOTATE_PREDICT (Zygosaccharomyces_rouxii_CBS_732)	COMPLETED	0	800.0	543.2	3.5	rss	1.207111111111111									annotate_trace.20260919_233957.txt	final
v1.9.0-beta12_container	Cryptococcus_neoformans_H99	TRAIN_PREDICT:FUNANNOTATE_TRAIN	TRAIN_PREDICT:FUNANNOTATE_TRAIN (Cryptococcus_neoformans_H99)	COMPLETED	0	3551.0	212.3	1.3	rss	2.094103611111111									annotate_trace.20260919_233957.txt	final
v1.9.0-beta12_container	Botrytis_cinerea_B05.10	TRAIN_PREDICT:FUNANNOTATE_TRAIN	TRAIN_PREDICT:FUNANNOTATE_TRAIN (Botrytis_cinerea_B05.10)	COMPLETED	0	2535.0	264.9	1.6	rss	1.8653374999999999									annotate_trace.20260919_233957.txt	final
v1.9.0-beta12_container	Malassezia_globosa_CBS_7966	TRAIN_PREDICT:FUNANNOTATE_PREDICT	TRAIN_PREDICT:FUNANNOTATE_PREDICT (Malassezia_globosa_CBS_7966)	COMPLETED	0	889.0	580.2	2.6	rss	1.4327716666666668									annotate_trace.20260919_233957.txt	final
v1.9.0-beta12_container	Umbelopsis_ramanniana_AG	TRAIN_PREDICT:FUNANNOTATE_TRAIN	TRAIN_PREDICT:FUNANNOTATE_TRAIN (Umbelopsis_ramanniana_AG)	COMPLETED	0	1690.0	259.3	1.0061	rss	1.2172694444444445									annotate_trace.20260919_233957.txt	final
v1.9.0-beta12_container	Yarrowia_lipolytica_CLIB122	TRAIN_PREDICT:FUNANNOTATE_PREDICT	TRAIN_PREDICT:FUNANNOTATE_PREDICT (Yarrowia_lipolytica_CLIB122)	COMPLETED	0	1108.0	538.5	3.8	rss	1.6573833333333332									annotate_trace.20260919_233957.txt	final
v1.9.0-beta12_container	Allomyces_macrogynus_ATCC_38327	TRAIN_PREDICT:FUNANNOTATE_TRAIN	TRAIN_PREDICT:FUNANNOTATE_TRAIN (Allomyces_macrogynus_ATCC_38327)	COMPLETED	0	3546.0	307.4	1.2	rss	3.0278899999999997									annotate_trace.20260919_233957.txt	final
v1.9.0-beta12_container	Saccharomyces_cerevisiae_S288C	TRAIN_PREDICT:FUNANNOTATE_PREDICT	TRAIN_PREDICT:FUNANNOTATE_PREDICT (Saccharomyces_cerevisiae_S288C)	COMPLETED	0	952.0	531.6	3.3	rss	1.4057866666666665									annotate_trace.20260919_233957.txt	final
v1.9.0-beta12_container	Batrachochytrium_dendrobatidis_JAM81	TRAIN_PREDICT:FUNANNOTATE_TRAIN	TRAIN_PREDICT:FUNANNOTATE_TRAIN (Batrachochytrium_dendrobatidis_JAM81)	COMPLETED	0	2299.0	275.7	1.3	rss	1.7606508333333333									annotate_trace.20260919_233957.txt	final
v1.9.0-beta12_container	Schizophyllum_commune_H4-8	TRAIN_PREDICT:FUNANNOTATE_PREDICT	TRAIN_PREDICT:FUNANNOTATE_PREDICT (Schizophyllum_commune_H4-8)	COMPLETED	0	2729.0	578.2	6.5	rss	4.383077222222222									annotate_trace.20260919_233957.txt	final
v1.9.0-beta12_container	Tilletiopsis_washingtonensis_MCA_4186	TRAIN_PREDICT:FUNANNOTATE_TRAIN	TRAIN_PREDICT:FUNANNOTATE_TRAIN (Tilletiopsis_washingtonensis_MCA_4186)	COMPLETED	0	6807.0	468.4	1.9	rss	8.856663333333334									annotate_trace.20260919_233957.txt	final
v1.9.0-beta12_container	Cryptococcus_neoformans_H99	TRAIN_PREDICT:FUNANNOTATE_PREDICT	TRAIN_PREDICT:FUNANNOTATE_PREDICT (Cryptococcus_neoformans_H99)	COMPLETED	0	1556.0	547.3	7.2	rss	2.365552222222222									annotate_trace.20260919_233957.txt	final
v1.9.0-beta12_container	Aspergillus_fumigatus_Af293	TRAIN_PREDICT:FUNANNOTATE_PREDICT	TRAIN_PREDICT:FUNANNOTATE_PREDICT (Aspergillus_fumigatus_Af293)	COMPLETED	0	1930.0	607.3	19.9	rss	3.2558027777777774									annotate_trace.20260919_233957.txt	final
v1.9.0-beta12_container	Umbelopsis_ramanniana_AG	TRAIN_PREDICT:FUNANNOTATE_PREDICT	TRAIN_PREDICT:FUNANNOTATE_PREDICT (Umbelopsis_ramanniana_AG)	COMPLETED	0	1550.0	550.9	3.7	rss	2.3719305555555557									annotate_trace.20260919_233957.txt	final
v1.9.0-beta12_container	Fusarium_verticillioides_7600	TRAIN_PREDICT:FUNANNOTATE_TRAIN	TRAIN_PREDICT:FUNANNOTATE_TRAIN (Fusarium_verticillioides_7600)	COMPLETED	0	4092.0	269.0	1.7	rss	3.0576333333333334									annotate_trace.20260919_233957.txt	final
v1.9.0-beta12_container	Botrytis_cinerea_B05.10	TRAIN_PREDICT:FUNANNOTATE_PREDICT	TRAIN_PREDICT:FUNANNOTATE_PREDICT (Botrytis_cinerea_B05.10)	COMPLETED	0	2809.0	588.1	10.8	rss	4.588813611111111									annotate_trace.20260919_233957.txt	final
v1.9.0-beta12_container	Tilletiopsis_washingtonensis_MCA_4186	TRAIN_PREDICT:FUNANNOTATE_PREDICT	TRAIN_PREDICT:FUNANNOTATE_PREDICT (Tilletiopsis_washingtonensis_MCA_4186)	COMPLETED	0	1755.0	535.9	4.3	rss	2.6125125									annotate_trace.20260919_233957.txt	final
v1.9.0-beta12_container	Batrachochytrium_dendrobatidis_JAM81	TRAIN_PREDICT:FUNANNOTATE_PREDICT	TRAIN_PREDICT:FUNANNOTATE_PREDICT (Batrachochytrium_dendrobatidis_JAM81)	COMPLETED	0	2444.0	581.8	4.8	rss	3.949775555555555									annotate_trace.20260919_233957.txt	final
v1.9.0-beta12_container	Allomyces_macrogynus_ATCC_38327	TRAIN_PREDICT:FUNANNOTATE_PREDICT	TRAIN_PREDICT:FUNANNOTATE_PREDICT (Allomyces_macrogynus_ATCC_38327)	COMPLETED	0	3331.0	603.9	9.9	rss	5.5877525									annotate_trace.20260919_233957.txt	final
v1.9.0-beta12_container	Chaetomium_globosum_CBS_148.51	TRAIN_PREDICT:FUNANNOTATE_TRAIN	TRAIN_PREDICT:FUNANNOTATE_TRAIN (Chaetomium_globosum_CBS_148.51)	COMPLETED	0	11643.0	507.9	2.9	rss	16.4263325									annotate_trace.20260919_233957.txt	final
v1.9.0-beta12_container	Chaetomium_globosum_CBS_148.51	TRAIN_PREDICT:FUNANNOTATE_PREDICT	TRAIN_PREDICT:FUNANNOTATE_PREDICT (Chaetomium_globosum_CBS_148.51)	CACHED	0	2950.0	619.2	16.3	rss	5.074									annotate_trace.20260919_233957.txt	cached
v1.9.0-beta12_container	Fusarium_verticillioides_7600	TRAIN_PREDICT:FUNANNOTATE_PREDICT	TRAIN_PREDICT:FUNANNOTATE_PREDICT (Fusarium_verticillioides_7600)	COMPLETED	0	3035.0	587.7	8.8	rss	4.9546375000000005									annotate_trace.20260919_233957.txt	final
v1.9.0-beta12_container	-	FETCH_RNASEQ:COLLECT_SRA_QUERY	FETCH_RNASEQ:COLLECT_SRA_QUERY	CACHED	0	0.0	69.6	0.003	rss	0.0									annotate_trace.20260920_040951.txt	cached
v1.9.0-beta12_container	Chaetomium_globosum_CBS_148.51	TRAIN_PREDICT:FUNANNOTATE_PREDICT	TRAIN_PREDICT:FUNANNOTATE_PREDICT (Chaetomium_globosum_CBS_148.51)	CACHED	0	2950.0	619.2	16.3	rss	5.074									annotate_trace.20260920_040951.txt	cached
v1.9.0-beta12_container	-	FETCH_RNASEQ:COLLECT_SRA_QUERY	FETCH_RNASEQ:COLLECT_SRA_QUERY	COMPLETED	0	0.0	11.8	0.003	rss	0.0									annotate_trace.20260920_041230.txt	final
v1.9.0-beta12_container	Chaetomium_globosum_CBS_148.51	TRAIN_PREDICT:FUNANNOTATE_PREDICT	TRAIN_PREDICT:FUNANNOTATE_PREDICT (Chaetomium_globosum_CBS_148.51)	COMPLETED	0	2936.0	605.1	16.2	rss	4.934926666666667									annotate_trace.20260920_041230.txt	final
v1.9.0-beta12_container_rust	-	SETUP_DBS:SETUP_MARIADB_DATADIR	SETUP_DBS:SETUP_MARIADB_DATADIR	COMPLETED	0	3.5	28.1	0.029	rss	0.00027319444444444445									annotate_trace.20260919_224520.txt	final
v1.9.0-beta12_container_rust	-	ASM_STATS	ASM_STATS	COMPLETED	0	1.3	90.6	0.0083	rss	0.0003271666666666667									annotate_trace.20260919_224520.txt	final
v1.9.0-beta12_container_rust	Chaetomium_globosum_CBS_148.51	MASK_GENOME:MASKREPEAT_TANTAN_RUN	MASK_GENOME:MASKREPEAT_TANTAN_RUN (Chaetomium_globosum_CBS_148.51)	COMPLETED	0	19.1	156.6	0.0851	rss	0.0083085									annotate_trace.20260919_224520.txt	final
v1.9.0-beta12_container_rust	-	SETUP_DBS:SETUP_AUGUSTUS_CONFIG	SETUP_DBS:SETUP_AUGUSTUS_CONFIG	COMPLETED	0	1.5	23.6	0.005	rss	9.833333333333334e-05									annotate_trace.20260919_224520.txt	final
v1.9.0-beta12_container_rust	Chaetomium_globosum	TRAIN_PREDICT:RNASEQ_PREPARE	TRAIN_PREDICT:RNASEQ_PREPARE (Chaetomium_globosum)	COMPLETED	0	0.065	20.2	0.0033	rss	3.647222222222222e-06									annotate_trace.20260919_224520.txt	final
v1.9.0-beta12_container_rust	-	FETCH_RNASEQ:COLLECT_SRA_QUERY	FETCH_RNASEQ:COLLECT_SRA_QUERY	COMPLETED	0	0.0	31.9	0.003	rss	0.0									annotate_trace.20260919_224520.txt	overhead
v1.9.0-beta12_container_rust	Chaetomium_globosum_CBS_148.51	TRAIN_PREDICT:FUNANNOTATE_PREDICT	TRAIN_PREDICT:FUNANNOTATE_PREDICT (Chaetomium_globosum_CBS_148.51)	COMPLETED	0	1929.0	563.7	4.5	rss	3.0204925000000005									annotate_trace.20260919_224520.txt	overhead
v1.9.0-beta12_container_rust	Allomyces_macrogynus_ATCC_38327	MASK_GENOME:MASKREPEAT_TANTAN_RUN	MASK_GENOME:MASKREPEAT_TANTAN_RUN (Allomyces_macrogynus_ATCC_38327)	COMPLETED	0	30.8	141.0	0.0668	rss	0.012063333333333334									annotate_trace.20260919_234007.txt	final
v1.9.0-beta12_container_rust	Cryptococcus_neoformans_H99	MASK_GENOME:MASKREPEAT_TANTAN_RUN	MASK_GENOME:MASKREPEAT_TANTAN_RUN (Cryptococcus_neoformans_H99)	COMPLETED	0	6.2	159.8	0.0639	rss	0.0027521111111111114									annotate_trace.20260919_234007.txt	final
v1.9.0-beta12_container_rust	Malassezia_globosa_CBS_7966	MASK_GENOME:MASKREPEAT_TANTAN_RUN	MASK_GENOME:MASKREPEAT_TANTAN_RUN (Malassezia_globosa_CBS_7966)	COMPLETED	0	3.6	140.7	0.054200000000000005	rss	0.0014069999999999998									annotate_trace.20260919_234007.txt	final
v1.9.0-beta12_container_rust	Rhodotorula_toruloides_NP11	MASK_GENOME:MASKREPEAT_TANTAN_RUN	MASK_GENOME:MASKREPEAT_TANTAN_RUN (Rhodotorula_toruloides_NP11)	COMPLETED	0	15.2	133.7	0.0585	rss	0.00564511111111111									annotate_trace.20260919_234007.txt	final
v1.9.0-beta12_container_rust	Yarrowia_lipolytica_CLIB122	MASK_GENOME:MASKREPEAT_TANTAN_RUN	MASK_GENOME:MASKREPEAT_TANTAN_RUN (Yarrowia_lipolytica_CLIB122)	COMPLETED	0	13.4	138.8	0.0729	rss	0.005166444444444445									annotate_trace.20260919_234007.txt	final
v1.9.0-beta12_container_rust	Schizophyllum_commune_H4-8	MASK_GENOME:MASKREPEAT_TANTAN_RUN	MASK_GENOME:MASKREPEAT_TANTAN_RUN (Schizophyllum_commune_H4-8)	COMPLETED	0	20.2	147.3	0.0748	rss	0.008265166666666667									annotate_trace.20260919_234007.txt	final
v1.9.0-beta12_container_rust	Tilletiopsis_washingtonensis_MCA_4186	MASK_GENOME:MASKREPEAT_TANTAN_RUN	MASK_GENOME:MASKREPEAT_TANTAN_RUN (Tilletiopsis_washingtonensis_MCA_4186)	COMPLETED	0	11.1	138.0	0.05620000000000001	rss	0.004254999999999999									annotate_trace.20260919_234007.txt	final
v1.9.0-beta12_container_rust	Aspergillus_fumigatus_Af293	MASK_GENOME:MASKREPEAT_TANTAN_RUN	MASK_GENOME:MASKREPEAT_TANTAN_RUN (Aspergillus_fumigatus_Af293)	COMPLETED	0	8.3	181.3	0.078	rss	0.004179972222222223									annotate_trace.20260919_234007.txt	final
v1.9.0-beta12_container_rust	Botrytis_cinerea_B05.10	MASK_GENOME:MASKREPEAT_TANTAN_RUN	MASK_GENOME:MASKREPEAT_TANTAN_RUN (Botrytis_cinerea_B05.10)	COMPLETED	0	22.2	167.7	0.0718	rss	0.010341499999999998									annotate_trace.20260919_234007.txt	final
v1.9.0-beta12_container_rust	Zygosaccharomyces_rouxii_CBS_732	MASK_GENOME:MASKREPEAT_TANTAN_RUN	MASK_GENOME:MASKREPEAT_TANTAN_RUN (Zygosaccharomyces_rouxii_CBS_732)	COMPLETED	0	6.8	143.6	0.0631	rss	0.002712444444444444									annotate_trace.20260919_234007.txt	final
v1.9.0-beta12_container_rust	Batrachochytrium_dendrobatidis_JAM81	MASK_GENOME:MASKREPEAT_TANTAN_RUN	MASK_GENOME:MASKREPEAT_TANTAN_RUN (Batrachochytrium_dendrobatidis_JAM81)	COMPLETED	0	6.1	191.8	0.07540000000000001	rss	0.0032499444444444446									annotate_trace.20260919_234007.txt	final
v1.9.0-beta12_container_rust	Pneumocystis_murina_B123	MASK_GENOME:MASKREPEAT_TANTAN_RUN	MASK_GENOME:MASKREPEAT_TANTAN_RUN (Pneumocystis_murina_B123)	COMPLETED	0	6.1	121.0	0.0533	rss	0.0020502777777777776									annotate_trace.20260919_234007.txt	final
v1.9.0-beta12_container_rust	Fusarium_verticillioides_7600	MASK_GENOME:MASKREPEAT_TANTAN_RUN	MASK_GENOME:MASKREPEAT_TANTAN_RUN (Fusarium_verticillioides_7600)	COMPLETED	0	10.7	188.5	0.0848	rss	0.005602638888888889									annotate_trace.20260919_234007.txt	final
v1.9.0-beta12_container_rust	Saccharomyces_cerevisiae_S288C	MASK_GENOME:MASKREPEAT_TANTAN_RUN	MASK_GENOME:MASKREPEAT_TANTAN_RUN (Saccharomyces_cerevisiae_S288C)	COMPLETED	0	4.5	149.7	0.056799999999999996	rss	0.0018712499999999999									annotate_trace.20260919_234007.txt	final
v1.9.0-beta12_container_rust	Umbelopsis_ramanniana_AG	MASK_GENOME:MASKREPEAT_TANTAN_RUN	MASK_GENOME:MASKREPEAT_TANTAN_RUN (Umbelopsis_ramanniana_AG)	COMPLETED	0	13.0	162.3	0.0549	rss	0.005860833333333334									annotate_trace.20260919_234007.txt	final
v1.9.0-beta12_container_rust	-	FETCH_RNASEQ:COLLECT_SRA_QUERY	FETCH_RNASEQ:COLLECT_SRA_QUERY	COMPLETED	0	0.0	81.4	0.003	rss	0.0									annotate_trace.20260919_234007.txt	overhead
v1.9.0-beta12_container_rust	Malassezia_globosa	TRAIN_PREDICT:RNASEQ_PREPARE	TRAIN_PREDICT:RNASEQ_PREPARE (Malassezia_globosa)	COMPLETED	0	916.0	1268.3	1.6	rss	3.2271188888888886									annotate_trace.20260919_234007.txt	final
v1.9.0-beta12_container_rust	Cryptococcus_neoformans	TRAIN_PREDICT:RNASEQ_PREPARE	TRAIN_PREDICT:RNASEQ_PREPARE (Cryptococcus_neoformans)	COMPLETED	0	2495.0	1211.6	2.2	rss	8.39706111111111									annotate_trace.20260919_234007.txt	final
v1.9.0-beta12_container_rust	Rhodotorula_toruloides_NP11	TRAIN_PREDICT:FUNANNOTATE_PREDICT	TRAIN_PREDICT:FUNANNOTATE_PREDICT (Rhodotorula_toruloides_NP11)	COMPLETED	0	2964.0	628.0	4.0	rss	5.170533333333334									annotate_trace.20260919_234007.txt	final
v1.9.0-beta12_container_rust	Pneumocystis_murina_B123	TRAIN_PREDICT:FUNANNOTATE_PREDICT	TRAIN_PREDICT:FUNANNOTATE_PREDICT (Pneumocystis_murina_B123)	COMPLETED	0	3018.0	651.2	2.8	rss	5.459226666666667									annotate_trace.20260919_234007.txt	final
v1.9.0-beta12_container_rust	Allomyces_macrogynus	TRAIN_PREDICT:RNASEQ_PREPARE	TRAIN_PREDICT:RNASEQ_PREPARE (Allomyces_macrogynus)	COMPLETED	0	3658.0	1279.5	2.3	rss	13.001141666666667									annotate_trace.20260919_234007.txt	final
v1.9.0-beta12_container_rust	Schizophyllum_commune	TRAIN_PREDICT:RNASEQ_PREPARE	TRAIN_PREDICT:RNASEQ_PREPARE (Schizophyllum_commune)	COMPLETED	0	2700.0	1259.8	2.6	rss	9.4485									annotate_trace.20260919_234007.txt	final
v1.9.0-beta12_container_rust	Zygosaccharomyces_rouxii	TRAIN_PREDICT:RNASEQ_PREPARE	TRAIN_PREDICT:RNASEQ_PREPARE (Zygosaccharomyces_rouxii)	COMPLETED	0	758.0	1248.3	2.6	rss	2.6283649999999996									annotate_trace.20260919_234007.txt	final
v1.9.0-beta12_container_rust	Tilletiopsis_washingtonensis	TRAIN_PREDICT:RNASEQ_PREPARE	TRAIN_PREDICT:RNASEQ_PREPARE (Tilletiopsis_washingtonensis)	COMPLETED	0	2190.0	1172.2	1.7	rss	7.130883333333333									annotate_trace.20260919_234007.txt	final
v1.9.0-beta12_container_rust	Saccharomyces_cerevisiae	TRAIN_PREDICT:RNASEQ_PREPARE	TRAIN_PREDICT:RNASEQ_PREPARE (Saccharomyces_cerevisiae)	COMPLETED	0	1294.0	1209.0	1.7	rss	4.345683333333334									annotate_trace.20260919_234007.txt	final
v1.9.0-beta12_container_rust	Yarrowia_lipolytica	TRAIN_PREDICT:RNASEQ_PREPARE	TRAIN_PREDICT:RNASEQ_PREPARE (Yarrowia_lipolytica)	COMPLETED	0	3524.0	1196.4	1.7	rss	11.711426666666668									annotate_trace.20260919_234007.txt	final
v1.9.0-beta12_container_rust	Malassezia_globosa_CBS_7966	TRAIN_PREDICT:FUNANNOTATE_TRAIN	TRAIN_PREDICT:FUNANNOTATE_TRAIN (Malassezia_globosa_CBS_7966)	COMPLETED	0	1119.0	191.2	0.7625000000000001	rss	0.5943133333333334									annotate_trace.20260919_234007.txt	final
v1.9.0-beta12_container_rust	Aspergillus_fumigatus	TRAIN_PREDICT:RNASEQ_PREPARE	TRAIN_PREDICT:RNASEQ_PREPARE (Aspergillus_fumigatus)	COMPLETED	0	3117.0	1266.5	3.6	rss	10.965779166666666									annotate_trace.20260919_234007.txt	final
v1.9.0-beta12_container_rust	Umbelopsis_ramanniana	TRAIN_PREDICT:RNASEQ_PREPARE	TRAIN_PREDICT:RNASEQ_PREPARE (Umbelopsis_ramanniana)	COMPLETED	0	2324.0	1245.5	2.2	rss	8.040394444444445									annotate_trace.20260919_234007.txt	final
v1.9.0-beta12_container_rust	Batrachochytrium_dendrobatidis	TRAIN_PREDICT:RNASEQ_PREPARE	TRAIN_PREDICT:RNASEQ_PREPARE (Batrachochytrium_dendrobatidis)	COMPLETED	0	3548.0	1238.6	11.1	rss	12.20709111111111									annotate_trace.20260919_234007.txt	final
v1.9.0-beta12_container_rust	Fusarium_verticillioides	TRAIN_PREDICT:RNASEQ_PREPARE	TRAIN_PREDICT:RNASEQ_PREPARE (Fusarium_verticillioides)	COMPLETED	0	3738.0	1147.2	3.5	rss	11.911760000000001									annotate_trace.20260919_234007.txt	final
v1.9.0-beta12_container_rust	Zygosaccharomyces_rouxii_CBS_732	TRAIN_PREDICT:FUNANNOTATE_TRAIN	TRAIN_PREDICT:FUNANNOTATE_TRAIN (Zygosaccharomyces_rouxii_CBS_732)	COMPLETED	0	542.0	209.4	0.837	rss	0.3152633333333333									annotate_trace.20260919_234007.txt	final
v1.9.0-beta12_container_rust	Schizophyllum_commune_H4-8	TRAIN_PREDICT:FUNANNOTATE_TRAIN	TRAIN_PREDICT:FUNANNOTATE_TRAIN (Schizophyllum_commune_H4-8)	COMPLETED	0	851.0	234.8	0.7889	rss	0.5550411111111112									annotate_trace.20260919_234007.txt	final
v1.9.0-beta12_container_rust	Botrytis_cinerea	TRAIN_PREDICT:RNASEQ_PREPARE	TRAIN_PREDICT:RNASEQ_PREPARE (Botrytis_cinerea)	COMPLETED	0	4271.0	1167.0	2.5	rss	13.845158333333334									annotate_trace.20260919_234007.txt	final
v1.9.0-beta12_container_rust	Cryptococcus_neoformans_H99	TRAIN_PREDICT:FUNANNOTATE_TRAIN	TRAIN_PREDICT:FUNANNOTATE_TRAIN (Cryptococcus_neoformans_H99)	COMPLETED	0	2487.0	243.2	1.3	rss	1.6801066666666666									annotate_trace.20260919_234007.txt	final
v1.9.0-beta12_container_rust	Saccharomyces_cerevisiae_S288C	TRAIN_PREDICT:FUNANNOTATE_TRAIN	TRAIN_PREDICT:FUNANNOTATE_TRAIN (Saccharomyces_cerevisiae_S288C)	COMPLETED	0	726.0	253.9	0.8623999999999999	rss	0.5120316666666667									annotate_trace.20260919_234007.txt	final
v1.9.0-beta12_container_rust	Malassezia_globosa_CBS_7966	TRAIN_PREDICT:FUNANNOTATE_PREDICT	TRAIN_PREDICT:FUNANNOTATE_PREDICT (Malassezia_globosa_CBS_7966)	COMPLETED	0	592.0	512.1	2.4	rss	0.8421200000000001									annotate_trace.20260919_234007.txt	final
v1.9.0-beta12_container_rust	Yarrowia_lipolytica_CLIB122	TRAIN_PREDICT:FUNANNOTATE_TRAIN	TRAIN_PREDICT:FUNANNOTATE_TRAIN (Yarrowia_lipolytica_CLIB122)	COMPLETED	0	992.0	327.2	0.7328	rss	0.9016177777777777									annotate_trace.20260919_234007.txt	final
v1.9.0-beta12_container_rust	Allomyces_macrogynus_ATCC_38327	TRAIN_PREDICT:FUNANNOTATE_TRAIN	TRAIN_PREDICT:FUNANNOTATE_TRAIN (Allomyces_macrogynus_ATCC_38327)	COMPLETED	0	2268.0	356.5	1.2	rss	2.24595									annotate_trace.20260919_234007.txt	final
v1.9.0-beta12_container_rust	Tilletiopsis_washingtonensis_MCA_4186	TRAIN_PREDICT:FUNANNOTATE_TRAIN	TRAIN_PREDICT:FUNANNOTATE_TRAIN (Tilletiopsis_washingtonensis_MCA_4186)	COMPLETED	0	1936.0	217.3	1.3	rss	1.1685911111111111									annotate_trace.20260919_234007.txt	final
v1.9.0-beta12_container_rust	Zygosaccharomyces_rouxii_CBS_732	TRAIN_PREDICT:FUNANNOTATE_PREDICT	TRAIN_PREDICT:FUNANNOTATE_PREDICT (Zygosaccharomyces_rouxii_CBS_732)	COMPLETED	0	802.0	478.5	3.5	rss	1.0659916666666667									annotate_trace.20260919_234007.txt	final
v1.9.0-beta12_container_rust	Umbelopsis_ramanniana_AG	TRAIN_PREDICT:FUNANNOTATE_TRAIN	TRAIN_PREDICT:FUNANNOTATE_TRAIN (Umbelopsis_ramanniana_AG)	COMPLETED	0	1694.0	287.3	1.1	rss	1.3519061111111113									annotate_trace.20260919_234007.txt	final
v1.9.0-beta12_container_rust	Schizophyllum_commune_H4-8	TRAIN_PREDICT:FUNANNOTATE_PREDICT	TRAIN_PREDICT:FUNANNOTATE_PREDICT (Schizophyllum_commune_H4-8)	COMPLETED	0	1426.0	587.1	4.3	rss	2.3255683333333335									annotate_trace.20260919_234007.txt	final
v1.9.0-beta12_container_rust	Cryptococcus_neoformans_H99	TRAIN_PREDICT:FUNANNOTATE_PREDICT	TRAIN_PREDICT:FUNANNOTATE_PREDICT (Cryptococcus_neoformans_H99)	COMPLETED	0	845.0	523.6	3.9	rss	1.2290055555555557									annotate_trace.20260919_234007.txt	final
v1.9.0-beta12_container_rust	Yarrowia_lipolytica_CLIB122	TRAIN_PREDICT:FUNANNOTATE_PREDICT	TRAIN_PREDICT:FUNANNOTATE_PREDICT (Yarrowia_lipolytica_CLIB122)	COMPLETED	0	861.0	518.5	3.7	rss	1.2400791666666666									annotate_trace.20260919_234007.txt	final
v1.9.0-beta12_container_rust	Aspergillus_fumigatus_Af293	TRAIN_PREDICT:FUNANNOTATE_TRAIN	TRAIN_PREDICT:FUNANNOTATE_TRAIN (Aspergillus_fumigatus_Af293)	COMPLETED	0	2735.0	257.6	1.3	rss	1.9570444444444444									annotate_trace.20260919_234007.txt	final
v1.9.0-beta12_container_rust	Saccharomyces_cerevisiae_S288C	TRAIN_PREDICT:FUNANNOTATE_PREDICT	TRAIN_PREDICT:FUNANNOTATE_PREDICT (Saccharomyces_cerevisiae_S288C)	COMPLETED	0	1219.0	458.4	3.2	rss	1.552193333333333									annotate_trace.20260919_234007.txt	final
v1.9.0-beta12_container_rust	Batrachochytrium_dendrobatidis_JAM81	TRAIN_PREDICT:FUNANNOTATE_TRAIN	TRAIN_PREDICT:FUNANNOTATE_TRAIN (Batrachochytrium_dendrobatidis_JAM81)	COMPLETED	0	2140.0	290.1	1.3	rss	1.7244833333333334									annotate_trace.20260919_234007.txt	final
v1.9.0-beta12_container_rust	Fusarium_verticillioides_7600	TRAIN_PREDICT:FUNANNOTATE_TRAIN	TRAIN_PREDICT:FUNANNOTATE_TRAIN (Fusarium_verticillioides_7600)	COMPLETED	0	2613.0	287.2	1.6	rss	2.0845933333333333									annotate_trace.20260919_234007.txt	final
v1.9.0-beta12_container_rust	Umbelopsis_ramanniana_AG	TRAIN_PREDICT:FUNANNOTATE_PREDICT	TRAIN_PREDICT:FUNANNOTATE_PREDICT (Umbelopsis_ramanniana_AG)	COMPLETED	0	1018.0	535.2	3.0	rss	1.513426666666667									annotate_trace.20260919_234007.txt	final
v1.9.0-beta12_container_rust	Tilletiopsis_washingtonensis_MCA_4186	TRAIN_PREDICT:FUNANNOTATE_PREDICT	TRAIN_PREDICT:FUNANNOTATE_PREDICT (Tilletiopsis_washingtonensis_MCA_4186)	COMPLETED	0	1401.0	500.9	4.2	rss	1.949335833333333									annotate_trace.20260919_234007.txt	final
v1.9.0-beta12_container_rust	Batrachochytrium_dendrobatidis_JAM81	TRAIN_PREDICT:FUNANNOTATE_PREDICT	TRAIN_PREDICT:FUNANNOTATE_PREDICT (Batrachochytrium_dendrobatidis_JAM81)	COMPLETED	0	819.0	577.2	4.3	rss	1.3131300000000001									annotate_trace.20260919_234007.txt	final
v1.9.0-beta12_container_rust	Botrytis_cinerea_B05.10	TRAIN_PREDICT:FUNANNOTATE_TRAIN	TRAIN_PREDICT:FUNANNOTATE_TRAIN (Botrytis_cinerea_B05.10)	COMPLETED	0	3336.0	264.7	1.6	rss	2.452886666666666									annotate_trace.20260919_234007.txt	final
v1.9.0-beta12_container_rust	Aspergillus_fumigatus_Af293	TRAIN_PREDICT:FUNANNOTATE_PREDICT	TRAIN_PREDICT:FUNANNOTATE_PREDICT (Aspergillus_fumigatus_Af293)	COMPLETED	0	1678.0	603.2	3.7	rss	2.811582222222222									annotate_trace.20260919_234007.txt	final
v1.9.0-beta12_container_rust	Allomyces_macrogynus_ATCC_38327	TRAIN_PREDICT:FUNANNOTATE_PREDICT	TRAIN_PREDICT:FUNANNOTATE_PREDICT (Allomyces_macrogynus_ATCC_38327)	COMPLETED	0	3080.0	534.3	9.4	rss	4.571233333333333									annotate_trace.20260919_234007.txt	final
v1.9.0-beta12_container_rust	Fusarium_verticillioides_7600	TRAIN_PREDICT:FUNANNOTATE_PREDICT	TRAIN_PREDICT:FUNANNOTATE_PREDICT (Fusarium_verticillioides_7600)	COMPLETED	0	1483.0	589.8	9.6	rss	2.429648333333333									annotate_trace.20260919_234007.txt	final
v1.9.0-beta12_container_rust	Chaetomium_globosum_CBS_148.51	TRAIN_PREDICT:FUNANNOTATE_TRAIN	TRAIN_PREDICT:FUNANNOTATE_TRAIN (Chaetomium_globosum_CBS_148.51)	COMPLETED	0	11772.0	505.3	2.9	rss	16.52331									annotate_trace.20260919_234007.txt	final
v1.9.0-beta12_container_rust	Chaetomium_globosum_CBS_148.51	TRAIN_PREDICT:FUNANNOTATE_PREDICT	TRAIN_PREDICT:FUNANNOTATE_PREDICT (Chaetomium_globosum_CBS_148.51)	CACHED	0	1929.0	563.7	4.5	rss	3.0204925000000005									annotate_trace.20260919_234007.txt	cached
v1.9.0-beta12_container_rust	Botrytis_cinerea_B05.10	TRAIN_PREDICT:FUNANNOTATE_PREDICT	TRAIN_PREDICT:FUNANNOTATE_PREDICT (Botrytis_cinerea_B05.10)	COMPLETED	0	2195.0	551.3	3.9	rss	3.3613986111111114									annotate_trace.20260919_234007.txt	final
v1.9.0-beta12_container_rust	Chaetomium_globosum_CBS_148.51	TRAIN_PREDICT:FUNANNOTATE_PREDICT	TRAIN_PREDICT:FUNANNOTATE_PREDICT (Chaetomium_globosum_CBS_148.51)	CACHED	0	1929.0	563.7	4.5	rss	3.0204925000000005									annotate_trace.20260920_040948.txt	cached
v1.9.0-beta12_container_rust	-	FETCH_RNASEQ:COLLECT_SRA_QUERY	FETCH_RNASEQ:COLLECT_SRA_QUERY	CACHED	0	0.0	31.9	0.003	rss	0.0									annotate_trace.20260920_040948.txt	cached
v1.9.0-beta12_container_rust	-	FETCH_RNASEQ:COLLECT_SRA_QUERY	FETCH_RNASEQ:COLLECT_SRA_QUERY	COMPLETED	0	0.0	45.6	0.0031000000000000003	rss	0.0									annotate_trace.20260920_041230.txt	final
v1.9.0-beta12_container_rust	Chaetomium_globosum_CBS_148.51	TRAIN_PREDICT:FUNANNOTATE_PREDICT	TRAIN_PREDICT:FUNANNOTATE_PREDICT (Chaetomium_globosum_CBS_148.51)	COMPLETED	0	1874.0	496.2	3.8	rss	2.5829966666666664									annotate_trace.20260920_041230.txt	overhead
v1.9.0-beta12_container_rust	-	FETCH_RNASEQ:COLLECT_SRA_QUERY	FETCH_RNASEQ:COLLECT_SRA_QUERY	CACHED	0	0.0	45.6	0.0031000000000000003	rss	0.0									annotate_trace.20260920_102843.txt	cached
v1.9.0-beta12_container_rust	-	FETCH_RNASEQ:COLLECT_SRA_QUERY	FETCH_RNASEQ:COLLECT_SRA_QUERY	CACHED	0	0.0	45.6	0.0031000000000000003	rss	0.0									annotate_trace.20260920_103107.txt	cached
v1.9.0-beta12_container_rust	-	FETCH_RNASEQ:COLLECT_SRA_QUERY	FETCH_RNASEQ:COLLECT_SRA_QUERY	CACHED	0	0.0	45.6	0.0031000000000000003	rss	0.0									annotate_trace.20260920_103417.txt	cached
v1.9.0-beta12_container_rust	Chaetomium_globosum_CBS_148.51	TRAIN_PREDICT:FUNANNOTATE_PREDICT	TRAIN_PREDICT:FUNANNOTATE_PREDICT (Chaetomium_globosum_CBS_148.51)	COMPLETED	0	0.053	39.4			5.800555555555555e-06									annotate_trace.20260920_103417.txt	final
v1.9.0-rc1_conda	-	SETUP_DBS:SETUP_MARIADB_DATADIR	SETUP_DBS:SETUP_MARIADB_DATADIR	COMPLETED	0	4.0	32.2	0.13319999999999999	rss	0.00035777777777777777									annotate_trace.20260921_170849.txt	final
v1.9.0-rc1_conda	Allomyces_macrogynus_ATCC_38327	MASK_GENOME:MASKREPEAT_TANTAN_RUN	MASK_GENOME:MASKREPEAT_TANTAN_RUN (Allomyces_macrogynus_ATCC_38327)	COMPLETED	0	21.2	117.4	0.0669	rss	0.0069135555555555565									annotate_trace.20260921_170849.txt	final
v1.9.0-rc1_conda	Rhizopus_delemar_RA_99-880	MASK_GENOME:MASKREPEAT_TANTAN_RUN	MASK_GENOME:MASKREPEAT_TANTAN_RUN (Rhizopus_delemar_RA_99-880)	COMPLETED	0	19.3	123.2	0.07200000000000001	rss	0.006604888888888889									annotate_trace.20260921_170849.txt	final
v1.9.0-rc1_conda	Phycomyces_blakesleeanus_NRRL_1555_-	MASK_GENOME:MASKREPEAT_TANTAN_RUN	MASK_GENOME:MASKREPEAT_TANTAN_RUN (Phycomyces_blakesleeanus_NRRL_1555_-)	COMPLETED	0	20.8	124.7	0.06659999999999999	rss	0.00720488888888889									annotate_trace.20260921_170849.txt	final
v1.9.0-rc1_conda	Cryptococcus_deneoformans_JEC21	MASK_GENOME:MASKREPEAT_TANTAN_RUN	MASK_GENOME:MASKREPEAT_TANTAN_RUN (Cryptococcus_deneoformans_JEC21)	COMPLETED	0	9.8	95.5	0.056600000000000004	rss	0.002599722222222222									annotate_trace.20260921_170849.txt	final
v1.9.0-rc1_conda	Rhizopus_microsporus_ATCC_52813	MASK_GENOME:MASKREPEAT_TANTAN_RUN	MASK_GENOME:MASKREPEAT_TANTAN_RUN (Rhizopus_microsporus_ATCC_52813)	COMPLETED	0	11.3	106.3	0.0637	rss	0.003336638888888889									annotate_trace.20260921_170849.txt	final
v1.9.0-rc1_conda	Cryptococcus_neoformans_H99	MASK_GENOME:MASKREPEAT_TANTAN_RUN	MASK_GENOME:MASKREPEAT_TANTAN_RUN (Cryptococcus_neoformans_H99)	COMPLETED	0	9.6	93.5	0.062200000000000005	rss	0.0024933333333333335									annotate_trace.20260921_170849.txt	final
v1.9.0-rc1_conda	Rhodotorula_toruloides_NP11	MASK_GENOME:MASKREPEAT_TANTAN_RUN	MASK_GENOME:MASKREPEAT_TANTAN_RUN (Rhodotorula_toruloides_NP11)	COMPLETED	0	12.6	74.8	0.0521	rss	0.002618									annotate_trace.20260921_170849.txt	final
v1.9.0-rc1_conda	Malassezia_globosa_CBS_7966	MASK_GENOME:MASKREPEAT_TANTAN_RUN	MASK_GENOME:MASKREPEAT_TANTAN_RUN (Malassezia_globosa_CBS_7966)	COMPLETED	0	9.6	47.4	0.048799999999999996	rss	0.001264									annotate_trace.20260921_170849.txt	final
v1.9.0-rc1_conda	Rhodotorula_graminis_WP1	MASK_GENOME:MASKREPEAT_TANTAN_RUN	MASK_GENOME:MASKREPEAT_TANTAN_RUN (Rhodotorula_graminis_WP1)	COMPLETED	0	12.5	75.8	0.0541	rss	0.002631944444444444									annotate_trace.20260921_170849.txt	final
v1.9.0-rc1_conda	Leptographium_clavigerum_kw1407	MASK_GENOME:MASKREPEAT_TANTAN_RUN	MASK_GENOME:MASKREPEAT_TANTAN_RUN (Leptographium_clavigerum_kw1407)	COMPLETED	0	14.3	96.4	0.0684	rss	0.0038292222222222226									annotate_trace.20260921_170849.txt	final
v1.9.0-rc1_conda	Talaromyces_marneffei_ATCC_18224	MASK_GENOME:MASKREPEAT_TANTAN_RUN	MASK_GENOME:MASKREPEAT_TANTAN_RUN (Talaromyces_marneffei_ATCC_18224)	COMPLETED	0	7.3	184.4	0.0681	rss	0.0037392222222222223									annotate_trace.20260921_170849.txt	final
v1.9.0-rc1_conda	Pyricularia_oryzae_70-15	MASK_GENOME:MASKREPEAT_TANTAN_RUN	MASK_GENOME:MASKREPEAT_TANTAN_RUN (Pyricularia_oryzae_70-15)	COMPLETED	0	16.6	112.2	0.1125	rss	0.0051736666666666676									annotate_trace.20260921_170849.txt	final
v1.9.0-rc1_conda	Orbilia_oligospora_ATCC_24927	MASK_GENOME:MASKREPEAT_TANTAN_RUN	MASK_GENOME:MASKREPEAT_TANTAN_RUN (Orbilia_oligospora_ATCC_24927)	COMPLETED	0	9.9	187.5	0.0761	rss	0.00515625									annotate_trace.20260921_170849.txt	final
v1.9.0-rc1_conda	Parastagonospora_nodorum_SN15	MASK_GENOME:MASKREPEAT_TANTAN_RUN	MASK_GENOME:MASKREPEAT_TANTAN_RUN (Parastagonospora_nodorum_SN15)	COMPLETED	0	9.2	187.3	0.08009999999999999	rss	0.004786555555555555									annotate_trace.20260921_170849.txt	final
v1.9.0-rc1_conda	Kluyveromyces_lactis_NRRL_Y-1140	MASK_GENOME:MASKREPEAT_TANTAN_RUN	MASK_GENOME:MASKREPEAT_TANTAN_RUN (Kluyveromyces_lactis_NRRL_Y-1140)	COMPLETED	0	3.3	178.6	0.0613	rss	0.0016371666666666668									annotate_trace.20260921_170849.txt	final
v1.9.0-rc1_conda	Pyrenophora_tritici-repentis_Pt-1C-BFP	MASK_GENOME:MASKREPEAT_TANTAN_RUN	MASK_GENOME:MASKREPEAT_TANTAN_RUN (Pyrenophora_tritici-repentis_Pt-1C-BFP)	COMPLETED	0	9.9	188.8	0.07959999999999999	rss	0.0051920000000000004									annotate_trace.20260921_170849.txt	final
v1.9.0-rc1_conda	Nakaseomyces_glabratus_CBS_138	MASK_GENOME:MASKREPEAT_TANTAN_RUN	MASK_GENOME:MASKREPEAT_TANTAN_RUN (Nakaseomyces_glabratus_CBS_138)	COMPLETED	0	3.3	179.1	0.046700000000000005	rss	0.00164175									annotate_trace.20260921_170849.txt	final
v1.9.0-rc1_conda	-	ASM_STATS	ASM_STATS	COMPLETED	0	60.0	135.6	0.014	rss	0.0226									annotate_trace.20260921_170849.txt	final
v1.9.0-rc1_conda	Morchella_importuna_M04M26	MASK_GENOME:MASKREPEAT_TANTAN_RUN	MASK_GENOME:MASKREPEAT_TANTAN_RUN (Morchella_importuna_M04M26)	COMPLETED	0	13.4	188.9	0.07200000000000001	rss	0.007031277777777778									annotate_trace.20260921_170849.txt	final
v1.9.0-rc1_conda	Tilletiaria_anomala_UBC_951	MASK_GENOME:MASKREPEAT_TANTAN_RUN	MASK_GENOME:MASKREPEAT_TANTAN_RUN (Tilletiaria_anomala_UBC_951)	COMPLETED	0	4.5	192.1	0.047299999999999995	rss	0.00240125									annotate_trace.20260921_170849.txt	final
v1.9.0-rc1_conda	Yarrowia_lipolytica_CLIB122	MASK_GENOME:MASKREPEAT_TANTAN_RUN	MASK_GENOME:MASKREPEAT_TANTAN_RUN (Yarrowia_lipolytica_CLIB122)	COMPLETED	0	6.0	153.1	0.057	rss	0.0025516666666666665									annotate_trace.20260921_170849.txt	final
v1.9.0-rc1_conda	Tilletiopsis_washingtonensis_MCA_4186	MASK_GENOME:MASKREPEAT_TANTAN_RUN	MASK_GENOME:MASKREPEAT_TANTAN_RUN (Tilletiopsis_washingtonensis_MCA_4186)	COMPLETED	0	8.0	101.2	0.0499	rss	0.002248888888888889									annotate_trace.20260921_170849.txt	final
v1.9.0-rc1_conda	Cystobasidium_minutum_MCA_4210	MASK_GENOME:MASKREPEAT_TANTAN_RUN	MASK_GENOME:MASKREPEAT_TANTAN_RUN (Cystobasidium_minutum_MCA_4210)	COMPLETED	0	5.1	194.3	0.066	rss	0.002752583333333333									annotate_trace.20260921_170849.txt	final
v1.9.0-rc1_conda	Schizophyllum_commune_H4-8	MASK_GENOME:MASKREPEAT_TANTAN_RUN	MASK_GENOME:MASKREPEAT_TANTAN_RUN (Schizophyllum_commune_H4-8)	COMPLETED	0	9.9	185.9	0.0691	rss	0.0051122500000000005									annotate_trace.20260921_170849.txt	final
v1.9.0-rc1_conda	Pyrenophora_teres_0-1	MASK_GENOME:MASKREPEAT_TANTAN_RUN	MASK_GENOME:MASKREPEAT_TANTAN_RUN (Pyrenophora_teres_0-1)	COMPLETED	0	8.0	179.8	0.0528	rss	0.003995555555555556									annotate_trace.20260921_170849.txt	final
v1.9.0-rc1_conda	Aspergillus_fumigatus_Af293	MASK_GENOME:MASKREPEAT_TANTAN_RUN	MASK_GENOME:MASKREPEAT_TANTAN_RUN (Aspergillus_fumigatus_Af293)	COMPLETED	0	8.0	189.2	0.0722	rss	0.004204444444444444									annotate_trace.20260921_170849.txt	final
v1.9.0-rc1_conda	Botrytis_cinerea_B05.10	MASK_GENOME:MASKREPEAT_TANTAN_RUN	MASK_GENOME:MASKREPEAT_TANTAN_RUN (Botrytis_cinerea_B05.10)	COMPLETED	0	10.4	192.8	0.0625	rss	0.0055697777777777785									annotate_trace.20260921_170849.txt	final
v1.9.0-rc1_conda	Aspergillus_clavatus_NRRL_1	MASK_GENOME:MASKREPEAT_TANTAN_RUN	MASK_GENOME:MASKREPEAT_TANTAN_RUN (Aspergillus_clavatus_NRRL_1)	COMPLETED	0	7.2	198.6	0.061	rss	0.003972									annotate_trace.20260921_170849.txt	final
v1.9.0-rc1_conda	Zygosaccharomyces_rouxii_CBS_732	MASK_GENOME:MASKREPEAT_TANTAN_RUN	MASK_GENOME:MASKREPEAT_TANTAN_RUN (Zygosaccharomyces_rouxii_CBS_732)	COMPLETED	0	2.6	179.0	0.058	rss	0.001292777777777778									annotate_trace.20260921_170849.txt	final
v1.9.0-rc1_conda	Tremella_mesenterica_Fries	MASK_GENOME:MASKREPEAT_TANTAN_RUN	MASK_GENOME:MASKREPEAT_TANTAN_RUN (Tremella_mesenterica_Fries)	COMPLETED	0	7.1	185.7	0.0635	rss	0.0036624166666666663									annotate_trace.20260921_170849.txt	final
v1.9.0-rc1_conda	Morchella_sextelata_SCLS	MASK_GENOME:MASKREPEAT_TANTAN_RUN	MASK_GENOME:MASKREPEAT_TANTAN_RUN (Morchella_sextelata_SCLS)	COMPLETED	0	12.6	196.1	0.06559999999999999	rss	0.0068635									annotate_trace.20260921_170849.txt	final
v1.9.0-rc1_conda	Malassezia_sympodialis_ATCC_42132	MASK_GENOME:MASKREPEAT_TANTAN_RUN	MASK_GENOME:MASKREPEAT_TANTAN_RUN (Malassezia_sympodialis_ATCC_42132)	COMPLETED	0	10.7	67.5	0.0489	rss	0.00200625									annotate_trace.20260921_170849.txt	final
v1.9.0-rc1_conda	Mixia_osmundae_IAM_14324	MASK_GENOME:MASKREPEAT_TANTAN_RUN	MASK_GENOME:MASKREPEAT_TANTAN_RUN (Mixia_osmundae_IAM_14324)	COMPLETED	0	4.5	150.9	0.040799999999999996	rss	0.0018862500000000001									annotate_trace.20260921_170849.txt	final
v1.9.0-rc1_conda	Chaetomium_globosum_CBS_148.51	MASK_GENOME:MASKREPEAT_TANTAN_RUN	MASK_GENOME:MASKREPEAT_TANTAN_RUN (Chaetomium_globosum_CBS_148.51)	COMPLETED	0	8.4	191.2	0.0741	rss	0.004461333333333334									annotate_trace.20260921_170849.txt	final
v1.9.0-rc1_conda	Gaeumannomyces_tritici_R3-111a-1	MASK_GENOME:MASKREPEAT_TANTAN_RUN	MASK_GENOME:MASKREPEAT_TANTAN_RUN (Gaeumannomyces_tritici_R3-111a-1)	COMPLETED	0	12.0	168.5	0.0849	rss	0.005616666666666667									annotate_trace.20260921_170849.txt	final
v1.9.0-rc1_conda	Lipomyces_tetrasporus_NRRL_Y-64009	MASK_GENOME:MASKREPEAT_TANTAN_RUN	MASK_GENOME:MASKREPEAT_TANTAN_RUN (Lipomyces_tetrasporus_NRRL_Y-64009)	COMPLETED	0	6.6	157.4	0.059500000000000004	rss	0.0028856666666666666									annotate_trace.20260921_170849.txt	final
v1.9.0-rc1_conda	Mucor_mucedo_NRRL_3635	MASK_GENOME:MASKREPEAT_TANTAN_RUN	MASK_GENOME:MASKREPEAT_TANTAN_RUN (Mucor_mucedo_NRRL_3635)	COMPLETED	0	10.9	193.4	0.0479	rss	0.005855722222222222									annotate_trace.20260921_170849.txt	final
v1.9.0-rc1_conda	Sclerotinia_sclerotiorum_1980	MASK_GENOME:MASKREPEAT_TANTAN_RUN	MASK_GENOME:MASKREPEAT_TANTAN_RUN (Sclerotinia_sclerotiorum_1980)	COMPLETED	0	10.6	170.9	0.060200000000000004	rss	0.005032055555555556									annotate_trace.20260921_170849.txt	final
v1.9.0-rc1_conda	Sporobolomyces_koalae_JCM15063	MASK_GENOME:MASKREPEAT_TANTAN_RUN	MASK_GENOME:MASKREPEAT_TANTAN_RUN (Sporobolomyces_koalae_JCM15063)	COMPLETED	0	4.7	182.3	0.054	rss	0.0023800277777777782									annotate_trace.20260921_170849.txt	final
v1.9.0-rc1_conda	Pneumocystis_murina_B123	MASK_GENOME:MASKREPEAT_TANTAN_RUN	MASK_GENOME:MASKREPEAT_TANTAN_RUN (Pneumocystis_murina_B123)	COMPLETED	0	2.1	173.4	0.047700000000000006	rss	0.0010115									annotate_trace.20260921_170849.txt	final
v1.9.0-rc1_conda	Talaromyces_stipitatus_ATCC_10500	MASK_GENOME:MASKREPEAT_TANTAN_RUN	MASK_GENOME:MASKREPEAT_TANTAN_RUN (Talaromyces_stipitatus_ATCC_10500)	COMPLETED	0	8.6	195.7	0.0703	rss	0.004675055555555555									annotate_trace.20260921_170849.txt	final
v1.9.0-rc1_conda	Tricharina_praecox_CBS_144465	MASK_GENOME:MASKREPEAT_TANTAN_RUN	MASK_GENOME:MASKREPEAT_TANTAN_RUN (Tricharina_praecox_CBS_144465)	COMPLETED	0	9.3	198.9	0.058100000000000006	rss	0.0051382500000000005									annotate_trace.20260921_170849.txt	final
v1.9.0-rc1_conda	Sporobolomyces_salmoneus_JCM6883	MASK_GENOME:MASKREPEAT_TANTAN_RUN	MASK_GENOME:MASKREPEAT_TANTAN_RUN (Sporobolomyces_salmoneus_JCM6883)	COMPLETED	0	5.0	195.3	0.0484	rss	0.0027125									annotate_trace.20260921_170849.txt	final
v1.9.0-rc1_conda	Protomyces_lactucae-debilis_12-1054	MASK_GENOME:MASKREPEAT_TANTAN_RUN	MASK_GENOME:MASKREPEAT_TANTAN_RUN (Protomyces_lactucae-debilis_12-1054)	COMPLETED	0	3.4	183.0	0.04870000000000001	rss	0.0017283333333333332									annotate_trace.20260921_170849.txt	final
v1.9.0-rc1_conda	Eremothecium_gossypii_ATCC_10895	MASK_GENOME:MASKREPEAT_TANTAN_RUN	MASK_GENOME:MASKREPEAT_TANTAN_RUN (Eremothecium_gossypii_ATCC_10895)	COMPLETED	0	4.5	107.0	0.0032	rss	0.0013375000000000001									annotate_trace.20260921_170849.txt	final
v1.9.0-rc1_conda	Pseudogymnoascus_destructans_20631-21	MASK_GENOME:MASKREPEAT_TANTAN_RUN	MASK_GENOME:MASKREPEAT_TANTAN_RUN (Pseudogymnoascus_destructans_20631-21)	COMPLETED	0	6.8	186.3	0.0513	rss	0.003519									annotate_trace.20260921_170849.txt	final
v1.9.0-rc1_conda	Batrachochytrium_dendrobatidis_JAM81	MASK_GENOME:MASKREPEAT_TANTAN_RUN	MASK_GENOME:MASKREPEAT_TANTAN_RUN (Batrachochytrium_dendrobatidis_JAM81)	COMPLETED	0	6.2	178.9	0.056799999999999996	rss	0.0030810555555555556									annotate_trace.20260921_170849.txt	final
v1.9.0-rc1_conda	Cokeromyces_recurvatus_NRRL_2243	MASK_GENOME:MASKREPEAT_TANTAN_RUN	MASK_GENOME:MASKREPEAT_TANTAN_RUN (Cokeromyces_recurvatus_NRRL_2243)	COMPLETED	0	7.2	188.3	0.053899999999999997	rss	0.0037660000000000003									annotate_trace.20260921_170849.txt	final
v1.9.0-rc1_conda	Colletotrichum_graminicola_M1.001	MASK_GENOME:MASKREPEAT_TANTAN_RUN	MASK_GENOME:MASKREPEAT_TANTAN_RUN (Colletotrichum_graminicola_M1.001)	COMPLETED	0	12.4	194.3	0.0633	rss	0.006692555555555556									annotate_trace.20260921_170849.txt	final
v1.9.0-rc1_conda	Dactylellina_haptotyla_CBS_200.50	MASK_GENOME:MASKREPEAT_TANTAN_RUN	MASK_GENOME:MASKREPEAT_TANTAN_RUN (Dactylellina_haptotyla_CBS_200.50)	COMPLETED	0	9.1	193.0	0.0605	rss	0.0048786111111111105									annotate_trace.20260921_170849.txt	final
v1.9.0-rc1_conda	Umbelopsis_ramanniana_AG	MASK_GENOME:MASKREPEAT_TANTAN_RUN	MASK_GENOME:MASKREPEAT_TANTAN_RUN (Umbelopsis_ramanniana_AG)	COMPLETED	0	5.5	190.7	0.0499	rss	0.0029134722222222222									annotate_trace.20260921_170849.txt	final
v1.9.0-rc1_conda	Uncinocarpus_reesii_1704	MASK_GENOME:MASKREPEAT_TANTAN_RUN	MASK_GENOME:MASKREPEAT_TANTAN_RUN (Uncinocarpus_reesii_1704)	COMPLETED	0	5.6	193.0	0.0887	rss	0.003002222222222222									annotate_trace.20260921_170849.txt	final
v1.9.0-rc1_conda	Trichosporon_asahii_CBS_2479	MASK_GENOME:MASKREPEAT_TANTAN_RUN	MASK_GENOME:MASKREPEAT_TANTAN_RUN (Trichosporon_asahii_CBS_2479)	COMPLETED	0	8.1	146.3	0.056600000000000004	rss	0.00329175									annotate_trace.20260921_170849.txt	final
v1.9.0-rc1_conda	Lachancea_thermotolerans_CBS_6340	MASK_GENOME:MASKREPEAT_TANTAN_RUN	MASK_GENOME:MASKREPEAT_TANTAN_RUN (Lachancea_thermotolerans_CBS_6340)	COMPLETED	0	3.2	181.4	0.0528	rss	0.0016124444444444446									annotate_trace.20260921_170849.txt	final
v1.9.0-rc1_conda	Spizellomyces_punctatus_DAOM_BR117	MASK_GENOME:MASKREPEAT_TANTAN_RUN	MASK_GENOME:MASKREPEAT_TANTAN_RUN (Spizellomyces_punctatus_DAOM_BR117)	COMPLETED	0	29.1	33.2	0.0434	rss	0.0026836666666666667									annotate_trace.20260921_170849.txt	final
v1.9.0-rc1_conda	-	SETUP_DBS:SETUP_AUGUSTUS_CONFIG	SETUP_DBS:SETUP_AUGUSTUS_CONFIG	COMPLETED	0	22.5	1.6	0.008400000000000001	rss	0.0001									annotate_trace.20260921_170849.txt	final
v1.9.0-rc1_conda	Drepanopeziza_brunnea_MB_m1	MASK_GENOME:MASKREPEAT_TANTAN_RUN	MASK_GENOME:MASKREPEAT_TANTAN_RUN (Drepanopeziza_brunnea_MB_m1)	COMPLETED	0	12.3	192.5	0.07440000000000001	rss	0.006577083333333334									annotate_trace.20260921_170849.txt	final
v1.9.0-rc1_conda	Synchytrium_microbalum_JEL517	MASK_GENOME:MASKREPEAT_TANTAN_RUN	MASK_GENOME:MASKREPEAT_TANTAN_RUN (Synchytrium_microbalum_JEL517)	COMPLETED	0	6.2	191.8	0.0534	rss	0.0033032222222222226									annotate_trace.20260921_170849.txt	final
v1.9.0-rc1_conda	Sugiyamaella_lignohabitans_CBS_10342	MASK_GENOME:MASKREPEAT_TANTAN_RUN	MASK_GENOME:MASKREPEAT_TANTAN_RUN (Sugiyamaella_lignohabitans_CBS_10342)	COMPLETED	0	4.1	184.6	0.07629999999999999	rss	0.0021023888888888884									annotate_trace.20260921_170849.txt	final
v1.9.0-rc1_conda	Fusarium_verticillioides_7600	MASK_GENOME:MASKREPEAT_TANTAN_RUN	MASK_GENOME:MASKREPEAT_TANTAN_RUN (Fusarium_verticillioides_7600)	COMPLETED	0	10.0	197.3	0.0713	rss	0.005480555555555556									annotate_trace.20260921_170849.txt	final
v1.9.0-rc1_conda	Saccharomyces_cerevisiae_S288C	MASK_GENOME:MASKREPEAT_TANTAN_RUN	MASK_GENOME:MASKREPEAT_TANTAN_RUN (Saccharomyces_cerevisiae_S288C)	COMPLETED	0	3.2	182.7	0.0499	rss	0.001624									annotate_trace.20260921_170849.txt	final
v1.9.0-rc1_conda	Letharia_columbiana_WasteWater2	MASK_GENOME:MASKREPEAT_TANTAN_RUN	MASK_GENOME:MASKREPEAT_TANTAN_RUN (Letharia_columbiana_WasteWater2)	COMPLETED	0	12.9	189.2	0.057100000000000005	rss	0.0067796666666666665									annotate_trace.20260921_170849.txt	final
v1.9.0-rc1_conda	Zymoseptoria_tritici_IPO323	MASK_GENOME:MASKREPEAT_TANTAN_RUN	MASK_GENOME:MASKREPEAT_TANTAN_RUN (Zymoseptoria_tritici_IPO323)	COMPLETED	0	10.1	188.1	0.0868	rss	0.00527725									annotate_trace.20260921_170849.txt	final
v1.9.0-rc1_conda	Wallemia_mellicola_CBS_633.66	MASK_GENOME:MASKREPEAT_TANTAN_RUN	MASK_GENOME:MASKREPEAT_TANTAN_RUN (Wallemia_mellicola_CBS_633.66)	COMPLETED	0	2.6	185.5	0.053	rss	0.0013397222222222224									annotate_trace.20260921_170849.txt	final
v1.9.0-rc1_conda	Fusarium_oxysporum_4287	MASK_GENOME:MASKREPEAT_TANTAN_RUN	MASK_GENOME:MASKREPEAT_TANTAN_RUN (Fusarium_oxysporum_4287)	COMPLETED	0	14.4	199.9	0.08420000000000001	rss	0.007996000000000001									annotate_trace.20260921_170849.txt	final
v1.9.0-rc1_conda	Laccaria_bicolor_S238N-H82	MASK_GENOME:MASKREPEAT_TANTAN_RUN	MASK_GENOME:MASKREPEAT_TANTAN_RUN (Laccaria_bicolor_S238N-H82)	COMPLETED	0	14.2	188.4	0.0624	rss	0.007431333333333333									annotate_trace.20260921_170849.txt	final
v1.9.0-rc1_conda	Blastomyces_dermatitidis_ER-3	MASK_GENOME:MASKREPEAT_TANTAN_RUN	MASK_GENOME:MASKREPEAT_TANTAN_RUN (Blastomyces_dermatitidis_ER-3)	COMPLETED	0	15.3	190.7	0.1	rss	0.008104749999999999									annotate_trace.20260921_170849.txt	final
v1.9.0-rc1_conda	-	FETCH_RNASEQ:COLLECT_SRA_QUERY	FETCH_RNASEQ:COLLECT_SRA_QUERY	COMPLETED	0	5.7	7.3	0.0031000000000000003	rss	0.00011558333333333333									annotate_trace.20260921_170849.txt	final
v1.9.0-rc1_conda	Allomyces_macrogynus	TRAIN_PREDICT:RNASEQ_PREPARE	TRAIN_PREDICT:RNASEQ_PREPARE (Allomyces_macrogynus)	COMPLETED	0	70.0	824.5	2.2	rss	0.16031944444444443									annotate_trace.20260921_170849.txt	final
v1.9.0-rc1_conda	Phycomyces_blakesleeanus	TRAIN_PREDICT:RNASEQ_PREPARE	TRAIN_PREDICT:RNASEQ_PREPARE (Phycomyces_blakesleeanus)	COMPLETED	0	89.0	1186.2	2.9	rss	0.293255									annotate_trace.20260921_170849.txt	final
v1.9.0-rc1_conda	Cryptococcus_neoformans	TRAIN_PREDICT:RNASEQ_PREPARE	TRAIN_PREDICT:RNASEQ_PREPARE (Cryptococcus_neoformans)	COMPLETED	0	76.0	1189.9	2.2	rss	0.25120111111111115									annotate_trace.20260921_170849.txt	final
v1.9.0-rc1_conda	Orbilia_oligospora	TRAIN_PREDICT:RNASEQ_PREPARE	TRAIN_PREDICT:RNASEQ_PREPARE (Orbilia_oligospora)	COMPLETED	0	78.0	1300.5	2.8	rss	0.28177500000000005									annotate_trace.20260921_170849.txt	final
v1.9.0-rc1_conda	Rhizopus_delemar	TRAIN_PREDICT:RNASEQ_PREPARE	TRAIN_PREDICT:RNASEQ_PREPARE (Rhizopus_delemar)	COMPLETED	0	95.0	1185.6	3.2	rss	0.3128666666666667									annotate_trace.20260921_170849.txt	final
v1.9.0-rc1_conda	Cryptococcus_deneoformans	TRAIN_PREDICT:RNASEQ_PREPARE	TRAIN_PREDICT:RNASEQ_PREPARE (Cryptococcus_deneoformans)	COMPLETED	0	97.0	1253.5	3.1	rss	0.3377486111111111									annotate_trace.20260921_170849.txt	final
v1.9.0-rc1_conda	Parastagonospora_nodorum	TRAIN_PREDICT:RNASEQ_PREPARE	TRAIN_PREDICT:RNASEQ_PREPARE (Parastagonospora_nodorum)	COMPLETED	0	107.0	1294.9	3.9	rss	0.3848730555555556									annotate_trace.20260921_170849.txt	final
v1.9.0-rc1_conda	Malassezia_globosa	TRAIN_PREDICT:RNASEQ_PREPARE	TRAIN_PREDICT:RNASEQ_PREPARE (Malassezia_globosa)	COMPLETED	0	35.3	1202.8	1.5	rss	0.11794122222222221									annotate_trace.20260921_170849.txt	final
v1.9.0-rc1_conda	Talaromyces_marneffei	TRAIN_PREDICT:RNASEQ_PREPARE	TRAIN_PREDICT:RNASEQ_PREPARE (Talaromyces_marneffei)	COMPLETED	0	103.0	1232.6	3.4	rss	0.35266055555555553									annotate_trace.20260921_170849.txt	final
v1.9.0-rc1_conda	Kluyveromyces_lactis	TRAIN_PREDICT:RNASEQ_PREPARE	TRAIN_PREDICT:RNASEQ_PREPARE (Kluyveromyces_lactis)	COMPLETED	0	41.2	1229.4	1.2	rss	0.14069800000000002									annotate_trace.20260921_170849.txt	final
v1.9.0-rc1_conda	Pyrenophora_tritici-repentis	TRAIN_PREDICT:RNASEQ_PREPARE	TRAIN_PREDICT:RNASEQ_PREPARE (Pyrenophora_tritici-repentis)	COMPLETED	0	90.0	1207.0	3.5	rss	0.30175									annotate_trace.20260921_170849.txt	final
v1.9.0-rc1_conda	Tilletiopsis_washingtonensis	TRAIN_PREDICT:RNASEQ_PREPARE	TRAIN_PREDICT:RNASEQ_PREPARE (Tilletiopsis_washingtonensis)	COMPLETED	0	57.1	1136.4	1.7	rss	0.18024566666666667									annotate_trace.20260921_170849.txt	final
v1.9.0-rc1_conda	Yarrowia_lipolytica	TRAIN_PREDICT:RNASEQ_PREPARE	TRAIN_PREDICT:RNASEQ_PREPARE (Yarrowia_lipolytica)	COMPLETED	0	67.0	1042.5	1.8	rss	0.19402083333333334									annotate_trace.20260921_170849.txt	final
v1.9.0-rc1_conda	Schizophyllum_commune	TRAIN_PREDICT:RNASEQ_PREPARE	TRAIN_PREDICT:RNASEQ_PREPARE (Schizophyllum_commune)	COMPLETED	0	103.0	1143.0	2.6	rss	0.327025									annotate_trace.20260921_170849.txt	final
v1.9.0-rc1_conda	Morchella_importuna	TRAIN_PREDICT:RNASEQ_PREPARE	TRAIN_PREDICT:RNASEQ_PREPARE (Morchella_importuna)	COMPLETED	0	235.0	1382.3	6.7	rss	0.9023347222222223									annotate_trace.20260921_170849.txt	final
v1.9.0-rc1_conda	Rhizopus_microsporus	TRAIN_PREDICT:RNASEQ_PREPARE	TRAIN_PREDICT:RNASEQ_PREPARE (Rhizopus_microsporus)	COMPLETED	0	866.0	850.0	6.6	rss	2.044722222222222									annotate_trace.20260921_170849.txt	final
v1.9.0-rc1_conda	Nakaseomyces_glabratus_CBS_138	TRAIN_PREDICT:FUNANNOTATE_PREDICT	TRAIN_PREDICT:FUNANNOTATE_PREDICT (Nakaseomyces_glabratus_CBS_138)	COMPLETED	0	3663.0	491.0	5.6	rss	4.995925000000001									annotate_trace.20260921_170849.txt	final
v1.9.0-rc1_conda	Sporobolomyces_salmoneus_JCM6883	TRAIN_PREDICT:FUNANNOTATE_PREDICT	TRAIN_PREDICT:FUNANNOTATE_PREDICT (Sporobolomyces_salmoneus_JCM6883)	COMPLETED	0	3553.0	524.5	2.2	rss	5.176523611111111									annotate_trace.20260921_170849.txt	final
v1.9.0-rc1_conda	Rhodotorula_toruloides_NP11	TRAIN_PREDICT:FUNANNOTATE_PREDICT	TRAIN_PREDICT:FUNANNOTATE_PREDICT (Rhodotorula_toruloides_NP11)	COMPLETED	0	3803.0	564.8	4.2	rss	5.966484444444443									annotate_trace.20260921_170849.txt	final
v1.9.0-rc1_conda	Rhodotorula_graminis_WP1	TRAIN_PREDICT:FUNANNOTATE_PREDICT	TRAIN_PREDICT:FUNANNOTATE_PREDICT (Rhodotorula_graminis_WP1)	COMPLETED	0	4311.0	561.7	8.5	rss	6.7263575000000015									annotate_trace.20260921_170849.txt	final
v1.9.0-rc1_conda	Dactylellina_haptotyla_CBS_200.50	TRAIN_PREDICT:FUNANNOTATE_PREDICT	TRAIN_PREDICT:FUNANNOTATE_PREDICT (Dactylellina_haptotyla_CBS_200.50)	COMPLETED	0	4098.0	470.7	2.4	rss	5.358135									annotate_trace.20260921_170849.txt	final
v1.9.0-rc1_conda	Pneumocystis_murina_B123	TRAIN_PREDICT:FUNANNOTATE_PREDICT	TRAIN_PREDICT:FUNANNOTATE_PREDICT (Pneumocystis_murina_B123)	COMPLETED	0	4207.0	326.2	1.9	rss	3.812009444444444									annotate_trace.20260921_170849.txt	final
v1.9.0-rc1_conda	Cystobasidium_minutum_MCA_4210	TRAIN_PREDICT:FUNANNOTATE_PREDICT	TRAIN_PREDICT:FUNANNOTATE_PREDICT (Cystobasidium_minutum_MCA_4210)	COMPLETED	0	4343.0	478.5	15.0	rss	5.772570833333334									annotate_trace.20260921_170849.txt	final
v1.9.0-rc1_conda	Sporobolomyces_koalae_JCM15063	TRAIN_PREDICT:FUNANNOTATE_PREDICT	TRAIN_PREDICT:FUNANNOTATE_PREDICT (Sporobolomyces_koalae_JCM15063)	COMPLETED	0	4303.0	594.5	2.7	rss	7.10592638888889									annotate_trace.20260921_170849.txt	final
v1.9.0-rc1_conda	Mixia_osmundae_IAM_14324	TRAIN_PREDICT:FUNANNOTATE_PREDICT	TRAIN_PREDICT:FUNANNOTATE_PREDICT (Mixia_osmundae_IAM_14324)	COMPLETED	0	5398.0	332.8	3.6	rss	4.990151111111111									annotate_trace.20260921_170849.txt	final
v1.9.0-rc1_conda	Aspergillus_clavatus_NRRL_1	TRAIN_PREDICT:FUNANNOTATE_PREDICT	TRAIN_PREDICT:FUNANNOTATE_PREDICT (Aspergillus_clavatus_NRRL_1)	COMPLETED	0	5702.0	644.7	10.6	rss	10.211331666666666									annotate_trace.20260921_170849.txt	final
v1.9.0-rc1_conda	Talaromyces_stipitatus_ATCC_10500	TRAIN_PREDICT:FUNANNOTATE_PREDICT	TRAIN_PREDICT:FUNANNOTATE_PREDICT (Talaromyces_stipitatus_ATCC_10500)	COMPLETED	0	5780.0	548.2	16.0	rss	8.801655555555556									annotate_trace.20260921_170849.txt	final
v1.9.0-rc1_conda	Pyricularia_oryzae_70-15	TRAIN_PREDICT:FUNANNOTATE_PREDICT	TRAIN_PREDICT:FUNANNOTATE_PREDICT (Pyricularia_oryzae_70-15)	COMPLETED	0	6067.0	596.6	7.0	rss	10.054367222222224									annotate_trace.20260921_170849.txt	final
v1.9.0-rc1_conda	Leptographium_clavigerum_kw1407	TRAIN_PREDICT:FUNANNOTATE_PREDICT	TRAIN_PREDICT:FUNANNOTATE_PREDICT (Leptographium_clavigerum_kw1407)	COMPLETED	0	6593.0	615.2	5.6	rss	11.266704444444445									annotate_trace.20260921_170849.txt	final
v1.9.0-rc1_conda	Spizellomyces_punctatus_DAOM_BR117	TRAIN_PREDICT:FUNANNOTATE_PREDICT	TRAIN_PREDICT:FUNANNOTATE_PREDICT (Spizellomyces_punctatus_DAOM_BR117)	COMPLETED	0	2605.0	511.3	6.5	rss	3.6998236111111114									annotate_trace.20260921_170849.txt	final
v1.9.0-rc1_conda	Uncinocarpus_reesii_1704	TRAIN_PREDICT:FUNANNOTATE_PREDICT	TRAIN_PREDICT:FUNANNOTATE_PREDICT (Uncinocarpus_reesii_1704)	COMPLETED	0	6651.0	410.9	6.3	rss	7.591377499999999									annotate_trace.20260921_170849.txt	final
v1.9.0-rc1_conda	Tilletiaria_anomala	TRAIN_PREDICT:RNASEQ_PREPARE	TRAIN_PREDICT:RNASEQ_PREPARE (Tilletiaria_anomala)	COMPLETED	0	81.0	1208.9	2.1	rss	0.2720025									annotate_trace.20260921_170849.txt	final
v1.9.0-rc1_conda	Synchytrium_microbalum_JEL517	TRAIN_PREDICT:FUNANNOTATE_PREDICT	TRAIN_PREDICT:FUNANNOTATE_PREDICT (Synchytrium_microbalum_JEL517)	COMPLETED	0	3353.0	511.4	5.5	rss	4.763122777777778									annotate_trace.20260921_170849.txt	final
v1.9.0-rc1_conda	Sugiyamaella_lignohabitans_CBS_10342	TRAIN_PREDICT:FUNANNOTATE_PREDICT	TRAIN_PREDICT:FUNANNOTATE_PREDICT (Sugiyamaella_lignohabitans_CBS_10342)	COMPLETED	0	4038.0	529.5	6.1	rss	5.9392249999999995									annotate_trace.20260921_170849.txt	final
v1.9.0-rc1_conda	Tremella_mesenterica_Fries	TRAIN_PREDICT:FUNANNOTATE_PREDICT	TRAIN_PREDICT:FUNANNOTATE_PREDICT (Tremella_mesenterica_Fries)	COMPLETED	0	7912.0	504.7	6.0	rss	11.092184444444444									annotate_trace.20260921_170849.txt	final
v1.9.0-rc1_conda	Aspergillus_fumigatus	TRAIN_PREDICT:RNASEQ_PREPARE	TRAIN_PREDICT:RNASEQ_PREPARE (Aspergillus_fumigatus)	COMPLETED	0	72.0	1204.9	2.4	rss	0.24098000000000003									annotate_trace.20260921_170849.txt	final
v1.9.0-rc1_conda	Botrytis_cinerea	TRAIN_PREDICT:RNASEQ_PREPARE	TRAIN_PREDICT:RNASEQ_PREPARE (Botrytis_cinerea)	COMPLETED	0	84.0	1110.7	2.5	rss	0.25916333333333336									annotate_trace.20260921_170849.txt	final
v1.9.0-rc1_conda	Zygosaccharomyces_rouxii	TRAIN_PREDICT:RNASEQ_PREPARE	TRAIN_PREDICT:RNASEQ_PREPARE (Zygosaccharomyces_rouxii)	COMPLETED	0	77.0	1277.2	2.6	rss	0.27317888888888886									annotate_trace.20260921_170849.txt	final
v1.9.0-rc1_conda	Letharia_columbiana_WasteWater2	TRAIN_PREDICT:FUNANNOTATE_PREDICT	TRAIN_PREDICT:FUNANNOTATE_PREDICT (Letharia_columbiana_WasteWater2)	COMPLETED	0	4037.0	536.8	2.5	rss	6.019615555555555									annotate_trace.20260921_170849.txt	final
v1.9.0-rc1_conda	Saccharomyces_cerevisiae	TRAIN_PREDICT:RNASEQ_PREPARE	TRAIN_PREDICT:RNASEQ_PREPARE (Saccharomyces_cerevisiae)	COMPLETED	0	47.2	1266.4	1.8	rss	0.16603911111111114									annotate_trace.20260921_170849.txt	final
v1.9.0-rc1_conda	Drepanopeziza_brunnea	TRAIN_PREDICT:RNASEQ_PREPARE	TRAIN_PREDICT:RNASEQ_PREPARE (Drepanopeziza_brunnea)	COMPLETED	0	104.0	1370.7	2.9	rss	0.39598									annotate_trace.20260921_170849.txt	final
v1.9.0-rc1_conda	Trichosporon_asahii	TRAIN_PREDICT:RNASEQ_PREPARE	TRAIN_PREDICT:RNASEQ_PREPARE (Trichosporon_asahii)	COMPLETED	0	103.0	1191.8	2.1	rss	0.3409872222222222									annotate_trace.20260921_170849.txt	final
v1.9.0-rc1_conda	Umbelopsis_ramanniana	TRAIN_PREDICT:RNASEQ_PREPARE	TRAIN_PREDICT:RNASEQ_PREPARE (Umbelopsis_ramanniana)	COMPLETED	0	117.0	1036.9	2.1	rss	0.3369925000000001									annotate_trace.20260921_170849.txt	final
v1.9.0-rc1_conda	Fusarium_oxysporum	TRAIN_PREDICT:RNASEQ_PREPARE	TRAIN_PREDICT:RNASEQ_PREPARE (Fusarium_oxysporum)	COMPLETED	0	311.0	1219.2	5.6	rss	1.0532533333333334									annotate_trace.20260921_170849.txt	final
v1.9.0-rc1_conda	Lachancea_thermotolerans	TRAIN_PREDICT:RNASEQ_PREPARE	TRAIN_PREDICT:RNASEQ_PREPARE (Lachancea_thermotolerans)	COMPLETED	0	31.1	1175.2	1.1	rss	0.10152422222222222									annotate_trace.20260921_170849.txt	final
v1.9.0-rc1_conda	Colletotrichum_graminicola	TRAIN_PREDICT:RNASEQ_PREPARE	TRAIN_PREDICT:RNASEQ_PREPARE (Colletotrichum_graminicola)	COMPLETED	0	159.0	1061.9	3.2	rss	0.4690058333333334									annotate_trace.20260921_170849.txt	final
v1.9.0-rc1_conda	Eremothecium_gossypii_ATCC_10895	TRAIN_PREDICT:FUNANNOTATE_PREDICT	TRAIN_PREDICT:FUNANNOTATE_PREDICT (Eremothecium_gossypii_ATCC_10895)	COMPLETED	0	12077.0	294.4	3.9	rss	9.876302222222222									annotate_trace.20260921_170849.txt	final
v1.9.0-rc1_conda	Mucor_mucedo	TRAIN_PREDICT:RNASEQ_PREPARE	TRAIN_PREDICT:RNASEQ_PREPARE (Mucor_mucedo)	COMPLETED	0	76.0	1066.5	2.3	rss	0.22515									annotate_trace.20260921_170849.txt	final
v1.9.0-rc1_conda	Gaeumannomyces_tritici	TRAIN_PREDICT:RNASEQ_PREPARE	TRAIN_PREDICT:RNASEQ_PREPARE (Gaeumannomyces_tritici)	COMPLETED	0	75.0	1371.5	2.6	rss	0.28572916666666665									annotate_trace.20260921_170849.txt	final
v1.9.0-rc1_conda	Tricharina_praecox	TRAIN_PREDICT:RNASEQ_PREPARE	TRAIN_PREDICT:RNASEQ_PREPARE (Tricharina_praecox)	COMPLETED	0	152.0	1187.4	2.9	rss	0.5013466666666667									annotate_trace.20260921_170849.txt	final
v1.9.0-rc1_conda	Pseudogymnoascus_destructans	TRAIN_PREDICT:RNASEQ_PREPARE	TRAIN_PREDICT:RNASEQ_PREPARE (Pseudogymnoascus_destructans)	COMPLETED	0	87.0	1335.8	2.9	rss	0.3228183333333333									annotate_trace.20260921_170849.txt	final
v1.9.0-rc1_conda	Batrachochytrium_dendrobatidis	TRAIN_PREDICT:RNASEQ_PREPARE	TRAIN_PREDICT:RNASEQ_PREPARE (Batrachochytrium_dendrobatidis)	COMPLETED	0	571.0	1302.5	6.7	rss	2.0659097222222225									annotate_trace.20260921_170849.txt	final
v1.9.0-rc1_conda	Cokeromyces_recurvatus	TRAIN_PREDICT:RNASEQ_PREPARE	TRAIN_PREDICT:RNASEQ_PREPARE (Cokeromyces_recurvatus)	COMPLETED	0	125.0	1064.5	2.2	rss	0.36961805555555555									annotate_trace.20260921_170849.txt	final
v1.9.0-rc1_conda	Protomyces_lactucae-debilis	TRAIN_PREDICT:RNASEQ_PREPARE	TRAIN_PREDICT:RNASEQ_PREPARE (Protomyces_lactucae-debilis)	COMPLETED	0	80.0	1155.6	1.4	rss	0.2568									annotate_trace.20260921_170849.txt	final
v1.9.0-rc1_conda	Wallemia_mellicola_CBS_633.66	TRAIN_PREDICT:FUNANNOTATE_PREDICT	TRAIN_PREDICT:FUNANNOTATE_PREDICT (Wallemia_mellicola_CBS_633.66)	COMPLETED	0	3820.0	607.0	2.6	rss	6.440944444444445									annotate_trace.20260921_170849.txt	final
v1.9.0-rc1_conda	Fusarium_verticillioides	TRAIN_PREDICT:RNASEQ_PREPARE	TRAIN_PREDICT:RNASEQ_PREPARE (Fusarium_verticillioides)	COMPLETED	0	122.0	1221.5	3.5	rss	0.41395277777777784									annotate_trace.20260921_170849.txt	final
v1.9.0-rc1_conda	Morchella_sextelata	TRAIN_PREDICT:RNASEQ_PREPARE	TRAIN_PREDICT:RNASEQ_PREPARE (Morchella_sextelata)	COMPLETED	0	217.0	1234.4	4.2	rss	0.744068888888889									annotate_trace.20260921_170849.txt	final
v1.9.0-rc1_conda	Zymoseptoria_tritici	TRAIN_PREDICT:RNASEQ_PREPARE	TRAIN_PREDICT:RNASEQ_PREPARE (Zymoseptoria_tritici)	COMPLETED	0	319.0	1369.2	6.8	rss	1.2132633333333334									annotate_trace.20260921_170849.txt	final
v1.9.0-rc1_conda	Malassezia_sympodialis	TRAIN_PREDICT:RNASEQ_PREPARE	TRAIN_PREDICT:RNASEQ_PREPARE (Malassezia_sympodialis)	COMPLETED	0	44.5	874.6	0.7551	rss	0.10811027777777778									annotate_trace.20260921_170849.txt	final
v1.9.0-rc1_conda	Pyrenophora_teres	TRAIN_PREDICT:RNASEQ_PREPARE	TRAIN_PREDICT:RNASEQ_PREPARE (Pyrenophora_teres)	COMPLETED	0	156.0	1261.7	4.3	rss	0.5467366666666668									annotate_trace.20260921_170849.txt	final
v1.9.0-rc1_conda	Chaetomium_globosum	TRAIN_PREDICT:RNASEQ_PREPARE	TRAIN_PREDICT:RNASEQ_PREPARE (Chaetomium_globosum)	COMPLETED	0	154.0	1221.1	2.7	rss	0.5223594444444444									annotate_trace.20260921_170849.txt	final
v1.9.0-rc1_conda	Lipomyces_tetrasporus	TRAIN_PREDICT:RNASEQ_PREPARE	TRAIN_PREDICT:RNASEQ_PREPARE (Lipomyces_tetrasporus)	COMPLETED	0	146.0	1234.1	2.9	rss	0.500496111111111									annotate_trace.20260921_170849.txt	final
v1.9.0-rc1_conda	Sclerotinia_sclerotiorum	TRAIN_PREDICT:RNASEQ_PREPARE	TRAIN_PREDICT:RNASEQ_PREPARE (Sclerotinia_sclerotiorum)	COMPLETED	0	70.0	1326.5	2.8	rss	0.25793055555555555									annotate_trace.20260921_170849.txt	final
v1.9.0-rc1_conda	Laccaria_bicolor_S238N-H82	TRAIN_PREDICT:FUNANNOTATE_PREDICT	TRAIN_PREDICT:FUNANNOTATE_PREDICT (Laccaria_bicolor_S238N-H82)	COMPLETED	0	10952.0	475.1	4.6	rss	14.453597777777778									annotate_trace.20260921_170849.txt	final
v1.9.0-rc1_conda	Blastomyces_dermatitidis_ER-3	TRAIN_PREDICT:FUNANNOTATE_PREDICT	TRAIN_PREDICT:FUNANNOTATE_PREDICT (Blastomyces_dermatitidis_ER-3)	COMPLETED	0	9476.0	440.9	19.9	rss	11.605467777777775									annotate_trace.20260921_170849.txt	final
v1.9.0-rc1_conda	Cryptococcus_neoformans_H99	TRAIN_PREDICT:FUNANNOTATE_TRAIN	TRAIN_PREDICT:FUNANNOTATE_TRAIN (Cryptococcus_neoformans_H99)	COMPLETED	0	16319.0	379.3	9.0	rss	17.19387972222222									annotate_trace.20260921_170849.txt	final
v1.9.0-rc1_conda	Allomyces_macrogynus_ATCC_38327	TRAIN_PREDICT:FUNANNOTATE_TRAIN	TRAIN_PREDICT:FUNANNOTATE_TRAIN (Allomyces_macrogynus_ATCC_38327)	COMPLETED	0	21575.0	500.5	3.3	rss	29.995243055555555									annotate_trace.20260921_170849.txt	final
v1.9.0-rc1_conda	Schizophyllum_commune_H4-8	TRAIN_PREDICT:FUNANNOTATE_TRAIN	TRAIN_PREDICT:FUNANNOTATE_TRAIN (Schizophyllum_commune_H4-8)	FAILED	1	180.0													annotate_trace.20260921_170849.txt	overhead
v1.9.0-rc1_conda	Malassezia_globosa_CBS_7966	TRAIN_PREDICT:FUNANNOTATE_TRAIN	TRAIN_PREDICT:FUNANNOTATE_TRAIN (Malassezia_globosa_CBS_7966)	COMPLETED	0	11883.0	244.5	6.0	rss	8.070537499999999									annotate_trace.20260921_170849.txt	final
v1.9.0-rc1_conda	Morchella_importuna_M04M26	TRAIN_PREDICT:FUNANNOTATE_TRAIN	TRAIN_PREDICT:FUNANNOTATE_TRAIN (Morchella_importuna_M04M26)	FAILED	1	491.0													annotate_trace.20260921_170849.txt	overhead
v1.9.0-rc1_conda	Kluyveromyces_lactis_NRRL_Y-1140	TRAIN_PREDICT:FUNANNOTATE_TRAIN	TRAIN_PREDICT:FUNANNOTATE_TRAIN (Kluyveromyces_lactis_NRRL_Y-1140)	COMPLETED	0	6926.0	273.2	7.5	rss	5.256064444444444									annotate_trace.20260921_170849.txt	final
v1.9.0-rc1_conda	Rhizopus_microsporus_ATCC_52813	TRAIN_PREDICT:FUNANNOTATE_TRAIN	TRAIN_PREDICT:FUNANNOTATE_TRAIN (Rhizopus_microsporus_ATCC_52813)	FAILED	1	1080.0													annotate_trace.20260921_170849.txt	unresolved
v1.9.0-rc1_conda	Tilletiaria_anomala_UBC_951	TRAIN_PREDICT:FUNANNOTATE_TRAIN	TRAIN_PREDICT:FUNANNOTATE_TRAIN (Tilletiaria_anomala_UBC_951)	FAILED	-	1980.0													annotate_trace.20260921_170849.txt	overhead
v1.9.0-rc1_conda	Cryptococcus_neoformans_H99	TRAIN_PREDICT:FUNANNOTATE_PREDICT	TRAIN_PREDICT:FUNANNOTATE_PREDICT (Cryptococcus_neoformans_H99)	COMPLETED	0	1826.0	415.5	5.5	rss	2.1075083333333335									annotate_trace.20260921_170849.txt	final
v1.9.0-rc1_conda	Trichosporon_asahii_CBS_2479	TRAIN_PREDICT:FUNANNOTATE_TRAIN	TRAIN_PREDICT:FUNANNOTATE_TRAIN (Trichosporon_asahii_CBS_2479)	FAILED	-	1980.0													annotate_trace.20260921_170849.txt	overhead
v1.9.0-rc1_conda	Fusarium_oxysporum_4287	TRAIN_PREDICT:FUNANNOTATE_TRAIN	TRAIN_PREDICT:FUNANNOTATE_TRAIN (Fusarium_oxysporum_4287)	FAILED	-	1980.0													annotate_trace.20260921_170849.txt	overhead
v1.9.0-rc1_conda	Drepanopeziza_brunnea_MB_m1	TRAIN_PREDICT:FUNANNOTATE_TRAIN	TRAIN_PREDICT:FUNANNOTATE_TRAIN (Drepanopeziza_brunnea_MB_m1)	FAILED	-	1980.0													annotate_trace.20260921_170849.txt	overhead
v1.9.0-rc1_conda	Umbelopsis_ramanniana_AG	TRAIN_PREDICT:FUNANNOTATE_TRAIN	TRAIN_PREDICT:FUNANNOTATE_TRAIN (Umbelopsis_ramanniana_AG)	FAILED	-	1980.0													annotate_trace.20260921_170849.txt	overhead
v1.9.0-rc1_conda	Saccharomyces_cerevisiae_S288C	TRAIN_PREDICT:FUNANNOTATE_TRAIN	TRAIN_PREDICT:FUNANNOTATE_TRAIN (Saccharomyces_cerevisiae_S288C)	FAILED	-	1980.0													annotate_trace.20260921_170849.txt	overhead
v1.9.0-rc1_conda	Allomyces_macrogynus_ATCC_38327	TRAIN_PREDICT:FUNANNOTATE_PREDICT	TRAIN_PREDICT:FUNANNOTATE_PREDICT (Allomyces_macrogynus_ATCC_38327)	COMPLETED	0	4007.0	499.4	2.7	rss	5.558599444444444									annotate_trace.20260921_170849.txt	final
v1.9.0-rc1_conda	Malassezia_globosa_CBS_7966	TRAIN_PREDICT:FUNANNOTATE_PREDICT	TRAIN_PREDICT:FUNANNOTATE_PREDICT (Malassezia_globosa_CBS_7966)	COMPLETED	0	1612.0	458.4	1.9	rss	2.052613333333333									annotate_trace.20260921_170849.txt	final
v1.9.0-rc1_conda	Lachancea_thermotolerans_CBS_6340	TRAIN_PREDICT:FUNANNOTATE_TRAIN	TRAIN_PREDICT:FUNANNOTATE_TRAIN (Lachancea_thermotolerans_CBS_6340)	FAILED	-	1980.0													annotate_trace.20260921_170849.txt	overhead
v1.9.0-rc1_conda	Kluyveromyces_lactis_NRRL_Y-1140	TRAIN_PREDICT:FUNANNOTATE_PREDICT	TRAIN_PREDICT:FUNANNOTATE_PREDICT (Kluyveromyces_lactis_NRRL_Y-1140)	COMPLETED	0	2178.0	440.4	2.6	rss	2.66442									annotate_trace.20260921_170849.txt	final
v1.9.0-rc1_conda	Zygosaccharomyces_rouxii_CBS_732	TRAIN_PREDICT:FUNANNOTATE_TRAIN	TRAIN_PREDICT:FUNANNOTATE_TRAIN (Zygosaccharomyces_rouxii_CBS_732)	COMPLETED	0	6903.0	284.0	2.6	rss	5.4456999999999995									annotate_trace.20260921_170849.txt	final
v1.9.0-rc1_conda	Cryptococcus_deneoformans_JEC21	TRAIN_PREDICT:FUNANNOTATE_TRAIN	TRAIN_PREDICT:FUNANNOTATE_TRAIN (Cryptococcus_deneoformans_JEC21)	COMPLETED	0	34678.0	222.2	5.7	rss	21.40403222222222									annotate_trace.20260921_170849.txt	final
v1.9.0-rc1_conda	Zygosaccharomyces_rouxii_CBS_732	TRAIN_PREDICT:FUNANNOTATE_PREDICT	TRAIN_PREDICT:FUNANNOTATE_PREDICT (Zygosaccharomyces_rouxii_CBS_732)	COMPLETED	0	1609.0	577.1	4.1	rss	2.5793163888888886									annotate_trace.20260921_170849.txt	final
v1.9.0-rc1_conda	Orbilia_oligospora_ATCC_24927	TRAIN_PREDICT:FUNANNOTATE_TRAIN	TRAIN_PREDICT:FUNANNOTATE_TRAIN (Orbilia_oligospora_ATCC_24927)	COMPLETED	0	60290.0	189.7	6.5	rss	31.769480555555553									annotate_trace.20260921_170849.txt	final
v1.9.0-rc1_conda	Cryptococcus_deneoformans_JEC21	TRAIN_PREDICT:FUNANNOTATE_PREDICT	TRAIN_PREDICT:FUNANNOTATE_PREDICT (Cryptococcus_deneoformans_JEC21)	COMPLETED	0	2075.0	458.9	5.1	rss	2.6450486111111107									annotate_trace.20260921_170849.txt	final
v1.9.0-rc1_conda	Botrytis_cinerea_B05.10	TRAIN_PREDICT:FUNANNOTATE_TRAIN	TRAIN_PREDICT:FUNANNOTATE_TRAIN (Botrytis_cinerea_B05.10)	COMPLETED	0	21138.0	572.9	4.5	rss	33.638778333333335									annotate_trace.20260921_170849.txt	final
v1.9.0-rc1_conda	Orbilia_oligospora_ATCC_24927	TRAIN_PREDICT:FUNANNOTATE_PREDICT	TRAIN_PREDICT:FUNANNOTATE_PREDICT (Orbilia_oligospora_ATCC_24927)	COMPLETED	0	2816.0	558.8	9.8	rss	4.371057777777778									annotate_trace.20260921_170849.txt	final
v1.9.0-rc1_conda	Phycomyces_blakesleeanus_NRRL_1555_-	TRAIN_PREDICT:FUNANNOTATE_TRAIN	TRAIN_PREDICT:FUNANNOTATE_TRAIN (Phycomyces_blakesleeanus_NRRL_1555_-)	COMPLETED	0	59416.0	273.4	9.1	rss	45.12315111111111									annotate_trace.20260921_170849.txt	final
v1.9.0-rc1_conda	Parastagonospora_nodorum_SN15	TRAIN_PREDICT:FUNANNOTATE_TRAIN	TRAIN_PREDICT:FUNANNOTATE_TRAIN (Parastagonospora_nodorum_SN15)	COMPLETED	0	58402.0	190.0	3.5	rss	30.82327777777778									annotate_trace.20260921_170849.txt	final
v1.9.0-rc1_conda	Tilletiopsis_washingtonensis_MCA_4186	TRAIN_PREDICT:FUNANNOTATE_TRAIN	TRAIN_PREDICT:FUNANNOTATE_TRAIN (Tilletiopsis_washingtonensis_MCA_4186)	COMPLETED	0	35016.0	156.0	1.7	rss	15.1736									annotate_trace.20260921_170849.txt	final
v1.9.0-rc1_conda	Protomyces_lactucae-debilis_12-1054	TRAIN_PREDICT:FUNANNOTATE_TRAIN	TRAIN_PREDICT:FUNANNOTATE_TRAIN (Protomyces_lactucae-debilis_12-1054)	COMPLETED	0	6325.0	456.4	6.0	rss	8.018694444444444									annotate_trace.20260921_170849.txt	final
v1.9.0-rc1_conda	Colletotrichum_graminicola_M1.001	TRAIN_PREDICT:FUNANNOTATE_TRAIN	TRAIN_PREDICT:FUNANNOTATE_TRAIN (Colletotrichum_graminicola_M1.001)	COMPLETED	0	27989.0	468.5	5.3	rss	36.42457361111111									annotate_trace.20260921_170849.txt	final
v1.9.0-rc1_conda	Aspergillus_fumigatus_Af293	TRAIN_PREDICT:FUNANNOTATE_TRAIN	TRAIN_PREDICT:FUNANNOTATE_TRAIN (Aspergillus_fumigatus_Af293)	COMPLETED	0	37457.0	206.0	8.9	rss	21.43372777777778									annotate_trace.20260921_170849.txt	final
v1.9.0-rc1_conda	Talaromyces_marneffei_ATCC_18224	TRAIN_PREDICT:FUNANNOTATE_TRAIN	TRAIN_PREDICT:FUNANNOTATE_TRAIN (Talaromyces_marneffei_ATCC_18224)	COMPLETED	0	46395.0	228.4	6.9	rss	29.43505									annotate_trace.20260921_170849.txt	final
v1.9.0-rc1_conda	Yarrowia_lipolytica_CLIB122	TRAIN_PREDICT:FUNANNOTATE_TRAIN	TRAIN_PREDICT:FUNANNOTATE_TRAIN (Yarrowia_lipolytica_CLIB122)	COMPLETED	0	40945.0	167.1	1.6	rss	19.00530416666667									annotate_trace.20260921_170849.txt	final
v1.9.0-rc1_conda	Gaeumannomyces_tritici_R3-111a-1	TRAIN_PREDICT:FUNANNOTATE_TRAIN	TRAIN_PREDICT:FUNANNOTATE_TRAIN (Gaeumannomyces_tritici_R3-111a-1)	COMPLETED	0	21804.0	545.0	4.6	rss	33.008833333333335									annotate_trace.20260921_170849.txt	final
v1.9.0-rc1_conda	Fusarium_oxysporum_4287	TRAIN_PREDICT:FUNANNOTATE_TRAIN	TRAIN_PREDICT:FUNANNOTATE_TRAIN (Fusarium_oxysporum_4287)	COMPLETED	0	0.487	12.7	0.0033	rss	1.7180277777777778e-05									annotate_trace.20260921_170849.txt	final
v1.9.0-rc1_conda	Saccharomyces_cerevisiae_S288C	TRAIN_PREDICT:FUNANNOTATE_TRAIN	TRAIN_PREDICT:FUNANNOTATE_TRAIN (Saccharomyces_cerevisiae_S288C)	COMPLETED	0	0.534	16.5	0.0032	rss	2.4475000000000005e-05									annotate_trace.20260921_170849.txt	final
v1.9.0-rc1_conda	Trichosporon_asahii_CBS_2479	TRAIN_PREDICT:FUNANNOTATE_TRAIN	TRAIN_PREDICT:FUNANNOTATE_TRAIN (Trichosporon_asahii_CBS_2479)	COMPLETED	0	0.441	14.9	0.0032	rss	1.82525e-05									annotate_trace.20260921_170849.txt	final
v1.9.0-rc1_conda	Drepanopeziza_brunnea_MB_m1	TRAIN_PREDICT:FUNANNOTATE_TRAIN	TRAIN_PREDICT:FUNANNOTATE_TRAIN (Drepanopeziza_brunnea_MB_m1)	COMPLETED	0	0.617	10.8			1.8510000000000004e-05									annotate_trace.20260921_170849.txt	final
v1.9.0-rc1_conda	Umbelopsis_ramanniana_AG	TRAIN_PREDICT:FUNANNOTATE_TRAIN	TRAIN_PREDICT:FUNANNOTATE_TRAIN (Umbelopsis_ramanniana_AG)	COMPLETED	0	0.438	14.7	0.0033	rss	1.7885e-05									annotate_trace.20260921_170849.txt	final
v1.9.0-rc1_conda	Pyrenophora_tritici-repentis_Pt-1C-BFP	TRAIN_PREDICT:FUNANNOTATE_TRAIN	TRAIN_PREDICT:FUNANNOTATE_TRAIN (Pyrenophora_tritici-repentis_Pt-1C-BFP)	COMPLETED	0	49274.0	225.9	3.5	rss	30.919435									annotate_trace.20260921_170849.txt	final
v1.9.0-rc1_conda	Pyrenophora_teres_0-1	TRAIN_PREDICT:FUNANNOTATE_TRAIN	TRAIN_PREDICT:FUNANNOTATE_TRAIN (Pyrenophora_teres_0-1)	FAILED	-	1980.0													annotate_trace.20260921_170849.txt	overhead
v1.9.0-rc1_conda	Chaetomium_globosum_CBS_148.51	TRAIN_PREDICT:FUNANNOTATE_TRAIN	TRAIN_PREDICT:FUNANNOTATE_TRAIN (Chaetomium_globosum_CBS_148.51)	FAILED	-	1980.0													annotate_trace.20260921_170849.txt	overhead
v1.9.0-rc1_conda	Lipomyces_tetrasporus_NRRL_Y-64009	TRAIN_PREDICT:FUNANNOTATE_TRAIN	TRAIN_PREDICT:FUNANNOTATE_TRAIN (Lipomyces_tetrasporus_NRRL_Y-64009)	FAILED	-	1980.0													annotate_trace.20260921_170849.txt	overhead
v1.9.0-rc1_conda	Sclerotinia_sclerotiorum_1980	TRAIN_PREDICT:FUNANNOTATE_TRAIN	TRAIN_PREDICT:FUNANNOTATE_TRAIN (Sclerotinia_sclerotiorum_1980)	FAILED	-	2040.0													annotate_trace.20260921_170849.txt	overhead
v1.9.0-rc1_conda	Mucor_mucedo_NRRL_3635	TRAIN_PREDICT:FUNANNOTATE_TRAIN	TRAIN_PREDICT:FUNANNOTATE_TRAIN (Mucor_mucedo_NRRL_3635)	COMPLETED	0	37946.0	271.1	3.2	rss	28.575446111111113									annotate_trace.20260921_170849.txt	final
v1.9.0-rc1_conda	Malassezia_sympodialis_ATCC_42132	TRAIN_PREDICT:FUNANNOTATE_TRAIN	TRAIN_PREDICT:FUNANNOTATE_TRAIN (Malassezia_sympodialis_ATCC_42132)	COMPLETED	0	4761.0	534.0	2.7	rss	7.06215									annotate_trace.20260921_170849.txt	final
v1.9.0-rc1_conda	Pseudogymnoascus_destructans_20631-21	TRAIN_PREDICT:FUNANNOTATE_TRAIN	TRAIN_PREDICT:FUNANNOTATE_TRAIN (Pseudogymnoascus_destructans_20631-21)	COMPLETED	0	27998.0	314.9	5.3	rss	24.490472777777775									annotate_trace.20260921_170849.txt	final
v1.9.0-rc1_conda	Lachancea_thermotolerans_CBS_6340	TRAIN_PREDICT:FUNANNOTATE_TRAIN	TRAIN_PREDICT:FUNANNOTATE_TRAIN (Lachancea_thermotolerans_CBS_6340)	COMPLETED	0	0.151	29.2	0.0031000000000000003	rss	1.2247777777777775e-05									annotate_trace.20260921_170849.txt	final
v1.9.0-rc1_conda	Rhizopus_delemar_RA_99-880	TRAIN_PREDICT:FUNANNOTATE_TRAIN	TRAIN_PREDICT:FUNANNOTATE_TRAIN (Rhizopus_delemar_RA_99-880)	COMPLETED	0	90671.0	197.1	4.9	rss	49.64237249999999									annotate_trace.20260921_170849.txt	final
v1.9.0-rc1_conda	Botrytis_cinerea_B05.10	TRAIN_PREDICT:FUNANNOTATE_PREDICT	TRAIN_PREDICT:FUNANNOTATE_PREDICT (Botrytis_cinerea_B05.10)	COMPLETED	0	2752.0	538.7	13.7	rss	4.118062222222223									annotate_trace.20260921_170849.txt	final
v1.9.0-rc1_conda	Parastagonospora_nodorum_SN15	TRAIN_PREDICT:FUNANNOTATE_PREDICT	TRAIN_PREDICT:FUNANNOTATE_PREDICT (Parastagonospora_nodorum_SN15)	COMPLETED	0	1685.0	598.0	4.3	rss	2.7989722222222224									annotate_trace.20260921_170849.txt	final
v1.9.0-rc1_conda	Phycomyces_blakesleeanus_NRRL_1555_-	TRAIN_PREDICT:FUNANNOTATE_PREDICT	TRAIN_PREDICT:FUNANNOTATE_PREDICT (Phycomyces_blakesleeanus_NRRL_1555_-)	COMPLETED	0	3104.0	600.9	12.5	rss	5.181093333333333									annotate_trace.20260921_170849.txt	final
v1.9.0-rc1_conda	Protomyces_lactucae-debilis_12-1054	TRAIN_PREDICT:FUNANNOTATE_PREDICT	TRAIN_PREDICT:FUNANNOTATE_PREDICT (Protomyces_lactucae-debilis_12-1054)	COMPLETED	0	1328.0	613.2	3.5	rss	2.262026666666667									annotate_trace.20260921_170849.txt	final
v1.9.0-rc1_conda	Cokeromyces_recurvatus_NRRL_2243	TRAIN_PREDICT:FUNANNOTATE_TRAIN	TRAIN_PREDICT:FUNANNOTATE_TRAIN (Cokeromyces_recurvatus_NRRL_2243)	COMPLETED	0	31103.0	326.7	3.8	rss	28.225972499999997									annotate_trace.20260921_170849.txt	final
v1.9.0-rc1_conda	Batrachochytrium_dendrobatidis_JAM81	TRAIN_PREDICT:FUNANNOTATE_TRAIN	TRAIN_PREDICT:FUNANNOTATE_TRAIN (Batrachochytrium_dendrobatidis_JAM81)	COMPLETED	0	31805.0	308.2	6.3	rss	27.228613888888887									annotate_trace.20260921_170849.txt	final
v1.9.0-rc1_conda	Tilletiopsis_washingtonensis_MCA_4186	TRAIN_PREDICT:FUNANNOTATE_PREDICT	TRAIN_PREDICT:FUNANNOTATE_PREDICT (Tilletiopsis_washingtonensis_MCA_4186)	COMPLETED	0	1916.0	541.1	3.7	rss	2.8798544444444447									annotate_trace.20260921_170849.txt	final
v1.9.0-rc1_conda	Colletotrichum_graminicola_M1.001	TRAIN_PREDICT:FUNANNOTATE_PREDICT	TRAIN_PREDICT:FUNANNOTATE_PREDICT (Colletotrichum_graminicola_M1.001)	COMPLETED	0	3049.0	584.7	5.5	rss	4.952084166666667									annotate_trace.20260921_170849.txt	final
v1.9.0-rc1_conda	Zymoseptoria_tritici_IPO323	TRAIN_PREDICT:FUNANNOTATE_TRAIN	TRAIN_PREDICT:FUNANNOTATE_TRAIN (Zymoseptoria_tritici_IPO323)	COMPLETED	0	16146.0	464.8	10.2	rss	20.84628									annotate_trace.20260921_170849.txt	final
v1.9.0-rc1_conda	Talaromyces_marneffei_ATCC_18224	TRAIN_PREDICT:FUNANNOTATE_PREDICT	TRAIN_PREDICT:FUNANNOTATE_PREDICT (Talaromyces_marneffei_ATCC_18224)	COMPLETED	0	2185.0	600.7	14.8	rss	3.6459152777777777									annotate_trace.20260921_170849.txt	final
v1.9.0-rc1_conda	Tricharina_praecox_CBS_144465	TRAIN_PREDICT:FUNANNOTATE_TRAIN	TRAIN_PREDICT:FUNANNOTATE_TRAIN (Tricharina_praecox_CBS_144465)	COMPLETED	0	44490.0	259.6	3.0	rss	32.082233333333335									annotate_trace.20260921_170849.txt	final
v1.9.0-rc1_conda	Aspergillus_fumigatus_Af293	TRAIN_PREDICT:FUNANNOTATE_PREDICT	TRAIN_PREDICT:FUNANNOTATE_PREDICT (Aspergillus_fumigatus_Af293)	COMPLETED	0	2487.0	557.7	12.7	rss	3.8527775									annotate_trace.20260921_170849.txt	final
v1.9.0-rc1_conda	Yarrowia_lipolytica_CLIB122	TRAIN_PREDICT:FUNANNOTATE_PREDICT	TRAIN_PREDICT:FUNANNOTATE_PREDICT (Yarrowia_lipolytica_CLIB122)	COMPLETED	0	2574.0	554.2	10.9	rss	3.9625300000000006									annotate_trace.20260921_170849.txt	final
v1.9.0-rc1_conda	Gaeumannomyces_tritici_R3-111a-1	TRAIN_PREDICT:FUNANNOTATE_PREDICT	TRAIN_PREDICT:FUNANNOTATE_PREDICT (Gaeumannomyces_tritici_R3-111a-1)	COMPLETED	0	3624.0	542.9	4.6	rss	5.465193333333333									annotate_trace.20260921_170849.txt	final
v1.9.0-rc1_conda	Saccharomyces_cerevisiae_S288C	TRAIN_PREDICT:FUNANNOTATE_PREDICT	TRAIN_PREDICT:FUNANNOTATE_PREDICT (Saccharomyces_cerevisiae_S288C)	COMPLETED	0	1597.0	584.1	3.5	rss	2.5911325									annotate_trace.20260921_170849.txt	final
v1.9.0-rc1_conda	Trichosporon_asahii_CBS_2479	TRAIN_PREDICT:FUNANNOTATE_PREDICT	TRAIN_PREDICT:FUNANNOTATE_PREDICT (Trichosporon_asahii_CBS_2479)	COMPLETED	0	1839.0	498.7	6.6	rss	2.5475258333333337									annotate_trace.20260921_170849.txt	final
v1.9.0-rc1_conda	Umbelopsis_ramanniana_AG	TRAIN_PREDICT:FUNANNOTATE_PREDICT	TRAIN_PREDICT:FUNANNOTATE_PREDICT (Umbelopsis_ramanniana_AG)	COMPLETED	0	1602.0	574.7	4.0	rss	2.557415									annotate_trace.20260921_170849.txt	final
v1.9.0-rc1_conda	Drepanopeziza_brunnea_MB_m1	TRAIN_PREDICT:FUNANNOTATE_PREDICT	TRAIN_PREDICT:FUNANNOTATE_PREDICT (Drepanopeziza_brunnea_MB_m1)	COMPLETED	0	2153.0	604.9	8.1	rss	3.617638055555555									annotate_trace.20260921_170849.txt	final
v1.9.0-rc1_conda	Fusarium_oxysporum_4287	TRAIN_PREDICT:FUNANNOTATE_PREDICT	TRAIN_PREDICT:FUNANNOTATE_PREDICT (Fusarium_oxysporum_4287)	COMPLETED	0	3482.0	567.8	7.2	rss	5.4918877777777775									annotate_trace.20260921_170849.txt	final
v1.9.0-rc1_conda	Malassezia_sympodialis_ATCC_42132	TRAIN_PREDICT:FUNANNOTATE_PREDICT	TRAIN_PREDICT:FUNANNOTATE_PREDICT (Malassezia_sympodialis_ATCC_42132)	COMPLETED	0	1112.0	502.6	2.7	rss	1.5524755555555554									annotate_trace.20260921_170849.txt	final
v1.9.0-rc1_conda	Pyrenophora_tritici-repentis_Pt-1C-BFP	TRAIN_PREDICT:FUNANNOTATE_PREDICT	TRAIN_PREDICT:FUNANNOTATE_PREDICT (Pyrenophora_tritici-repentis_Pt-1C-BFP)	COMPLETED	0	2717.0	587.1	12.1	rss	4.430974166666667									annotate_trace.20260921_170849.txt	final
v1.9.0-rc1_conda	Pseudogymnoascus_destructans_20631-21	TRAIN_PREDICT:FUNANNOTATE_PREDICT	TRAIN_PREDICT:FUNANNOTATE_PREDICT (Pseudogymnoascus_destructans_20631-21)	COMPLETED	0	1737.0	568.8	3.2	rss	2.7444599999999997									annotate_trace.20260921_170849.txt	final
v1.9.0-rc1_conda	Mucor_mucedo_NRRL_3635	TRAIN_PREDICT:FUNANNOTATE_PREDICT	TRAIN_PREDICT:FUNANNOTATE_PREDICT (Mucor_mucedo_NRRL_3635)	COMPLETED	0	2532.0	486.2	4.4	rss	3.4196066666666667									annotate_trace.20260921_170849.txt	final
v1.9.0-rc1_conda	Lachancea_thermotolerans_CBS_6340	TRAIN_PREDICT:FUNANNOTATE_PREDICT	TRAIN_PREDICT:FUNANNOTATE_PREDICT (Lachancea_thermotolerans_CBS_6340)	COMPLETED	0	1259.0	550.7	5.0	rss	1.925920277777778									annotate_trace.20260921_170849.txt	final
v1.9.0-rc1_conda	Fusarium_verticillioides_7600	TRAIN_PREDICT:FUNANNOTATE_TRAIN	TRAIN_PREDICT:FUNANNOTATE_TRAIN (Fusarium_verticillioides_7600)	COMPLETED	0	24260.0	506.8	4.9	rss	34.15268888888889									annotate_trace.20260921_170849.txt	final
v1.9.0-rc1_conda	Schizophyllum_commune_H4-8	TRAIN_PREDICT:FUNANNOTATE_TRAIN	TRAIN_PREDICT:FUNANNOTATE_TRAIN (Schizophyllum_commune_H4-8)	FAILED	1	60.0													annotate_trace.20260921_170849.txt	overhead
v1.9.0-rc1_conda	Morchella_importuna_M04M26	TRAIN_PREDICT:FUNANNOTATE_TRAIN	TRAIN_PREDICT:FUNANNOTATE_TRAIN (Morchella_importuna_M04M26)	FAILED	1	0.001													annotate_trace.20260921_170849.txt	overhead
v1.9.0-rc1_conda	Rhizopus_delemar_RA_99-880	TRAIN_PREDICT:FUNANNOTATE_PREDICT	TRAIN_PREDICT:FUNANNOTATE_PREDICT (Rhizopus_delemar_RA_99-880)	COMPLETED	0	2966.0	585.6	15.7	rss	4.824693333333333									annotate_trace.20260921_170849.txt	final
v1.9.0-rc1_conda	Cokeromyces_recurvatus_NRRL_2243	TRAIN_PREDICT:FUNANNOTATE_PREDICT	TRAIN_PREDICT:FUNANNOTATE_PREDICT (Cokeromyces_recurvatus_NRRL_2243)	COMPLETED	0	1910.0	498.8	6.4	rss	2.6464111111111115									annotate_trace.20260921_170849.txt	final
v1.9.0-rc1_conda	Tilletiaria_anomala_UBC_951	TRAIN_PREDICT:FUNANNOTATE_TRAIN	TRAIN_PREDICT:FUNANNOTATE_TRAIN (Tilletiaria_anomala_UBC_951)	COMPLETED	0	0.254	27.7	0.0029	rss	1.9543888888888885e-05									annotate_trace.20260921_170849.txt	final
v1.9.0-rc1_conda	Batrachochytrium_dendrobatidis_JAM81	TRAIN_PREDICT:FUNANNOTATE_PREDICT	TRAIN_PREDICT:FUNANNOTATE_PREDICT (Batrachochytrium_dendrobatidis_JAM81)	COMPLETED	0	1942.0	552.1	4.1	rss	2.9782727777777773									annotate_trace.20260921_170849.txt	final
v1.9.0-rc1_conda	Rhizopus_microsporus_ATCC_52813	TRAIN_PREDICT:FUNANNOTATE_TRAIN	TRAIN_PREDICT:FUNANNOTATE_TRAIN (Rhizopus_microsporus_ATCC_52813)	FAILED	1	660.0													annotate_trace.20260921_170849.txt	unresolved
v1.9.0-rc1_conda	Tricharina_praecox_CBS_144465	TRAIN_PREDICT:FUNANNOTATE_PREDICT	TRAIN_PREDICT:FUNANNOTATE_PREDICT (Tricharina_praecox_CBS_144465)	COMPLETED	0	2316.0	482.8	6.8	rss	3.1060133333333333									annotate_trace.20260921_170849.txt	final
v1.9.0-rc1_conda	Zymoseptoria_tritici_IPO323	TRAIN_PREDICT:FUNANNOTATE_PREDICT	TRAIN_PREDICT:FUNANNOTATE_PREDICT (Zymoseptoria_tritici_IPO323)	COMPLETED	0	3284.0	535.8	16.0	rss	4.887686666666666									annotate_trace.20260921_170849.txt	final
v1.9.0-rc1_conda	Morchella_sextelata_SCLS	TRAIN_PREDICT:FUNANNOTATE_TRAIN	TRAIN_PREDICT:FUNANNOTATE_TRAIN (Morchella_sextelata_SCLS)	COMPLETED	0	31028.0	607.8	23.9	rss	52.38560666666667									annotate_trace.20260921_170849.txt	final
v1.9.0-rc1_conda	Tilletiaria_anomala_UBC_951	TRAIN_PREDICT:FUNANNOTATE_PREDICT	TRAIN_PREDICT:FUNANNOTATE_PREDICT (Tilletiaria_anomala_UBC_951)	COMPLETED	0	1559.0	455.4	3.0	rss	1.9721349999999997									annotate_trace.20260921_170849.txt	final
v1.9.0-rc1_conda	Fusarium_verticillioides_7600	TRAIN_PREDICT:FUNANNOTATE_PREDICT	TRAIN_PREDICT:FUNANNOTATE_PREDICT (Fusarium_verticillioides_7600)	COMPLETED	0	2959.0	547.6	14.3	rss	4.500967777777778									annotate_trace.20260921_170849.txt	final
v1.9.0-rc1_conda	Morchella_sextelata_SCLS	TRAIN_PREDICT:FUNANNOTATE_PREDICT	TRAIN_PREDICT:FUNANNOTATE_PREDICT (Morchella_sextelata_SCLS)	COMPLETED	0	3535.0	549.3	7.2	rss	5.393820833333333									annotate_trace.20260921_170849.txt	final
v1.9.0-rc1_conda	Pyrenophora_teres_0-1	TRAIN_PREDICT:FUNANNOTATE_TRAIN	TRAIN_PREDICT:FUNANNOTATE_TRAIN (Pyrenophora_teres_0-1)	COMPLETED	0	963.0	361.3	1.0192999999999999	rss	0.9664775000000001									annotate_trace.20260921_170849.txt	final
v1.9.0-rc1_conda	Pyrenophora_teres_0-1	TRAIN_PREDICT:FUNANNOTATE_PREDICT	TRAIN_PREDICT:FUNANNOTATE_PREDICT (Pyrenophora_teres_0-1)	COMPLETED	0	2757.0	359.2	1.2	rss	2.7508733333333337									annotate_trace.20260921_170849.txt	final
v1.9.0-rc1_conda	Chaetomium_globosum_CBS_148.51	TRAIN_PREDICT:FUNANNOTATE_TRAIN	TRAIN_PREDICT:FUNANNOTATE_TRAIN (Chaetomium_globosum_CBS_148.51)	COMPLETED	0	3822.0	306.7	4.2	rss	3.2561316666666666									annotate_trace.20260921_170849.txt	final
v1.9.0-rc1_conda	Lipomyces_tetrasporus_NRRL_Y-64009	TRAIN_PREDICT:FUNANNOTATE_TRAIN	TRAIN_PREDICT:FUNANNOTATE_TRAIN (Lipomyces_tetrasporus_NRRL_Y-64009)	COMPLETED	0	2960.0	247.5	4.0	rss	2.035									annotate_trace.20260921_170849.txt	final
v1.9.0-rc1_conda	Schizophyllum_commune_H4-8	TRAIN_PREDICT:FUNANNOTATE_TRAIN	TRAIN_PREDICT:FUNANNOTATE_TRAIN (Schizophyllum_commune_H4-8)	COMPLETED	0	17542.0	1354.2	3.7	rss	65.98715666666666									annotate_trace.20260921_170849.txt	final
v1.9.0-rc1_conda	Chaetomium_globosum_CBS_148.51	TRAIN_PREDICT:FUNANNOTATE_PREDICT	TRAIN_PREDICT:FUNANNOTATE_PREDICT (Chaetomium_globosum_CBS_148.51)	COMPLETED	0	2608.0	588.6	13.4	rss	4.26408									annotate_trace.20260921_170849.txt	final
v1.9.0-rc1_conda	Sclerotinia_sclerotiorum_1980	TRAIN_PREDICT:FUNANNOTATE_TRAIN	TRAIN_PREDICT:FUNANNOTATE_TRAIN (Sclerotinia_sclerotiorum_1980)	COMPLETED	0	5823.0	210.3	3.9	rss	3.4016025									annotate_trace.20260921_170849.txt	final
v1.9.0-rc1_conda	Lipomyces_tetrasporus_NRRL_Y-64009	TRAIN_PREDICT:FUNANNOTATE_PREDICT	TRAIN_PREDICT:FUNANNOTATE_PREDICT (Lipomyces_tetrasporus_NRRL_Y-64009)	COMPLETED	0	1455.0	519.9	8.1	rss	2.1012625									annotate_trace.20260921_170849.txt	final
v1.9.0-rc1_conda	Schizophyllum_commune_H4-8	TRAIN_PREDICT:FUNANNOTATE_PREDICT	TRAIN_PREDICT:FUNANNOTATE_PREDICT (Schizophyllum_commune_H4-8)	COMPLETED	0	2616.0	563.7	16.4	rss	4.096220000000001									annotate_trace.20260921_170849.txt	final
v1.9.0-rc1_conda	Sclerotinia_sclerotiorum_1980	TRAIN_PREDICT:FUNANNOTATE_PREDICT	TRAIN_PREDICT:FUNANNOTATE_PREDICT (Sclerotinia_sclerotiorum_1980)	COMPLETED	0	2209.0	495.9	3.8	rss	3.0428974999999996									annotate_trace.20260921_170849.txt	final
v1.9.0-rc1_conda	-	FETCH_RNASEQ:COLLECT_SRA_QUERY	FETCH_RNASEQ:COLLECT_SRA_QUERY	CACHED	0	5.7	7.3	0.0031000000000000003	peak_rss	0.00011558333333333333	1	1	2.0	short		2026-09-21 17:12:05.871	2026-09-21 17:13:05.026	2026-09-21 17:13:05.040	annotate_trace.20260923_120823.txt	cached
v1.9.0-rc1_conda	Rhizopus_microsporus_ATCC_52813	TRAIN_PREDICT:FUNANNOTATE_TRAIN	TRAIN_PREDICT:FUNANNOTATE_TRAIN (Rhizopus_microsporus_ATCC_52813)	FAILED	1	300.0					1	8	48.0	epyc		2026-09-23 12:08:48.396	2026-09-23 20:22:42.890	2026-09-23 20:27:42.957	annotate_trace.20260923_120823.txt	unresolved
v1.9.0-rc1_conda	Rhizopus_microsporus_ATCC_52813	TRAIN_PREDICT:FUNANNOTATE_TRAIN	TRAIN_PREDICT:FUNANNOTATE_TRAIN (Rhizopus_microsporus_ATCC_52813)	FAILED	1	480.0					2	24	192.0	epyc		2026-09-23 20:27:43.542	2026-09-23 20:45:43.050	2026-09-23 20:53:42.995	annotate_trace.20260923_120823.txt	unresolved
v1.9.0-rc1_conda	Rhizopus_microsporus_ATCC_52813	TRAIN_PREDICT:FUNANNOTATE_TRAIN	TRAIN_PREDICT:FUNANNOTATE_TRAIN (Rhizopus_microsporus_ATCC_52813)	FAILED	1	360.0					3	24	256.0	highmem		2026-09-23 20:53:43.299	2026-09-23 22:17:43.439	2026-09-23 22:23:43.471	annotate_trace.20260923_120823.txt	unresolved
v1.9.0-rc1_conda	Morchella_importuna_M04M26	TRAIN_PREDICT:FUNANNOTATE_TRAIN	TRAIN_PREDICT:FUNANNOTATE_TRAIN (Morchella_importuna_M04M26)	COMPLETED	0	13125.0	539.3	9.6	peak_rss	19.661979166666665	1	8	48.0	epyc		2026-09-23 12:08:49.304	2026-09-23 20:22:43.104	2026-09-24 00:01:44.536	annotate_trace.20260923_120823.txt	final
v1.9.0-rc1_conda_rust	-	SETUP_DBS:SETUP_MARIADB_DATADIR	SETUP_DBS:SETUP_MARIADB_DATADIR	COMPLETED	0	3.7	30.9	0.1361	rss	0.00031758333333333335									annotate_trace.20260921_170849.txt	final
v1.9.0-rc1_conda_rust	-	ASM_STATS	ASM_STATS	COMPLETED	0	29.2	130.1	0.0121	rss	0.010552555555555555									annotate_trace.20260921_170849.txt	final
v1.9.0-rc1_conda_rust	Spizellomyces_punctatus_DAOM_BR117	MASK_GENOME:MASKREPEAT_TANTAN_RUN	MASK_GENOME:MASKREPEAT_TANTAN_RUN (Spizellomyces_punctatus_DAOM_BR117)	COMPLETED	0	14.1	87.7	0.06770000000000001	rss	0.0034349166666666664									annotate_trace.20260921_170849.txt	final
v1.9.0-rc1_conda_rust	Rhizopus_delemar_RA_99-880	MASK_GENOME:MASKREPEAT_TANTAN_RUN	MASK_GENOME:MASKREPEAT_TANTAN_RUN (Rhizopus_delemar_RA_99-880)	COMPLETED	0	19.4	123.1	0.0843	rss	0.0066337222222222205									annotate_trace.20260921_170849.txt	final
v1.9.0-rc1_conda_rust	Phycomyces_blakesleeanus_NRRL_1555_-	MASK_GENOME:MASKREPEAT_TANTAN_RUN	MASK_GENOME:MASKREPEAT_TANTAN_RUN (Phycomyces_blakesleeanus_NRRL_1555_-)	COMPLETED	0	20.9	124.3	0.07940000000000001	rss	0.007216305555555554									annotate_trace.20260921_170849.txt	final
v1.9.0-rc1_conda_rust	Rhizopus_microsporus_ATCC_52813	MASK_GENOME:MASKREPEAT_TANTAN_RUN	MASK_GENOME:MASKREPEAT_TANTAN_RUN (Rhizopus_microsporus_ATCC_52813)	COMPLETED	0	11.6	104.1	0.0683	rss	0.0033543333333333333									annotate_trace.20260921_170849.txt	final
v1.9.0-rc1_conda_rust	Cryptococcus_deneoformans_JEC21	MASK_GENOME:MASKREPEAT_TANTAN_RUN	MASK_GENOME:MASKREPEAT_TANTAN_RUN (Cryptococcus_deneoformans_JEC21)	COMPLETED	0	9.9	95.8	0.06540000000000001	rss	0.0026345									annotate_trace.20260921_170849.txt	final
v1.9.0-rc1_conda_rust	Rhodotorula_toruloides_NP11	MASK_GENOME:MASKREPEAT_TANTAN_RUN	MASK_GENOME:MASKREPEAT_TANTAN_RUN (Rhodotorula_toruloides_NP11)	COMPLETED	0	10.2	97.1	0.0616	rss	0.0027511666666666665									annotate_trace.20260921_170849.txt	final
v1.9.0-rc1_conda_rust	Cryptococcus_neoformans_H99	MASK_GENOME:MASKREPEAT_TANTAN_RUN	MASK_GENOME:MASKREPEAT_TANTAN_RUN (Cryptococcus_neoformans_H99)	COMPLETED	0	12.3	73.4	0.0639	rss	0.0025078333333333337									annotate_trace.20260921_170849.txt	final
v1.9.0-rc1_conda_rust	Rhodotorula_graminis_WP1	MASK_GENOME:MASKREPEAT_TANTAN_RUN	MASK_GENOME:MASKREPEAT_TANTAN_RUN (Rhodotorula_graminis_WP1)	COMPLETED	0	12.8	74.1	0.0635	rss	0.0026346666666666667									annotate_trace.20260921_170849.txt	final
v1.9.0-rc1_conda_rust	Malassezia_globosa_CBS_7966	MASK_GENOME:MASKREPEAT_TANTAN_RUN	MASK_GENOME:MASKREPEAT_TANTAN_RUN (Malassezia_globosa_CBS_7966)	COMPLETED	0	9.7	47.0	0.0578	rss	0.0012663888888888887									annotate_trace.20260921_170849.txt	final
v1.9.0-rc1_conda_rust	Leptographium_clavigerum_kw1407	MASK_GENOME:MASKREPEAT_TANTAN_RUN	MASK_GENOME:MASKREPEAT_TANTAN_RUN (Leptographium_clavigerum_kw1407)	COMPLETED	0	14.3	96.2	0.0756	rss	0.0038212777777777785									annotate_trace.20260921_170849.txt	final
v1.9.0-rc1_conda_rust	Pyricularia_oryzae_70-15	MASK_GENOME:MASKREPEAT_TANTAN_RUN	MASK_GENOME:MASKREPEAT_TANTAN_RUN (Pyricularia_oryzae_70-15)	COMPLETED	0	17.0	111.7	0.1237	rss	0.005274722222222222									annotate_trace.20260921_170849.txt	final
v1.9.0-rc1_conda_rust	Talaromyces_marneffei_ATCC_18224	MASK_GENOME:MASKREPEAT_TANTAN_RUN	MASK_GENOME:MASKREPEAT_TANTAN_RUN (Talaromyces_marneffei_ATCC_18224)	COMPLETED	0	7.5	179.2	0.079	rss	0.003733333333333333									annotate_trace.20260921_170849.txt	final
v1.9.0-rc1_conda_rust	Parastagonospora_nodorum_SN15	MASK_GENOME:MASKREPEAT_TANTAN_RUN	MASK_GENOME:MASKREPEAT_TANTAN_RUN (Parastagonospora_nodorum_SN15)	COMPLETED	0	9.3	184.7	0.06520000000000001	rss	0.004771416666666667									annotate_trace.20260921_170849.txt	final
v1.9.0-rc1_conda_rust	Kluyveromyces_lactis_NRRL_Y-1140	MASK_GENOME:MASKREPEAT_TANTAN_RUN	MASK_GENOME:MASKREPEAT_TANTAN_RUN (Kluyveromyces_lactis_NRRL_Y-1140)	COMPLETED	0	3.5	160.5	0.0697	rss	0.0015604166666666665									annotate_trace.20260921_170849.txt	final
v1.9.0-rc1_conda_rust	Orbilia_oligospora_ATCC_24927	MASK_GENOME:MASKREPEAT_TANTAN_RUN	MASK_GENOME:MASKREPEAT_TANTAN_RUN (Orbilia_oligospora_ATCC_24927)	COMPLETED	0	10.0	185.5	0.07790000000000001	rss	0.005152777777777778									annotate_trace.20260921_170849.txt	final
v1.9.0-rc1_conda_rust	Yarrowia_lipolytica_CLIB122	MASK_GENOME:MASKREPEAT_TANTAN_RUN	MASK_GENOME:MASKREPEAT_TANTAN_RUN (Yarrowia_lipolytica_CLIB122)	COMPLETED	0	5.7	180.7	0.0782	rss	0.002861083333333333									annotate_trace.20260921_170849.txt	final
v1.9.0-rc1_conda_rust	Nakaseomyces_glabratus_CBS_138	MASK_GENOME:MASKREPEAT_TANTAN_RUN	MASK_GENOME:MASKREPEAT_TANTAN_RUN (Nakaseomyces_glabratus_CBS_138)	COMPLETED	0	3.4	179.5	0.0603	rss	0.0016952777777777775									annotate_trace.20260921_170849.txt	final
v1.9.0-rc1_conda_rust	Morchella_importuna_M04M26	MASK_GENOME:MASKREPEAT_TANTAN_RUN	MASK_GENOME:MASKREPEAT_TANTAN_RUN (Morchella_importuna_M04M26)	COMPLETED	0	12.7	179.8	0.0699	rss	0.0063429444444444445									annotate_trace.20260921_170849.txt	final
v1.9.0-rc1_conda_rust	Tilletiopsis_washingtonensis_MCA_4186	MASK_GENOME:MASKREPEAT_TANTAN_RUN	MASK_GENOME:MASKREPEAT_TANTAN_RUN (Tilletiopsis_washingtonensis_MCA_4186)	COMPLETED	0	5.4	142.3	0.0601	rss	0.0021345									annotate_trace.20260921_170849.txt	final
v1.9.0-rc1_conda_rust	Tilletiaria_anomala_UBC_951	MASK_GENOME:MASKREPEAT_TANTAN_RUN	MASK_GENOME:MASKREPEAT_TANTAN_RUN (Tilletiaria_anomala_UBC_951)	COMPLETED	0	4.6	189.6	0.057	rss	0.0024226666666666663									annotate_trace.20260921_170849.txt	final
v1.9.0-rc1_conda_rust	Pyrenophora_tritici-repentis_Pt-1C-BFP	MASK_GENOME:MASKREPEAT_TANTAN_RUN	MASK_GENOME:MASKREPEAT_TANTAN_RUN (Pyrenophora_tritici-repentis_Pt-1C-BFP)	COMPLETED	0	10.1	189.6	0.07540000000000001	rss	0.005319333333333333									annotate_trace.20260921_170849.txt	final
v1.9.0-rc1_conda_rust	Cystobasidium_minutum_MCA_4210	MASK_GENOME:MASKREPEAT_TANTAN_RUN	MASK_GENOME:MASKREPEAT_TANTAN_RUN (Cystobasidium_minutum_MCA_4210)	COMPLETED	0	5.4	184.2	0.0734	rss	0.002763									annotate_trace.20260921_170849.txt	final
v1.9.0-rc1_conda_rust	Pyrenophora_teres_0-1	MASK_GENOME:MASKREPEAT_TANTAN_RUN	MASK_GENOME:MASKREPEAT_TANTAN_RUN (Pyrenophora_teres_0-1)	COMPLETED	0	8.0	190.9	0.055299999999999995	rss	0.004242222222222222									annotate_trace.20260921_170849.txt	final
v1.9.0-rc1_conda_rust	Aspergillus_fumigatus_Af293	MASK_GENOME:MASKREPEAT_TANTAN_RUN	MASK_GENOME:MASKREPEAT_TANTAN_RUN (Aspergillus_fumigatus_Af293)	COMPLETED	0	7.3	182.3	0.0803	rss	0.003696638888888889									annotate_trace.20260921_170849.txt	final
v1.9.0-rc1_conda_rust	Schizophyllum_commune_H4-8	MASK_GENOME:MASKREPEAT_TANTAN_RUN	MASK_GENOME:MASKREPEAT_TANTAN_RUN (Schizophyllum_commune_H4-8)	COMPLETED	0	9.6	183.4	0.07840000000000001	rss	0.004890666666666666									annotate_trace.20260921_170849.txt	final
v1.9.0-rc1_conda_rust	Aspergillus_clavatus_NRRL_1	MASK_GENOME:MASKREPEAT_TANTAN_RUN	MASK_GENOME:MASKREPEAT_TANTAN_RUN (Aspergillus_clavatus_NRRL_1)	COMPLETED	0	7.0	189.4	0.0731	rss	0.003682777777777778									annotate_trace.20260921_170849.txt	final
v1.9.0-rc1_conda_rust	Botrytis_cinerea_B05.10	MASK_GENOME:MASKREPEAT_TANTAN_RUN	MASK_GENOME:MASKREPEAT_TANTAN_RUN (Botrytis_cinerea_B05.10)	COMPLETED	0	11.2	189.4	0.0731	rss	0.005892444444444444									annotate_trace.20260921_170849.txt	final
v1.9.0-rc1_conda_rust	Zygosaccharomyces_rouxii_CBS_732	MASK_GENOME:MASKREPEAT_TANTAN_RUN	MASK_GENOME:MASKREPEAT_TANTAN_RUN (Zygosaccharomyces_rouxii_CBS_732)	COMPLETED	0	2.7	179.5	0.06459999999999999	rss	0.00134625									annotate_trace.20260921_170849.txt	final
v1.9.0-rc1_conda_rust	Tremella_mesenterica_Fries	MASK_GENOME:MASKREPEAT_TANTAN_RUN	MASK_GENOME:MASKREPEAT_TANTAN_RUN (Tremella_mesenterica_Fries)	COMPLETED	0	7.8	178.2	0.07640000000000001	rss	0.0038609999999999994									annotate_trace.20260921_170849.txt	final
v1.9.0-rc1_conda_rust	Morchella_sextelata_SCLS	MASK_GENOME:MASKREPEAT_TANTAN_RUN	MASK_GENOME:MASKREPEAT_TANTAN_RUN (Morchella_sextelata_SCLS)	COMPLETED	0	14.7	178.9	0.07440000000000001	rss	0.007305083333333334									annotate_trace.20260921_170849.txt	final
v1.9.0-rc1_conda_rust	Malassezia_sympodialis_ATCC_42132	MASK_GENOME:MASKREPEAT_TANTAN_RUN	MASK_GENOME:MASKREPEAT_TANTAN_RUN (Malassezia_sympodialis_ATCC_42132)	COMPLETED	0	2.3	173.9	0.0526	rss	0.0011110277777777776									annotate_trace.20260921_170849.txt	final
v1.9.0-rc1_conda_rust	Chaetomium_globosum_CBS_148.51	MASK_GENOME:MASKREPEAT_TANTAN_RUN	MASK_GENOME:MASKREPEAT_TANTAN_RUN (Chaetomium_globosum_CBS_148.51)	COMPLETED	0	9.4	179.8	0.0828	rss	0.004694777777777779									annotate_trace.20260921_170849.txt	final
v1.9.0-rc1_conda_rust	Mixia_osmundae_IAM_14324	MASK_GENOME:MASKREPEAT_TANTAN_RUN	MASK_GENOME:MASKREPEAT_TANTAN_RUN (Mixia_osmundae_IAM_14324)	COMPLETED	0	3.5	192.5	0.0613	rss	0.0018715277777777777									annotate_trace.20260921_170849.txt	final
v1.9.0-rc1_conda_rust	Lipomyces_tetrasporus_NRRL_Y-64009	MASK_GENOME:MASKREPEAT_TANTAN_RUN	MASK_GENOME:MASKREPEAT_TANTAN_RUN (Lipomyces_tetrasporus_NRRL_Y-64009)	COMPLETED	0	7.0	146.5	0.0693	rss	0.0028486111111111112									annotate_trace.20260921_170849.txt	final
v1.9.0-rc1_conda_rust	Gaeumannomyces_tritici_R3-111a-1	MASK_GENOME:MASKREPEAT_TANTAN_RUN	MASK_GENOME:MASKREPEAT_TANTAN_RUN (Gaeumannomyces_tritici_R3-111a-1)	COMPLETED	0	10.2	188.3	0.09640000000000001	rss	0.005335166666666666									annotate_trace.20260921_170849.txt	final
v1.9.0-rc1_conda_rust	Sclerotinia_sclerotiorum_1980	MASK_GENOME:MASKREPEAT_TANTAN_RUN	MASK_GENOME:MASKREPEAT_TANTAN_RUN (Sclerotinia_sclerotiorum_1980)	COMPLETED	0	9.0	194.2	0.0737	rss	0.004855									annotate_trace.20260921_170849.txt	final
v1.9.0-rc1_conda_rust	Mucor_mucedo_NRRL_3635	MASK_GENOME:MASKREPEAT_TANTAN_RUN	MASK_GENOME:MASKREPEAT_TANTAN_RUN (Mucor_mucedo_NRRL_3635)	COMPLETED	0	12.9	173.3	0.0575	rss	0.006209916666666667									annotate_trace.20260921_170849.txt	final
v1.9.0-rc1_conda_rust	Sporobolomyces_koalae_JCM15063	MASK_GENOME:MASKREPEAT_TANTAN_RUN	MASK_GENOME:MASKREPEAT_TANTAN_RUN (Sporobolomyces_koalae_JCM15063)	COMPLETED	0	4.7	183.7	0.0588	rss	0.002398305555555556									annotate_trace.20260921_170849.txt	final
v1.9.0-rc1_conda_rust	Pneumocystis_murina_B123	MASK_GENOME:MASKREPEAT_TANTAN_RUN	MASK_GENOME:MASKREPEAT_TANTAN_RUN (Pneumocystis_murina_B123)	COMPLETED	0	2.4	160.3	0.0585	rss	0.0010686666666666668									annotate_trace.20260921_170849.txt	final
v1.9.0-rc1_conda_rust	Talaromyces_stipitatus_ATCC_10500	MASK_GENOME:MASKREPEAT_TANTAN_RUN	MASK_GENOME:MASKREPEAT_TANTAN_RUN (Talaromyces_stipitatus_ATCC_10500)	COMPLETED	0	10.1	168.5	0.0813	rss	0.004727361111111111									annotate_trace.20260921_170849.txt	final
v1.9.0-rc1_conda_rust	Tricharina_praecox_CBS_144465	MASK_GENOME:MASKREPEAT_TANTAN_RUN	MASK_GENOME:MASKREPEAT_TANTAN_RUN (Tricharina_praecox_CBS_144465)	COMPLETED	0	9.2	200.2	0.0747	rss	0.005116222222222221									annotate_trace.20260921_170849.txt	final
v1.9.0-rc1_conda_rust	Protomyces_lactucae-debilis_12-1054	MASK_GENOME:MASKREPEAT_TANTAN_RUN	MASK_GENOME:MASKREPEAT_TANTAN_RUN (Protomyces_lactucae-debilis_12-1054)	COMPLETED	0	3.3	186.0	0.0586	rss	0.0017050000000000001									annotate_trace.20260921_170849.txt	final
v1.9.0-rc1_conda_rust	Pseudogymnoascus_destructans_20631-21	MASK_GENOME:MASKREPEAT_TANTAN_RUN	MASK_GENOME:MASKREPEAT_TANTAN_RUN (Pseudogymnoascus_destructans_20631-21)	COMPLETED	0	9.4	146.3	0.0564	rss	0.003820055555555556									annotate_trace.20260921_170849.txt	final
v1.9.0-rc1_conda_rust	Eremothecium_gossypii_ATCC_10895	MASK_GENOME:MASKREPEAT_TANTAN_RUN	MASK_GENOME:MASKREPEAT_TANTAN_RUN (Eremothecium_gossypii_ATCC_10895)	COMPLETED	0	2.4	181.3	0.0631	rss	0.0012086666666666667									annotate_trace.20260921_170849.txt	final
v1.9.0-rc1_conda_rust	Cokeromyces_recurvatus_NRRL_2243	MASK_GENOME:MASKREPEAT_TANTAN_RUN	MASK_GENOME:MASKREPEAT_TANTAN_RUN (Cokeromyces_recurvatus_NRRL_2243)	COMPLETED	0	6.8	184.3	0.0704	rss	0.0034812222222222224									annotate_trace.20260921_170849.txt	final
v1.9.0-rc1_conda_rust	-	SETUP_DBS:SETUP_AUGUSTUS_CONFIG	SETUP_DBS:SETUP_AUGUSTUS_CONFIG	COMPLETED	0	19.8	1.9	0.0083	rss	0.0001045									annotate_trace.20260921_170849.txt	final
v1.9.0-rc1_conda_rust	Batrachochytrium_dendrobatidis_JAM81	MASK_GENOME:MASKREPEAT_TANTAN_RUN	MASK_GENOME:MASKREPEAT_TANTAN_RUN (Batrachochytrium_dendrobatidis_JAM81)	COMPLETED	0	7.8	141.8	0.0679	rss	0.0030723333333333336									annotate_trace.20260921_170849.txt	final
v1.9.0-rc1_conda_rust	Dactylellina_haptotyla_CBS_200.50	MASK_GENOME:MASKREPEAT_TANTAN_RUN	MASK_GENOME:MASKREPEAT_TANTAN_RUN (Dactylellina_haptotyla_CBS_200.50)	COMPLETED	0	24.8	135.0	0.0608	rss	0.009300000000000001									annotate_trace.20260921_170849.txt	final
v1.9.0-rc1_conda_rust	Allomyces_macrogynus_ATCC_38327	MASK_GENOME:MASKREPEAT_TANTAN_RUN	MASK_GENOME:MASKREPEAT_TANTAN_RUN (Allomyces_macrogynus_ATCC_38327)	COMPLETED	0	30.0	71.8	0.0445	rss	0.005983333333333333									annotate_trace.20260921_170849.txt	final
v1.9.0-rc1_conda_rust	Colletotrichum_graminicola_M1.001	MASK_GENOME:MASKREPEAT_TANTAN_RUN	MASK_GENOME:MASKREPEAT_TANTAN_RUN (Colletotrichum_graminicola_M1.001)	COMPLETED	0	13.8	183.5	0.0623	rss	0.007034166666666667									annotate_trace.20260921_170849.txt	final
v1.9.0-rc1_conda_rust	Trichosporon_asahii_CBS_2479	MASK_GENOME:MASKREPEAT_TANTAN_RUN	MASK_GENOME:MASKREPEAT_TANTAN_RUN (Trichosporon_asahii_CBS_2479)	COMPLETED	0	6.7	188.0	0.07390000000000001	rss	0.0034988888888888886									annotate_trace.20260921_170849.txt	final
v1.9.0-rc1_conda_rust	Uncinocarpus_reesii_1704	MASK_GENOME:MASKREPEAT_TANTAN_RUN	MASK_GENOME:MASKREPEAT_TANTAN_RUN (Uncinocarpus_reesii_1704)	COMPLETED	0	5.5	192.7	0.0999	rss	0.0029440277777777776									annotate_trace.20260921_170849.txt	final
v1.9.0-rc1_conda_rust	Umbelopsis_ramanniana_AG	MASK_GENOME:MASKREPEAT_TANTAN_RUN	MASK_GENOME:MASKREPEAT_TANTAN_RUN (Umbelopsis_ramanniana_AG)	COMPLETED	0	5.9	195.0	0.058100000000000006	rss	0.0031958333333333335									annotate_trace.20260921_170849.txt	final
v1.9.0-rc1_conda_rust	Synchytrium_microbalum_JEL517	MASK_GENOME:MASKREPEAT_TANTAN_RUN	MASK_GENOME:MASKREPEAT_TANTAN_RUN (Synchytrium_microbalum_JEL517)	COMPLETED	0	7.4	180.4	0.0629	rss	0.0037082222222222226									annotate_trace.20260921_170849.txt	final
v1.9.0-rc1_conda_rust	Sugiyamaella_lignohabitans_CBS_10342	MASK_GENOME:MASKREPEAT_TANTAN_RUN	MASK_GENOME:MASKREPEAT_TANTAN_RUN (Sugiyamaella_lignohabitans_CBS_10342)	COMPLETED	0	4.3	182.3	0.0872	rss	0.002177472222222222									annotate_trace.20260921_170849.txt	final
v1.9.0-rc1_conda_rust	Lachancea_thermotolerans_CBS_6340	MASK_GENOME:MASKREPEAT_TANTAN_RUN	MASK_GENOME:MASKREPEAT_TANTAN_RUN (Lachancea_thermotolerans_CBS_6340)	COMPLETED	0	4.4	117.8	0.062200000000000005	rss	0.0014397777777777779									annotate_trace.20260921_170849.txt	final
v1.9.0-rc1_conda_rust	Fusarium_verticillioides_7600	MASK_GENOME:MASKREPEAT_TANTAN_RUN	MASK_GENOME:MASKREPEAT_TANTAN_RUN (Fusarium_verticillioides_7600)	COMPLETED	0	11.0	193.5	0.0892	rss	0.0059125									annotate_trace.20260921_170849.txt	final
v1.9.0-rc1_conda_rust	Saccharomyces_cerevisiae_S288C	MASK_GENOME:MASKREPEAT_TANTAN_RUN	MASK_GENOME:MASKREPEAT_TANTAN_RUN (Saccharomyces_cerevisiae_S288C)	COMPLETED	0	3.2	182.9	0.061700000000000005	rss	0.0016257777777777779									annotate_trace.20260921_170849.txt	final
v1.9.0-rc1_conda_rust	Zymoseptoria_tritici_IPO323	MASK_GENOME:MASKREPEAT_TANTAN_RUN	MASK_GENOME:MASKREPEAT_TANTAN_RUN (Zymoseptoria_tritici_IPO323)	COMPLETED	0	10.4	187.0	0.07579999999999999	rss	0.005402222222222223									annotate_trace.20260921_170849.txt	final
v1.9.0-rc1_conda_rust	Wallemia_mellicola_CBS_633.66	MASK_GENOME:MASKREPEAT_TANTAN_RUN	MASK_GENOME:MASKREPEAT_TANTAN_RUN (Wallemia_mellicola_CBS_633.66)	COMPLETED	0	3.0	179.9	0.057600000000000005	rss	0.0014991666666666669									annotate_trace.20260921_170849.txt	final
v1.9.0-rc1_conda_rust	Letharia_columbiana_WasteWater2	MASK_GENOME:MASKREPEAT_TANTAN_RUN	MASK_GENOME:MASKREPEAT_TANTAN_RUN (Letharia_columbiana_WasteWater2)	COMPLETED	0	12.1	189.5	0.0728	rss	0.006369305555555556									annotate_trace.20260921_170849.txt	final
v1.9.0-rc1_conda_rust	Fusarium_oxysporum_4287	MASK_GENOME:MASKREPEAT_TANTAN_RUN	MASK_GENOME:MASKREPEAT_TANTAN_RUN (Fusarium_oxysporum_4287)	COMPLETED	0	14.6	198.6	0.0907	rss	0.008054333333333333									annotate_trace.20260921_170849.txt	final
v1.9.0-rc1_conda_rust	Laccaria_bicolor_S238N-H82	MASK_GENOME:MASKREPEAT_TANTAN_RUN	MASK_GENOME:MASKREPEAT_TANTAN_RUN (Laccaria_bicolor_S238N-H82)	COMPLETED	0	14.2	188.2	0.0724	rss	0.0074234444444444435									annotate_trace.20260921_170849.txt	final
v1.9.0-rc1_conda_rust	Blastomyces_dermatitidis_ER-3	MASK_GENOME:MASKREPEAT_TANTAN_RUN	MASK_GENOME:MASKREPEAT_TANTAN_RUN (Blastomyces_dermatitidis_ER-3)	COMPLETED	0	15.9	188.3	0.10940000000000001	rss	0.008316583333333334									annotate_trace.20260921_170849.txt	final
v1.9.0-rc1_conda_rust	Drepanopeziza_brunnea_MB_m1	MASK_GENOME:MASKREPEAT_TANTAN_RUN	MASK_GENOME:MASKREPEAT_TANTAN_RUN (Drepanopeziza_brunnea_MB_m1)	COMPLETED	0	11.7	193.3	0.074	rss	0.00628225									annotate_trace.20260921_170849.txt	final
v1.9.0-rc1_conda_rust	Sporobolomyces_salmoneus_JCM6883	MASK_GENOME:MASKREPEAT_TANTAN_RUN	MASK_GENOME:MASKREPEAT_TANTAN_RUN (Sporobolomyces_salmoneus_JCM6883)	COMPLETED	0	5.0	186.5	0.06540000000000001	rss	0.0025902777777777777									annotate_trace.20260921_170849.txt	final
v1.9.0-rc1_conda_rust	-	FETCH_RNASEQ:COLLECT_SRA_QUERY	FETCH_RNASEQ:COLLECT_SRA_QUERY	COMPLETED	0	0.504	76.7	0.0031000000000000003	rss	0.00010737999999999999									annotate_trace.20260921_170849.txt	final
v1.9.0-rc1_conda_rust	Cryptococcus_deneoformans	TRAIN_PREDICT:RNASEQ_PREPARE	TRAIN_PREDICT:RNASEQ_PREPARE (Cryptococcus_deneoformans)	COMPLETED	0	4121.0	1006.5	3.1	rss	11.521629166666665									annotate_trace.20260921_170849.txt	final
v1.9.0-rc1_conda_rust	Spizellomyces_punctatus_DAOM_BR117	TRAIN_PREDICT:FUNANNOTATE_PREDICT	TRAIN_PREDICT:FUNANNOTATE_PREDICT (Spizellomyces_punctatus_DAOM_BR117)	COMPLETED	0	2010.0	554.3	4.3	rss	3.0948416666666665									annotate_trace.20260921_170849.txt	final
v1.9.0-rc1_conda_rust	Rhodotorula_toruloides_NP11	TRAIN_PREDICT:FUNANNOTATE_PREDICT	TRAIN_PREDICT:FUNANNOTATE_PREDICT (Rhodotorula_toruloides_NP11)	COMPLETED	0	3382.0	603.0	4.3	rss	5.66485									annotate_trace.20260921_170849.txt	final
v1.9.0-rc1_conda_rust	Rhizopus_microsporus	TRAIN_PREDICT:RNASEQ_PREPARE	TRAIN_PREDICT:RNASEQ_PREPARE (Rhizopus_microsporus)	COMPLETED	0	1602.0	648.3	6.6	rss	2.884935									annotate_trace.20260921_170849.txt	final
v1.9.0-rc1_conda_rust	Malassezia_globosa	TRAIN_PREDICT:RNASEQ_PREPARE	TRAIN_PREDICT:RNASEQ_PREPARE (Malassezia_globosa)	COMPLETED	0	1477.0	1144.3	1.6	rss	4.694808611111111									annotate_trace.20260921_170849.txt	final
v1.9.0-rc1_conda_rust	Rhodotorula_graminis_WP1	TRAIN_PREDICT:FUNANNOTATE_PREDICT	TRAIN_PREDICT:FUNANNOTATE_PREDICT (Rhodotorula_graminis_WP1)	COMPLETED	0	3286.0	606.3	4.3	rss	5.5341716666666665									annotate_trace.20260921_170849.txt	final
v1.9.0-rc1_conda_rust	Cryptococcus_neoformans	TRAIN_PREDICT:RNASEQ_PREPARE	TRAIN_PREDICT:RNASEQ_PREPARE (Cryptococcus_neoformans)	COMPLETED	0	4326.0	837.5	2.2	rss	10.063958333333334									annotate_trace.20260921_170849.txt	final
v1.9.0-rc1_conda_rust	Pneumocystis_murina_B123	TRAIN_PREDICT:FUNANNOTATE_PREDICT	TRAIN_PREDICT:FUNANNOTATE_PREDICT (Pneumocystis_murina_B123)	FAILED	1	0.004													annotate_trace.20260921_170849.txt	overhead
v1.9.0-rc1_conda_rust	Eremothecium_gossypii_ATCC_10895	TRAIN_PREDICT:FUNANNOTATE_PREDICT	TRAIN_PREDICT:FUNANNOTATE_PREDICT (Eremothecium_gossypii_ATCC_10895)	FAILED	1	59.9													annotate_trace.20260921_170849.txt	overhead
v1.9.0-rc1_conda_rust	Dactylellina_haptotyla_CBS_200.50	TRAIN_PREDICT:FUNANNOTATE_PREDICT	TRAIN_PREDICT:FUNANNOTATE_PREDICT (Dactylellina_haptotyla_CBS_200.50)	FAILED	1	60.0													annotate_trace.20260921_170849.txt	overhead
v1.9.0-rc1_conda_rust	Sporobolomyces_koalae_JCM15063	TRAIN_PREDICT:FUNANNOTATE_PREDICT	TRAIN_PREDICT:FUNANNOTATE_PREDICT (Sporobolomyces_koalae_JCM15063)	FAILED	1	0.003													annotate_trace.20260921_170849.txt	overhead
v1.9.0-rc1_conda_rust	Mixia_osmundae_IAM_14324	TRAIN_PREDICT:FUNANNOTATE_PREDICT	TRAIN_PREDICT:FUNANNOTATE_PREDICT (Mixia_osmundae_IAM_14324)	FAILED	1	0.003													annotate_trace.20260921_170849.txt	overhead
v1.9.0-rc1_conda_rust	Phycomyces_blakesleeanus	TRAIN_PREDICT:RNASEQ_PREPARE	TRAIN_PREDICT:RNASEQ_PREPARE (Phycomyces_blakesleeanus)	COMPLETED	0	12655.0	545.8	2.9	rss	19.18638611111111									annotate_trace.20260921_170849.txt	final
v1.9.0-rc1_conda_rust	Leptographium_clavigerum_kw1407	TRAIN_PREDICT:FUNANNOTATE_PREDICT	TRAIN_PREDICT:FUNANNOTATE_PREDICT (Leptographium_clavigerum_kw1407)	COMPLETED	0	5612.0	547.6	4.1	rss	8.536475555555556									annotate_trace.20260921_170849.txt	final
v1.9.0-rc1_conda_rust	Talaromyces_stipitatus_ATCC_10500	TRAIN_PREDICT:FUNANNOTATE_PREDICT	TRAIN_PREDICT:FUNANNOTATE_PREDICT (Talaromyces_stipitatus_ATCC_10500)	FAILED	1	59.9													annotate_trace.20260921_170849.txt	overhead
v1.9.0-rc1_conda_rust	Pyricularia_oryzae_70-15	TRAIN_PREDICT:FUNANNOTATE_PREDICT	TRAIN_PREDICT:FUNANNOTATE_PREDICT (Pyricularia_oryzae_70-15)	COMPLETED	0	5545.0	561.0	4.5	rss	8.640958333333334									annotate_trace.20260921_170849.txt	final
v1.9.0-rc1_conda_rust	Cystobasidium_minutum_MCA_4210	TRAIN_PREDICT:FUNANNOTATE_PREDICT	TRAIN_PREDICT:FUNANNOTATE_PREDICT (Cystobasidium_minutum_MCA_4210)	COMPLETED	0	3296.0	602.9	4.4	rss	5.519884444444444									annotate_trace.20260921_170849.txt	final
v1.9.0-rc1_conda_rust	Botrytis_cinerea	TRAIN_PREDICT:RNASEQ_PREPARE	TRAIN_PREDICT:RNASEQ_PREPARE (Botrytis_cinerea)	FAILED	-	1980.0													annotate_trace.20260921_170849.txt	overhead
v1.9.0-rc1_conda_rust	Aspergillus_fumigatus	TRAIN_PREDICT:RNASEQ_PREPARE	TRAIN_PREDICT:RNASEQ_PREPARE (Aspergillus_fumigatus)	FAILED	-	1980.0													annotate_trace.20260921_170849.txt	overhead
v1.9.0-rc1_conda_rust	Rhizopus_delemar	TRAIN_PREDICT:RNASEQ_PREPARE	TRAIN_PREDICT:RNASEQ_PREPARE (Rhizopus_delemar)	COMPLETED	0	13554.0	726.8	3.3	rss	27.36402									annotate_trace.20260921_170849.txt	final
v1.9.0-rc1_conda_rust	Schizophyllum_commune	TRAIN_PREDICT:RNASEQ_PREPARE	TRAIN_PREDICT:RNASEQ_PREPARE (Schizophyllum_commune)	FAILED	-	1980.0													annotate_trace.20260921_170849.txt	overhead
v1.9.0-rc1_conda_rust	Pyrenophora_tritici-repentis	TRAIN_PREDICT:RNASEQ_PREPARE	TRAIN_PREDICT:RNASEQ_PREPARE (Pyrenophora_tritici-repentis)	FAILED	-	1980.0													annotate_trace.20260921_170849.txt	overhead
v1.9.0-rc1_conda_rust	Tremella_mesenterica_Fries	TRAIN_PREDICT:FUNANNOTATE_PREDICT	TRAIN_PREDICT:FUNANNOTATE_PREDICT (Tremella_mesenterica_Fries)	FAILED	-	1980.0													annotate_trace.20260921_170849.txt	overhead
v1.9.0-rc1_conda_rust	Tilletiopsis_washingtonensis	TRAIN_PREDICT:RNASEQ_PREPARE	TRAIN_PREDICT:RNASEQ_PREPARE (Tilletiopsis_washingtonensis)	FAILED	-	1980.0													annotate_trace.20260921_170849.txt	overhead
v1.9.0-rc1_conda_rust	Pyrenophora_teres	TRAIN_PREDICT:RNASEQ_PREPARE	TRAIN_PREDICT:RNASEQ_PREPARE (Pyrenophora_teres)	FAILED	-	1980.0													annotate_trace.20260921_170849.txt	overhead
v1.9.0-rc1_conda_rust	Aspergillus_clavatus_NRRL_1	TRAIN_PREDICT:FUNANNOTATE_PREDICT	TRAIN_PREDICT:FUNANNOTATE_PREDICT (Aspergillus_clavatus_NRRL_1)	COMPLETED	0	4311.0	632.4	4.3	rss	7.57299									annotate_trace.20260921_170849.txt	final
v1.9.0-rc1_conda_rust	Nakaseomyces_glabratus_CBS_138	TRAIN_PREDICT:FUNANNOTATE_PREDICT	TRAIN_PREDICT:FUNANNOTATE_PREDICT (Nakaseomyces_glabratus_CBS_138)	COMPLETED	0	2611.0	614.1	3.4	rss	4.453930833333334									annotate_trace.20260921_170849.txt	final
v1.9.0-rc1_conda_rust	Synchytrium_microbalum_JEL517	TRAIN_PREDICT:FUNANNOTATE_PREDICT	TRAIN_PREDICT:FUNANNOTATE_PREDICT (Synchytrium_microbalum_JEL517)	COMPLETED	0	1923.0	626.2	2.9	rss	3.3449516666666668									annotate_trace.20260921_170849.txt	final
v1.9.0-rc1_conda_rust	Kluyveromyces_lactis	TRAIN_PREDICT:RNASEQ_PREPARE	TRAIN_PREDICT:RNASEQ_PREPARE (Kluyveromyces_lactis)	FAILED	-	1980.0													annotate_trace.20260921_170849.txt	overhead
v1.9.0-rc1_conda_rust	Zygosaccharomyces_rouxii	TRAIN_PREDICT:RNASEQ_PREPARE	TRAIN_PREDICT:RNASEQ_PREPARE (Zygosaccharomyces_rouxii)	COMPLETED	0	2004.0	655.3	2.6	rss	3.6478366666666666									annotate_trace.20260921_170849.txt	final
v1.9.0-rc1_conda_rust	Yarrowia_lipolytica	TRAIN_PREDICT:RNASEQ_PREPARE	TRAIN_PREDICT:RNASEQ_PREPARE (Yarrowia_lipolytica)	FAILED	-	1980.0													annotate_trace.20260921_170849.txt	overhead
v1.9.0-rc1_conda_rust	Wallemia_mellicola_CBS_633.66	TRAIN_PREDICT:FUNANNOTATE_PREDICT	TRAIN_PREDICT:FUNANNOTATE_PREDICT (Wallemia_mellicola_CBS_633.66)	COMPLETED	0	2909.0	582.1	3.0	rss	4.703691388888889									annotate_trace.20260921_170849.txt	final
v1.9.0-rc1_conda_rust	Orbilia_oligospora	TRAIN_PREDICT:RNASEQ_PREPARE	TRAIN_PREDICT:RNASEQ_PREPARE (Orbilia_oligospora)	FAILED	-	1980.0													annotate_trace.20260921_170849.txt	overhead
v1.9.0-rc1_conda_rust	Morchella_importuna	TRAIN_PREDICT:RNASEQ_PREPARE	TRAIN_PREDICT:RNASEQ_PREPARE (Morchella_importuna)	FAILED	-	1980.0													annotate_trace.20260921_170849.txt	overhead
v1.9.0-rc1_conda_rust	Letharia_columbiana_WasteWater2	TRAIN_PREDICT:FUNANNOTATE_PREDICT	TRAIN_PREDICT:FUNANNOTATE_PREDICT (Letharia_columbiana_WasteWater2)	COMPLETED	0	3949.0	525.8	4.2	rss	5.7677338888888885									annotate_trace.20260921_170849.txt	final
v1.9.0-rc1_conda_rust	Uncinocarpus_reesii_1704	TRAIN_PREDICT:FUNANNOTATE_PREDICT	TRAIN_PREDICT:FUNANNOTATE_PREDICT (Uncinocarpus_reesii_1704)	COMPLETED	0	6568.0	489.2	4.0	rss	8.925182222222222									annotate_trace.20260921_170849.txt	final
v1.9.0-rc1_conda_rust	Tricharina_praecox	TRAIN_PREDICT:RNASEQ_PREPARE	TRAIN_PREDICT:RNASEQ_PREPARE (Tricharina_praecox)	FAILED	-	1980.0													annotate_trace.20260921_170849.txt	overhead
v1.9.0-rc1_conda_rust	Sugiyamaella_lignohabitans_CBS_10342	TRAIN_PREDICT:FUNANNOTATE_PREDICT	TRAIN_PREDICT:FUNANNOTATE_PREDICT (Sugiyamaella_lignohabitans_CBS_10342)	COMPLETED	0	5475.0	366.3	1.6	rss	5.5708125									annotate_trace.20260921_170849.txt	final
v1.9.0-rc1_conda_rust	Protomyces_lactucae-debilis	TRAIN_PREDICT:RNASEQ_PREPARE	TRAIN_PREDICT:RNASEQ_PREPARE (Protomyces_lactucae-debilis)	FAILED	-	1980.0													annotate_trace.20260921_170849.txt	unresolved
v1.9.0-rc1_conda_rust	Laccaria_bicolor_S238N-H82	TRAIN_PREDICT:FUNANNOTATE_PREDICT	TRAIN_PREDICT:FUNANNOTATE_PREDICT (Laccaria_bicolor_S238N-H82)	COMPLETED	0	7011.0	599.9	4.5	rss	11.683052499999999									annotate_trace.20260921_170849.txt	final
v1.9.0-rc1_conda_rust	Cokeromyces_recurvatus	TRAIN_PREDICT:RNASEQ_PREPARE	TRAIN_PREDICT:RNASEQ_PREPARE (Cokeromyces_recurvatus)	FAILED	-	1980.0													annotate_trace.20260921_170849.txt	unresolved
v1.9.0-rc1_conda_rust	Sporobolomyces_salmoneus_JCM6883	TRAIN_PREDICT:FUNANNOTATE_PREDICT	TRAIN_PREDICT:FUNANNOTATE_PREDICT (Sporobolomyces_salmoneus_JCM6883)	COMPLETED	0	5450.0	409.6	1.1	rss	6.200888888888889									annotate_trace.20260921_170849.txt	final
v1.9.0-rc1_conda_rust	Pseudogymnoascus_destructans	TRAIN_PREDICT:RNASEQ_PREPARE	TRAIN_PREDICT:RNASEQ_PREPARE (Pseudogymnoascus_destructans)	FAILED	-	1966.0													annotate_trace.20260921_170849.txt	unresolved
v1.9.0-rc1_conda_rust	Tilletiaria_anomala	TRAIN_PREDICT:RNASEQ_PREPARE	TRAIN_PREDICT:RNASEQ_PREPARE (Tilletiaria_anomala)	COMPLETED	0	9351.0	308.8	2.1	rss	8.021080000000001									annotate_trace.20260921_170849.txt	final
v1.9.0-rc1_conda_rust	Blastomyces_dermatitidis_ER-3	TRAIN_PREDICT:FUNANNOTATE_PREDICT	TRAIN_PREDICT:FUNANNOTATE_PREDICT (Blastomyces_dermatitidis_ER-3)	COMPLETED	0	8726.0	396.1	2.6	rss	9.60102388888889									annotate_trace.20260921_170849.txt	final
v1.9.0-rc1_conda_rust	Talaromyces_marneffei	TRAIN_PREDICT:RNASEQ_PREPARE	TRAIN_PREDICT:RNASEQ_PREPARE (Talaromyces_marneffei)	COMPLETED	0	18396.0	302.6	7.8	rss	15.462860000000003									annotate_trace.20260921_170849.txt	final
v1.9.0-rc1_conda_rust	Malassezia_sympodialis	TRAIN_PREDICT:RNASEQ_PREPARE	TRAIN_PREDICT:RNASEQ_PREPARE (Malassezia_sympodialis)	COMPLETED	0	5758.0	309.4	1.0033	rss	4.948681111111111									annotate_trace.20260921_170849.txt	final
v1.9.0-rc1_conda_rust	Parastagonospora_nodorum	TRAIN_PREDICT:RNASEQ_PREPARE	TRAIN_PREDICT:RNASEQ_PREPARE (Parastagonospora_nodorum)	COMPLETED	0	18592.0	328.2	3.8	rss	16.949706666666668									annotate_trace.20260921_170849.txt	final
v1.9.0-rc1_conda_rust	Morchella_sextelata	TRAIN_PREDICT:RNASEQ_PREPARE	TRAIN_PREDICT:RNASEQ_PREPARE (Morchella_sextelata)	COMPLETED	0	12653.0	1002.0	12.6	rss	35.21751666666667									annotate_trace.20260921_170849.txt	final
v1.9.0-rc1_conda_rust	Lipomyces_tetrasporus	TRAIN_PREDICT:RNASEQ_PREPARE	TRAIN_PREDICT:RNASEQ_PREPARE (Lipomyces_tetrasporus)	COMPLETED	0	9152.0	549.3	2.8	rss	13.964426666666665									annotate_trace.20260921_170849.txt	final
v1.9.0-rc1_conda_rust	Lachancea_thermotolerans	TRAIN_PREDICT:RNASEQ_PREPARE	TRAIN_PREDICT:RNASEQ_PREPARE (Lachancea_thermotolerans)	COMPLETED	0	2211.0	947.3	1.1	rss	5.818000833333333									annotate_trace.20260921_170849.txt	final
v1.9.0-rc1_conda_rust	Batrachochytrium_dendrobatidis	TRAIN_PREDICT:RNASEQ_PREPARE	TRAIN_PREDICT:RNASEQ_PREPARE (Batrachochytrium_dendrobatidis)	COMPLETED	0	10773.0	488.5	10.4	rss	14.6183625									annotate_trace.20260921_170849.txt	final
v1.9.0-rc1_conda_rust	Mucor_mucedo	TRAIN_PREDICT:RNASEQ_PREPARE	TRAIN_PREDICT:RNASEQ_PREPARE (Mucor_mucedo)	COMPLETED	0	14699.0	404.5	2.2	rss	16.51595972222222									annotate_trace.20260921_170849.txt	final
v1.9.0-rc1_conda_rust	Zymoseptoria_tritici	TRAIN_PREDICT:RNASEQ_PREPARE	TRAIN_PREDICT:RNASEQ_PREPARE (Zymoseptoria_tritici)	COMPLETED	0	5624.0	1012.1	7.1	rss	15.811251111111112									annotate_trace.20260921_170849.txt	final
v1.9.0-rc1_conda_rust	Gaeumannomyces_tritici	TRAIN_PREDICT:RNASEQ_PREPARE	TRAIN_PREDICT:RNASEQ_PREPARE (Gaeumannomyces_tritici)	COMPLETED	0	18448.0	381.0	2.5	rss	19.52413333333333									annotate_trace.20260921_170849.txt	final
v1.9.0-rc1_conda_rust	Chaetomium_globosum	TRAIN_PREDICT:RNASEQ_PREPARE	TRAIN_PREDICT:RNASEQ_PREPARE (Chaetomium_globosum)	COMPLETED	0	25776.0	284.6	2.7	rss	20.37736									annotate_trace.20260921_170849.txt	final
v1.9.0-rc1_conda_rust	Sclerotinia_sclerotiorum	TRAIN_PREDICT:RNASEQ_PREPARE	TRAIN_PREDICT:RNASEQ_PREPARE (Sclerotinia_sclerotiorum)	COMPLETED	0	18498.0	361.8	2.7	rss	18.590490000000003									annotate_trace.20260921_170849.txt	final
v1.9.0-rc1_conda_rust	Trichosporon_asahii	TRAIN_PREDICT:RNASEQ_PREPARE	TRAIN_PREDICT:RNASEQ_PREPARE (Trichosporon_asahii)	COMPLETED	0	16763.0	267.4	2.2	rss	12.451183888888888									annotate_trace.20260921_170849.txt	final
v1.9.0-rc1_conda_rust	Drepanopeziza_brunnea	TRAIN_PREDICT:RNASEQ_PREPARE	TRAIN_PREDICT:RNASEQ_PREPARE (Drepanopeziza_brunnea)	COMPLETED	0	1302.0	252.5	2.9	rss	0.9132083333333334									annotate_trace.20260921_170849.txt	final
v1.9.0-rc1_conda_rust	Saccharomyces_cerevisiae	TRAIN_PREDICT:RNASEQ_PREPARE	TRAIN_PREDICT:RNASEQ_PREPARE (Saccharomyces_cerevisiae)	COMPLETED	0	7014.0	248.1	1.6	rss	4.8338149999999995									annotate_trace.20260921_170849.txt	final
v1.9.0-rc1_conda_rust	Umbelopsis_ramanniana	TRAIN_PREDICT:RNASEQ_PREPARE	TRAIN_PREDICT:RNASEQ_PREPARE (Umbelopsis_ramanniana)	COMPLETED	0	9781.0	413.3	2.1	rss	11.22913138888889									annotate_trace.20260921_170849.txt	final
v1.9.0-rc1_conda_rust	Rhizopus_microsporus_ATCC_52813	TRAIN_PREDICT:FUNANNOTATE_TRAIN	TRAIN_PREDICT:FUNANNOTATE_TRAIN (Rhizopus_microsporus_ATCC_52813)	FAILED	1	1080.0													annotate_trace.20260921_170849.txt	unresolved
v1.9.0-rc1_conda_rust	Cryptococcus_deneoformans_JEC21	TRAIN_PREDICT:FUNANNOTATE_TRAIN	TRAIN_PREDICT:FUNANNOTATE_TRAIN (Cryptococcus_deneoformans_JEC21)	FAILED	-	1980.0													annotate_trace.20260921_170849.txt	overhead
v1.9.0-rc1_conda_rust	Malassezia_globosa_CBS_7966	TRAIN_PREDICT:FUNANNOTATE_TRAIN	TRAIN_PREDICT:FUNANNOTATE_TRAIN (Malassezia_globosa_CBS_7966)	COMPLETED	0	2021.0	113.7	1.2	rss	0.6382991666666668									annotate_trace.20260921_170849.txt	final
v1.9.0-rc1_conda_rust	Allomyces_macrogynus	TRAIN_PREDICT:RNASEQ_PREPARE	TRAIN_PREDICT:RNASEQ_PREPARE (Allomyces_macrogynus)	COMPLETED	0	26623.0	250.1	2.1	rss	18.49558972222222									annotate_trace.20260921_170849.txt	final
v1.9.0-rc1_conda_rust	Colletotrichum_graminicola	TRAIN_PREDICT:RNASEQ_PREPARE	TRAIN_PREDICT:RNASEQ_PREPARE (Colletotrichum_graminicola)	COMPLETED	0	24670.0	277.1	3.1	rss	18.989047222222226									annotate_trace.20260921_170849.txt	final
v1.9.0-rc1_conda_rust	Cryptococcus_neoformans_H99	TRAIN_PREDICT:FUNANNOTATE_TRAIN	TRAIN_PREDICT:FUNANNOTATE_TRAIN (Cryptococcus_neoformans_H99)	FAILED	-	1980.0													annotate_trace.20260921_170849.txt	overhead
v1.9.0-rc1_conda_rust	Pneumocystis_murina_B123	TRAIN_PREDICT:FUNANNOTATE_PREDICT	TRAIN_PREDICT:FUNANNOTATE_PREDICT (Pneumocystis_murina_B123)	FAILED	-	1980.0													annotate_trace.20260921_170849.txt	overhead
v1.9.0-rc1_conda_rust	Dactylellina_haptotyla_CBS_200.50	TRAIN_PREDICT:FUNANNOTATE_PREDICT	TRAIN_PREDICT:FUNANNOTATE_PREDICT (Dactylellina_haptotyla_CBS_200.50)	FAILED	-	1980.0													annotate_trace.20260921_170849.txt	overhead
v1.9.0-rc1_conda_rust	Eremothecium_gossypii_ATCC_10895	TRAIN_PREDICT:FUNANNOTATE_PREDICT	TRAIN_PREDICT:FUNANNOTATE_PREDICT (Eremothecium_gossypii_ATCC_10895)	FAILED	-	1980.0													annotate_trace.20260921_170849.txt	overhead
v1.9.0-rc1_conda_rust	Sporobolomyces_koalae_JCM15063	TRAIN_PREDICT:FUNANNOTATE_PREDICT	TRAIN_PREDICT:FUNANNOTATE_PREDICT (Sporobolomyces_koalae_JCM15063)	FAILED	-	1980.0													annotate_trace.20260921_170849.txt	overhead
v1.9.0-rc1_conda_rust	Fusarium_verticillioides	TRAIN_PREDICT:RNASEQ_PREPARE	TRAIN_PREDICT:RNASEQ_PREPARE (Fusarium_verticillioides)	COMPLETED	0	23501.0	270.0	3.5	rss	17.62575									annotate_trace.20260921_170849.txt	final
v1.9.0-rc1_conda_rust	Fusarium_oxysporum	TRAIN_PREDICT:RNASEQ_PREPARE	TRAIN_PREDICT:RNASEQ_PREPARE (Fusarium_oxysporum)	COMPLETED	0	20963.0	408.0	5.6	rss	23.758066666666668									annotate_trace.20260921_170849.txt	final
v1.9.0-rc1_conda_rust	Malassezia_globosa_CBS_7966	TRAIN_PREDICT:FUNANNOTATE_PREDICT	TRAIN_PREDICT:FUNANNOTATE_PREDICT (Malassezia_globosa_CBS_7966)	COMPLETED	0	891.0	423.3	3.2	rss	1.0476675000000002									annotate_trace.20260921_170849.txt	final
v1.9.0-rc1_conda_rust	Mixia_osmundae_IAM_14324	TRAIN_PREDICT:FUNANNOTATE_PREDICT	TRAIN_PREDICT:FUNANNOTATE_PREDICT (Mixia_osmundae_IAM_14324)	COMPLETED	0	1812.0	1022.5	6.0	rss	5.146583333333333									annotate_trace.20260921_170849.txt	final
v1.9.0-rc1_conda_rust	Tremella_mesenterica_Fries	TRAIN_PREDICT:FUNANNOTATE_PREDICT	TRAIN_PREDICT:FUNANNOTATE_PREDICT (Tremella_mesenterica_Fries)	COMPLETED	0	0.23800000000000002	27.7	0.0031000000000000003	rss	1.8312777777777777e-05									annotate_trace.20260921_170849.txt	final
v1.9.0-rc1_conda_rust	Talaromyces_stipitatus_ATCC_10500	TRAIN_PREDICT:FUNANNOTATE_PREDICT	TRAIN_PREDICT:FUNANNOTATE_PREDICT (Talaromyces_stipitatus_ATCC_10500)	FAILED	-	1980.0													annotate_trace.20260921_170849.txt	overhead
v1.9.0-rc1_conda_rust	Aspergillus_fumigatus	TRAIN_PREDICT:RNASEQ_PREPARE	TRAIN_PREDICT:RNASEQ_PREPARE (Aspergillus_fumigatus)	FAILED	-	1980.0													annotate_trace.20260921_170849.txt	overhead
v1.9.0-rc1_conda_rust	Botrytis_cinerea	TRAIN_PREDICT:RNASEQ_PREPARE	TRAIN_PREDICT:RNASEQ_PREPARE (Botrytis_cinerea)	FAILED	-	1980.0													annotate_trace.20260921_170849.txt	overhead
v1.9.0-rc1_conda_rust	Rhizopus_delemar_RA_99-880	TRAIN_PREDICT:FUNANNOTATE_TRAIN	TRAIN_PREDICT:FUNANNOTATE_TRAIN (Rhizopus_delemar_RA_99-880)	FAILED	-	1980.0													annotate_trace.20260921_170849.txt	overhead
v1.9.0-rc1_conda_rust	Phycomyces_blakesleeanus_NRRL_1555_-	TRAIN_PREDICT:FUNANNOTATE_TRAIN	TRAIN_PREDICT:FUNANNOTATE_TRAIN (Phycomyces_blakesleeanus_NRRL_1555_-)	COMPLETED	0	6360.0	216.7	1.7	rss	3.8283666666666663									annotate_trace.20260921_170849.txt	final
v1.9.0-rc1_conda_rust	Schizophyllum_commune	TRAIN_PREDICT:RNASEQ_PREPARE	TRAIN_PREDICT:RNASEQ_PREPARE (Schizophyllum_commune)	FAILED	-	1980.0													annotate_trace.20260921_170849.txt	overhead
v1.9.0-rc1_conda_rust	Pyrenophora_tritici-repentis	TRAIN_PREDICT:RNASEQ_PREPARE	TRAIN_PREDICT:RNASEQ_PREPARE (Pyrenophora_tritici-repentis)	FAILED	-	1980.0													annotate_trace.20260921_170849.txt	overhead
v1.9.0-rc1_conda_rust	Cryptococcus_deneoformans_JEC21	TRAIN_PREDICT:FUNANNOTATE_TRAIN	TRAIN_PREDICT:FUNANNOTATE_TRAIN (Cryptococcus_deneoformans_JEC21)	COMPLETED	0	0.462	22.1	0.003	rss	2.8361666666666666e-05									annotate_trace.20260921_170849.txt	final
v1.9.0-rc1_conda_rust	Cryptococcus_neoformans_H99	TRAIN_PREDICT:FUNANNOTATE_TRAIN	TRAIN_PREDICT:FUNANNOTATE_TRAIN (Cryptococcus_neoformans_H99)	COMPLETED	0	0.735	12.9	0.003	rss	2.63375e-05									annotate_trace.20260921_170849.txt	final
v1.9.0-rc1_conda_rust	Zygosaccharomyces_rouxii_CBS_732	TRAIN_PREDICT:FUNANNOTATE_TRAIN	TRAIN_PREDICT:FUNANNOTATE_TRAIN (Zygosaccharomyces_rouxii_CBS_732)	COMPLETED	0	1176.0	124.5	1.5	rss	0.4067									annotate_trace.20260921_170849.txt	final
v1.9.0-rc1_conda_rust	Kluyveromyces_lactis	TRAIN_PREDICT:RNASEQ_PREPARE	TRAIN_PREDICT:RNASEQ_PREPARE (Kluyveromyces_lactis)	COMPLETED	0	1850.0	485.5	2.4	rss	2.4949305555555554									annotate_trace.20260921_170849.txt	final
v1.9.0-rc1_conda_rust	Tilletiopsis_washingtonensis	TRAIN_PREDICT:RNASEQ_PREPARE	TRAIN_PREDICT:RNASEQ_PREPARE (Tilletiopsis_washingtonensis)	FAILED	-	1980.0													annotate_trace.20260921_170849.txt	overhead
v1.9.0-rc1_conda_rust	Pyrenophora_teres	TRAIN_PREDICT:RNASEQ_PREPARE	TRAIN_PREDICT:RNASEQ_PREPARE (Pyrenophora_teres)	FAILED	-	1980.0													annotate_trace.20260921_170849.txt	overhead
v1.9.0-rc1_conda_rust	Allomyces_macrogynus_ATCC_38327	TRAIN_PREDICT:FUNANNOTATE_TRAIN	TRAIN_PREDICT:FUNANNOTATE_TRAIN (Allomyces_macrogynus_ATCC_38327)	FAILED	-	2040.0													annotate_trace.20260921_170849.txt	overhead
v1.9.0-rc1_conda_rust	Colletotrichum_graminicola_M1.001	TRAIN_PREDICT:FUNANNOTATE_TRAIN	TRAIN_PREDICT:FUNANNOTATE_TRAIN (Colletotrichum_graminicola_M1.001)	FAILED	-	2040.0													annotate_trace.20260921_170849.txt	overhead
v1.9.0-rc1_conda_rust	Tilletiaria_anomala_UBC_951	TRAIN_PREDICT:FUNANNOTATE_TRAIN	TRAIN_PREDICT:FUNANNOTATE_TRAIN (Tilletiaria_anomala_UBC_951)	FAILED	143	1860.0													annotate_trace.20260921_170849.txt	overhead
v1.9.0-rc1_conda_rust	Talaromyces_marneffei_ATCC_18224	TRAIN_PREDICT:FUNANNOTATE_TRAIN	TRAIN_PREDICT:FUNANNOTATE_TRAIN (Talaromyces_marneffei_ATCC_18224)	FAILED	-	1980.0													annotate_trace.20260921_170849.txt	overhead
v1.9.0-rc1_conda_rust	Yarrowia_lipolytica	TRAIN_PREDICT:RNASEQ_PREPARE	TRAIN_PREDICT:RNASEQ_PREPARE (Yarrowia_lipolytica)	FAILED	-	1980.0													annotate_trace.20260921_170849.txt	overhead
v1.9.0-rc1_conda_rust	Dactylellina_haptotyla_CBS_200.50	TRAIN_PREDICT:FUNANNOTATE_PREDICT	TRAIN_PREDICT:FUNANNOTATE_PREDICT (Dactylellina_haptotyla_CBS_200.50)	COMPLETED	0	0.37	24.5	0.0032	rss	2.5180555555555555e-05									annotate_trace.20260921_170849.txt	final
v1.9.0-rc1_conda_rust	Pneumocystis_murina_B123	TRAIN_PREDICT:FUNANNOTATE_PREDICT	TRAIN_PREDICT:FUNANNOTATE_PREDICT (Pneumocystis_murina_B123)	COMPLETED	0	0.248	43.0	0.0032	rss	2.9622222222222224e-05									annotate_trace.20260921_170849.txt	final
v1.9.0-rc1_conda_rust	Sporobolomyces_koalae_JCM15063	TRAIN_PREDICT:FUNANNOTATE_PREDICT	TRAIN_PREDICT:FUNANNOTATE_PREDICT (Sporobolomyces_koalae_JCM15063)	COMPLETED	0	0.365	26.5			2.6868055555555555e-05									annotate_trace.20260921_170849.txt	final
v1.9.0-rc1_conda_rust	Eremothecium_gossypii_ATCC_10895	TRAIN_PREDICT:FUNANNOTATE_PREDICT	TRAIN_PREDICT:FUNANNOTATE_PREDICT (Eremothecium_gossypii_ATCC_10895)	COMPLETED	0	0.277	37.8	0.0031000000000000003	rss	2.9084999999999997e-05									annotate_trace.20260921_170849.txt	final
v1.9.0-rc1_conda_rust	Orbilia_oligospora	TRAIN_PREDICT:RNASEQ_PREPARE	TRAIN_PREDICT:RNASEQ_PREPARE (Orbilia_oligospora)	FAILED	-	1980.0													annotate_trace.20260921_170849.txt	overhead
v1.9.0-rc1_conda_rust	Malassezia_sympodialis_ATCC_42132	TRAIN_PREDICT:FUNANNOTATE_TRAIN	TRAIN_PREDICT:FUNANNOTATE_TRAIN (Malassezia_sympodialis_ATCC_42132)	FAILED	-	1980.0													annotate_trace.20260921_170849.txt	unresolved
v1.9.0-rc1_conda_rust	Talaromyces_stipitatus_ATCC_10500	TRAIN_PREDICT:FUNANNOTATE_PREDICT	TRAIN_PREDICT:FUNANNOTATE_PREDICT (Talaromyces_stipitatus_ATCC_10500)	COMPLETED	0	0.432	17.9	0.0032	rss	2.148e-05									annotate_trace.20260921_170849.txt	final
v1.9.0-rc1_conda_rust	Parastagonospora_nodorum_SN15	TRAIN_PREDICT:FUNANNOTATE_TRAIN	TRAIN_PREDICT:FUNANNOTATE_TRAIN (Parastagonospora_nodorum_SN15)	FAILED	-	1980.0													annotate_trace.20260921_170849.txt	unresolved
v1.9.0-rc1_conda_rust	Fusarium_oxysporum_4287	TRAIN_PREDICT:FUNANNOTATE_TRAIN	TRAIN_PREDICT:FUNANNOTATE_TRAIN (Fusarium_oxysporum_4287)	COMPLETED	0	3081.0	253.0	1.9	rss	2.165258333333333									annotate_trace.20260921_170849.txt	final
v1.9.0-rc1_conda_rust	Morchella_importuna	TRAIN_PREDICT:RNASEQ_PREPARE	TRAIN_PREDICT:RNASEQ_PREPARE (Morchella_importuna)	FAILED	-	2040.0													annotate_trace.20260921_170849.txt	overhead
v1.9.0-rc1_conda_rust	Morchella_sextelata_SCLS	TRAIN_PREDICT:FUNANNOTATE_TRAIN	TRAIN_PREDICT:FUNANNOTATE_TRAIN (Morchella_sextelata_SCLS)	FAILED	-	1980.0													annotate_trace.20260921_170849.txt	unresolved
v1.9.0-rc1_conda_rust	Fusarium_verticillioides_7600	TRAIN_PREDICT:FUNANNOTATE_TRAIN	TRAIN_PREDICT:FUNANNOTATE_TRAIN (Fusarium_verticillioides_7600)	COMPLETED	0	4053.0	191.0	1.4	rss	2.1503416666666664									annotate_trace.20260921_170849.txt	final
v1.9.0-rc1_conda_rust	Tricharina_praecox	TRAIN_PREDICT:RNASEQ_PREPARE	TRAIN_PREDICT:RNASEQ_PREPARE (Tricharina_praecox)	FAILED	-	1980.0													annotate_trace.20260921_170849.txt	overhead
v1.9.0-rc1_conda_rust	Phycomyces_blakesleeanus_NRRL_1555_-	TRAIN_PREDICT:FUNANNOTATE_PREDICT	TRAIN_PREDICT:FUNANNOTATE_PREDICT (Phycomyces_blakesleeanus_NRRL_1555_-)	COMPLETED	0	1973.0	539.0	4.5	rss	2.954019444444444									annotate_trace.20260921_170849.txt	final
v1.9.0-rc1_conda_rust	Lipomyces_tetrasporus_NRRL_Y-64009	TRAIN_PREDICT:FUNANNOTATE_TRAIN	TRAIN_PREDICT:FUNANNOTATE_TRAIN (Lipomyces_tetrasporus_NRRL_Y-64009)	FAILED	-	1980.0													annotate_trace.20260921_170849.txt	unresolved
v1.9.0-rc1_conda_rust	Protomyces_lactucae-debilis	TRAIN_PREDICT:RNASEQ_PREPARE	TRAIN_PREDICT:RNASEQ_PREPARE (Protomyces_lactucae-debilis)	FAILED	-	1980.0													annotate_trace.20260921_170849.txt	unresolved
v1.9.0-rc1_conda_rust	Lachancea_thermotolerans_CBS_6340	TRAIN_PREDICT:FUNANNOTATE_TRAIN	TRAIN_PREDICT:FUNANNOTATE_TRAIN (Lachancea_thermotolerans_CBS_6340)	FAILED	-	1980.0													annotate_trace.20260921_170849.txt	unresolved
v1.9.0-rc1_conda_rust	Cokeromyces_recurvatus	TRAIN_PREDICT:RNASEQ_PREPARE	TRAIN_PREDICT:RNASEQ_PREPARE (Cokeromyces_recurvatus)	FAILED	-	1980.0													annotate_trace.20260921_170849.txt	unresolved
v1.9.0-rc1_conda_rust	Cryptococcus_deneoformans_JEC21	TRAIN_PREDICT:FUNANNOTATE_PREDICT	TRAIN_PREDICT:FUNANNOTATE_PREDICT (Cryptococcus_deneoformans_JEC21)	COMPLETED	0	1278.0	359.1	1.7	rss	1.274805									annotate_trace.20260921_170849.txt	final
v1.9.0-rc1_conda_rust	Batrachochytrium_dendrobatidis_JAM81	TRAIN_PREDICT:FUNANNOTATE_TRAIN	TRAIN_PREDICT:FUNANNOTATE_TRAIN (Batrachochytrium_dendrobatidis_JAM81)	FAILED	-	1980.0													annotate_trace.20260921_170849.txt	unresolved
v1.9.0-rc1_conda_rust	Cryptococcus_neoformans_H99	TRAIN_PREDICT:FUNANNOTATE_PREDICT	TRAIN_PREDICT:FUNANNOTATE_PREDICT (Cryptococcus_neoformans_H99)	COMPLETED	0	951.0	498.2	4.4	rss	1.3160783333333335									annotate_trace.20260921_170849.txt	final
v1.9.0-rc1_conda_rust	Mucor_mucedo_NRRL_3635	TRAIN_PREDICT:FUNANNOTATE_TRAIN	TRAIN_PREDICT:FUNANNOTATE_TRAIN (Mucor_mucedo_NRRL_3635)	FAILED	-	1980.0													annotate_trace.20260921_170849.txt	unresolved
v1.9.0-rc1_conda_rust	Zymoseptoria_tritici_IPO323	TRAIN_PREDICT:FUNANNOTATE_TRAIN	TRAIN_PREDICT:FUNANNOTATE_TRAIN (Zymoseptoria_tritici_IPO323)	FAILED	-	1980.0													annotate_trace.20260921_170849.txt	unresolved
v1.9.0-rc1_conda_rust	Gaeumannomyces_tritici_R3-111a-1	TRAIN_PREDICT:FUNANNOTATE_TRAIN	TRAIN_PREDICT:FUNANNOTATE_TRAIN (Gaeumannomyces_tritici_R3-111a-1)	FAILED	-	1980.0													annotate_trace.20260921_170849.txt	overhead
v1.9.0-rc1_conda_rust	Pseudogymnoascus_destructans	TRAIN_PREDICT:RNASEQ_PREPARE	TRAIN_PREDICT:RNASEQ_PREPARE (Pseudogymnoascus_destructans)	FAILED	-	1980.0													annotate_trace.20260921_170849.txt	unresolved
v1.9.0-rc1_conda_rust	Zygosaccharomyces_rouxii_CBS_732	TRAIN_PREDICT:FUNANNOTATE_PREDICT	TRAIN_PREDICT:FUNANNOTATE_PREDICT (Zygosaccharomyces_rouxii_CBS_732)	COMPLETED	0	960.0	412.6	3.9	rss	1.1002666666666667									annotate_trace.20260921_170849.txt	final
v1.9.0-rc1_conda_rust	Chaetomium_globosum_CBS_148.51	TRAIN_PREDICT:FUNANNOTATE_TRAIN	TRAIN_PREDICT:FUNANNOTATE_TRAIN (Chaetomium_globosum_CBS_148.51)	FAILED	-	1980.0													annotate_trace.20260921_170849.txt	overhead
v1.9.0-rc1_conda_rust	Aspergillus_fumigatus	TRAIN_PREDICT:RNASEQ_PREPARE	TRAIN_PREDICT:RNASEQ_PREPARE (Aspergillus_fumigatus)	COMPLETED	0	3895.0	1012.3	4.1	rss	10.95252361111111									annotate_trace.20260921_170849.txt	final
v1.9.0-rc1_conda_rust	Drepanopeziza_brunnea_MB_m1	TRAIN_PREDICT:FUNANNOTATE_TRAIN	TRAIN_PREDICT:FUNANNOTATE_TRAIN (Drepanopeziza_brunnea_MB_m1)	COMPLETED	0	1.9	2.2			1.1611111111111112e-05									annotate_trace.20260921_170849.txt	final
v1.9.0-rc1_conda_rust	Sclerotinia_sclerotiorum_1980	TRAIN_PREDICT:FUNANNOTATE_TRAIN	TRAIN_PREDICT:FUNANNOTATE_TRAIN (Sclerotinia_sclerotiorum_1980)	COMPLETED	0	1963.0	307.8	1.6	rss	1.678365									annotate_trace.20260921_170849.txt	final
v1.9.0-rc1_conda_rust	Saccharomyces_cerevisiae_S288C	TRAIN_PREDICT:FUNANNOTATE_TRAIN	TRAIN_PREDICT:FUNANNOTATE_TRAIN (Saccharomyces_cerevisiae_S288C)	COMPLETED	0	604.0	232.4	1.6	rss	0.3899155555555555									annotate_trace.20260921_170849.txt	final
v1.9.0-rc1_conda_rust	Trichosporon_asahii_CBS_2479	TRAIN_PREDICT:FUNANNOTATE_TRAIN	TRAIN_PREDICT:FUNANNOTATE_TRAIN (Trichosporon_asahii_CBS_2479)	FAILED	-	2040.0													annotate_trace.20260921_170849.txt	overhead
v1.9.0-rc1_conda_rust	Kluyveromyces_lactis_NRRL_Y-1140	TRAIN_PREDICT:FUNANNOTATE_TRAIN	TRAIN_PREDICT:FUNANNOTATE_TRAIN (Kluyveromyces_lactis_NRRL_Y-1140)	COMPLETED	0	811.0	200.1	1.5	rss	0.4507808333333333									annotate_trace.20260921_170849.txt	final
v1.9.0-rc1_conda_rust	Umbelopsis_ramanniana_AG	TRAIN_PREDICT:FUNANNOTATE_TRAIN	TRAIN_PREDICT:FUNANNOTATE_TRAIN (Umbelopsis_ramanniana_AG)	FAILED	-	1980.0													annotate_trace.20260921_170849.txt	unresolved
v1.9.0-rc1_conda_rust	Fusarium_verticillioides_7600	TRAIN_PREDICT:FUNANNOTATE_PREDICT	TRAIN_PREDICT:FUNANNOTATE_PREDICT (Fusarium_verticillioides_7600)	COMPLETED	0	1904.0	452.8	4.7	rss	2.394808888888889									annotate_trace.20260921_170849.txt	final
v1.9.0-rc1_conda_rust	Botrytis_cinerea	TRAIN_PREDICT:RNASEQ_PREPARE	TRAIN_PREDICT:RNASEQ_PREPARE (Botrytis_cinerea)	COMPLETED	0	13033.0	572.3	2.5	rss	20.718849722222224									annotate_trace.20260921_170849.txt	final
v1.9.0-rc1_conda_rust	Fusarium_oxysporum_4287	TRAIN_PREDICT:FUNANNOTATE_PREDICT	TRAIN_PREDICT:FUNANNOTATE_PREDICT (Fusarium_oxysporum_4287)	COMPLETED	0	2729.0	493.3	4.8	rss	3.7394880555555554									annotate_trace.20260921_170849.txt	final
v1.9.0-rc1_conda_rust	Rhizopus_microsporus_ATCC_52813	TRAIN_PREDICT:FUNANNOTATE_TRAIN	TRAIN_PREDICT:FUNANNOTATE_TRAIN (Rhizopus_microsporus_ATCC_52813)	FAILED	1	360.0													annotate_trace.20260921_170849.txt	unresolved
v1.9.0-rc1_conda_rust	Sclerotinia_sclerotiorum_1980	TRAIN_PREDICT:FUNANNOTATE_PREDICT	TRAIN_PREDICT:FUNANNOTATE_PREDICT (Sclerotinia_sclerotiorum_1980)	COMPLETED	0	1859.0	511.5	4.3	rss	2.641329166666667									annotate_trace.20260921_170849.txt	final
v1.9.0-rc1_conda_rust	Schizophyllum_commune	TRAIN_PREDICT:RNASEQ_PREPARE	TRAIN_PREDICT:RNASEQ_PREPARE (Schizophyllum_commune)	COMPLETED	0	5178.0	841.3	2.6	rss	12.100698333333334									annotate_trace.20260921_170849.txt	final
v1.9.0-rc1_conda_rust	Saccharomyces_cerevisiae_S288C	TRAIN_PREDICT:FUNANNOTATE_PREDICT	TRAIN_PREDICT:FUNANNOTATE_PREDICT (Saccharomyces_cerevisiae_S288C)	COMPLETED	0	1123.0	421.7	3.5	rss	1.3154697222222222									annotate_trace.20260921_170849.txt	final
v1.9.0-rc1_conda_rust	Kluyveromyces_lactis_NRRL_Y-1140	TRAIN_PREDICT:FUNANNOTATE_PREDICT	TRAIN_PREDICT:FUNANNOTATE_PREDICT (Kluyveromyces_lactis_NRRL_Y-1140)	COMPLETED	0	1079.0	434.9	4.0	rss	1.3034919444444446									annotate_trace.20260921_170849.txt	final
v1.9.0-rc1_conda_rust	Drepanopeziza_brunnea_MB_m1	TRAIN_PREDICT:FUNANNOTATE_PREDICT	TRAIN_PREDICT:FUNANNOTATE_PREDICT (Drepanopeziza_brunnea_MB_m1)	COMPLETED	0	5856.0	581.8	4.5	rss	9.463946666666667									annotate_trace.20260921_170849.txt	final
v1.9.0-rc1_conda_rust	Aspergillus_fumigatus_Af293	TRAIN_PREDICT:FUNANNOTATE_TRAIN	TRAIN_PREDICT:FUNANNOTATE_TRAIN (Aspergillus_fumigatus_Af293)	COMPLETED	0	2214.0	223.5	1.5	rss	1.374525									annotate_trace.20260921_170849.txt	final
v1.9.0-rc1_conda_rust	Schizophyllum_commune_H4-8	TRAIN_PREDICT:FUNANNOTATE_TRAIN	TRAIN_PREDICT:FUNANNOTATE_TRAIN (Schizophyllum_commune_H4-8)	COMPLETED	0	885.0	264.9	1.5	rss	0.6512124999999999									annotate_trace.20260921_170849.txt	final
v1.9.0-rc1_conda_rust	Botrytis_cinerea_B05.10	TRAIN_PREDICT:FUNANNOTATE_TRAIN	TRAIN_PREDICT:FUNANNOTATE_TRAIN (Botrytis_cinerea_B05.10)	COMPLETED	0	2456.0	272.6	1.8	rss	1.859737777777778									annotate_trace.20260921_170849.txt	final
v1.9.0-rc1_conda_rust	Aspergillus_fumigatus_Af293	TRAIN_PREDICT:FUNANNOTATE_PREDICT	TRAIN_PREDICT:FUNANNOTATE_PREDICT (Aspergillus_fumigatus_Af293)	COMPLETED	0	1676.0	496.0	4.6	rss	2.3091555555555554									annotate_trace.20260921_170849.txt	final
v1.9.0-rc1_conda_rust	Rhizopus_delemar_RA_99-880	TRAIN_PREDICT:FUNANNOTATE_TRAIN	TRAIN_PREDICT:FUNANNOTATE_TRAIN (Rhizopus_delemar_RA_99-880)	COMPLETED	0	0.462	26.9	0.0029	rss	3.452166666666666e-05									annotate_trace.20260921_170849.txt	final
v1.9.0-rc1_conda_rust	Pyrenophora_teres	TRAIN_PREDICT:RNASEQ_PREPARE	TRAIN_PREDICT:RNASEQ_PREPARE (Pyrenophora_teres)	COMPLETED	0	7328.0	288.5	4.5	rss	5.872577777777777									annotate_trace.20260921_170849.txt	final
v1.9.0-rc1_conda_rust	Schizophyllum_commune_H4-8	TRAIN_PREDICT:FUNANNOTATE_PREDICT	TRAIN_PREDICT:FUNANNOTATE_PREDICT (Schizophyllum_commune_H4-8)	COMPLETED	0	1809.0	462.4	8.5	rss	2.3235599999999996									annotate_trace.20260921_170849.txt	final
v1.9.0-rc1_conda_rust	Pyrenophora_teres_0-1	TRAIN_PREDICT:FUNANNOTATE_TRAIN	TRAIN_PREDICT:FUNANNOTATE_TRAIN (Pyrenophora_teres_0-1)	COMPLETED	0	949.0	163.5	0.38830000000000003	rss	0.4310041666666667									annotate_trace.20260921_170849.txt	final
v1.9.0-rc1_conda_rust	Tilletiopsis_washingtonensis	TRAIN_PREDICT:RNASEQ_PREPARE	TRAIN_PREDICT:RNASEQ_PREPARE (Tilletiopsis_washingtonensis)	COMPLETED	0	8352.0	367.9	1.7	rss	8.535279999999998									annotate_trace.20260921_170849.txt	final
v1.9.0-rc1_conda_rust	Botrytis_cinerea_B05.10	TRAIN_PREDICT:FUNANNOTATE_PREDICT	TRAIN_PREDICT:FUNANNOTATE_PREDICT (Botrytis_cinerea_B05.10)	COMPLETED	0	2026.0	471.7	4.5	rss	2.654622777777778									annotate_trace.20260921_170849.txt	final
v1.9.0-rc1_conda_rust	Pyrenophora_tritici-repentis	TRAIN_PREDICT:RNASEQ_PREPARE	TRAIN_PREDICT:RNASEQ_PREPARE (Pyrenophora_tritici-repentis)	COMPLETED	0	12944.0	540.3	3.6	rss	19.426786666666665									annotate_trace.20260921_170849.txt	final
v1.9.0-rc1_conda_rust	Rhizopus_delemar_RA_99-880	TRAIN_PREDICT:FUNANNOTATE_PREDICT	TRAIN_PREDICT:FUNANNOTATE_PREDICT (Rhizopus_delemar_RA_99-880)	COMPLETED	0	2040.0	442.1	14.5	rss	2.5052333333333334									annotate_trace.20260921_170849.txt	final
v1.9.0-rc1_conda_rust	Pyrenophora_teres_0-1	TRAIN_PREDICT:FUNANNOTATE_PREDICT	TRAIN_PREDICT:FUNANNOTATE_PREDICT (Pyrenophora_teres_0-1)	COMPLETED	0	2508.0	370.4	1.3	rss	2.5804533333333333									annotate_trace.20260921_170849.txt	final
v1.9.0-rc1_conda_rust	Colletotrichum_graminicola_M1.001	TRAIN_PREDICT:FUNANNOTATE_TRAIN	TRAIN_PREDICT:FUNANNOTATE_TRAIN (Colletotrichum_graminicola_M1.001)	COMPLETED	0	0.446	32.1	0.0032	rss	3.976833333333334e-05									annotate_trace.20260921_170849.txt	final
v1.9.0-rc1_conda_rust	Tilletiopsis_washingtonensis_MCA_4186	TRAIN_PREDICT:FUNANNOTATE_TRAIN	TRAIN_PREDICT:FUNANNOTATE_TRAIN (Tilletiopsis_washingtonensis_MCA_4186)	COMPLETED	0	2686.0	177.1	1.3	rss	1.3213627777777777									annotate_trace.20260921_170849.txt	final
v1.9.0-rc1_conda_rust	Pyrenophora_tritici-repentis_Pt-1C-BFP	TRAIN_PREDICT:FUNANNOTATE_TRAIN	TRAIN_PREDICT:FUNANNOTATE_TRAIN (Pyrenophora_tritici-repentis_Pt-1C-BFP)	COMPLETED	0	2851.0	316.1	1.7	rss	2.503336388888889									annotate_trace.20260921_170849.txt	final
v1.9.0-rc1_conda_rust	Allomyces_macrogynus_ATCC_38327	TRAIN_PREDICT:FUNANNOTATE_TRAIN	TRAIN_PREDICT:FUNANNOTATE_TRAIN (Allomyces_macrogynus_ATCC_38327)	COMPLETED	0	0.255	35.3	0.0028	rss	2.5004166666666667e-05									annotate_trace.20260921_170849.txt	final
v1.9.0-rc1_conda_rust	Tilletiaria_anomala_UBC_951	TRAIN_PREDICT:FUNANNOTATE_TRAIN	TRAIN_PREDICT:FUNANNOTATE_TRAIN (Tilletiaria_anomala_UBC_951)	FAILED	1	60.0													annotate_trace.20260921_170849.txt	overhead
v1.9.0-rc1_conda_rust	Talaromyces_marneffei_ATCC_18224	TRAIN_PREDICT:FUNANNOTATE_TRAIN	TRAIN_PREDICT:FUNANNOTATE_TRAIN (Talaromyces_marneffei_ATCC_18224)	COMPLETED	0	0.516	27.3	0.0028	rss	3.9130000000000007e-05									annotate_trace.20260921_170849.txt	final
v1.9.0-rc1_conda_rust	Tilletiopsis_washingtonensis_MCA_4186	TRAIN_PREDICT:FUNANNOTATE_PREDICT	TRAIN_PREDICT:FUNANNOTATE_PREDICT (Tilletiopsis_washingtonensis_MCA_4186)	COMPLETED	0	853.0	534.5	4.3	rss	1.2664680555555556									annotate_trace.20260921_170849.txt	final
v1.9.0-rc1_conda_rust	Colletotrichum_graminicola_M1.001	TRAIN_PREDICT:FUNANNOTATE_PREDICT	TRAIN_PREDICT:FUNANNOTATE_PREDICT (Colletotrichum_graminicola_M1.001)	COMPLETED	0	2313.0	529.4	4.4	rss	3.4013949999999995									annotate_trace.20260921_170849.txt	final
v1.9.0-rc1_conda_rust	Pyrenophora_tritici-repentis_Pt-1C-BFP	TRAIN_PREDICT:FUNANNOTATE_PREDICT	TRAIN_PREDICT:FUNANNOTATE_PREDICT (Pyrenophora_tritici-repentis_Pt-1C-BFP)	COMPLETED	0	2138.0	467.8	11.6	rss	2.7782122222222223									annotate_trace.20260921_170849.txt	final
v1.9.0-rc1_conda_rust	Allomyces_macrogynus_ATCC_38327	TRAIN_PREDICT:FUNANNOTATE_PREDICT	TRAIN_PREDICT:FUNANNOTATE_PREDICT (Allomyces_macrogynus_ATCC_38327)	COMPLETED	0	1954.0	570.8	10.5	rss	3.0981755555555552									annotate_trace.20260921_170849.txt	final
v1.9.0-rc1_conda_rust	Yarrowia_lipolytica	TRAIN_PREDICT:RNASEQ_PREPARE	TRAIN_PREDICT:RNASEQ_PREPARE (Yarrowia_lipolytica)	COMPLETED	0	7204.0	670.2	1.8	rss	13.41144666666667									annotate_trace.20260921_170849.txt	final
v1.9.0-rc1_conda_rust	Talaromyces_marneffei_ATCC_18224	TRAIN_PREDICT:FUNANNOTATE_PREDICT	TRAIN_PREDICT:FUNANNOTATE_PREDICT (Talaromyces_marneffei_ATCC_18224)	COMPLETED	0	1741.0	464.1	4.4	rss	2.2444391666666665									annotate_trace.20260921_170849.txt	final
v1.9.0-rc1_conda_rust	Yarrowia_lipolytica_CLIB122	TRAIN_PREDICT:FUNANNOTATE_TRAIN	TRAIN_PREDICT:FUNANNOTATE_TRAIN (Yarrowia_lipolytica_CLIB122)	COMPLETED	0	1218.0	276.2	1.7	rss	0.9344766666666666									annotate_trace.20260921_170849.txt	final
v1.9.0-rc1_conda_rust	Yarrowia_lipolytica_CLIB122	TRAIN_PREDICT:FUNANNOTATE_PREDICT	TRAIN_PREDICT:FUNANNOTATE_PREDICT (Yarrowia_lipolytica_CLIB122)	COMPLETED	0	1081.0	546.1	4.7	rss	1.6398169444444444									annotate_trace.20260921_170849.txt	final
v1.9.0-rc1_conda_rust	Orbilia_oligospora	TRAIN_PREDICT:RNASEQ_PREPARE	TRAIN_PREDICT:RNASEQ_PREPARE (Orbilia_oligospora)	COMPLETED	0	6596.0	966.3	3.0	rss	17.704763333333332									annotate_trace.20260921_170849.txt	final
v1.9.0-rc1_conda_rust	Tricharina_praecox	TRAIN_PREDICT:RNASEQ_PREPARE	TRAIN_PREDICT:RNASEQ_PREPARE (Tricharina_praecox)	COMPLETED	0	7521.0	801.4	2.9	rss	16.742581666666666									annotate_trace.20260921_170849.txt	final
v1.9.0-rc1_conda_rust	Morchella_importuna	TRAIN_PREDICT:RNASEQ_PREPARE	TRAIN_PREDICT:RNASEQ_PREPARE (Morchella_importuna)	COMPLETED	0	8660.0	769.7	6.7	rss	18.51556111111111									annotate_trace.20260921_170849.txt	final
v1.9.0-rc1_conda_rust	-	FETCH_RNASEQ:COLLECT_SRA_QUERY	FETCH_RNASEQ:COLLECT_SRA_QUERY	CACHED	0	0.504	76.7	0.0031000000000000003	peak_rss	0.00010737999999999999	1	1	2.0	short		2026-09-21 17:13:05.671	2026-09-21 17:14:04.857	2026-09-21 17:14:04.859	annotate_trace.20260923_120820.txt	cached
v1.9.0-rc1_conda_rust	Drepanopeziza_brunnea_MB_m1	TRAIN_PREDICT:FUNANNOTATE_TRAIN	TRAIN_PREDICT:FUNANNOTATE_TRAIN (Drepanopeziza_brunnea_MB_m1)	CACHED	0	1.9	2.2			1.1611111111111112e-05	1	8	48.0	epyc		2026-09-22 07:32:07.483	2026-09-23 02:32:10.569	2026-09-23 02:34:10.627	annotate_trace.20260923_120820.txt	cached
v1.9.0-rc1_conda_rust	Rhizopus_microsporus_ATCC_52813	TRAIN_PREDICT:FUNANNOTATE_TRAIN	TRAIN_PREDICT:FUNANNOTATE_TRAIN (Rhizopus_microsporus_ATCC_52813)	FAILED	1	480.0					1	8	48.0	epyc		2026-09-23 12:08:40.484	2026-09-23 18:58:40.229	2026-09-23 19:06:40.145	annotate_trace.20260923_120820.txt	unresolved
v1.9.0-rc1_conda_rust	Orbilia_oligospora_ATCC_24927	TRAIN_PREDICT:FUNANNOTATE_TRAIN	TRAIN_PREDICT:FUNANNOTATE_TRAIN (Orbilia_oligospora_ATCC_24927)	COMPLETED	0	2612.0	286.0	1.7	peak_rss	2.0750888888888888	1	8	48.0	epyc		2026-09-23 12:08:39.959	2026-09-23 18:58:40.114	2026-09-23 19:42:40.270	annotate_trace.20260923_120820.txt	final
v1.9.0-rc1_conda_rust	Chaetomium_globosum_CBS_148.51	TRAIN_PREDICT:FUNANNOTATE_TRAIN	TRAIN_PREDICT:FUNANNOTATE_TRAIN (Chaetomium_globosum_CBS_148.51)	COMPLETED	0	0.58	19.9	0.0048	peak_rss	3.2061111111111106e-05	1	8	48.0	epyc		2026-09-23 12:08:54.432	2026-09-23 20:22:40.471	2026-09-23 20:22:40.474	annotate_trace.20260923_120820.txt	final
v1.9.0-rc1_conda_rust	Gaeumannomyces_tritici_R3-111a-1	TRAIN_PREDICT:FUNANNOTATE_TRAIN	TRAIN_PREDICT:FUNANNOTATE_TRAIN (Gaeumannomyces_tritici_R3-111a-1)	COMPLETED	0	0.556	24.5	0.0029	peak_rss	3.783888888888889e-05	1	8	48.0	epyc		2026-09-23 12:09:04.448	2026-09-23 20:22:40.525	2026-09-23 20:22:40.531	annotate_trace.20260923_120820.txt	final
v1.9.0-rc1_conda_rust	Trichosporon_asahii_CBS_2479	TRAIN_PREDICT:FUNANNOTATE_TRAIN	TRAIN_PREDICT:FUNANNOTATE_TRAIN (Trichosporon_asahii_CBS_2479)	COMPLETED	0	0.454	18.8	0.006	peak_rss	2.3708888888888894e-05	1	8	48.0	epyc		2026-09-23 12:09:16.427	2026-09-23 20:22:40.550	2026-09-23 20:23:40.464	annotate_trace.20260923_120820.txt	final
v1.9.0-rc1_conda_rust	Lachancea_thermotolerans_CBS_6340	TRAIN_PREDICT:FUNANNOTATE_PREDICT	TRAIN_PREDICT:FUNANNOTATE_PREDICT (Lachancea_thermotolerans_CBS_6340)	COMPLETED	0	823.0	475.9	2.4	peak_rss	1.0879602777777775	1	8	32.0	epyc		2026-09-23 12:09:00.420	2026-09-23 20:22:40.512	2026-09-23 20:36:41.219	annotate_trace.20260923_120820.txt	final
v1.9.0-rc1_conda_rust	Umbelopsis_ramanniana_AG	TRAIN_PREDICT:FUNANNOTATE_PREDICT	TRAIN_PREDICT:FUNANNOTATE_PREDICT (Umbelopsis_ramanniana_AG)	COMPLETED	0	806.0	449.4	3.4	peak_rss	1.0061566666666666	1	8	32.0	epyc		2026-09-23 12:09:12.424	2026-09-23 20:23:40.459	2026-09-23 20:36:41.271	annotate_trace.20260923_120820.txt	final
v1.9.0-rc1_conda_rust	Morchella_sextelata_SCLS	TRAIN_PREDICT:FUNANNOTATE_PREDICT	TRAIN_PREDICT:FUNANNOTATE_PREDICT (Morchella_sextelata_SCLS)	FAILED	1	59.9					1	8	32.0	epyc		2026-09-23 12:08:44.438	2026-09-23 20:36:41.179	2026-09-23 20:37:41.047	annotate_trace.20260923_120820.txt	overhead
v1.9.0-rc1_conda_rust	Batrachochytrium_dendrobatidis_JAM81	TRAIN_PREDICT:FUNANNOTATE_PREDICT	TRAIN_PREDICT:FUNANNOTATE_PREDICT (Batrachochytrium_dendrobatidis_JAM81)	COMPLETED	0	1017.0	399.5	1.7	peak_rss	1.1285874999999999	1	8	32.0	epyc		2026-09-23 12:08:58.433	2026-09-23 20:22:40.508	2026-09-23 20:39:41.212	annotate_trace.20260923_120820.txt	final
v1.9.0-rc1_conda_rust	Lipomyces_tetrasporus_NRRL_Y-64009	TRAIN_PREDICT:FUNANNOTATE_PREDICT	TRAIN_PREDICT:FUNANNOTATE_PREDICT (Lipomyces_tetrasporus_NRRL_Y-64009)	COMPLETED	0	1090.0	344.1	3.8	peak_rss	1.0418583333333333	1	8	32.0	epyc		2026-09-23 12:08:48.436	2026-09-23 20:22:40.461	2026-09-23 20:40:57.654	annotate_trace.20260923_120820.txt	final
v1.9.0-rc1_conda_rust	Protomyces_lactucae-debilis_12-1054	TRAIN_PREDICT:FUNANNOTATE_TRAIN	TRAIN_PREDICT:FUNANNOTATE_TRAIN (Protomyces_lactucae-debilis_12-1054)	COMPLETED	0	1330.0	151.2	1.6	peak_rss	0.5586	1	8	48.0	epyc		2026-09-23 12:09:10.446	2026-09-23 20:22:40.545	2026-09-23 20:44:41.558	annotate_trace.20260923_120820.txt	final
v1.9.0-rc1_conda_rust	Malassezia_sympodialis_ATCC_42132	TRAIN_PREDICT:FUNANNOTATE_PREDICT	TRAIN_PREDICT:FUNANNOTATE_PREDICT (Malassezia_sympodialis_ATCC_42132)	COMPLETED	0	645.0	483.9	2.8	peak_rss	0.8669874999999999	1	8	32.0	epyc		2026-09-23 12:08:46.444	2026-09-23 20:36:41.182	2026-09-23 20:46:41.516	annotate_trace.20260923_120820.txt	final
v1.9.0-rc1_conda_rust	Parastagonospora_nodorum_SN15	TRAIN_PREDICT:FUNANNOTATE_PREDICT	TRAIN_PREDICT:FUNANNOTATE_PREDICT (Parastagonospora_nodorum_SN15)	COMPLETED	0	1524.0	527.4	4.1	peak_rss	2.23266	1	8	32.0	epyc		2026-09-23 12:08:42.445	2026-09-23 20:22:40.414	2026-09-23 20:48:41.456	annotate_trace.20260923_120820.txt	final
v1.9.0-rc1_conda_rust	Mucor_mucedo_NRRL_3635	TRAIN_PREDICT:FUNANNOTATE_PREDICT	TRAIN_PREDICT:FUNANNOTATE_PREDICT (Mucor_mucedo_NRRL_3635)	COMPLETED	0	1584.0	441.4	3.8	peak_rss	1.9421599999999999	1	8	32.0	epyc		2026-09-23 12:08:50.531	2026-09-23 20:22:40.464	2026-09-23 20:49:41.507	annotate_trace.20260923_120820.txt	final
v1.9.0-rc1_conda_rust	Pseudogymnoascus_destructans_20631-21	TRAIN_PREDICT:FUNANNOTATE_TRAIN	TRAIN_PREDICT:FUNANNOTATE_TRAIN (Pseudogymnoascus_destructans_20631-21)	COMPLETED	0	1672.0	245.5	1.5	peak_rss	1.140211111111111	1	8	48.0	epyc		2026-09-23 12:09:14.440	2026-09-23 20:22:40.549	2026-09-23 20:50:41.482	annotate_trace.20260923_120820.txt	final
v1.9.0-rc1_conda_rust	Zymoseptoria_tritici_IPO323	TRAIN_PREDICT:FUNANNOTATE_PREDICT	TRAIN_PREDICT:FUNANNOTATE_PREDICT (Zymoseptoria_tritici_IPO323)	COMPLETED	0	1745.0	440.6	13.7	peak_rss	2.135686111111111	1	8	32.0	epyc		2026-09-23 12:09:02.443	2026-09-23 20:22:40.514	2026-09-23 20:51:41.573	annotate_trace.20260923_120820.txt	final
v1.9.0-rc1_conda_rust	Rhizopus_microsporus_ATCC_52813	TRAIN_PREDICT:FUNANNOTATE_TRAIN	TRAIN_PREDICT:FUNANNOTATE_TRAIN (Rhizopus_microsporus_ATCC_52813)	FAILED	1	1080.0					2	24	192.0	epyc		2026-09-23 19:06:40.743	2026-09-23 20:41:41.445	2026-09-23 20:59:41.893	annotate_trace.20260923_120820.txt	unresolved
v1.9.0-rc1_conda_rust	Morchella_sextelata_SCLS	TRAIN_PREDICT:FUNANNOTATE_PREDICT	TRAIN_PREDICT:FUNANNOTATE_PREDICT (Morchella_sextelata_SCLS)	COMPLETED	0	1307.0	769.3	9.0	peak_rss	2.792986388888889	2	16	64.0	epyc		2026-09-23 20:37:41.119	2026-09-23 20:38:41.263	2026-09-23 21:00:41.733	annotate_trace.20260923_120820.txt	final
v1.9.0-rc1_conda_rust	Protomyces_lactucae-debilis_12-1054	TRAIN_PREDICT:FUNANNOTATE_PREDICT	TRAIN_PREDICT:FUNANNOTATE_PREDICT (Protomyces_lactucae-debilis_12-1054)	COMPLETED	0	1011.0	518.9	3.5	peak_rss	1.4572441666666667	1	8	32.0	epyc		2026-09-23 20:44:41.829	2026-09-23 20:45:41.608	2026-09-23 21:02:41.992	annotate_trace.20260923_120820.txt	final
v1.9.0-rc1_conda_rust	Morchella_importuna_M04M26	TRAIN_PREDICT:FUNANNOTATE_TRAIN	TRAIN_PREDICT:FUNANNOTATE_TRAIN (Morchella_importuna_M04M26)	COMPLETED	0	2408.0	246.4	1.8	peak_rss	1.6481422222222222	1	8	48.0	epyc		2026-09-23 12:08:52.444	2026-09-23 20:22:40.468	2026-09-23 21:03:41.832	annotate_trace.20260923_120820.txt	final
v1.9.0-rc1_conda_rust	Tilletiaria_anomala_UBC_951	TRAIN_PREDICT:FUNANNOTATE_TRAIN	TRAIN_PREDICT:FUNANNOTATE_TRAIN (Tilletiaria_anomala_UBC_951)	COMPLETED	0	2561.0	113.9	1.3	peak_rss	0.8102719444444444	1	8	48.0	epyc		2026-09-23 12:08:56.450	2026-09-23 20:22:40.505	2026-09-23 21:05:42.075	annotate_trace.20260923_120820.txt	final
v1.9.0-rc1_conda_rust	Orbilia_oligospora_ATCC_24927	TRAIN_PREDICT:FUNANNOTATE_PREDICT	TRAIN_PREDICT:FUNANNOTATE_PREDICT (Orbilia_oligospora_ATCC_24927)	COMPLETED	0	1689.0	409.8	7.3	peak_rss	1.922645	1	8	32.0	epyc		2026-09-23 19:42:40.411	2026-09-23 20:37:41.261	2026-09-23 21:05:42.142	annotate_trace.20260923_120820.txt	final
v1.9.0-rc1_conda_rust	Tricharina_praecox_CBS_144465	TRAIN_PREDICT:FUNANNOTATE_TRAIN	TRAIN_PREDICT:FUNANNOTATE_TRAIN (Tricharina_praecox_CBS_144465)	COMPLETED	0	2972.0	177.4	1.7	peak_rss	1.4645355555555557	1	8	48.0	epyc		2026-09-23 12:09:06.445	2026-09-23 20:22:40.534	2026-09-23 21:12:42.348	annotate_trace.20260923_120820.txt	final
v1.9.0-rc1_conda_rust	Cokeromyces_recurvatus_NRRL_2243	TRAIN_PREDICT:FUNANNOTATE_TRAIN	TRAIN_PREDICT:FUNANNOTATE_TRAIN (Cokeromyces_recurvatus_NRRL_2243)	COMPLETED	0	2992.0	212.3	1.7	peak_rss	1.7644488888888892	1	8	48.0	epyc		2026-09-23 12:09:08.451	2026-09-23 20:22:40.542	2026-09-23 21:12:42.396	annotate_trace.20260923_120820.txt	final
v1.9.0-rc1_conda_rust	Pseudogymnoascus_destructans_20631-21	TRAIN_PREDICT:FUNANNOTATE_PREDICT	TRAIN_PREDICT:FUNANNOTATE_PREDICT (Pseudogymnoascus_destructans_20631-21)	COMPLETED	0	1914.0	501.9	3.3	peak_rss	2.6684349999999997	1	8	32.0	epyc		2026-09-23 20:50:57.174	2026-09-23 20:51:41.656	2026-09-23 21:23:42.671	annotate_trace.20260923_120820.txt	final
v1.9.0-rc1_conda_rust	Tilletiaria_anomala_UBC_951	TRAIN_PREDICT:FUNANNOTATE_PREDICT	TRAIN_PREDICT:FUNANNOTATE_PREDICT (Tilletiaria_anomala_UBC_951)	COMPLETED	0	1448.0	379.9	1.6	peak_rss	1.528042222222222	1	8	32.0	epyc		2026-09-23 21:05:42.295	2026-09-23 21:06:42.251	2026-09-23 21:31:42.795	annotate_trace.20260923_120820.txt	final
v1.9.0-rc1_conda_rust	Cokeromyces_recurvatus_NRRL_2243	TRAIN_PREDICT:FUNANNOTATE_PREDICT	TRAIN_PREDICT:FUNANNOTATE_PREDICT (Cokeromyces_recurvatus_NRRL_2243)	COMPLETED	0	1592.0	394.5	6.1	peak_rss	1.7445666666666666	1	8	32.0	epyc		2026-09-23 21:12:43.500	2026-09-23 21:13:42.302	2026-09-23 21:40:57.717	annotate_trace.20260923_120820.txt	final
v1.9.0-rc1_conda_rust	Morchella_importuna_M04M26	TRAIN_PREDICT:FUNANNOTATE_PREDICT	TRAIN_PREDICT:FUNANNOTATE_PREDICT (Morchella_importuna_M04M26)	COMPLETED	0	2171.0	486.9	3.8	peak_rss	2.9362775	1	8	32.0	epyc		2026-09-23 21:03:42.186	2026-09-23 21:04:42.014	2026-09-23 21:40:57.715	annotate_trace.20260923_120820.txt	final
v1.9.0-rc1_conda_rust	Tricharina_praecox_CBS_144465	TRAIN_PREDICT:FUNANNOTATE_PREDICT	TRAIN_PREDICT:FUNANNOTATE_PREDICT (Tricharina_praecox_CBS_144465)	COMPLETED	0	2174.0	390.4	4.5	peak_rss	2.3575822222222222	1	8	32.0	epyc		2026-09-23 21:12:42.624	2026-09-23 21:13:42.299	2026-09-23 21:50:59.397	annotate_trace.20260923_120820.txt	final
v1.9.0-rc1_conda_rust	Gaeumannomyces_tritici_R3-111a-1	TRAIN_PREDICT:FUNANNOTATE_PREDICT	TRAIN_PREDICT:FUNANNOTATE_PREDICT (Gaeumannomyces_tritici_R3-111a-1)	COMPLETED	0	5781.0	592.8	6.9	peak_rss	9.51938	1	8	32.0	epyc		2026-09-23 20:22:41.615	2026-09-23 20:38:41.253	2026-09-23 22:15:43.933	annotate_trace.20260923_120820.txt	final
v1.9.0-rc1_conda_rust	Rhizopus_microsporus_ATCC_52813	TRAIN_PREDICT:FUNANNOTATE_TRAIN	TRAIN_PREDICT:FUNANNOTATE_TRAIN (Rhizopus_microsporus_ATCC_52813)	FAILED	1	961.0					3	24	256.0	highmem		2026-09-23 20:59:42.031	2026-09-23 22:17:43.905	2026-09-23 22:33:44.812	annotate_trace.20260923_120820.txt	unresolved
v1.9.0-rc1_conda_rust	Trichosporon_asahii_CBS_2479	TRAIN_PREDICT:FUNANNOTATE_PREDICT	TRAIN_PREDICT:FUNANNOTATE_PREDICT (Trichosporon_asahii_CBS_2479)	COMPLETED	0	6953.0	647.3	4.0	peak_rss	12.501880277777778	1	8	32.0	epyc		2026-09-23 20:23:40.627	2026-09-23 20:38:41.256	2026-09-23 22:34:45.321	annotate_trace.20260923_120820.txt	final
v1.9.0-rc1_conda_rust	Chaetomium_globosum_CBS_148.51	TRAIN_PREDICT:FUNANNOTATE_PREDICT	TRAIN_PREDICT:FUNANNOTATE_PREDICT (Chaetomium_globosum_CBS_148.51)	COMPLETED	0	8022.0	534.0	4.6	peak_rss	11.8993	1	8	32.0	epyc		2026-09-23 20:22:40.645	2026-09-23 20:38:41.248	2026-09-23 22:52:45.537	annotate_trace.20260923_120820.txt	final
v1.9.0-rc1_container	-	ASM_STATS	ASM_STATS	COMPLETED	0	37.9	133.2	0.013800000000000002	rss	0.014022999999999997									annotate_trace.20260921_170849.txt	final
v1.9.0-rc1_container	-	SETUP_DBS:SETUP_MARIADB_DATADIR	SETUP_DBS:SETUP_MARIADB_DATADIR	COMPLETED	0	3.8	34.9	0.1512	rss	0.00036838888888888886									annotate_trace.20260921_170849.txt	final
v1.9.0-rc1_container	Phycomyces_blakesleeanus_NRRL_1555_-	MASK_GENOME:MASKREPEAT_TANTAN_RUN	MASK_GENOME:MASKREPEAT_TANTAN_RUN (Phycomyces_blakesleeanus_NRRL_1555_-)	COMPLETED	0	14.8	191.3	0.0751	rss	0.007864555555555557									annotate_trace.20260921_170849.txt	final
v1.9.0-rc1_container	Rhizopus_delemar_RA_99-880	MASK_GENOME:MASKREPEAT_TANTAN_RUN	MASK_GENOME:MASKREPEAT_TANTAN_RUN (Rhizopus_delemar_RA_99-880)	COMPLETED	0	12.3	178.9	0.08270000000000001	rss	0.006112416666666667									annotate_trace.20260921_170849.txt	final
v1.9.0-rc1_container	Rhizopus_microsporus_ATCC_52813	MASK_GENOME:MASKREPEAT_TANTAN_RUN	MASK_GENOME:MASKREPEAT_TANTAN_RUN (Rhizopus_microsporus_ATCC_52813)	COMPLETED	0	7.6	168.8	0.0635	rss	0.0035635555555555555									annotate_trace.20260921_170849.txt	final
v1.9.0-rc1_container	Cryptococcus_deneoformans_JEC21	MASK_GENOME:MASKREPEAT_TANTAN_RUN	MASK_GENOME:MASKREPEAT_TANTAN_RUN (Cryptococcus_deneoformans_JEC21)	COMPLETED	0	6.1	170.4	0.0623	rss	0.0028873333333333333									annotate_trace.20260921_170849.txt	final
v1.9.0-rc1_container	Rhodotorula_toruloides_NP11	MASK_GENOME:MASKREPEAT_TANTAN_RUN	MASK_GENOME:MASKREPEAT_TANTAN_RUN (Rhodotorula_toruloides_NP11)	COMPLETED	0	6.3	164.2	0.0587	rss	0.0028734999999999998									annotate_trace.20260921_170849.txt	final
v1.9.0-rc1_container	Cryptococcus_neoformans_H99	MASK_GENOME:MASKREPEAT_TANTAN_RUN	MASK_GENOME:MASKREPEAT_TANTAN_RUN (Cryptococcus_neoformans_H99)	COMPLETED	0	5.9	169.3	0.0619	rss	0.002774638888888889									annotate_trace.20260921_170849.txt	final
v1.9.0-rc1_container	Malassezia_globosa_CBS_7966	MASK_GENOME:MASKREPEAT_TANTAN_RUN	MASK_GENOME:MASKREPEAT_TANTAN_RUN (Malassezia_globosa_CBS_7966)	COMPLETED	0	3.6	143.9	0.0573	rss	0.0014390000000000002									annotate_trace.20260921_170849.txt	final
v1.9.0-rc1_container	Rhodotorula_graminis_WP1	MASK_GENOME:MASKREPEAT_TANTAN_RUN	MASK_GENOME:MASKREPEAT_TANTAN_RUN (Rhodotorula_graminis_WP1)	COMPLETED	0	6.3	162.7	0.0614	rss	0.0028472499999999995									annotate_trace.20260921_170849.txt	final
v1.9.0-rc1_container	Leptographium_clavigerum_kw1407	MASK_GENOME:MASKREPEAT_TANTAN_RUN	MASK_GENOME:MASKREPEAT_TANTAN_RUN (Leptographium_clavigerum_kw1407)	COMPLETED	0	8.7	162.1	0.0722	rss	0.003917416666666666									annotate_trace.20260921_170849.txt	final
v1.9.0-rc1_container	Pyricularia_oryzae_70-15	MASK_GENOME:MASKREPEAT_TANTAN_RUN	MASK_GENOME:MASKREPEAT_TANTAN_RUN (Pyricularia_oryzae_70-15)	COMPLETED	0	10.9	179.3	0.11900000000000001	rss	0.005428805555555556									annotate_trace.20260921_170849.txt	final
v1.9.0-rc1_container	Talaromyces_marneffei_ATCC_18224	MASK_GENOME:MASKREPEAT_TANTAN_RUN	MASK_GENOME:MASKREPEAT_TANTAN_RUN (Talaromyces_marneffei_ATCC_18224)	COMPLETED	0	8.0	197.4	0.0859	rss	0.004386666666666666									annotate_trace.20260921_170849.txt	final
v1.9.0-rc1_container	Parastagonospora_nodorum_SN15	MASK_GENOME:MASKREPEAT_TANTAN_RUN	MASK_GENOME:MASKREPEAT_TANTAN_RUN (Parastagonospora_nodorum_SN15)	COMPLETED	0	9.1	205.3	0.06420000000000001	rss	0.005189527777777777									annotate_trace.20260921_170849.txt	final
v1.9.0-rc1_container	Orbilia_oligospora_ATCC_24927	MASK_GENOME:MASKREPEAT_TANTAN_RUN	MASK_GENOME:MASKREPEAT_TANTAN_RUN (Orbilia_oligospora_ATCC_24927)	COMPLETED	0	10.0	195.0	0.0735	rss	0.005416666666666667									annotate_trace.20260921_170849.txt	final
v1.9.0-rc1_container	Pyrenophora_tritici-repentis_Pt-1C-BFP	MASK_GENOME:MASKREPEAT_TANTAN_RUN	MASK_GENOME:MASKREPEAT_TANTAN_RUN (Pyrenophora_tritici-repentis_Pt-1C-BFP)	COMPLETED	0	9.6	201.1	0.0718	rss	0.005362666666666667									annotate_trace.20260921_170849.txt	final
v1.9.0-rc1_container	Kluyveromyces_lactis_NRRL_Y-1140	MASK_GENOME:MASKREPEAT_TANTAN_RUN	MASK_GENOME:MASKREPEAT_TANTAN_RUN (Kluyveromyces_lactis_NRRL_Y-1140)	COMPLETED	0	8.5	118.7	0.06770000000000001	rss	0.0028026388888888892									annotate_trace.20260921_170849.txt	final
v1.9.0-rc1_container	Morchella_importuna_M04M26	MASK_GENOME:MASKREPEAT_TANTAN_RUN	MASK_GENOME:MASKREPEAT_TANTAN_RUN (Morchella_importuna_M04M26)	COMPLETED	0	13.6	199.4	0.0695	rss	0.0075328888888888884									annotate_trace.20260921_170849.txt	final
v1.9.0-rc1_container	Yarrowia_lipolytica_CLIB122	MASK_GENOME:MASKREPEAT_TANTAN_RUN	MASK_GENOME:MASKREPEAT_TANTAN_RUN (Yarrowia_lipolytica_CLIB122)	COMPLETED	0	5.3	195.8	0.0722	rss	0.0028826111111111114									annotate_trace.20260921_170849.txt	final
v1.9.0-rc1_container	Tilletiaria_anomala_UBC_951	MASK_GENOME:MASKREPEAT_TANTAN_RUN	MASK_GENOME:MASKREPEAT_TANTAN_RUN (Tilletiaria_anomala_UBC_951)	COMPLETED	0	5.0	194.5	0.053700000000000005	rss	0.002701388888888889									annotate_trace.20260921_170849.txt	final
v1.9.0-rc1_container	Pyrenophora_teres_0-1	MASK_GENOME:MASKREPEAT_TANTAN_RUN	MASK_GENOME:MASKREPEAT_TANTAN_RUN (Pyrenophora_teres_0-1)	COMPLETED	0	7.8	197.7	0.0588	rss	0.004283499999999999									annotate_trace.20260921_170849.txt	final
v1.9.0-rc1_container	Nakaseomyces_glabratus_CBS_138	MASK_GENOME:MASKREPEAT_TANTAN_RUN	MASK_GENOME:MASKREPEAT_TANTAN_RUN (Nakaseomyces_glabratus_CBS_138)	COMPLETED	0	3.7	196.7	0.0586	rss	0.002021638888888889									annotate_trace.20260921_170849.txt	final
v1.9.0-rc1_container	Cystobasidium_minutum_MCA_4210	MASK_GENOME:MASKREPEAT_TANTAN_RUN	MASK_GENOME:MASKREPEAT_TANTAN_RUN (Cystobasidium_minutum_MCA_4210)	COMPLETED	0	6.1	193.5	0.0719	rss	0.00327875									annotate_trace.20260921_170849.txt	final
v1.9.0-rc1_container	Tilletiopsis_washingtonensis_MCA_4186	MASK_GENOME:MASKREPEAT_TANTAN_RUN	MASK_GENOME:MASKREPEAT_TANTAN_RUN (Tilletiopsis_washingtonensis_MCA_4186)	COMPLETED	0	5.0	187.4	0.056100000000000004	rss	0.002602777777777778									annotate_trace.20260921_170849.txt	final
v1.9.0-rc1_container	Botrytis_cinerea_B05.10	MASK_GENOME:MASKREPEAT_TANTAN_RUN	MASK_GENOME:MASKREPEAT_TANTAN_RUN (Botrytis_cinerea_B05.10)	COMPLETED	0	10.3	195.6	0.0719	rss	0.005596333333333333									annotate_trace.20260921_170849.txt	final
v1.9.0-rc1_container	Aspergillus_fumigatus_Af293	MASK_GENOME:MASKREPEAT_TANTAN_RUN	MASK_GENOME:MASKREPEAT_TANTAN_RUN (Aspergillus_fumigatus_Af293)	COMPLETED	0	7.8	198.3	0.0768	rss	0.0042965									annotate_trace.20260921_170849.txt	final
v1.9.0-rc1_container	Schizophyllum_commune_H4-8	MASK_GENOME:MASKREPEAT_TANTAN_RUN	MASK_GENOME:MASKREPEAT_TANTAN_RUN (Schizophyllum_commune_H4-8)	COMPLETED	0	10.1	198.6	0.0741	rss	0.005571833333333333									annotate_trace.20260921_170849.txt	final
v1.9.0-rc1_container	Aspergillus_clavatus_NRRL_1	MASK_GENOME:MASKREPEAT_TANTAN_RUN	MASK_GENOME:MASKREPEAT_TANTAN_RUN (Aspergillus_clavatus_NRRL_1)	COMPLETED	0	7.0	200.4	0.06770000000000001	rss	0.0038966666666666668									annotate_trace.20260921_170849.txt	final
v1.9.0-rc1_container	Zygosaccharomyces_rouxii_CBS_732	MASK_GENOME:MASKREPEAT_TANTAN_RUN	MASK_GENOME:MASKREPEAT_TANTAN_RUN (Zygosaccharomyces_rouxii_CBS_732)	COMPLETED	0	3.1	188.1	0.0582	rss	0.00161975									annotate_trace.20260921_170849.txt	final
v1.9.0-rc1_container	Tremella_mesenterica_Fries	MASK_GENOME:MASKREPEAT_TANTAN_RUN	MASK_GENOME:MASKREPEAT_TANTAN_RUN (Tremella_mesenterica_Fries)	COMPLETED	0	7.6	192.3	0.0838	rss	0.004059666666666666									annotate_trace.20260921_170849.txt	final
v1.9.0-rc1_container	Morchella_sextelata_SCLS	MASK_GENOME:MASKREPEAT_TANTAN_RUN	MASK_GENOME:MASKREPEAT_TANTAN_RUN (Morchella_sextelata_SCLS)	COMPLETED	0	12.8	196.4	0.0707	rss	0.006983111111111111									annotate_trace.20260921_170849.txt	final
v1.9.0-rc1_container	Mixia_osmundae_IAM_14324	MASK_GENOME:MASKREPEAT_TANTAN_RUN	MASK_GENOME:MASKREPEAT_TANTAN_RUN (Mixia_osmundae_IAM_14324)	COMPLETED	0	3.9	191.5	0.0592	rss	0.0020745833333333332									annotate_trace.20260921_170849.txt	final
v1.9.0-rc1_container	Malassezia_sympodialis_ATCC_42132	MASK_GENOME:MASKREPEAT_TANTAN_RUN	MASK_GENOME:MASKREPEAT_TANTAN_RUN (Malassezia_sympodialis_ATCC_42132)	COMPLETED	0	2.5	186.4	0.055	rss	0.0012944444444444446									annotate_trace.20260921_170849.txt	final
v1.9.0-rc1_container	Mucor_mucedo_NRRL_3635	MASK_GENOME:MASKREPEAT_TANTAN_RUN	MASK_GENOME:MASKREPEAT_TANTAN_RUN (Mucor_mucedo_NRRL_3635)	COMPLETED	0	11.4	194.2	0.0541	rss	0.006149666666666666									annotate_trace.20260921_170849.txt	final
v1.9.0-rc1_container	Lipomyces_tetrasporus_NRRL_Y-64009	MASK_GENOME:MASKREPEAT_TANTAN_RUN	MASK_GENOME:MASKREPEAT_TANTAN_RUN (Lipomyces_tetrasporus_NRRL_Y-64009)	COMPLETED	0	5.5	200.3	0.06490000000000001	rss	0.003060138888888889									annotate_trace.20260921_170849.txt	final
v1.9.0-rc1_container	Chaetomium_globosum_CBS_148.51	MASK_GENOME:MASKREPEAT_TANTAN_RUN	MASK_GENOME:MASKREPEAT_TANTAN_RUN (Chaetomium_globosum_CBS_148.51)	COMPLETED	0	8.9	192.0	0.0859	rss	0.004746666666666667									annotate_trace.20260921_170849.txt	final
v1.9.0-rc1_container	Gaeumannomyces_tritici_R3-111a-1	MASK_GENOME:MASKREPEAT_TANTAN_RUN	MASK_GENOME:MASKREPEAT_TANTAN_RUN (Gaeumannomyces_tritici_R3-111a-1)	COMPLETED	0	10.7	190.7	0.0927	rss	0.005668027777777777									annotate_trace.20260921_170849.txt	final
v1.9.0-rc1_container	Sclerotinia_sclerotiorum_1980	MASK_GENOME:MASKREPEAT_TANTAN_RUN	MASK_GENOME:MASKREPEAT_TANTAN_RUN (Sclerotinia_sclerotiorum_1980)	COMPLETED	0	9.5	197.3	0.0685	rss	0.005206527777777778									annotate_trace.20260921_170849.txt	final
v1.9.0-rc1_container	Talaromyces_stipitatus_ATCC_10500	MASK_GENOME:MASKREPEAT_TANTAN_RUN	MASK_GENOME:MASKREPEAT_TANTAN_RUN (Talaromyces_stipitatus_ATCC_10500)	COMPLETED	0	8.6	200.0	0.0834	rss	0.0047777777777777775									annotate_trace.20260921_170849.txt	final
v1.9.0-rc1_container	Sporobolomyces_salmoneus_JCM6883	MASK_GENOME:MASKREPEAT_TANTAN_RUN	MASK_GENOME:MASKREPEAT_TANTAN_RUN (Sporobolomyces_salmoneus_JCM6883)	COMPLETED	0	5.3	193.0	0.055	rss	0.002841388888888889									annotate_trace.20260921_170849.txt	final
v1.9.0-rc1_container	Tricharina_praecox_CBS_144465	MASK_GENOME:MASKREPEAT_TANTAN_RUN	MASK_GENOME:MASKREPEAT_TANTAN_RUN (Tricharina_praecox_CBS_144465)	COMPLETED	0	9.4	194.1	0.0683	rss	0.005068166666666667									annotate_trace.20260921_170849.txt	final
v1.9.0-rc1_container	Protomyces_lactucae-debilis_12-1054	MASK_GENOME:MASKREPEAT_TANTAN_RUN	MASK_GENOME:MASKREPEAT_TANTAN_RUN (Protomyces_lactucae-debilis_12-1054)	COMPLETED	0	3.7	189.4	0.055200000000000006	rss	0.0019466111111111114									annotate_trace.20260921_170849.txt	final
v1.9.0-rc1_container	Eremothecium_gossypii_ATCC_10895	MASK_GENOME:MASKREPEAT_TANTAN_RUN	MASK_GENOME:MASKREPEAT_TANTAN_RUN (Eremothecium_gossypii_ATCC_10895)	COMPLETED	0	3.0	185.6	0.055299999999999995	rss	0.0015466666666666667									annotate_trace.20260921_170849.txt	final
v1.9.0-rc1_container	Pseudogymnoascus_destructans_20631-21	MASK_GENOME:MASKREPEAT_TANTAN_RUN	MASK_GENOME:MASKREPEAT_TANTAN_RUN (Pseudogymnoascus_destructans_20631-21)	COMPLETED	0	7.4	188.7	0.0526	rss	0.003878833333333333									annotate_trace.20260921_170849.txt	final
v1.9.0-rc1_container	Batrachochytrium_dendrobatidis_JAM81	MASK_GENOME:MASKREPEAT_TANTAN_RUN	MASK_GENOME:MASKREPEAT_TANTAN_RUN (Batrachochytrium_dendrobatidis_JAM81)	COMPLETED	0	5.9	194.8	0.074	rss	0.003192555555555556									annotate_trace.20260921_170849.txt	final
v1.9.0-rc1_container	Lachancea_thermotolerans_CBS_6340	MASK_GENOME:MASKREPEAT_TANTAN_RUN	MASK_GENOME:MASKREPEAT_TANTAN_RUN (Lachancea_thermotolerans_CBS_6340)	COMPLETED	0	3.1	194.8	0.0586	rss	0.0016774444444444445									annotate_trace.20260921_170849.txt	final
v1.9.0-rc1_container	Colletotrichum_graminicola_M1.001	MASK_GENOME:MASKREPEAT_TANTAN_RUN	MASK_GENOME:MASKREPEAT_TANTAN_RUN (Colletotrichum_graminicola_M1.001)	COMPLETED	0	12.0	195.3	0.0603	rss	0.006510000000000001									annotate_trace.20260921_170849.txt	final
v1.9.0-rc1_container	-	SETUP_DBS:SETUP_AUGUSTUS_CONFIG	SETUP_DBS:SETUP_AUGUSTUS_CONFIG	COMPLETED	0	1.9	20.8	0.005	rss	0.00010977777777777777									annotate_trace.20260921_170849.txt	final
v1.9.0-rc1_container	Allomyces_macrogynus_ATCC_38327	MASK_GENOME:MASKREPEAT_TANTAN_RUN	MASK_GENOME:MASKREPEAT_TANTAN_RUN (Allomyces_macrogynus_ATCC_38327)	COMPLETED	0	12.2	190.9	0.0683	rss	0.006469388888888889									annotate_trace.20260921_170849.txt	final
v1.9.0-rc1_container	Spizellomyces_punctatus_DAOM_BR117	MASK_GENOME:MASKREPEAT_TANTAN_RUN	MASK_GENOME:MASKREPEAT_TANTAN_RUN (Spizellomyces_punctatus_DAOM_BR117)	COMPLETED	0	7.1	169.2	0.0623	rss	0.0033369999999999997									annotate_trace.20260921_170849.txt	final
v1.9.0-rc1_container	Sporobolomyces_koalae_JCM15063	MASK_GENOME:MASKREPEAT_TANTAN_RUN	MASK_GENOME:MASKREPEAT_TANTAN_RUN (Sporobolomyces_koalae_JCM15063)	COMPLETED	0	4.7	196.1	0.061	rss	0.0025601944444444444									annotate_trace.20260921_170849.txt	final
v1.9.0-rc1_container	Dactylellina_haptotyla_CBS_200.50	MASK_GENOME:MASKREPEAT_TANTAN_RUN	MASK_GENOME:MASKREPEAT_TANTAN_RUN (Dactylellina_haptotyla_CBS_200.50)	COMPLETED	0	9.7	195.6	0.060700000000000004	rss	0.005270333333333333									annotate_trace.20260921_170849.txt	final
v1.9.0-rc1_container	Cokeromyces_recurvatus_NRRL_2243	MASK_GENOME:MASKREPEAT_TANTAN_RUN	MASK_GENOME:MASKREPEAT_TANTAN_RUN (Cokeromyces_recurvatus_NRRL_2243)	COMPLETED	0	7.1	196.2	0.0634	rss	0.0038694999999999997									annotate_trace.20260921_170849.txt	final
v1.9.0-rc1_container	Trichosporon_asahii_CBS_2479	MASK_GENOME:MASKREPEAT_TANTAN_RUN	MASK_GENOME:MASKREPEAT_TANTAN_RUN (Trichosporon_asahii_CBS_2479)	COMPLETED	0	6.4	203.9	0.06459999999999999	rss	0.0036248888888888893									annotate_trace.20260921_170849.txt	final
v1.9.0-rc1_container	Uncinocarpus_reesii_1704	MASK_GENOME:MASKREPEAT_TANTAN_RUN	MASK_GENOME:MASKREPEAT_TANTAN_RUN (Uncinocarpus_reesii_1704)	COMPLETED	0	6.4	194.7	0.09190000000000001	rss	0.003461333333333333									annotate_trace.20260921_170849.txt	final
v1.9.0-rc1_container	Umbelopsis_ramanniana_AG	MASK_GENOME:MASKREPEAT_TANTAN_RUN	MASK_GENOME:MASKREPEAT_TANTAN_RUN (Umbelopsis_ramanniana_AG)	COMPLETED	0	5.9	195.2	0.0549	rss	0.0031991111111111113									annotate_trace.20260921_170849.txt	final
v1.9.0-rc1_container	Synchytrium_microbalum_JEL517	MASK_GENOME:MASKREPEAT_TANTAN_RUN	MASK_GENOME:MASKREPEAT_TANTAN_RUN (Synchytrium_microbalum_JEL517)	COMPLETED	0	6.7	192.2	0.0583	rss	0.0035770555555555555									annotate_trace.20260921_170849.txt	final
v1.9.0-rc1_container	Fusarium_verticillioides_7600	MASK_GENOME:MASKREPEAT_TANTAN_RUN	MASK_GENOME:MASKREPEAT_TANTAN_RUN (Fusarium_verticillioides_7600)	COMPLETED	0	10.3	195.3	0.0844	rss	0.00558775									annotate_trace.20260921_170849.txt	final
v1.9.0-rc1_container	Drepanopeziza_brunnea_MB_m1	MASK_GENOME:MASKREPEAT_TANTAN_RUN	MASK_GENOME:MASKREPEAT_TANTAN_RUN (Drepanopeziza_brunnea_MB_m1)	COMPLETED	0	12.9	192.3	0.07970000000000001	rss	0.00689075									annotate_trace.20260921_170849.txt	final
v1.9.0-rc1_container	Saccharomyces_cerevisiae_S288C	MASK_GENOME:MASKREPEAT_TANTAN_RUN	MASK_GENOME:MASKREPEAT_TANTAN_RUN (Saccharomyces_cerevisiae_S288C)	COMPLETED	0	3.5	194.1	0.0585	rss	0.001887083333333333									annotate_trace.20260921_170849.txt	final
v1.9.0-rc1_container	Letharia_columbiana_WasteWater2	MASK_GENOME:MASKREPEAT_TANTAN_RUN	MASK_GENOME:MASKREPEAT_TANTAN_RUN (Letharia_columbiana_WasteWater2)	COMPLETED	0	13.0	188.9	0.0635	rss	0.006821388888888889									annotate_trace.20260921_170849.txt	final
v1.9.0-rc1_container	Zymoseptoria_tritici_IPO323	MASK_GENOME:MASKREPEAT_TANTAN_RUN	MASK_GENOME:MASKREPEAT_TANTAN_RUN (Zymoseptoria_tritici_IPO323)	COMPLETED	0	9.5	196.4	0.07200000000000001	rss	0.0051827777777777775									annotate_trace.20260921_170849.txt	final
v1.9.0-rc1_container	Wallemia_mellicola_CBS_633.66	MASK_GENOME:MASKREPEAT_TANTAN_RUN	MASK_GENOME:MASKREPEAT_TANTAN_RUN (Wallemia_mellicola_CBS_633.66)	COMPLETED	0	3.0	190.8	0.0546	rss	0.0015900000000000003									annotate_trace.20260921_170849.txt	final
v1.9.0-rc1_container	Fusarium_oxysporum_4287	MASK_GENOME:MASKREPEAT_TANTAN_RUN	MASK_GENOME:MASKREPEAT_TANTAN_RUN (Fusarium_oxysporum_4287)	COMPLETED	0	14.2	199.1	0.088	rss	0.007853388888888887									annotate_trace.20260921_170849.txt	final
v1.9.0-rc1_container	Laccaria_bicolor_S238N-H82	MASK_GENOME:MASKREPEAT_TANTAN_RUN	MASK_GENOME:MASKREPEAT_TANTAN_RUN (Laccaria_bicolor_S238N-H82)	COMPLETED	0	14.7	189.8	0.0694	rss	0.0077501666666666665									annotate_trace.20260921_170849.txt	final
v1.9.0-rc1_container	Blastomyces_dermatitidis_ER-3	MASK_GENOME:MASKREPEAT_TANTAN_RUN	MASK_GENOME:MASKREPEAT_TANTAN_RUN (Blastomyces_dermatitidis_ER-3)	COMPLETED	0	15.5	192.3	0.105	rss	0.008279583333333333									annotate_trace.20260921_170849.txt	final
v1.9.0-rc1_container	Sugiyamaella_lignohabitans_CBS_10342	MASK_GENOME:MASKREPEAT_TANTAN_RUN	MASK_GENOME:MASKREPEAT_TANTAN_RUN (Sugiyamaella_lignohabitans_CBS_10342)	COMPLETED	0	4.4	184.4	0.0691	rss	0.002253777777777778									annotate_trace.20260921_170849.txt	final
v1.9.0-rc1_container	Pneumocystis_murina_B123	MASK_GENOME:MASKREPEAT_TANTAN_RUN	MASK_GENOME:MASKREPEAT_TANTAN_RUN (Pneumocystis_murina_B123)	COMPLETED	0	2.6	174.1	0.053899999999999997	rss	0.0012573888888888888									annotate_trace.20260921_170849.txt	final
v1.9.0-rc1_container	-	FETCH_RNASEQ:COLLECT_SRA_QUERY	FETCH_RNASEQ:COLLECT_SRA_QUERY	COMPLETED	0	0.0	58.9	0.0031000000000000003	rss	0.0									annotate_trace.20260921_170849.txt	final
v1.9.0-rc1_container	Rhizopus_microsporus	TRAIN_PREDICT:RNASEQ_PREPARE	TRAIN_PREDICT:RNASEQ_PREPARE (Rhizopus_microsporus)	COMPLETED	0	970.0	915.5	6.6	rss	2.4667638888888885									annotate_trace.20260921_170849.txt	final
v1.9.0-rc1_container	Phycomyces_blakesleeanus	TRAIN_PREDICT:RNASEQ_PREPARE	TRAIN_PREDICT:RNASEQ_PREPARE (Phycomyces_blakesleeanus)	COMPLETED	0	5900.0	1211.9	3.0	rss	19.861694444444446									annotate_trace.20260921_170849.txt	final
v1.9.0-rc1_container	Rhizopus_delemar	TRAIN_PREDICT:RNASEQ_PREPARE	TRAIN_PREDICT:RNASEQ_PREPARE (Rhizopus_delemar)	COMPLETED	0	6928.0	1203.8	3.2	rss	23.166462222222222									annotate_trace.20260921_170849.txt	final
v1.9.0-rc1_container	Malassezia_globosa	TRAIN_PREDICT:RNASEQ_PREPARE	TRAIN_PREDICT:RNASEQ_PREPARE (Malassezia_globosa)	COMPLETED	0	1374.0	1241.2	1.5	rss	4.737246666666667									annotate_trace.20260921_170849.txt	final
v1.9.0-rc1_container	Cryptococcus_deneoformans	TRAIN_PREDICT:RNASEQ_PREPARE	TRAIN_PREDICT:RNASEQ_PREPARE (Cryptococcus_deneoformans)	COMPLETED	0	2704.0	1121.3	3.0	rss	8.422208888888887									annotate_trace.20260921_170849.txt	final
v1.9.0-rc1_container	Rhodotorula_toruloides_NP11	TRAIN_PREDICT:FUNANNOTATE_PREDICT	TRAIN_PREDICT:FUNANNOTATE_PREDICT (Rhodotorula_toruloides_NP11)	COMPLETED	0	3141.0	651.1	4.2	rss	5.6808475000000005									annotate_trace.20260921_170849.txt	final
v1.9.0-rc1_container	Cryptococcus_neoformans	TRAIN_PREDICT:RNASEQ_PREPARE	TRAIN_PREDICT:RNASEQ_PREPARE (Cryptococcus_neoformans)	COMPLETED	0	2366.0	1234.9	2.2	rss	8.116037222222223									annotate_trace.20260921_170849.txt	final
v1.9.0-rc1_container	Rhodotorula_graminis_WP1	TRAIN_PREDICT:FUNANNOTATE_PREDICT	TRAIN_PREDICT:FUNANNOTATE_PREDICT (Rhodotorula_graminis_WP1)	COMPLETED	0	3744.0	624.9	8.7	rss	6.49896									annotate_trace.20260921_170849.txt	final
v1.9.0-rc1_container	Spizellomyces_punctatus_DAOM_BR117	TRAIN_PREDICT:FUNANNOTATE_PREDICT	TRAIN_PREDICT:FUNANNOTATE_PREDICT (Spizellomyces_punctatus_DAOM_BR117)	FAILED	1	0.003													annotate_trace.20260921_170849.txt	overhead
v1.9.0-rc1_container	Eremothecium_gossypii_ATCC_10895	TRAIN_PREDICT:FUNANNOTATE_PREDICT	TRAIN_PREDICT:FUNANNOTATE_PREDICT (Eremothecium_gossypii_ATCC_10895)	FAILED	1	75.0													annotate_trace.20260921_170849.txt	overhead
v1.9.0-rc1_container	Talaromyces_stipitatus_ATCC_10500	TRAIN_PREDICT:FUNANNOTATE_PREDICT	TRAIN_PREDICT:FUNANNOTATE_PREDICT (Talaromyces_stipitatus_ATCC_10500)	FAILED	1	75.0													annotate_trace.20260921_170849.txt	overhead
v1.9.0-rc1_container	Sporobolomyces_salmoneus_JCM6883	TRAIN_PREDICT:FUNANNOTATE_PREDICT	TRAIN_PREDICT:FUNANNOTATE_PREDICT (Sporobolomyces_salmoneus_JCM6883)	FAILED	1	0.003													annotate_trace.20260921_170849.txt	overhead
v1.9.0-rc1_container	Aspergillus_clavatus_NRRL_1	TRAIN_PREDICT:FUNANNOTATE_PREDICT	TRAIN_PREDICT:FUNANNOTATE_PREDICT (Aspergillus_clavatus_NRRL_1)	FAILED	1	0.003													annotate_trace.20260921_170849.txt	overhead
v1.9.0-rc1_container	Tremella_mesenterica_Fries	TRAIN_PREDICT:FUNANNOTATE_PREDICT	TRAIN_PREDICT:FUNANNOTATE_PREDICT (Tremella_mesenterica_Fries)	FAILED	1	0.002													annotate_trace.20260921_170849.txt	overhead
v1.9.0-rc1_container	Talaromyces_marneffei	TRAIN_PREDICT:RNASEQ_PREPARE	TRAIN_PREDICT:RNASEQ_PREPARE (Talaromyces_marneffei)	COMPLETED	0	3833.0	1221.0	7.7	rss	13.000258333333333									annotate_trace.20260921_170849.txt	final
v1.9.0-rc1_container	Zygosaccharomyces_rouxii	TRAIN_PREDICT:RNASEQ_PREPARE	TRAIN_PREDICT:RNASEQ_PREPARE (Zygosaccharomyces_rouxii)	COMPLETED	0	976.0	1323.6	2.6	rss	3.588426666666667									annotate_trace.20260921_170849.txt	final
v1.9.0-rc1_container	Mixia_osmundae_IAM_14324	TRAIN_PREDICT:FUNANNOTATE_PREDICT	TRAIN_PREDICT:FUNANNOTATE_PREDICT (Mixia_osmundae_IAM_14324)	FAILED	1	0.005													annotate_trace.20260921_170849.txt	overhead
v1.9.0-rc1_container	Dactylellina_haptotyla_CBS_200.50	TRAIN_PREDICT:FUNANNOTATE_PREDICT	TRAIN_PREDICT:FUNANNOTATE_PREDICT (Dactylellina_haptotyla_CBS_200.50)	FAILED	-	1980.0													annotate_trace.20260921_170849.txt	overhead
v1.9.0-rc1_container	Morchella_sextelata	TRAIN_PREDICT:RNASEQ_PREPARE	TRAIN_PREDICT:RNASEQ_PREPARE (Morchella_sextelata)	FAILED	-	1980.0													annotate_trace.20260921_170849.txt	overhead
v1.9.0-rc1_container	Sugiyamaella_lignohabitans_CBS_10342	TRAIN_PREDICT:FUNANNOTATE_PREDICT	TRAIN_PREDICT:FUNANNOTATE_PREDICT (Sugiyamaella_lignohabitans_CBS_10342)	FAILED	1	0.003													annotate_trace.20260921_170849.txt	overhead
v1.9.0-rc1_container	Botrytis_cinerea	TRAIN_PREDICT:RNASEQ_PREPARE	TRAIN_PREDICT:RNASEQ_PREPARE (Botrytis_cinerea)	FAILED	-	1980.0													annotate_trace.20260921_170849.txt	overhead
v1.9.0-rc1_container	Schizophyllum_commune	TRAIN_PREDICT:RNASEQ_PREPARE	TRAIN_PREDICT:RNASEQ_PREPARE (Schizophyllum_commune)	FAILED	-	1980.0													annotate_trace.20260921_170849.txt	overhead
v1.9.0-rc1_container	Tilletiopsis_washingtonensis	TRAIN_PREDICT:RNASEQ_PREPARE	TRAIN_PREDICT:RNASEQ_PREPARE (Tilletiopsis_washingtonensis)	FAILED	-	1980.0													annotate_trace.20260921_170849.txt	overhead
v1.9.0-rc1_container	Pyrenophora_teres	TRAIN_PREDICT:RNASEQ_PREPARE	TRAIN_PREDICT:RNASEQ_PREPARE (Pyrenophora_teres)	COMPLETED	0	1386.0	1314.4	4.4	rss	5.06044									annotate_trace.20260921_170849.txt	final
v1.9.0-rc1_container	Pyricularia_oryzae_70-15	TRAIN_PREDICT:FUNANNOTATE_PREDICT	TRAIN_PREDICT:FUNANNOTATE_PREDICT (Pyricularia_oryzae_70-15)	COMPLETED	0	6526.0	620.6	6.8	rss	11.250098888888889									annotate_trace.20260921_170849.txt	final
v1.9.0-rc1_container	Aspergillus_fumigatus	TRAIN_PREDICT:RNASEQ_PREPARE	TRAIN_PREDICT:RNASEQ_PREPARE (Aspergillus_fumigatus)	FAILED	-	1980.0													annotate_trace.20260921_170849.txt	overhead
v1.9.0-rc1_container	Parastagonospora_nodorum	TRAIN_PREDICT:RNASEQ_PREPARE	TRAIN_PREDICT:RNASEQ_PREPARE (Parastagonospora_nodorum)	COMPLETED	0	4912.0	1176.7	3.9	rss	16.055417777777777									annotate_trace.20260921_170849.txt	final
v1.9.0-rc1_container	Pyrenophora_tritici-repentis	TRAIN_PREDICT:RNASEQ_PREPARE	TRAIN_PREDICT:RNASEQ_PREPARE (Pyrenophora_tritici-repentis)	COMPLETED	0	4705.0	1122.4	3.7	rss	14.669144444444445									annotate_trace.20260921_170849.txt	final
v1.9.0-rc1_container	Nakaseomyces_glabratus_CBS_138	TRAIN_PREDICT:FUNANNOTATE_PREDICT	TRAIN_PREDICT:FUNANNOTATE_PREDICT (Nakaseomyces_glabratus_CBS_138)	COMPLETED	0	4546.0	647.4	5.4	rss	8.175223333333333									annotate_trace.20260921_170849.txt	final
v1.9.0-rc1_container	Malassezia_sympodialis	TRAIN_PREDICT:RNASEQ_PREPARE	TRAIN_PREDICT:RNASEQ_PREPARE (Malassezia_sympodialis)	COMPLETED	0	1147.0	1211.6	1.2	rss	3.8602922222222222									annotate_trace.20260921_170849.txt	final
v1.9.0-rc1_container	Blastomyces_dermatitidis_ER-3	TRAIN_PREDICT:FUNANNOTATE_PREDICT	TRAIN_PREDICT:FUNANNOTATE_PREDICT (Blastomyces_dermatitidis_ER-3)	FAILED	-	1980.0													annotate_trace.20260921_170849.txt	overhead
v1.9.0-rc1_container	Orbilia_oligospora	TRAIN_PREDICT:RNASEQ_PREPARE	TRAIN_PREDICT:RNASEQ_PREPARE (Orbilia_oligospora)	COMPLETED	0	3302.0	1314.1	3.3	rss	12.053217222222221									annotate_trace.20260921_170849.txt	final
v1.9.0-rc1_container	Leptographium_clavigerum_kw1407	TRAIN_PREDICT:FUNANNOTATE_PREDICT	TRAIN_PREDICT:FUNANNOTATE_PREDICT (Leptographium_clavigerum_kw1407)	COMPLETED	0	6128.0	657.7	5.4	rss	11.195515555555557									annotate_trace.20260921_170849.txt	final
v1.9.0-rc1_container	Kluyveromyces_lactis	TRAIN_PREDICT:RNASEQ_PREPARE	TRAIN_PREDICT:RNASEQ_PREPARE (Kluyveromyces_lactis)	COMPLETED	0	1516.0	1252.1	5.0	rss	5.2727322222222215									annotate_trace.20260921_170849.txt	final
v1.9.0-rc1_container	Yarrowia_lipolytica	TRAIN_PREDICT:RNASEQ_PREPARE	TRAIN_PREDICT:RNASEQ_PREPARE (Yarrowia_lipolytica)	FAILED	-	1980.0													annotate_trace.20260921_170849.txt	overhead
v1.9.0-rc1_container	Cystobasidium_minutum_MCA_4210	TRAIN_PREDICT:FUNANNOTATE_PREDICT	TRAIN_PREDICT:FUNANNOTATE_PREDICT (Cystobasidium_minutum_MCA_4210)	COMPLETED	0	5116.0	545.0	8.4	rss	7.745055555555556									annotate_trace.20260921_170849.txt	final
v1.9.0-rc1_container	Morchella_importuna	TRAIN_PREDICT:RNASEQ_PREPARE	TRAIN_PREDICT:RNASEQ_PREPARE (Morchella_importuna)	FAILED	-	1980.0													annotate_trace.20260921_170849.txt	overhead
v1.9.0-rc1_container	Tilletiaria_anomala	TRAIN_PREDICT:RNASEQ_PREPARE	TRAIN_PREDICT:RNASEQ_PREPARE (Tilletiaria_anomala)	FAILED	-	1980.0													annotate_trace.20260921_170849.txt	overhead
v1.9.0-rc1_container	Sporobolomyces_koalae_JCM15063	TRAIN_PREDICT:FUNANNOTATE_PREDICT	TRAIN_PREDICT:FUNANNOTATE_PREDICT (Sporobolomyces_koalae_JCM15063)	COMPLETED	0	3773.0	637.8	3.3	rss	6.684498333333332									annotate_trace.20260921_170849.txt	final
v1.9.0-rc1_container	Uncinocarpus_reesii_1704	TRAIN_PREDICT:FUNANNOTATE_PREDICT	TRAIN_PREDICT:FUNANNOTATE_PREDICT (Uncinocarpus_reesii_1704)	COMPLETED	0	4696.0	627.6	6.7	rss	8.186693333333334									annotate_trace.20260921_170849.txt	final
v1.9.0-rc1_container	Letharia_columbiana_WasteWater2	TRAIN_PREDICT:FUNANNOTATE_PREDICT	TRAIN_PREDICT:FUNANNOTATE_PREDICT (Letharia_columbiana_WasteWater2)	COMPLETED	0	4003.0	604.2	4.3	rss	6.718368333333334									annotate_trace.20260921_170849.txt	final
v1.9.0-rc1_container	Lipomyces_tetrasporus	TRAIN_PREDICT:RNASEQ_PREPARE	TRAIN_PREDICT:RNASEQ_PREPARE (Lipomyces_tetrasporus)	COMPLETED	0	3570.0	1274.9	2.9	rss	12.642758333333335									annotate_trace.20260921_170849.txt	final
v1.9.0-rc1_container	Synchytrium_microbalum_JEL517	TRAIN_PREDICT:FUNANNOTATE_PREDICT	TRAIN_PREDICT:FUNANNOTATE_PREDICT (Synchytrium_microbalum_JEL517)	COMPLETED	0	3129.0	659.7	4.2	rss	5.7338925000000005									annotate_trace.20260921_170849.txt	final
v1.9.0-rc1_container	Pneumocystis_murina_B123	TRAIN_PREDICT:FUNANNOTATE_PREDICT	TRAIN_PREDICT:FUNANNOTATE_PREDICT (Pneumocystis_murina_B123)	COMPLETED	0	2766.0	700.3	2.6	rss	5.380638333333333									annotate_trace.20260921_170849.txt	final
v1.9.0-rc1_container	Batrachochytrium_dendrobatidis	TRAIN_PREDICT:RNASEQ_PREPARE	TRAIN_PREDICT:RNASEQ_PREPARE (Batrachochytrium_dendrobatidis)	FAILED	-	1980.0													annotate_trace.20260921_170849.txt	unresolved
v1.9.0-rc1_container	Wallemia_mellicola_CBS_633.66	TRAIN_PREDICT:FUNANNOTATE_PREDICT	TRAIN_PREDICT:FUNANNOTATE_PREDICT (Wallemia_mellicola_CBS_633.66)	COMPLETED	0	3043.0	651.8	2.6	rss	5.5095205555555555									annotate_trace.20260921_170849.txt	final
v1.9.0-rc1_container	Gaeumannomyces_tritici	TRAIN_PREDICT:RNASEQ_PREPARE	TRAIN_PREDICT:RNASEQ_PREPARE (Gaeumannomyces_tritici)	COMPLETED	0	3981.0	1327.4	2.5	rss	14.678831666666666									annotate_trace.20260921_170849.txt	final
v1.9.0-rc1_container	Colletotrichum_graminicola	TRAIN_PREDICT:RNASEQ_PREPARE	TRAIN_PREDICT:RNASEQ_PREPARE (Colletotrichum_graminicola)	FAILED	-	1980.0													annotate_trace.20260921_170849.txt	unresolved
v1.9.0-rc1_container	Mucor_mucedo	TRAIN_PREDICT:RNASEQ_PREPARE	TRAIN_PREDICT:RNASEQ_PREPARE (Mucor_mucedo)	COMPLETED	0	3618.0	1299.0	2.1	rss	13.054949999999998									annotate_trace.20260921_170849.txt	final
v1.9.0-rc1_container	Sclerotinia_sclerotiorum	TRAIN_PREDICT:RNASEQ_PREPARE	TRAIN_PREDICT:RNASEQ_PREPARE (Sclerotinia_sclerotiorum)	COMPLETED	0	4201.0	1093.6	2.8	rss	12.761704444444444									annotate_trace.20260921_170849.txt	final
v1.9.0-rc1_container	Laccaria_bicolor_S238N-H82	TRAIN_PREDICT:FUNANNOTATE_PREDICT	TRAIN_PREDICT:FUNANNOTATE_PREDICT (Laccaria_bicolor_S238N-H82)	COMPLETED	0	8352.0	640.1	5.1	rss	14.850319999999998									annotate_trace.20260921_170849.txt	final
v1.9.0-rc1_container	Chaetomium_globosum	TRAIN_PREDICT:RNASEQ_PREPARE	TRAIN_PREDICT:RNASEQ_PREPARE (Chaetomium_globosum)	COMPLETED	0	5181.0	1159.3	2.8	rss	16.684259166666667									annotate_trace.20260921_170849.txt	final
v1.9.0-rc1_container	Tricharina_praecox	TRAIN_PREDICT:RNASEQ_PREPARE	TRAIN_PREDICT:RNASEQ_PREPARE (Tricharina_praecox)	COMPLETED	0	4529.0	1112.1	2.9	rss	13.99083583333333									annotate_trace.20260921_170849.txt	final
v1.9.0-rc1_container	Protomyces_lactucae-debilis	TRAIN_PREDICT:RNASEQ_PREPARE	TRAIN_PREDICT:RNASEQ_PREPARE (Protomyces_lactucae-debilis)	COMPLETED	0	1158.0	1159.9	1.9	rss	3.7310116666666664									annotate_trace.20260921_170849.txt	final
v1.9.0-rc1_container	Pseudogymnoascus_destructans	TRAIN_PREDICT:RNASEQ_PREPARE	TRAIN_PREDICT:RNASEQ_PREPARE (Pseudogymnoascus_destructans)	COMPLETED	0	3415.0	1115.3	2.9	rss	10.57985972222222									annotate_trace.20260921_170849.txt	final
v1.9.0-rc1_container	Lachancea_thermotolerans	TRAIN_PREDICT:RNASEQ_PREPARE	TRAIN_PREDICT:RNASEQ_PREPARE (Lachancea_thermotolerans)	COMPLETED	0	1197.0	1152.5	1.1	rss	3.8320625									annotate_trace.20260921_170849.txt	final
v1.9.0-rc1_container	Allomyces_macrogynus	TRAIN_PREDICT:RNASEQ_PREPARE	TRAIN_PREDICT:RNASEQ_PREPARE (Allomyces_macrogynus)	COMPLETED	0	4289.0	1249.5	2.2	rss	14.886404166666665									annotate_trace.20260921_170849.txt	final
v1.9.0-rc1_container	Trichosporon_asahii	TRAIN_PREDICT:RNASEQ_PREPARE	TRAIN_PREDICT:RNASEQ_PREPARE (Trichosporon_asahii)	COMPLETED	0	2756.0	1160.5	2.1	rss	8.884272222222222									annotate_trace.20260921_170849.txt	final
v1.9.0-rc1_container	Drepanopeziza_brunnea	TRAIN_PREDICT:RNASEQ_PREPARE	TRAIN_PREDICT:RNASEQ_PREPARE (Drepanopeziza_brunnea)	COMPLETED	0	242.0	1151.9	3.0	rss	0.7743327777777779									annotate_trace.20260921_170849.txt	final
v1.9.0-rc1_container	Cokeromyces_recurvatus	TRAIN_PREDICT:RNASEQ_PREPARE	TRAIN_PREDICT:RNASEQ_PREPARE (Cokeromyces_recurvatus)	COMPLETED	0	3290.0	1184.7	2.3	rss	10.826841666666667									annotate_trace.20260921_170849.txt	final
v1.9.0-rc1_container	Fusarium_verticillioides	TRAIN_PREDICT:RNASEQ_PREPARE	TRAIN_PREDICT:RNASEQ_PREPARE (Fusarium_verticillioides)	COMPLETED	0	4288.0	1243.3	3.4	rss	14.809084444444442									annotate_trace.20260921_170849.txt	final
v1.9.0-rc1_container	Umbelopsis_ramanniana	TRAIN_PREDICT:RNASEQ_PREPARE	TRAIN_PREDICT:RNASEQ_PREPARE (Umbelopsis_ramanniana)	COMPLETED	0	2524.0	1249.3	2.1	rss	8.758981111111112									annotate_trace.20260921_170849.txt	final
v1.9.0-rc1_container	Saccharomyces_cerevisiae	TRAIN_PREDICT:RNASEQ_PREPARE	TRAIN_PREDICT:RNASEQ_PREPARE (Saccharomyces_cerevisiae)	COMPLETED	0	1350.0	1115.1	1.8	rss	4.181625									annotate_trace.20260921_170849.txt	final
v1.9.0-rc1_container	Zymoseptoria_tritici	TRAIN_PREDICT:RNASEQ_PREPARE	TRAIN_PREDICT:RNASEQ_PREPARE (Zymoseptoria_tritici)	COMPLETED	0	3937.0	1178.0	6.9	rss	12.882738888888888									annotate_trace.20260921_170849.txt	final
v1.9.0-rc1_container	Rhizopus_microsporus_ATCC_52813	TRAIN_PREDICT:FUNANNOTATE_TRAIN	TRAIN_PREDICT:FUNANNOTATE_TRAIN (Rhizopus_microsporus_ATCC_52813)	FAILED	1	1020.0													annotate_trace.20260921_170849.txt	unresolved
v1.9.0-rc1_container	Fusarium_oxysporum	TRAIN_PREDICT:RNASEQ_PREPARE	TRAIN_PREDICT:RNASEQ_PREPARE (Fusarium_oxysporum)	COMPLETED	0	4770.0	1190.8	5.6	rss	15.778099999999998									annotate_trace.20260921_170849.txt	final
v1.9.0-rc1_container	Phycomyces_blakesleeanus_NRRL_1555_-	TRAIN_PREDICT:FUNANNOTATE_TRAIN	TRAIN_PREDICT:FUNANNOTATE_TRAIN (Phycomyces_blakesleeanus_NRRL_1555_-)	FAILED	-	1980.0													annotate_trace.20260921_170849.txt	overhead
v1.9.0-rc1_container	Malassezia_globosa_CBS_7966	TRAIN_PREDICT:FUNANNOTATE_TRAIN	TRAIN_PREDICT:FUNANNOTATE_TRAIN (Malassezia_globosa_CBS_7966)	COMPLETED	0	1348.0	216.4	1.6	rss	0.8102977777777779									annotate_trace.20260921_170849.txt	final
v1.9.0-rc1_container	Cryptococcus_deneoformans_JEC21	TRAIN_PREDICT:FUNANNOTATE_TRAIN	TRAIN_PREDICT:FUNANNOTATE_TRAIN (Cryptococcus_deneoformans_JEC21)	COMPLETED	0	2404.0	266.9	1.5	rss	1.7822988888888887									annotate_trace.20260921_170849.txt	final
v1.9.0-rc1_container	Rhizopus_delemar_RA_99-880	TRAIN_PREDICT:FUNANNOTATE_TRAIN	TRAIN_PREDICT:FUNANNOTATE_TRAIN (Rhizopus_delemar_RA_99-880)	COMPLETED	0	4520.0	356.8	1.8	rss	4.479822222222222									annotate_trace.20260921_170849.txt	final
v1.9.0-rc1_container	Spizellomyces_punctatus_DAOM_BR117	TRAIN_PREDICT:FUNANNOTATE_PREDICT	TRAIN_PREDICT:FUNANNOTATE_PREDICT (Spizellomyces_punctatus_DAOM_BR117)	COMPLETED	0	1677.0	1224.0	13.6	rss	5.7017999999999995									annotate_trace.20260921_170849.txt	final
v1.9.0-rc1_container	Cryptococcus_neoformans_H99	TRAIN_PREDICT:FUNANNOTATE_TRAIN	TRAIN_PREDICT:FUNANNOTATE_TRAIN (Cryptococcus_neoformans_H99)	FAILED	-	2041.0													annotate_trace.20260921_170849.txt	overhead
v1.9.0-rc1_container	Sporobolomyces_salmoneus_JCM6883	TRAIN_PREDICT:FUNANNOTATE_PREDICT	TRAIN_PREDICT:FUNANNOTATE_PREDICT (Sporobolomyces_salmoneus_JCM6883)	FAILED	-	2041.0													annotate_trace.20260921_170849.txt	overhead
v1.9.0-rc1_container	Eremothecium_gossypii_ATCC_10895	TRAIN_PREDICT:FUNANNOTATE_PREDICT	TRAIN_PREDICT:FUNANNOTATE_PREDICT (Eremothecium_gossypii_ATCC_10895)	FAILED	-	2041.0													annotate_trace.20260921_170849.txt	overhead
v1.9.0-rc1_container	Talaromyces_stipitatus_ATCC_10500	TRAIN_PREDICT:FUNANNOTATE_PREDICT	TRAIN_PREDICT:FUNANNOTATE_PREDICT (Talaromyces_stipitatus_ATCC_10500)	FAILED	-	2041.0													annotate_trace.20260921_170849.txt	overhead
v1.9.0-rc1_container	Aspergillus_clavatus_NRRL_1	TRAIN_PREDICT:FUNANNOTATE_PREDICT	TRAIN_PREDICT:FUNANNOTATE_PREDICT (Aspergillus_clavatus_NRRL_1)	FAILED	-	1980.0													annotate_trace.20260921_170849.txt	overhead
v1.9.0-rc1_container	Malassezia_globosa_CBS_7966	TRAIN_PREDICT:FUNANNOTATE_PREDICT	TRAIN_PREDICT:FUNANNOTATE_PREDICT (Malassezia_globosa_CBS_7966)	COMPLETED	0	1041.0	545.4	3.3	rss	1.577115									annotate_trace.20260921_170849.txt	final
v1.9.0-rc1_container	Cryptococcus_deneoformans_JEC21	TRAIN_PREDICT:FUNANNOTATE_PREDICT	TRAIN_PREDICT:FUNANNOTATE_PREDICT (Cryptococcus_deneoformans_JEC21)	COMPLETED	0	1252.0	599.2	4.0	rss	2.0838844444444447									annotate_trace.20260921_170849.txt	final
v1.9.0-rc1_container	Tremella_mesenterica_Fries	TRAIN_PREDICT:FUNANNOTATE_PREDICT	TRAIN_PREDICT:FUNANNOTATE_PREDICT (Tremella_mesenterica_Fries)	COMPLETED	0	4781.0	1168.2	11.9	rss	15.514345									annotate_trace.20260921_170849.txt	final
v1.9.0-rc1_container	Rhizopus_delemar_RA_99-880	TRAIN_PREDICT:FUNANNOTATE_PREDICT	TRAIN_PREDICT:FUNANNOTATE_PREDICT (Rhizopus_delemar_RA_99-880)	COMPLETED	0	2525.0	585.3	7.9	rss	4.105229166666666									annotate_trace.20260921_170849.txt	final
v1.9.0-rc1_container	Talaromyces_marneffei_ATCC_18224	TRAIN_PREDICT:FUNANNOTATE_TRAIN	TRAIN_PREDICT:FUNANNOTATE_TRAIN (Talaromyces_marneffei_ATCC_18224)	COMPLETED	0	3799.0	276.1	1.8	rss	2.9136219444444444									annotate_trace.20260921_170849.txt	final
v1.9.0-rc1_container	Zygosaccharomyces_rouxii_CBS_732	TRAIN_PREDICT:FUNANNOTATE_TRAIN	TRAIN_PREDICT:FUNANNOTATE_TRAIN (Zygosaccharomyces_rouxii_CBS_732)	COMPLETED	0	993.0	238.4	1.7	rss	0.6575866666666667									annotate_trace.20260921_170849.txt	final
v1.9.0-rc1_container	Dactylellina_haptotyla_CBS_200.50	TRAIN_PREDICT:FUNANNOTATE_PREDICT	TRAIN_PREDICT:FUNANNOTATE_PREDICT (Dactylellina_haptotyla_CBS_200.50)	COMPLETED	0	0.14	13.1	0.0029	rss	5.094444444444445e-06									annotate_trace.20260921_170849.txt	final
v1.9.0-rc1_container	Sugiyamaella_lignohabitans_CBS_10342	TRAIN_PREDICT:FUNANNOTATE_PREDICT	TRAIN_PREDICT:FUNANNOTATE_PREDICT (Sugiyamaella_lignohabitans_CBS_10342)	COMPLETED	0	1820.0	1194.2	19.6	rss	6.037344444444444									annotate_trace.20260921_170849.txt	final
v1.9.0-rc1_container	Morchella_sextelata	TRAIN_PREDICT:RNASEQ_PREPARE	TRAIN_PREDICT:RNASEQ_PREPARE (Morchella_sextelata)	FAILED	-	2065.0													annotate_trace.20260921_170849.txt	overhead
v1.9.0-rc1_container	Mixia_osmundae_IAM_14324	TRAIN_PREDICT:FUNANNOTATE_PREDICT	TRAIN_PREDICT:FUNANNOTATE_PREDICT (Mixia_osmundae_IAM_14324)	FAILED	-	2065.0													annotate_trace.20260921_170849.txt	overhead
v1.9.0-rc1_container	Pyrenophora_teres_0-1	TRAIN_PREDICT:FUNANNOTATE_TRAIN	TRAIN_PREDICT:FUNANNOTATE_TRAIN (Pyrenophora_teres_0-1)	COMPLETED	0	674.0	306.6	0.6429	rss	0.5740233333333334									annotate_trace.20260921_170849.txt	final
v1.9.0-rc1_container	Botrytis_cinerea	TRAIN_PREDICT:RNASEQ_PREPARE	TRAIN_PREDICT:RNASEQ_PREPARE (Botrytis_cinerea)	FAILED	-	2040.0													annotate_trace.20260921_170849.txt	overhead
v1.9.0-rc1_container	Schizophyllum_commune	TRAIN_PREDICT:RNASEQ_PREPARE	TRAIN_PREDICT:RNASEQ_PREPARE (Schizophyllum_commune)	FAILED	-	2040.0													annotate_trace.20260921_170849.txt	overhead
v1.9.0-rc1_container	Tilletiopsis_washingtonensis	TRAIN_PREDICT:RNASEQ_PREPARE	TRAIN_PREDICT:RNASEQ_PREPARE (Tilletiopsis_washingtonensis)	COMPLETED	0	1622.0	1288.9	1.7	rss	5.807210555555556									annotate_trace.20260921_170849.txt	final
v1.9.0-rc1_container	Aspergillus_fumigatus	TRAIN_PREDICT:RNASEQ_PREPARE	TRAIN_PREDICT:RNASEQ_PREPARE (Aspergillus_fumigatus)	FAILED	-	1990.0													annotate_trace.20260921_170849.txt	overhead
v1.9.0-rc1_container	Blastomyces_dermatitidis_ER-3	TRAIN_PREDICT:FUNANNOTATE_PREDICT	TRAIN_PREDICT:FUNANNOTATE_PREDICT (Blastomyces_dermatitidis_ER-3)	COMPLETED	0	0.164	16.9	0.003	rss	7.69888888888889e-06									annotate_trace.20260921_170849.txt	final
v1.9.0-rc1_container	Phycomyces_blakesleeanus_NRRL_1555_-	TRAIN_PREDICT:FUNANNOTATE_TRAIN	TRAIN_PREDICT:FUNANNOTATE_TRAIN (Phycomyces_blakesleeanus_NRRL_1555_-)	COMPLETED	0	0.389	14.8	0.0067	rss	1.5992222222222224e-05									annotate_trace.20260921_170849.txt	final
v1.9.0-rc1_container	Kluyveromyces_lactis_NRRL_Y-1140	TRAIN_PREDICT:FUNANNOTATE_TRAIN	TRAIN_PREDICT:FUNANNOTATE_TRAIN (Kluyveromyces_lactis_NRRL_Y-1140)	COMPLETED	0	792.0	221.9	1.7	rss	0.48817999999999995									annotate_trace.20260921_170849.txt	final
v1.9.0-rc1_container	Malassezia_sympodialis_ATCC_42132	TRAIN_PREDICT:FUNANNOTATE_TRAIN	TRAIN_PREDICT:FUNANNOTATE_TRAIN (Malassezia_sympodialis_ATCC_42132)	COMPLETED	0	972.0	280.0	1.2	rss	0.756									annotate_trace.20260921_170849.txt	final
v1.9.0-rc1_container	Parastagonospora_nodorum_SN15	TRAIN_PREDICT:FUNANNOTATE_TRAIN	TRAIN_PREDICT:FUNANNOTATE_TRAIN (Parastagonospora_nodorum_SN15)	FAILED	-	2040.0													annotate_trace.20260921_170849.txt	overhead
v1.9.0-rc1_container	Orbilia_oligospora_ATCC_24927	TRAIN_PREDICT:FUNANNOTATE_TRAIN	TRAIN_PREDICT:FUNANNOTATE_TRAIN (Orbilia_oligospora_ATCC_24927)	FAILED	-	2049.0													annotate_trace.20260921_170849.txt	overhead
v1.9.0-rc1_container	Pyrenophora_tritici-repentis_Pt-1C-BFP	TRAIN_PREDICT:FUNANNOTATE_TRAIN	TRAIN_PREDICT:FUNANNOTATE_TRAIN (Pyrenophora_tritici-repentis_Pt-1C-BFP)	FAILED	-	2049.0													annotate_trace.20260921_170849.txt	overhead
v1.9.0-rc1_container	Lipomyces_tetrasporus_NRRL_Y-64009	TRAIN_PREDICT:FUNANNOTATE_TRAIN	TRAIN_PREDICT:FUNANNOTATE_TRAIN (Lipomyces_tetrasporus_NRRL_Y-64009)	FAILED	-	2013.0													annotate_trace.20260921_170849.txt	overhead
v1.9.0-rc1_container	Gaeumannomyces_tritici_R3-111a-1	TRAIN_PREDICT:FUNANNOTATE_TRAIN	TRAIN_PREDICT:FUNANNOTATE_TRAIN (Gaeumannomyces_tritici_R3-111a-1)	FAILED	-	2040.0													annotate_trace.20260921_170849.txt	overhead
v1.9.0-rc1_container	Yarrowia_lipolytica	TRAIN_PREDICT:RNASEQ_PREPARE	TRAIN_PREDICT:RNASEQ_PREPARE (Yarrowia_lipolytica)	FAILED	-	1980.0													annotate_trace.20260921_170849.txt	overhead
v1.9.0-rc1_container	Mucor_mucedo_NRRL_3635	TRAIN_PREDICT:FUNANNOTATE_TRAIN	TRAIN_PREDICT:FUNANNOTATE_TRAIN (Mucor_mucedo_NRRL_3635)	FAILED	-	1980.0													annotate_trace.20260921_170849.txt	overhead
v1.9.0-rc1_container	Sclerotinia_sclerotiorum_1980	TRAIN_PREDICT:FUNANNOTATE_TRAIN	TRAIN_PREDICT:FUNANNOTATE_TRAIN (Sclerotinia_sclerotiorum_1980)	FAILED	-	1988.0													annotate_trace.20260921_170849.txt	overhead
v1.9.0-rc1_container	Chaetomium_globosum_CBS_148.51	TRAIN_PREDICT:FUNANNOTATE_TRAIN	TRAIN_PREDICT:FUNANNOTATE_TRAIN (Chaetomium_globosum_CBS_148.51)	FAILED	-	1972.0													annotate_trace.20260921_170849.txt	overhead
v1.9.0-rc1_container	Sporobolomyces_salmoneus_JCM6883	TRAIN_PREDICT:FUNANNOTATE_PREDICT	TRAIN_PREDICT:FUNANNOTATE_PREDICT (Sporobolomyces_salmoneus_JCM6883)	COMPLETED	0	0.202	13.2	0.0033	rss	7.406666666666667e-06									annotate_trace.20260921_170849.txt	final
v1.9.0-rc1_container	Eremothecium_gossypii_ATCC_10895	TRAIN_PREDICT:FUNANNOTATE_PREDICT	TRAIN_PREDICT:FUNANNOTATE_PREDICT (Eremothecium_gossypii_ATCC_10895)	COMPLETED	0	0.163	16.1	0.0034	rss	7.289722222222223e-06									annotate_trace.20260921_170849.txt	final
v1.9.0-rc1_container	Talaromyces_stipitatus_ATCC_10500	TRAIN_PREDICT:FUNANNOTATE_PREDICT	TRAIN_PREDICT:FUNANNOTATE_PREDICT (Talaromyces_stipitatus_ATCC_10500)	COMPLETED	0	0.166	11.8	0.0033	rss	5.441111111111112e-06									annotate_trace.20260921_170849.txt	final
v1.9.0-rc1_container	Aspergillus_clavatus_NRRL_1	TRAIN_PREDICT:FUNANNOTATE_PREDICT	TRAIN_PREDICT:FUNANNOTATE_PREDICT (Aspergillus_clavatus_NRRL_1)	COMPLETED	0	0.155	18.4	0.0033	rss	7.922222222222221e-06									annotate_trace.20260921_170849.txt	final
v1.9.0-rc1_container	Morchella_importuna	TRAIN_PREDICT:RNASEQ_PREPARE	TRAIN_PREDICT:RNASEQ_PREPARE (Morchella_importuna)	FAILED	-	1980.0													annotate_trace.20260921_170849.txt	overhead
v1.9.0-rc1_container	Tricharina_praecox_CBS_144465	TRAIN_PREDICT:FUNANNOTATE_TRAIN	TRAIN_PREDICT:FUNANNOTATE_TRAIN (Tricharina_praecox_CBS_144465)	FAILED	-	1980.0													annotate_trace.20260921_170849.txt	unresolved
v1.9.0-rc1_container	Protomyces_lactucae-debilis_12-1054	TRAIN_PREDICT:FUNANNOTATE_TRAIN	TRAIN_PREDICT:FUNANNOTATE_TRAIN (Protomyces_lactucae-debilis_12-1054)	FAILED	-	1980.0													annotate_trace.20260921_170849.txt	overhead
v1.9.0-rc1_container	Cryptococcus_neoformans_H99	TRAIN_PREDICT:FUNANNOTATE_TRAIN	TRAIN_PREDICT:FUNANNOTATE_TRAIN (Cryptococcus_neoformans_H99)	COMPLETED	0	0.293	11.4	0.007	rss	9.278333333333334e-06									annotate_trace.20260921_170849.txt	final
v1.9.0-rc1_container	Zygosaccharomyces_rouxii_CBS_732	TRAIN_PREDICT:FUNANNOTATE_PREDICT	TRAIN_PREDICT:FUNANNOTATE_PREDICT (Zygosaccharomyces_rouxii_CBS_732)	COMPLETED	0	1004.0	562.3	3.5	rss	1.5681922222222222									annotate_trace.20260921_170849.txt	final
v1.9.0-rc1_container	Pseudogymnoascus_destructans_20631-21	TRAIN_PREDICT:FUNANNOTATE_TRAIN	TRAIN_PREDICT:FUNANNOTATE_TRAIN (Pseudogymnoascus_destructans_20631-21)	FAILED	-	1980.0													annotate_trace.20260921_170849.txt	unresolved
v1.9.0-rc1_container	Tilletiaria_anomala	TRAIN_PREDICT:RNASEQ_PREPARE	TRAIN_PREDICT:RNASEQ_PREPARE (Tilletiaria_anomala)	COMPLETED	0	1927.0	1347.9	2.2	rss	7.2150091666666665									annotate_trace.20260921_170849.txt	final
v1.9.0-rc1_container	Talaromyces_marneffei_ATCC_18224	TRAIN_PREDICT:FUNANNOTATE_PREDICT	TRAIN_PREDICT:FUNANNOTATE_PREDICT (Talaromyces_marneffei_ATCC_18224)	COMPLETED	0	1873.0	607.5	9.0	rss	3.1606875									annotate_trace.20260921_170849.txt	final
v1.9.0-rc1_container	Mixia_osmundae_IAM_14324	TRAIN_PREDICT:FUNANNOTATE_PREDICT	TRAIN_PREDICT:FUNANNOTATE_PREDICT (Mixia_osmundae_IAM_14324)	COMPLETED	0	0.158	17.6	0.0033	rss	7.724444444444446e-06									annotate_trace.20260921_170849.txt	final
v1.9.0-rc1_container	Lachancea_thermotolerans_CBS_6340	TRAIN_PREDICT:FUNANNOTATE_TRAIN	TRAIN_PREDICT:FUNANNOTATE_TRAIN (Lachancea_thermotolerans_CBS_6340)	COMPLETED	0	822.0	277.8	1.4	rss	0.63431									annotate_trace.20260921_170849.txt	final
v1.9.0-rc1_container	Pyrenophora_teres_0-1	TRAIN_PREDICT:FUNANNOTATE_PREDICT	TRAIN_PREDICT:FUNANNOTATE_PREDICT (Pyrenophora_teres_0-1)	COMPLETED	0	2205.0	526.5	1.2	rss	3.2248125									annotate_trace.20260921_170849.txt	final
v1.9.0-rc1_container	Allomyces_macrogynus_ATCC_38327	TRAIN_PREDICT:FUNANNOTATE_TRAIN	TRAIN_PREDICT:FUNANNOTATE_TRAIN (Allomyces_macrogynus_ATCC_38327)	FAILED	-	2040.0													annotate_trace.20260921_170849.txt	unresolved
v1.9.0-rc1_container	Drepanopeziza_brunnea_MB_m1	TRAIN_PREDICT:FUNANNOTATE_TRAIN	TRAIN_PREDICT:FUNANNOTATE_TRAIN (Drepanopeziza_brunnea_MB_m1)	COMPLETED	0	0.156	12.4	0.0064	rss	5.373333333333333e-06									annotate_trace.20260921_170849.txt	final
v1.9.0-rc1_container	Trichosporon_asahii_CBS_2479	TRAIN_PREDICT:FUNANNOTATE_TRAIN	TRAIN_PREDICT:FUNANNOTATE_TRAIN (Trichosporon_asahii_CBS_2479)	FAILED	-	2040.0													annotate_trace.20260921_170849.txt	unresolved
v1.9.0-rc1_container	Cokeromyces_recurvatus_NRRL_2243	TRAIN_PREDICT:FUNANNOTATE_TRAIN	TRAIN_PREDICT:FUNANNOTATE_TRAIN (Cokeromyces_recurvatus_NRRL_2243)	FAILED	-	1980.0													annotate_trace.20260921_170849.txt	unresolved
v1.9.0-rc1_container	Batrachochytrium_dendrobatidis	TRAIN_PREDICT:RNASEQ_PREPARE	TRAIN_PREDICT:RNASEQ_PREPARE (Batrachochytrium_dendrobatidis)	FAILED	-	1980.0													annotate_trace.20260921_170849.txt	unresolved
v1.9.0-rc1_container	Tilletiopsis_washingtonensis_MCA_4186	TRAIN_PREDICT:FUNANNOTATE_TRAIN	TRAIN_PREDICT:FUNANNOTATE_TRAIN (Tilletiopsis_washingtonensis_MCA_4186)	COMPLETED	0	2380.0	244.3	1.4	rss	1.6150944444444444									annotate_trace.20260921_170849.txt	final
v1.9.0-rc1_container	Phycomyces_blakesleeanus_NRRL_1555_-	TRAIN_PREDICT:FUNANNOTATE_PREDICT	TRAIN_PREDICT:FUNANNOTATE_PREDICT (Phycomyces_blakesleeanus_NRRL_1555_-)	COMPLETED	0	2166.0	603.7	12.2	rss	3.6322616666666674									annotate_trace.20260921_170849.txt	final
v1.9.0-rc1_container	Fusarium_verticillioides_7600	TRAIN_PREDICT:FUNANNOTATE_TRAIN	TRAIN_PREDICT:FUNANNOTATE_TRAIN (Fusarium_verticillioides_7600)	FAILED	-	1980.0													annotate_trace.20260921_170849.txt	unresolved
v1.9.0-rc1_container	Kluyveromyces_lactis_NRRL_Y-1140	TRAIN_PREDICT:FUNANNOTATE_PREDICT	TRAIN_PREDICT:FUNANNOTATE_PREDICT (Kluyveromyces_lactis_NRRL_Y-1140)	COMPLETED	0	942.0	578.6	4.0	rss	1.5140033333333334									annotate_trace.20260921_170849.txt	final
v1.9.0-rc1_container	Malassezia_sympodialis_ATCC_42132	TRAIN_PREDICT:FUNANNOTATE_PREDICT	TRAIN_PREDICT:FUNANNOTATE_PREDICT (Malassezia_sympodialis_ATCC_42132)	COMPLETED	0	1959.0	413.0	3.0	rss	2.2474083333333335									annotate_trace.20260921_170849.txt	final
v1.9.0-rc1_container	Colletotrichum_graminicola	TRAIN_PREDICT:RNASEQ_PREPARE	TRAIN_PREDICT:RNASEQ_PREPARE (Colletotrichum_graminicola)	FAILED	-	1988.0													annotate_trace.20260921_170849.txt	unresolved
v1.9.0-rc1_container	Umbelopsis_ramanniana_AG	TRAIN_PREDICT:FUNANNOTATE_TRAIN	TRAIN_PREDICT:FUNANNOTATE_TRAIN (Umbelopsis_ramanniana_AG)	FAILED	-	2040.0													annotate_trace.20260921_170849.txt	overhead
v1.9.0-rc1_container	Saccharomyces_cerevisiae_S288C	TRAIN_PREDICT:FUNANNOTATE_TRAIN	TRAIN_PREDICT:FUNANNOTATE_TRAIN (Saccharomyces_cerevisiae_S288C)	COMPLETED	0	1313.0	178.0	1.6	rss	0.6492055555555556									annotate_trace.20260921_170849.txt	final
v1.9.0-rc1_container	Cryptococcus_neoformans_H99	TRAIN_PREDICT:FUNANNOTATE_PREDICT	TRAIN_PREDICT:FUNANNOTATE_PREDICT (Cryptococcus_neoformans_H99)	COMPLETED	0	1371.0	524.1	5.9	rss	1.9959475000000004									annotate_trace.20260921_170849.txt	final
v1.9.0-rc1_container	Zymoseptoria_tritici_IPO323	TRAIN_PREDICT:FUNANNOTATE_TRAIN	TRAIN_PREDICT:FUNANNOTATE_TRAIN (Zymoseptoria_tritici_IPO323)	FAILED	-	1980.0													annotate_trace.20260921_170849.txt	overhead
v1.9.0-rc1_container	Schizophyllum_commune	TRAIN_PREDICT:RNASEQ_PREPARE	TRAIN_PREDICT:RNASEQ_PREPARE (Schizophyllum_commune)	COMPLETED	0	2994.0	1290.3	2.5	rss	10.730994999999998									annotate_trace.20260921_170849.txt	final
v1.9.0-rc1_container	Fusarium_oxysporum_4287	TRAIN_PREDICT:FUNANNOTATE_TRAIN	TRAIN_PREDICT:FUNANNOTATE_TRAIN (Fusarium_oxysporum_4287)	FAILED	-	1980.0													annotate_trace.20260921_170849.txt	overhead
v1.9.0-rc1_container	Tilletiaria_anomala_UBC_951	TRAIN_PREDICT:FUNANNOTATE_TRAIN	TRAIN_PREDICT:FUNANNOTATE_TRAIN (Tilletiaria_anomala_UBC_951)	COMPLETED	0	1926.0	241.0	1.3	rss	1.2893500000000002									annotate_trace.20260921_170849.txt	final
v1.9.0-rc1_container	Botrytis_cinerea	TRAIN_PREDICT:RNASEQ_PREPARE	TRAIN_PREDICT:RNASEQ_PREPARE (Botrytis_cinerea)	COMPLETED	0	3769.0	1298.8	2.5	rss	13.597714444444444									annotate_trace.20260921_170849.txt	final
v1.9.0-rc1_container	Lachancea_thermotolerans_CBS_6340	TRAIN_PREDICT:FUNANNOTATE_PREDICT	TRAIN_PREDICT:FUNANNOTATE_PREDICT (Lachancea_thermotolerans_CBS_6340)	COMPLETED	0	825.0	532.5	3.0	rss	1.2203125									annotate_trace.20260921_170849.txt	final
v1.9.0-rc1_container	Rhizopus_microsporus_ATCC_52813	TRAIN_PREDICT:FUNANNOTATE_TRAIN	TRAIN_PREDICT:FUNANNOTATE_TRAIN (Rhizopus_microsporus_ATCC_52813)	FAILED	1	900.0													annotate_trace.20260921_170849.txt	unresolved
v1.9.0-rc1_container	Tilletiopsis_washingtonensis_MCA_4186	TRAIN_PREDICT:FUNANNOTATE_PREDICT	TRAIN_PREDICT:FUNANNOTATE_PREDICT (Tilletiopsis_washingtonensis_MCA_4186)	COMPLETED	0	1331.0	578.8	4.2	rss	2.139952222222222									annotate_trace.20260921_170849.txt	final
v1.9.0-rc1_container	Aspergillus_fumigatus	TRAIN_PREDICT:RNASEQ_PREPARE	TRAIN_PREDICT:RNASEQ_PREPARE (Aspergillus_fumigatus)	COMPLETED	0	3358.0	1189.2	3.9	rss	11.092593333333335									annotate_trace.20260921_170849.txt	final
v1.9.0-rc1_container	Morchella_sextelata	TRAIN_PREDICT:RNASEQ_PREPARE	TRAIN_PREDICT:RNASEQ_PREPARE (Morchella_sextelata)	COMPLETED	0	8391.0	1326.7	14.6	rss	30.92316583333334									annotate_trace.20260921_170849.txt	final
v1.9.0-rc1_container	Drepanopeziza_brunnea_MB_m1	TRAIN_PREDICT:FUNANNOTATE_PREDICT	TRAIN_PREDICT:FUNANNOTATE_PREDICT (Drepanopeziza_brunnea_MB_m1)	COMPLETED	0	5766.0	636.0	7.8	rss	10.1866									annotate_trace.20260921_170849.txt	final
v1.9.0-rc1_container	Tilletiaria_anomala_UBC_951	TRAIN_PREDICT:FUNANNOTATE_PREDICT	TRAIN_PREDICT:FUNANNOTATE_PREDICT (Tilletiaria_anomala_UBC_951)	COMPLETED	0	1377.0	525.8	3.0	rss	2.011185									annotate_trace.20260921_170849.txt	final
v1.9.0-rc1_container	Saccharomyces_cerevisiae_S288C	TRAIN_PREDICT:FUNANNOTATE_PREDICT	TRAIN_PREDICT:FUNANNOTATE_PREDICT (Saccharomyces_cerevisiae_S288C)	COMPLETED	0	4097.0	550.2	3.5	rss	6.261581666666667									annotate_trace.20260921_170849.txt	final
v1.9.0-rc1_container	Schizophyllum_commune_H4-8	TRAIN_PREDICT:FUNANNOTATE_TRAIN	TRAIN_PREDICT:FUNANNOTATE_TRAIN (Schizophyllum_commune_H4-8)	COMPLETED	0	1401.0	256.3	1.7	rss	0.9974341666666667									annotate_trace.20260921_170849.txt	final
v1.9.0-rc1_container	Aspergillus_fumigatus_Af293	TRAIN_PREDICT:FUNANNOTATE_TRAIN	TRAIN_PREDICT:FUNANNOTATE_TRAIN (Aspergillus_fumigatus_Af293)	COMPLETED	0	2973.0	257.1	1.7	rss	2.1232175									annotate_trace.20260921_170849.txt	final
v1.9.0-rc1_container	Botrytis_cinerea_B05.10	TRAIN_PREDICT:FUNANNOTATE_TRAIN	TRAIN_PREDICT:FUNANNOTATE_TRAIN (Botrytis_cinerea_B05.10)	COMPLETED	0	3373.0	273.1	1.9	rss	2.558795277777778									annotate_trace.20260921_170849.txt	final
v1.9.0-rc1_container	Schizophyllum_commune_H4-8	TRAIN_PREDICT:FUNANNOTATE_PREDICT	TRAIN_PREDICT:FUNANNOTATE_PREDICT (Schizophyllum_commune_H4-8)	COMPLETED	0	2195.0	576.9	9.7	rss	3.5174875000000005									annotate_trace.20260921_170849.txt	final
v1.9.0-rc1_container	Aspergillus_fumigatus_Af293	TRAIN_PREDICT:FUNANNOTATE_PREDICT	TRAIN_PREDICT:FUNANNOTATE_PREDICT (Aspergillus_fumigatus_Af293)	COMPLETED	0	1751.0	616.9	19.6	rss	3.000533055555555									annotate_trace.20260921_170849.txt	final
v1.9.0-rc1_container	Botrytis_cinerea_B05.10	TRAIN_PREDICT:FUNANNOTATE_PREDICT	TRAIN_PREDICT:FUNANNOTATE_PREDICT (Botrytis_cinerea_B05.10)	COMPLETED	0	2294.0	564.2	12.8	rss	3.595207777777778									annotate_trace.20260921_170849.txt	final
v1.9.0-rc1_container	Morchella_sextelata_SCLS	TRAIN_PREDICT:FUNANNOTATE_TRAIN	TRAIN_PREDICT:FUNANNOTATE_TRAIN (Morchella_sextelata_SCLS)	COMPLETED	0	5141.0	326.5	2.4	rss	4.6626013888888895									annotate_trace.20260921_170849.txt	final
v1.9.0-rc1_container	Yarrowia_lipolytica	TRAIN_PREDICT:RNASEQ_PREPARE	TRAIN_PREDICT:RNASEQ_PREPARE (Yarrowia_lipolytica)	COMPLETED	0	2820.0	1283.7	1.7	rss	10.05565									annotate_trace.20260921_170849.txt	final
v1.9.0-rc1_container	Parastagonospora_nodorum_SN15	TRAIN_PREDICT:FUNANNOTATE_TRAIN	TRAIN_PREDICT:FUNANNOTATE_TRAIN (Parastagonospora_nodorum_SN15)	COMPLETED	0	0.449	17.3	0.003	rss	2.1576944444444446e-05									annotate_trace.20260921_170849.txt	final
v1.9.0-rc1_container	Pyrenophora_tritici-repentis_Pt-1C-BFP	TRAIN_PREDICT:FUNANNOTATE_TRAIN	TRAIN_PREDICT:FUNANNOTATE_TRAIN (Pyrenophora_tritici-repentis_Pt-1C-BFP)	COMPLETED	0	0.437	15.5	0.003	rss	1.8815277777777778e-05									annotate_trace.20260921_170849.txt	final
v1.9.0-rc1_container	Orbilia_oligospora_ATCC_24927	TRAIN_PREDICT:FUNANNOTATE_TRAIN	TRAIN_PREDICT:FUNANNOTATE_TRAIN (Orbilia_oligospora_ATCC_24927)	COMPLETED	0	0.41200000000000003	18.6	0.003	rss	2.128666666666667e-05									annotate_trace.20260921_170849.txt	final
v1.9.0-rc1_container	Morchella_sextelata_SCLS	TRAIN_PREDICT:FUNANNOTATE_PREDICT	TRAIN_PREDICT:FUNANNOTATE_PREDICT (Morchella_sextelata_SCLS)	COMPLETED	0	2642.0	587.9	10.5	rss	4.314532777777778									annotate_trace.20260921_170849.txt	final
v1.9.0-rc1_container	Lipomyces_tetrasporus_NRRL_Y-64009	TRAIN_PREDICT:FUNANNOTATE_TRAIN	TRAIN_PREDICT:FUNANNOTATE_TRAIN (Lipomyces_tetrasporus_NRRL_Y-64009)	COMPLETED	0	0.502	13.4	0.003	rss	1.8685555555555557e-05									annotate_trace.20260921_170849.txt	final
v1.9.0-rc1_container	Gaeumannomyces_tritici_R3-111a-1	TRAIN_PREDICT:FUNANNOTATE_TRAIN	TRAIN_PREDICT:FUNANNOTATE_TRAIN (Gaeumannomyces_tritici_R3-111a-1)	COMPLETED	0	0.427	18.0	0.003	rss	2.1349999999999997e-05									annotate_trace.20260921_170849.txt	final
v1.9.0-rc1_container	Mucor_mucedo_NRRL_3635	TRAIN_PREDICT:FUNANNOTATE_TRAIN	TRAIN_PREDICT:FUNANNOTATE_TRAIN (Mucor_mucedo_NRRL_3635)	COMPLETED	0	0.5670000000000001	10.3	0.003	rss	1.6222500000000003e-05									annotate_trace.20260921_170849.txt	final
v1.9.0-rc1_container	Sclerotinia_sclerotiorum_1980	TRAIN_PREDICT:FUNANNOTATE_TRAIN	TRAIN_PREDICT:FUNANNOTATE_TRAIN (Sclerotinia_sclerotiorum_1980)	COMPLETED	0	0.63	12.4	0.0029	rss	2.17e-05									annotate_trace.20260921_170849.txt	final
v1.9.0-rc1_container	Chaetomium_globosum_CBS_148.51	TRAIN_PREDICT:FUNANNOTATE_TRAIN	TRAIN_PREDICT:FUNANNOTATE_TRAIN (Chaetomium_globosum_CBS_148.51)	COMPLETED	0	0.365	20.9	0.0029	rss	2.1190277777777775e-05									annotate_trace.20260921_170849.txt	final
v1.9.0-rc1_container	Yarrowia_lipolytica_CLIB122	TRAIN_PREDICT:FUNANNOTATE_TRAIN	TRAIN_PREDICT:FUNANNOTATE_TRAIN (Yarrowia_lipolytica_CLIB122)	COMPLETED	0	1832.0	284.5	2.0	rss	1.4477888888888888									annotate_trace.20260921_170849.txt	final
v1.9.0-rc1_container	Parastagonospora_nodorum_SN15	TRAIN_PREDICT:FUNANNOTATE_PREDICT	TRAIN_PREDICT:FUNANNOTATE_PREDICT (Parastagonospora_nodorum_SN15)	COMPLETED	0	2353.0	576.4	4.5	rss	3.7674144444444444									annotate_trace.20260921_170849.txt	final
v1.9.0-rc1_container	Pyrenophora_tritici-repentis_Pt-1C-BFP	TRAIN_PREDICT:FUNANNOTATE_PREDICT	TRAIN_PREDICT:FUNANNOTATE_PREDICT (Pyrenophora_tritici-repentis_Pt-1C-BFP)	COMPLETED	0	2696.0	572.7	9.2	rss	4.288886666666667									annotate_trace.20260921_170849.txt	final
v1.9.0-rc1_container	Orbilia_oligospora_ATCC_24927	TRAIN_PREDICT:FUNANNOTATE_PREDICT	TRAIN_PREDICT:FUNANNOTATE_PREDICT (Orbilia_oligospora_ATCC_24927)	COMPLETED	0	3013.0	436.4	5.4	rss	3.652425555555556									annotate_trace.20260921_170849.txt	final
v1.9.0-rc1_container	Lipomyces_tetrasporus_NRRL_Y-64009	TRAIN_PREDICT:FUNANNOTATE_PREDICT	TRAIN_PREDICT:FUNANNOTATE_PREDICT (Lipomyces_tetrasporus_NRRL_Y-64009)	COMPLETED	0	1510.0	563.5	7.2	rss	2.3635694444444444									annotate_trace.20260921_170849.txt	final
v1.9.0-rc1_container	Gaeumannomyces_tritici_R3-111a-1	TRAIN_PREDICT:FUNANNOTATE_PREDICT	TRAIN_PREDICT:FUNANNOTATE_PREDICT (Gaeumannomyces_tritici_R3-111a-1)	COMPLETED	0	2387.0	591.2	9.3	rss	3.9199844444444447									annotate_trace.20260921_170849.txt	final
v1.9.0-rc1_container	Mucor_mucedo_NRRL_3635	TRAIN_PREDICT:FUNANNOTATE_PREDICT	TRAIN_PREDICT:FUNANNOTATE_PREDICT (Mucor_mucedo_NRRL_3635)	COMPLETED	0	2143.0	563.3	4.5	rss	3.3531997222222216									annotate_trace.20260921_170849.txt	final
v1.9.0-rc1_container	Morchella_importuna	TRAIN_PREDICT:RNASEQ_PREPARE	TRAIN_PREDICT:RNASEQ_PREPARE (Morchella_importuna)	COMPLETED	0	3925.0	1293.5	6.7	rss	14.102743055555555									annotate_trace.20260921_170849.txt	final
v1.9.0-rc1_container	Sclerotinia_sclerotiorum_1980	TRAIN_PREDICT:FUNANNOTATE_PREDICT	TRAIN_PREDICT:FUNANNOTATE_PREDICT (Sclerotinia_sclerotiorum_1980)	COMPLETED	0	2040.0	609.3	10.6	rss	3.4527									annotate_trace.20260921_170849.txt	final
v1.9.0-rc1_container	Yarrowia_lipolytica_CLIB122	TRAIN_PREDICT:FUNANNOTATE_PREDICT	TRAIN_PREDICT:FUNANNOTATE_PREDICT (Yarrowia_lipolytica_CLIB122)	COMPLETED	0	1211.0	584.1	4.4	rss	1.9648475									annotate_trace.20260921_170849.txt	final
v1.9.0-rc1_container	Chaetomium_globosum_CBS_148.51	TRAIN_PREDICT:FUNANNOTATE_PREDICT	TRAIN_PREDICT:FUNANNOTATE_PREDICT (Chaetomium_globosum_CBS_148.51)	COMPLETED	0	2372.0	584.6	4.5	rss	3.8518644444444443									annotate_trace.20260921_170849.txt	final
v1.9.0-rc1_container	Morchella_importuna_M04M26	TRAIN_PREDICT:FUNANNOTATE_TRAIN	TRAIN_PREDICT:FUNANNOTATE_TRAIN (Morchella_importuna_M04M26)	COMPLETED	0	2330.0	318.9	1.8	rss	2.0639916666666664									annotate_trace.20260921_170849.txt	final
v1.9.0-rc1_container	-	FETCH_RNASEQ:COLLECT_SRA_QUERY	FETCH_RNASEQ:COLLECT_SRA_QUERY	CACHED	0	0.0	58.9	0.0031000000000000003	peak_rss	0.0	1	1	2.0	short		2026-09-21 17:13:04.115	2026-09-21 17:14:03.251	2026-09-21 17:14:03.254	annotate_trace.20260923_120808.txt	cached
v1.9.0-rc1_container	Drepanopeziza_brunnea_MB_m1	TRAIN_PREDICT:FUNANNOTATE_TRAIN	TRAIN_PREDICT:FUNANNOTATE_TRAIN (Drepanopeziza_brunnea_MB_m1)	CACHED	0	0.156	12.4	0.0064	peak_rss	5.373333333333333e-06	1	8	48.0	epyc		2026-09-22 03:41:06.435	2026-09-23 00:27:10.028	2026-09-23 00:28:10.027	annotate_trace.20260923_120808.txt	cached
v1.9.0-rc1_container	Saccharomyces_cerevisiae_S288C	TRAIN_PREDICT:FUNANNOTATE_TRAIN	TRAIN_PREDICT:FUNANNOTATE_TRAIN (Saccharomyces_cerevisiae_S288C)	CACHED	0	1313.0	178.0	1.8	peak_rss	0.6492055555555556	1	8	48.0	epyc		2026-09-22 06:26:07.300	2026-09-23 02:17:10.316	2026-09-23 02:39:10.385	annotate_trace.20260923_120808.txt	cached
v1.9.0-rc1_container	Rhizopus_microsporus_ATCC_52813	TRAIN_PREDICT:FUNANNOTATE_TRAIN	TRAIN_PREDICT:FUNANNOTATE_TRAIN (Rhizopus_microsporus_ATCC_52813)	FAILED	1	465.0					1	8	48.0	epyc		2026-09-23 12:08:34.582	2026-09-23 15:41:41.511	2026-09-23 15:49:26.648	annotate_trace.20260923_120808.txt	unresolved
v1.9.0-rc1_container	Tricharina_praecox_CBS_144465	TRAIN_PREDICT:FUNANNOTATE_PREDICT	TRAIN_PREDICT:FUNANNOTATE_PREDICT (Tricharina_praecox_CBS_144465)	COMPLETED	0	2127.0	596.5	8.1	peak_rss	3.5243208333333333	1	8	32.0	epyc		2026-09-23 12:08:36.579	2026-09-23 15:43:26.500	2026-09-23 16:19:26.818	annotate_trace.20260923_120808.txt	final
v1.9.0-rc1_container	Pseudogymnoascus_destructans_20631-21	TRAIN_PREDICT:FUNANNOTATE_PREDICT	TRAIN_PREDICT:FUNANNOTATE_PREDICT (Pseudogymnoascus_destructans_20631-21)	COMPLETED	0	2131.0	546.9	2.9	peak_rss	3.2373441666666665	1	8	32.0	epyc		2026-09-23 12:08:38.573	2026-09-23 15:43:26.561	2026-09-23 16:20:39.565	annotate_trace.20260923_120808.txt	final
v1.9.0-rc1_container	Morchella_importuna_M04M26	TRAIN_PREDICT:FUNANNOTATE_PREDICT	TRAIN_PREDICT:FUNANNOTATE_PREDICT (Morchella_importuna_M04M26)	COMPLETED	0	2547.0	580.0	9.7	peak_rss	4.1035	1	8	32.0	epyc		2026-09-23 12:08:30.015	2026-09-23 15:39:26.496	2026-09-23 16:23:26.778	annotate_trace.20260923_120808.txt	final
v1.9.0-rc1_container	Allomyces_macrogynus_ATCC_38327	TRAIN_PREDICT:FUNANNOTATE_PREDICT	TRAIN_PREDICT:FUNANNOTATE_PREDICT (Allomyces_macrogynus_ATCC_38327)	COMPLETED	0	2999.0	598.4	10.5	peak_rss	4.985004444444445	1	8	32.0	epyc		2026-09-23 12:08:30.634	2026-09-23 15:39:26.618	2026-09-23 16:30:26.841	annotate_trace.20260923_120808.txt	final
v1.9.0-rc1_container	Colletotrichum_graminicola_M1.001	TRAIN_PREDICT:FUNANNOTATE_TRAIN	TRAIN_PREDICT:FUNANNOTATE_TRAIN (Colletotrichum_graminicola_M1.001)	COMPLETED	0	3255.0	281.5	1.9	peak_rss	2.5452291666666667	1	8	48.0	epyc		2026-09-23 12:08:32.594	2026-09-23 15:39:26.621	2026-09-23 16:34:26.855	annotate_trace.20260923_120808.txt	final
v1.9.0-rc1_container	Batrachochytrium_dendrobatidis_JAM81	TRAIN_PREDICT:FUNANNOTATE_TRAIN	TRAIN_PREDICT:FUNANNOTATE_TRAIN (Batrachochytrium_dendrobatidis_JAM81)	COMPLETED	0	2454.0	314.0	1.9	peak_rss	2.140433333333333	1	8	48.0	epyc		2026-09-23 12:08:40.583	2026-09-23 18:58:27.717	2026-09-23 19:39:27.827	annotate_trace.20260923_120808.txt	final
v1.9.0-rc1_container	Protomyces_lactucae-debilis_12-1054	TRAIN_PREDICT:FUNANNOTATE_TRAIN	TRAIN_PREDICT:FUNANNOTATE_TRAIN (Protomyces_lactucae-debilis_12-1054)	COMPLETED	0	0.214	11.5	0.003	peak_rss	6.836111111111112e-06	1	8	48.0	epyc		2026-09-23 12:08:42.579	2026-09-23 20:22:28.342	2026-09-23 20:22:28.345	annotate_trace.20260923_120808.txt	final
v1.9.0-rc1_container	Fusarium_oxysporum_4287	TRAIN_PREDICT:FUNANNOTATE_TRAIN	TRAIN_PREDICT:FUNANNOTATE_TRAIN (Fusarium_oxysporum_4287)	COMPLETED	0	0.305	9.2	0.003	peak_rss	7.794444444444445e-06	1	8	48.0	epyc		2026-09-23 12:08:54.567	2026-09-23 20:22:28.524	2026-09-23 20:22:28.526	annotate_trace.20260923_120808.txt	final
v1.9.0-rc1_container	Umbelopsis_ramanniana_AG	TRAIN_PREDICT:FUNANNOTATE_TRAIN	TRAIN_PREDICT:FUNANNOTATE_TRAIN (Umbelopsis_ramanniana_AG)	COMPLETED	0	0.355	5.2	0.0031000000000000003	peak_rss	5.127777777777778e-06	1	8	48.0	epyc		2026-09-23 12:08:46.581	2026-09-23 20:23:28.017	2026-09-23 20:23:28.020	annotate_trace.20260923_120808.txt	final
v1.9.0-rc1_container	Zymoseptoria_tritici_IPO323	TRAIN_PREDICT:FUNANNOTATE_TRAIN	TRAIN_PREDICT:FUNANNOTATE_TRAIN (Zymoseptoria_tritici_IPO323)	COMPLETED	0	1.0	6.1	0.0068	peak_rss	1.6944444444444446e-05	1	8	48.0	epyc		2026-09-23 12:08:52.570	2026-09-23 20:22:28.521	2026-09-23 20:23:28.038	annotate_trace.20260923_120808.txt	final
v1.9.0-rc1_container	Batrachochytrium_dendrobatidis_JAM81	TRAIN_PREDICT:FUNANNOTATE_PREDICT	TRAIN_PREDICT:FUNANNOTATE_PREDICT (Batrachochytrium_dendrobatidis_JAM81)	FAILED	1	60.0					1	8	32.0	epyc		2026-09-23 19:39:28.140	2026-09-23 20:36:28.616	2026-09-23 20:37:28.883	annotate_trace.20260923_120808.txt	overhead
v1.9.0-rc1_container	Rhizopus_microsporus_ATCC_52813	TRAIN_PREDICT:FUNANNOTATE_TRAIN	TRAIN_PREDICT:FUNANNOTATE_TRAIN (Rhizopus_microsporus_ATCC_52813)	FAILED	1	300.0					2	24	192.0	epyc		2026-09-23 15:49:27.001	2026-09-23 20:36:28.608	2026-09-23 20:41:29.010	annotate_trace.20260923_120808.txt	unresolved
v1.9.0-rc1_container	Trichosporon_asahii_CBS_2479	TRAIN_PREDICT:FUNANNOTATE_PREDICT	TRAIN_PREDICT:FUNANNOTATE_PREDICT (Trichosporon_asahii_CBS_2479)	COMPLETED	0	1329.0	559.7	6.7	peak_rss	2.066225833333333	1	8	32.0	epyc		2026-09-23 12:08:48.565	2026-09-23 20:22:28.508	2026-09-23 20:45:29.175	annotate_trace.20260923_120808.txt	final
v1.9.0-rc1_container	Fusarium_verticillioides_7600	TRAIN_PREDICT:FUNANNOTATE_PREDICT	TRAIN_PREDICT:FUNANNOTATE_PREDICT (Fusarium_verticillioides_7600)	COMPLETED	0	1931.0	598.6	16.4	peak_rss	3.2108238888888896	1	8	32.0	epyc		2026-09-23 12:08:50.676	2026-09-23 20:22:28.517	2026-09-23 20:55:29.667	annotate_trace.20260923_120808.txt	final
v1.9.0-rc1_container	Cokeromyces_recurvatus_NRRL_2243	TRAIN_PREDICT:FUNANNOTATE_PREDICT	TRAIN_PREDICT:FUNANNOTATE_PREDICT (Cokeromyces_recurvatus_NRRL_2243)	COMPLETED	0	1211.0	550.5	5.8	peak_rss	1.8518208333333335	1	8	32.0	epyc		2026-09-23 12:08:44.997	2026-09-23 20:36:28.604	2026-09-23 20:56:29.564	annotate_trace.20260923_120808.txt	final
v1.9.0-rc1_container	Batrachochytrium_dendrobatidis_JAM81	TRAIN_PREDICT:FUNANNOTATE_PREDICT	TRAIN_PREDICT:FUNANNOTATE_PREDICT (Batrachochytrium_dendrobatidis_JAM81)	COMPLETED	0	1152.0	830.9	13.1	peak_rss	2.65888	2	16	64.0	epyc		2026-09-23 20:37:29.137	2026-09-23 20:38:29.056	2026-09-23 20:58:29.596	annotate_trace.20260923_120808.txt	final
v1.9.0-rc1_container	Colletotrichum_graminicola_M1.001	TRAIN_PREDICT:FUNANNOTATE_PREDICT	TRAIN_PREDICT:FUNANNOTATE_PREDICT (Colletotrichum_graminicola_M1.001)	COMPLETED	0	2007.0	598.6	5.7	peak_rss	3.3371950000000004	1	8	32.0	epyc		2026-09-23 16:34:27.167	2026-09-23 20:36:28.611	2026-09-23 21:10:29.984	annotate_trace.20260923_120808.txt	final
v1.9.0-rc1_container	Protomyces_lactucae-debilis_12-1054	TRAIN_PREDICT:FUNANNOTATE_PREDICT	TRAIN_PREDICT:FUNANNOTATE_PREDICT (Protomyces_lactucae-debilis_12-1054)	COMPLETED	0	4587.0	526.3	3.6	peak_rss	6.705939166666666	1	8	32.0	epyc		2026-09-23 20:22:28.486	2026-09-23 20:38:29.033	2026-09-23 21:55:30.846	annotate_trace.20260923_120808.txt	final
v1.9.0-rc1_container	Fusarium_oxysporum_4287	TRAIN_PREDICT:FUNANNOTATE_PREDICT	TRAIN_PREDICT:FUNANNOTATE_PREDICT (Fusarium_oxysporum_4287)	COMPLETED	0	5616.0	668.2	13.7	peak_rss	10.42392	1	8	32.0	epyc		2026-09-23 20:22:29.450	2026-09-23 20:37:28.933	2026-09-23 22:11:31.531	annotate_trace.20260923_120808.txt	final
v1.9.0-rc1_container	Umbelopsis_ramanniana_AG	TRAIN_PREDICT:FUNANNOTATE_PREDICT	TRAIN_PREDICT:FUNANNOTATE_PREDICT (Umbelopsis_ramanniana_AG)	COMPLETED	0	5627.0	645.7	3.3	peak_rss	10.092649722222223	1	8	32.0	epyc		2026-09-23 20:23:29.155	2026-09-23 20:38:29.053	2026-09-23 22:12:31.394	annotate_trace.20260923_120808.txt	final
v1.9.0-rc1_container	Rhizopus_microsporus_ATCC_52813	TRAIN_PREDICT:FUNANNOTATE_TRAIN	TRAIN_PREDICT:FUNANNOTATE_TRAIN (Rhizopus_microsporus_ATCC_52813)	FAILED	1	300.0					3	24	256.0	highmem		2026-09-23 20:41:29.185	2026-09-23 22:12:31.396	2026-09-23 22:17:31.625	annotate_trace.20260923_120808.txt	unresolved
v1.9.0-rc1_container	Zymoseptoria_tritici_IPO323	TRAIN_PREDICT:FUNANNOTATE_PREDICT	TRAIN_PREDICT:FUNANNOTATE_PREDICT (Zymoseptoria_tritici_IPO323)	COMPLETED	0	6654.0	613.8	6.6	peak_rss	11.34507	1	8	32.0	epyc		2026-09-23 20:23:28.171	2026-09-23 20:38:29.050	2026-09-23 22:29:32.130	annotate_trace.20260923_120808.txt	final
v1.9.0-rc1_container_rust	-	ASM_STATS	ASM_STATS	COMPLETED	0	29.2	133.9	0.013800000000000002	rss	0.010860777777777776									annotate_trace.20260921_170849.txt	final
v1.9.0-rc1_container_rust	-	SETUP_DBS:SETUP_AUGUSTUS_CONFIG	SETUP_DBS:SETUP_AUGUSTUS_CONFIG	COMPLETED	0	1.3	26.9	0.004900000000000001	rss	9.713888888888889e-05									annotate_trace.20260921_170849.txt	final
v1.9.0-rc1_container_rust	-	SETUP_DBS:SETUP_MARIADB_DATADIR	SETUP_DBS:SETUP_MARIADB_DATADIR	COMPLETED	0	3.2	40.4	0.15159999999999998	rss	0.0003591111111111111									annotate_trace.20260921_170849.txt	final
v1.9.0-rc1_container_rust	Rhizopus_delemar_RA_99-880	MASK_GENOME:MASKREPEAT_TANTAN_RUN	MASK_GENOME:MASKREPEAT_TANTAN_RUN (Rhizopus_delemar_RA_99-880)	COMPLETED	0	12.7	174.4	0.07840000000000001	rss	0.006152444444444444									annotate_trace.20260921_170849.txt	final
v1.9.0-rc1_container_rust	Phycomyces_blakesleeanus_NRRL_1555_-	MASK_GENOME:MASKREPEAT_TANTAN_RUN	MASK_GENOME:MASKREPEAT_TANTAN_RUN (Phycomyces_blakesleeanus_NRRL_1555_-)	COMPLETED	0	14.7	178.9	0.0723	rss	0.007305083333333334									annotate_trace.20260921_170849.txt	final
v1.9.0-rc1_container_rust	Cryptococcus_deneoformans_JEC21	MASK_GENOME:MASKREPEAT_TANTAN_RUN	MASK_GENOME:MASKREPEAT_TANTAN_RUN (Cryptococcus_deneoformans_JEC21)	COMPLETED	0	5.6	181.4	0.063	rss	0.0028217777777777777									annotate_trace.20260921_170849.txt	final
v1.9.0-rc1_container_rust	Rhizopus_microsporus_ATCC_52813	MASK_GENOME:MASKREPEAT_TANTAN_RUN	MASK_GENOME:MASKREPEAT_TANTAN_RUN (Rhizopus_microsporus_ATCC_52813)	COMPLETED	0	7.0	179.4	0.06440000000000001	rss	0.0034883333333333333									annotate_trace.20260921_170849.txt	final
v1.9.0-rc1_container_rust	Cryptococcus_neoformans_H99	MASK_GENOME:MASKREPEAT_TANTAN_RUN	MASK_GENOME:MASKREPEAT_TANTAN_RUN (Cryptococcus_neoformans_H99)	COMPLETED	0	5.4	180.8	0.062200000000000005	rss	0.002712									annotate_trace.20260921_170849.txt	final
v1.9.0-rc1_container_rust	Malassezia_globosa_CBS_7966	MASK_GENOME:MASKREPEAT_TANTAN_RUN	MASK_GENOME:MASKREPEAT_TANTAN_RUN (Malassezia_globosa_CBS_7966)	COMPLETED	0	3.7	147.7	0.0545	rss	0.0015180277777777776									annotate_trace.20260921_170849.txt	final
v1.9.0-rc1_container_rust	Rhodotorula_toruloides_NP11	MASK_GENOME:MASKREPEAT_TANTAN_RUN	MASK_GENOME:MASKREPEAT_TANTAN_RUN (Rhodotorula_toruloides_NP11)	COMPLETED	0	6.2	164.8	0.0588	rss	0.0028382222222222224									annotate_trace.20260921_170849.txt	final
v1.9.0-rc1_container_rust	Pyricularia_oryzae_70-15	MASK_GENOME:MASKREPEAT_TANTAN_RUN	MASK_GENOME:MASKREPEAT_TANTAN_RUN (Pyricularia_oryzae_70-15)	COMPLETED	0	10.6	185.1	0.1189	rss	0.0054501666666666665									annotate_trace.20260921_170849.txt	final
v1.9.0-rc1_container_rust	Rhodotorula_graminis_WP1	MASK_GENOME:MASKREPEAT_TANTAN_RUN	MASK_GENOME:MASKREPEAT_TANTAN_RUN (Rhodotorula_graminis_WP1)	COMPLETED	0	6.2	160.8	0.0616	rss	0.0027693333333333333									annotate_trace.20260921_170849.txt	final
v1.9.0-rc1_container_rust	Leptographium_clavigerum_kw1407	MASK_GENOME:MASKREPEAT_TANTAN_RUN	MASK_GENOME:MASKREPEAT_TANTAN_RUN (Leptographium_clavigerum_kw1407)	COMPLETED	0	8.0	193.8	0.07100000000000001	rss	0.004306666666666667									annotate_trace.20260921_170849.txt	final
v1.9.0-rc1_container_rust	Orbilia_oligospora_ATCC_24927	MASK_GENOME:MASKREPEAT_TANTAN_RUN	MASK_GENOME:MASKREPEAT_TANTAN_RUN (Orbilia_oligospora_ATCC_24927)	COMPLETED	0	9.9	205.1	0.07390000000000001	rss	0.005640250000000001									annotate_trace.20260921_170849.txt	final
v1.9.0-rc1_container_rust	Talaromyces_marneffei_ATCC_18224	MASK_GENOME:MASKREPEAT_TANTAN_RUN	MASK_GENOME:MASKREPEAT_TANTAN_RUN (Talaromyces_marneffei_ATCC_18224)	COMPLETED	0	7.1	195.4	0.0843	rss	0.0038537222222222215									annotate_trace.20260921_170849.txt	final
v1.9.0-rc1_container_rust	Parastagonospora_nodorum_SN15	MASK_GENOME:MASKREPEAT_TANTAN_RUN	MASK_GENOME:MASKREPEAT_TANTAN_RUN (Parastagonospora_nodorum_SN15)	COMPLETED	0	9.2	204.4	0.0645	rss	0.005223555555555555									annotate_trace.20260921_170849.txt	final
v1.9.0-rc1_container_rust	Pyrenophora_tritici-repentis_Pt-1C-BFP	MASK_GENOME:MASKREPEAT_TANTAN_RUN	MASK_GENOME:MASKREPEAT_TANTAN_RUN (Pyrenophora_tritici-repentis_Pt-1C-BFP)	COMPLETED	0	10.2	198.5	0.08600000000000001	rss	0.005624166666666666									annotate_trace.20260921_170849.txt	final
v1.9.0-rc1_container_rust	Kluyveromyces_lactis_NRRL_Y-1140	MASK_GENOME:MASKREPEAT_TANTAN_RUN	MASK_GENOME:MASKREPEAT_TANTAN_RUN (Kluyveromyces_lactis_NRRL_Y-1140)	COMPLETED	0	3.2	191.4	0.068	rss	0.0017013333333333336									annotate_trace.20260921_170849.txt	final
v1.9.0-rc1_container_rust	Morchella_importuna_M04M26	MASK_GENOME:MASKREPEAT_TANTAN_RUN	MASK_GENOME:MASKREPEAT_TANTAN_RUN (Morchella_importuna_M04M26)	COMPLETED	0	12.7	198.3	0.0695	rss	0.006995583333333334									annotate_trace.20260921_170849.txt	final
v1.9.0-rc1_container_rust	Nakaseomyces_glabratus_CBS_138	MASK_GENOME:MASKREPEAT_TANTAN_RUN	MASK_GENOME:MASKREPEAT_TANTAN_RUN (Nakaseomyces_glabratus_CBS_138)	COMPLETED	0	3.7	192.5	0.0579	rss	0.0019784722222222226									annotate_trace.20260921_170849.txt	final
v1.9.0-rc1_container_rust	Yarrowia_lipolytica_CLIB122	MASK_GENOME:MASKREPEAT_TANTAN_RUN	MASK_GENOME:MASKREPEAT_TANTAN_RUN (Yarrowia_lipolytica_CLIB122)	COMPLETED	0	6.2	195.0	0.0742	rss	0.0033583333333333334									annotate_trace.20260921_170849.txt	final
v1.9.0-rc1_container_rust	Pyrenophora_teres_0-1	MASK_GENOME:MASKREPEAT_TANTAN_RUN	MASK_GENOME:MASKREPEAT_TANTAN_RUN (Pyrenophora_teres_0-1)	COMPLETED	0	7.8	199.3	0.0588	rss	0.004318166666666666									annotate_trace.20260921_170849.txt	final
v1.9.0-rc1_container_rust	Tilletiaria_anomala_UBC_951	MASK_GENOME:MASKREPEAT_TANTAN_RUN	MASK_GENOME:MASKREPEAT_TANTAN_RUN (Tilletiaria_anomala_UBC_951)	COMPLETED	0	5.0	194.1	0.0536	rss	0.002695833333333333									annotate_trace.20260921_170849.txt	final
v1.9.0-rc1_container_rust	Tilletiopsis_washingtonensis_MCA_4186	MASK_GENOME:MASKREPEAT_TANTAN_RUN	MASK_GENOME:MASKREPEAT_TANTAN_RUN (Tilletiopsis_washingtonensis_MCA_4186)	COMPLETED	0	5.0	184.2	0.056	rss	0.002558333333333333									annotate_trace.20260921_170849.txt	final
v1.9.0-rc1_container_rust	Cystobasidium_minutum_MCA_4210	MASK_GENOME:MASKREPEAT_TANTAN_RUN	MASK_GENOME:MASKREPEAT_TANTAN_RUN (Cystobasidium_minutum_MCA_4210)	COMPLETED	0	5.3	200.5	0.07200000000000001	rss	0.002951805555555555									annotate_trace.20260921_170849.txt	final
v1.9.0-rc1_container_rust	Schizophyllum_commune_H4-8	MASK_GENOME:MASKREPEAT_TANTAN_RUN	MASK_GENOME:MASKREPEAT_TANTAN_RUN (Schizophyllum_commune_H4-8)	COMPLETED	0	9.4	194.5	0.07529999999999999	rss	0.005078611111111112									annotate_trace.20260921_170849.txt	final
v1.9.0-rc1_container_rust	Aspergillus_fumigatus_Af293	MASK_GENOME:MASKREPEAT_TANTAN_RUN	MASK_GENOME:MASKREPEAT_TANTAN_RUN (Aspergillus_fumigatus_Af293)	COMPLETED	0	7.5	198.7	0.0768	rss	0.004139583333333333									annotate_trace.20260921_170849.txt	final
v1.9.0-rc1_container_rust	Botrytis_cinerea_B05.10	MASK_GENOME:MASKREPEAT_TANTAN_RUN	MASK_GENOME:MASKREPEAT_TANTAN_RUN (Botrytis_cinerea_B05.10)	COMPLETED	0	10.5	198.6	0.0723	rss	0.0057925									annotate_trace.20260921_170849.txt	final
v1.9.0-rc1_container_rust	Aspergillus_clavatus_NRRL_1	MASK_GENOME:MASKREPEAT_TANTAN_RUN	MASK_GENOME:MASKREPEAT_TANTAN_RUN (Aspergillus_clavatus_NRRL_1)	COMPLETED	0	7.2	195.1	0.0679	rss	0.0039019999999999997									annotate_trace.20260921_170849.txt	final
v1.9.0-rc1_container_rust	Zygosaccharomyces_rouxii_CBS_732	MASK_GENOME:MASKREPEAT_TANTAN_RUN	MASK_GENOME:MASKREPEAT_TANTAN_RUN (Zygosaccharomyces_rouxii_CBS_732)	COMPLETED	0	3.2	182.8	0.0632	rss	0.001624888888888889									annotate_trace.20260921_170849.txt	final
v1.9.0-rc1_container_rust	Tremella_mesenterica_Fries	MASK_GENOME:MASKREPEAT_TANTAN_RUN	MASK_GENOME:MASKREPEAT_TANTAN_RUN (Tremella_mesenterica_Fries)	COMPLETED	0	7.3	189.7	0.0831	rss	0.003846694444444444									annotate_trace.20260921_170849.txt	final
v1.9.0-rc1_container_rust	Morchella_sextelata_SCLS	MASK_GENOME:MASKREPEAT_TANTAN_RUN	MASK_GENOME:MASKREPEAT_TANTAN_RUN (Morchella_sextelata_SCLS)	COMPLETED	0	13.0	196.2	0.0708	rss	0.007084999999999999									annotate_trace.20260921_170849.txt	final
v1.9.0-rc1_container_rust	Malassezia_sympodialis_ATCC_42132	MASK_GENOME:MASKREPEAT_TANTAN_RUN	MASK_GENOME:MASKREPEAT_TANTAN_RUN (Malassezia_sympodialis_ATCC_42132)	COMPLETED	0	2.5	187.1	0.054700000000000006	rss	0.0012993055555555555									annotate_trace.20260921_170849.txt	final
v1.9.0-rc1_container_rust	Mixia_osmundae_IAM_14324	MASK_GENOME:MASKREPEAT_TANTAN_RUN	MASK_GENOME:MASKREPEAT_TANTAN_RUN (Mixia_osmundae_IAM_14324)	COMPLETED	0	4.0	187.9	0.0587	rss	0.002087777777777778									annotate_trace.20260921_170849.txt	final
v1.9.0-rc1_container_rust	Chaetomium_globosum_CBS_148.51	MASK_GENOME:MASKREPEAT_TANTAN_RUN	MASK_GENOME:MASKREPEAT_TANTAN_RUN (Chaetomium_globosum_CBS_148.51)	COMPLETED	0	9.3	201.4	0.08650000000000001	rss	0.005202833333333334									annotate_trace.20260921_170849.txt	final
v1.9.0-rc1_container_rust	Lipomyces_tetrasporus_NRRL_Y-64009	MASK_GENOME:MASKREPEAT_TANTAN_RUN	MASK_GENOME:MASKREPEAT_TANTAN_RUN (Lipomyces_tetrasporus_NRRL_Y-64009)	COMPLETED	0	5.5	196.7	0.0693	rss	0.003005138888888889									annotate_trace.20260921_170849.txt	final
v1.9.0-rc1_container_rust	Gaeumannomyces_tritici_R3-111a-1	MASK_GENOME:MASKREPEAT_TANTAN_RUN	MASK_GENOME:MASKREPEAT_TANTAN_RUN (Gaeumannomyces_tritici_R3-111a-1)	COMPLETED	0	10.8	189.9	0.09290000000000001	rss	0.005697									annotate_trace.20260921_170849.txt	final
v1.9.0-rc1_container_rust	Mucor_mucedo_NRRL_3635	MASK_GENOME:MASKREPEAT_TANTAN_RUN	MASK_GENOME:MASKREPEAT_TANTAN_RUN (Mucor_mucedo_NRRL_3635)	COMPLETED	0	11.1	197.9	0.07540000000000001	rss	0.006101916666666667									annotate_trace.20260921_170849.txt	final
v1.9.0-rc1_container_rust	Sclerotinia_sclerotiorum_1980	MASK_GENOME:MASKREPEAT_TANTAN_RUN	MASK_GENOME:MASKREPEAT_TANTAN_RUN (Sclerotinia_sclerotiorum_1980)	COMPLETED	0	9.6	196.5	0.06770000000000001	rss	0.00524									annotate_trace.20260921_170849.txt	final
v1.9.0-rc1_container_rust	Sporobolomyces_koalae_JCM15063	MASK_GENOME:MASKREPEAT_TANTAN_RUN	MASK_GENOME:MASKREPEAT_TANTAN_RUN (Sporobolomyces_koalae_JCM15063)	COMPLETED	0	5.0	200.8	0.061	rss	0.002788888888888889									annotate_trace.20260921_170849.txt	final
v1.9.0-rc1_container_rust	Pneumocystis_murina_B123	MASK_GENOME:MASKREPEAT_TANTAN_RUN	MASK_GENOME:MASKREPEAT_TANTAN_RUN (Pneumocystis_murina_B123)	COMPLETED	0	2.8	178.8	0.0538	rss	0.0013906666666666666									annotate_trace.20260921_170849.txt	final
v1.9.0-rc1_container_rust	Talaromyces_stipitatus_ATCC_10500	MASK_GENOME:MASKREPEAT_TANTAN_RUN	MASK_GENOME:MASKREPEAT_TANTAN_RUN (Talaromyces_stipitatus_ATCC_10500)	COMPLETED	0	8.7	195.8	0.08070000000000001	rss	0.0047318333333333336									annotate_trace.20260921_170849.txt	final
v1.9.0-rc1_container_rust	Sporobolomyces_salmoneus_JCM6883	MASK_GENOME:MASKREPEAT_TANTAN_RUN	MASK_GENOME:MASKREPEAT_TANTAN_RUN (Sporobolomyces_salmoneus_JCM6883)	COMPLETED	0	5.3	192.8	0.0549	rss	0.0028384444444444447									annotate_trace.20260921_170849.txt	final
v1.9.0-rc1_container_rust	Tricharina_praecox_CBS_144465	MASK_GENOME:MASKREPEAT_TANTAN_RUN	MASK_GENOME:MASKREPEAT_TANTAN_RUN (Tricharina_praecox_CBS_144465)	COMPLETED	0	9.4	196.1	0.0675	rss	0.005120388888888889									annotate_trace.20260921_170849.txt	final
v1.9.0-rc1_container_rust	Protomyces_lactucae-debilis_12-1054	MASK_GENOME:MASKREPEAT_TANTAN_RUN	MASK_GENOME:MASKREPEAT_TANTAN_RUN (Protomyces_lactucae-debilis_12-1054)	COMPLETED	0	3.7	189.9	0.055	rss	0.0019517500000000001									annotate_trace.20260921_170849.txt	final
v1.9.0-rc1_container_rust	Batrachochytrium_dendrobatidis_JAM81	MASK_GENOME:MASKREPEAT_TANTAN_RUN	MASK_GENOME:MASKREPEAT_TANTAN_RUN (Batrachochytrium_dendrobatidis_JAM81)	COMPLETED	0	5.9	195.6	0.0741	rss	0.0032056666666666666									annotate_trace.20260921_170849.txt	final
v1.9.0-rc1_container_rust	Pseudogymnoascus_destructans_20631-21	MASK_GENOME:MASKREPEAT_TANTAN_RUN	MASK_GENOME:MASKREPEAT_TANTAN_RUN (Pseudogymnoascus_destructans_20631-21)	COMPLETED	0	7.7	197.4	0.0526	rss	0.004222166666666667									annotate_trace.20260921_170849.txt	final
v1.9.0-rc1_container_rust	Spizellomyces_punctatus_DAOM_BR117	MASK_GENOME:MASKREPEAT_TANTAN_RUN	MASK_GENOME:MASKREPEAT_TANTAN_RUN (Spizellomyces_punctatus_DAOM_BR117)	COMPLETED	0	6.1	196.4	0.0629	rss	0.003327888888888889									annotate_trace.20260921_170849.txt	final
v1.9.0-rc1_container_rust	Allomyces_macrogynus_ATCC_38327	MASK_GENOME:MASKREPEAT_TANTAN_RUN	MASK_GENOME:MASKREPEAT_TANTAN_RUN (Allomyces_macrogynus_ATCC_38327)	COMPLETED	0	13.7	176.0	0.0674	rss	0.006697777777777777									annotate_trace.20260921_170849.txt	final
v1.9.0-rc1_container_rust	Dactylellina_haptotyla_CBS_200.50	MASK_GENOME:MASKREPEAT_TANTAN_RUN	MASK_GENOME:MASKREPEAT_TANTAN_RUN (Dactylellina_haptotyla_CBS_200.50)	COMPLETED	0	9.5	201.2	0.0549	rss	0.005309444444444445									annotate_trace.20260921_170849.txt	final
v1.9.0-rc1_container_rust	Trichosporon_asahii_CBS_2479	MASK_GENOME:MASKREPEAT_TANTAN_RUN	MASK_GENOME:MASKREPEAT_TANTAN_RUN (Trichosporon_asahii_CBS_2479)	COMPLETED	0	6.4	203.3	0.06440000000000001	rss	0.0036142222222222222									annotate_trace.20260921_170849.txt	final
v1.9.0-rc1_container_rust	Lachancea_thermotolerans_CBS_6340	MASK_GENOME:MASKREPEAT_TANTAN_RUN	MASK_GENOME:MASKREPEAT_TANTAN_RUN (Lachancea_thermotolerans_CBS_6340)	COMPLETED	0	3.1	195.0	0.0583	rss	0.0016791666666666667									annotate_trace.20260921_170849.txt	final
v1.9.0-rc1_container_rust	Drepanopeziza_brunnea_MB_m1	MASK_GENOME:MASKREPEAT_TANTAN_RUN	MASK_GENOME:MASKREPEAT_TANTAN_RUN (Drepanopeziza_brunnea_MB_m1)	COMPLETED	0	12.9	191.6	0.07840000000000001	rss	0.006865666666666667									annotate_trace.20260921_170849.txt	final
v1.9.0-rc1_container_rust	Umbelopsis_ramanniana_AG	MASK_GENOME:MASKREPEAT_TANTAN_RUN	MASK_GENOME:MASKREPEAT_TANTAN_RUN (Umbelopsis_ramanniana_AG)	COMPLETED	0	6.1	199.2	0.055200000000000006	rss	0.003375333333333333									annotate_trace.20260921_170849.txt	final
v1.9.0-rc1_container_rust	Synchytrium_microbalum_JEL517	MASK_GENOME:MASKREPEAT_TANTAN_RUN	MASK_GENOME:MASKREPEAT_TANTAN_RUN (Synchytrium_microbalum_JEL517)	COMPLETED	0	6.5	200.3	0.0606	rss	0.003616527777777778									annotate_trace.20260921_170849.txt	final
v1.9.0-rc1_container_rust	Sugiyamaella_lignohabitans_CBS_10342	MASK_GENOME:MASKREPEAT_TANTAN_RUN	MASK_GENOME:MASKREPEAT_TANTAN_RUN (Sugiyamaella_lignohabitans_CBS_10342)	COMPLETED	0	4.4	186.5	0.0691	rss	0.0022794444444444446									annotate_trace.20260921_170849.txt	final
v1.9.0-rc1_container_rust	Fusarium_verticillioides_7600	MASK_GENOME:MASKREPEAT_TANTAN_RUN	MASK_GENOME:MASKREPEAT_TANTAN_RUN (Fusarium_verticillioides_7600)	COMPLETED	0	10.3	194.7	0.085	rss	0.005570583333333333									annotate_trace.20260921_170849.txt	final
v1.9.0-rc1_container_rust	Zymoseptoria_tritici_IPO323	MASK_GENOME:MASKREPEAT_TANTAN_RUN	MASK_GENOME:MASKREPEAT_TANTAN_RUN (Zymoseptoria_tritici_IPO323)	COMPLETED	0	9.6	197.5	0.0719	rss	0.005266666666666667									annotate_trace.20260921_170849.txt	final
v1.9.0-rc1_container_rust	Saccharomyces_cerevisiae_S288C	MASK_GENOME:MASKREPEAT_TANTAN_RUN	MASK_GENOME:MASKREPEAT_TANTAN_RUN (Saccharomyces_cerevisiae_S288C)	COMPLETED	0	3.7	185.6	0.0588	rss	0.0019075555555555556									annotate_trace.20260921_170849.txt	final
v1.9.0-rc1_container_rust	Wallemia_mellicola_CBS_633.66	MASK_GENOME:MASKREPEAT_TANTAN_RUN	MASK_GENOME:MASKREPEAT_TANTAN_RUN (Wallemia_mellicola_CBS_633.66)	COMPLETED	0	3.1	186.7	0.0565	rss	0.0016076944444444444									annotate_trace.20260921_170849.txt	final
v1.9.0-rc1_container_rust	Letharia_columbiana_WasteWater2	MASK_GENOME:MASKREPEAT_TANTAN_RUN	MASK_GENOME:MASKREPEAT_TANTAN_RUN (Letharia_columbiana_WasteWater2)	COMPLETED	0	12.3	193.7	0.0633	rss	0.0066180833333333335									annotate_trace.20260921_170849.txt	final
v1.9.0-rc1_container_rust	Fusarium_oxysporum_4287	MASK_GENOME:MASKREPEAT_TANTAN_RUN	MASK_GENOME:MASKREPEAT_TANTAN_RUN (Fusarium_oxysporum_4287)	COMPLETED	0	14.1	200.4	0.0819	rss	0.007849									annotate_trace.20260921_170849.txt	final
v1.9.0-rc1_container_rust	Laccaria_bicolor_S238N-H82	MASK_GENOME:MASKREPEAT_TANTAN_RUN	MASK_GENOME:MASKREPEAT_TANTAN_RUN (Laccaria_bicolor_S238N-H82)	COMPLETED	0	14.3	190.5	0.0692	rss	0.007567083333333334									annotate_trace.20260921_170849.txt	final
v1.9.0-rc1_container_rust	Blastomyces_dermatitidis_ER-3	MASK_GENOME:MASKREPEAT_TANTAN_RUN	MASK_GENOME:MASKREPEAT_TANTAN_RUN (Blastomyces_dermatitidis_ER-3)	COMPLETED	0	15.6	191.8	0.1057	rss	0.008311333333333334									annotate_trace.20260921_170849.txt	final
v1.9.0-rc1_container_rust	Eremothecium_gossypii_ATCC_10895	MASK_GENOME:MASKREPEAT_TANTAN_RUN	MASK_GENOME:MASKREPEAT_TANTAN_RUN (Eremothecium_gossypii_ATCC_10895)	COMPLETED	0	2.7	191.8	0.0538	rss	0.0014385000000000001									annotate_trace.20260921_170849.txt	final
v1.9.0-rc1_container_rust	Colletotrichum_graminicola_M1.001	MASK_GENOME:MASKREPEAT_TANTAN_RUN	MASK_GENOME:MASKREPEAT_TANTAN_RUN (Colletotrichum_graminicola_M1.001)	COMPLETED	0	11.9	197.4	0.060200000000000004	rss	0.006525166666666666									annotate_trace.20260921_170849.txt	final
v1.9.0-rc1_container_rust	Cokeromyces_recurvatus_NRRL_2243	MASK_GENOME:MASKREPEAT_TANTAN_RUN	MASK_GENOME:MASKREPEAT_TANTAN_RUN (Cokeromyces_recurvatus_NRRL_2243)	COMPLETED	0	7.1	189.0	0.0628	rss	0.0037274999999999995									annotate_trace.20260921_170849.txt	final
v1.9.0-rc1_container_rust	Uncinocarpus_reesii_1704	MASK_GENOME:MASKREPEAT_TANTAN_RUN	MASK_GENOME:MASKREPEAT_TANTAN_RUN (Uncinocarpus_reesii_1704)	COMPLETED	0	5.8	192.7	0.092	rss	0.003104611111111111									annotate_trace.20260921_170849.txt	final
v1.9.0-rc1_container_rust	-	FETCH_RNASEQ:COLLECT_SRA_QUERY	FETCH_RNASEQ:COLLECT_SRA_QUERY	COMPLETED	0	0.0	50.8	0.0031000000000000003	rss	0.0									annotate_trace.20260921_170849.txt	final
v1.9.0-rc1_container_rust	Phycomyces_blakesleeanus	TRAIN_PREDICT:RNASEQ_PREPARE	TRAIN_PREDICT:RNASEQ_PREPARE (Phycomyces_blakesleeanus)	COMPLETED	0	5539.0	1310.4	3.0	rss	20.16196									annotate_trace.20260921_170849.txt	final
v1.9.0-rc1_container_rust	Rhizopus_delemar	TRAIN_PREDICT:RNASEQ_PREPARE	TRAIN_PREDICT:RNASEQ_PREPARE (Rhizopus_delemar)	COMPLETED	0	6674.0	1280.8	3.3	rss	23.744608888888887									annotate_trace.20260921_170849.txt	final
v1.9.0-rc1_container_rust	Rhodotorula_graminis_WP1	TRAIN_PREDICT:FUNANNOTATE_PREDICT	TRAIN_PREDICT:FUNANNOTATE_PREDICT (Rhodotorula_graminis_WP1)	COMPLETED	0	3271.0	616.0	3.9	rss	5.597044444444445									annotate_trace.20260921_170849.txt	final
v1.9.0-rc1_container_rust	Rhizopus_microsporus	TRAIN_PREDICT:RNASEQ_PREPARE	TRAIN_PREDICT:RNASEQ_PREPARE (Rhizopus_microsporus)	COMPLETED	0	901.0	910.7	6.6	rss	2.2792797222222223									annotate_trace.20260921_170849.txt	final
v1.9.0-rc1_container_rust	Rhodotorula_toruloides_NP11	TRAIN_PREDICT:FUNANNOTATE_PREDICT	TRAIN_PREDICT:FUNANNOTATE_PREDICT (Rhodotorula_toruloides_NP11)	COMPLETED	0	3062.0	681.7	2.6	rss	5.798237222222222									annotate_trace.20260921_170849.txt	final
v1.9.0-rc1_container_rust	Leptographium_clavigerum_kw1407	TRAIN_PREDICT:FUNANNOTATE_PREDICT	TRAIN_PREDICT:FUNANNOTATE_PREDICT (Leptographium_clavigerum_kw1407)	COMPLETED	0	5714.0	575.6	3.8	rss	9.136051111111112									annotate_trace.20260921_170849.txt	final
v1.9.0-rc1_container_rust	Pyricularia_oryzae_70-15	TRAIN_PREDICT:FUNANNOTATE_PREDICT	TRAIN_PREDICT:FUNANNOTATE_PREDICT (Pyricularia_oryzae_70-15)	COMPLETED	0	5883.0	641.8	4.1	rss	10.488081666666666									annotate_trace.20260921_170849.txt	final
v1.9.0-rc1_container_rust	Cryptococcus_neoformans	TRAIN_PREDICT:RNASEQ_PREPARE	TRAIN_PREDICT:RNASEQ_PREPARE (Cryptococcus_neoformans)	COMPLETED	0	2615.0	1155.2	2.2	rss	8.391244444444444									annotate_trace.20260921_170849.txt	final
v1.9.0-rc1_container_rust	Nakaseomyces_glabratus_CBS_138	TRAIN_PREDICT:FUNANNOTATE_PREDICT	TRAIN_PREDICT:FUNANNOTATE_PREDICT (Nakaseomyces_glabratus_CBS_138)	COMPLETED	0	3055.0	562.3	3.5	rss	4.771740277777777									annotate_trace.20260921_170849.txt	final
v1.9.0-rc1_container_rust	Cystobasidium_minutum_MCA_4210	TRAIN_PREDICT:FUNANNOTATE_PREDICT	TRAIN_PREDICT:FUNANNOTATE_PREDICT (Cystobasidium_minutum_MCA_4210)	COMPLETED	0	2810.0	677.5	4.4	rss	5.288263888888889									annotate_trace.20260921_170849.txt	final
v1.9.0-rc1_container_rust	Spizellomyces_punctatus_DAOM_BR117	TRAIN_PREDICT:FUNANNOTATE_PREDICT	TRAIN_PREDICT:FUNANNOTATE_PREDICT (Spizellomyces_punctatus_DAOM_BR117)	FAILED	1	59.9													annotate_trace.20260921_170849.txt	overhead
v1.9.0-rc1_container_rust	Synchytrium_microbalum_JEL517	TRAIN_PREDICT:FUNANNOTATE_PREDICT	TRAIN_PREDICT:FUNANNOTATE_PREDICT (Synchytrium_microbalum_JEL517)	FAILED	1	59.9													annotate_trace.20260921_170849.txt	overhead
v1.9.0-rc1_container_rust	Dactylellina_haptotyla_CBS_200.50	TRAIN_PREDICT:FUNANNOTATE_PREDICT	TRAIN_PREDICT:FUNANNOTATE_PREDICT (Dactylellina_haptotyla_CBS_200.50)	FAILED	1	0.003													annotate_trace.20260921_170849.txt	overhead
v1.9.0-rc1_container_rust	Pneumocystis_murina_B123	TRAIN_PREDICT:FUNANNOTATE_PREDICT	TRAIN_PREDICT:FUNANNOTATE_PREDICT (Pneumocystis_murina_B123)	FAILED	1	0.003													annotate_trace.20260921_170849.txt	overhead
v1.9.0-rc1_container_rust	Cryptococcus_deneoformans	TRAIN_PREDICT:RNASEQ_PREPARE	TRAIN_PREDICT:RNASEQ_PREPARE (Cryptococcus_deneoformans)	COMPLETED	0	2725.0	1175.1	3.1	rss	8.894854166666667									annotate_trace.20260921_170849.txt	final
v1.9.0-rc1_container_rust	Kluyveromyces_lactis	TRAIN_PREDICT:RNASEQ_PREPARE	TRAIN_PREDICT:RNASEQ_PREPARE (Kluyveromyces_lactis)	COMPLETED	0	940.0	1374.2	5.2	rss	3.5881888888888893									annotate_trace.20260921_170849.txt	final
v1.9.0-rc1_container_rust	Aspergillus_fumigatus	TRAIN_PREDICT:RNASEQ_PREPARE	TRAIN_PREDICT:RNASEQ_PREPARE (Aspergillus_fumigatus)	FAILED	-	1980.0													annotate_trace.20260921_170849.txt	overhead
v1.9.0-rc1_container_rust	Tilletiopsis_washingtonensis	TRAIN_PREDICT:RNASEQ_PREPARE	TRAIN_PREDICT:RNASEQ_PREPARE (Tilletiopsis_washingtonensis)	FAILED	-	1980.0													annotate_trace.20260921_170849.txt	overhead
v1.9.0-rc1_container_rust	Yarrowia_lipolytica	TRAIN_PREDICT:RNASEQ_PREPARE	TRAIN_PREDICT:RNASEQ_PREPARE (Yarrowia_lipolytica)	FAILED	-	1980.0													annotate_trace.20260921_170849.txt	overhead
v1.9.0-rc1_container_rust	Tilletiaria_anomala	TRAIN_PREDICT:RNASEQ_PREPARE	TRAIN_PREDICT:RNASEQ_PREPARE (Tilletiaria_anomala)	FAILED	-	1980.0													annotate_trace.20260921_170849.txt	overhead
v1.9.0-rc1_container_rust	Orbilia_oligospora	TRAIN_PREDICT:RNASEQ_PREPARE	TRAIN_PREDICT:RNASEQ_PREPARE (Orbilia_oligospora)	COMPLETED	0	3630.0	1309.8	3.2	rss	13.207149999999999									annotate_trace.20260921_170849.txt	final
v1.9.0-rc1_container_rust	Sporobolomyces_koalae_JCM15063	TRAIN_PREDICT:FUNANNOTATE_PREDICT	TRAIN_PREDICT:FUNANNOTATE_PREDICT (Sporobolomyces_koalae_JCM15063)	COMPLETED	0	1733.0	657.3	2.7	rss	3.1641691666666665									annotate_trace.20260921_170849.txt	final
v1.9.0-rc1_container_rust	Talaromyces_stipitatus_ATCC_10500	TRAIN_PREDICT:FUNANNOTATE_PREDICT	TRAIN_PREDICT:FUNANNOTATE_PREDICT (Talaromyces_stipitatus_ATCC_10500)	FAILED	-	1966.0													annotate_trace.20260921_170849.txt	overhead
v1.9.0-rc1_container_rust	Sporobolomyces_salmoneus_JCM6883	TRAIN_PREDICT:FUNANNOTATE_PREDICT	TRAIN_PREDICT:FUNANNOTATE_PREDICT (Sporobolomyces_salmoneus_JCM6883)	FAILED	-	1980.0													annotate_trace.20260921_170849.txt	overhead
v1.9.0-rc1_container_rust	Malassezia_globosa	TRAIN_PREDICT:RNASEQ_PREPARE	TRAIN_PREDICT:RNASEQ_PREPARE (Malassezia_globosa)	COMPLETED	0	1275.0	1214.4	1.8	rss	4.301									annotate_trace.20260921_170849.txt	final
v1.9.0-rc1_container_rust	Pyrenophora_teres	TRAIN_PREDICT:RNASEQ_PREPARE	TRAIN_PREDICT:RNASEQ_PREPARE (Pyrenophora_teres)	FAILED	-	1980.0													annotate_trace.20260921_170849.txt	overhead
v1.9.0-rc1_container_rust	Aspergillus_clavatus_NRRL_1	TRAIN_PREDICT:FUNANNOTATE_PREDICT	TRAIN_PREDICT:FUNANNOTATE_PREDICT (Aspergillus_clavatus_NRRL_1)	COMPLETED	0	4983.0	651.9	4.4	rss	9.0233825									annotate_trace.20260921_170849.txt	final
v1.9.0-rc1_container_rust	Mixia_osmundae_IAM_14324	TRAIN_PREDICT:FUNANNOTATE_PREDICT	TRAIN_PREDICT:FUNANNOTATE_PREDICT (Mixia_osmundae_IAM_14324)	COMPLETED	0	2925.0	620.1	3.6	rss	5.0383125									annotate_trace.20260921_170849.txt	final
v1.9.0-rc1_container_rust	Schizophyllum_commune	TRAIN_PREDICT:RNASEQ_PREPARE	TRAIN_PREDICT:RNASEQ_PREPARE (Schizophyllum_commune)	COMPLETED	0	2723.0	1281.2	2.6	rss	9.690854444444446									annotate_trace.20260921_170849.txt	final
v1.9.0-rc1_container_rust	Parastagonospora_nodorum	TRAIN_PREDICT:RNASEQ_PREPARE	TRAIN_PREDICT:RNASEQ_PREPARE (Parastagonospora_nodorum)	FAILED	-	2040.0													annotate_trace.20260921_170849.txt	overhead
v1.9.0-rc1_container_rust	Talaromyces_marneffei	TRAIN_PREDICT:RNASEQ_PREPARE	TRAIN_PREDICT:RNASEQ_PREPARE (Talaromyces_marneffei)	FAILED	-	2040.0													annotate_trace.20260921_170849.txt	overhead
v1.9.0-rc1_container_rust	Sugiyamaella_lignohabitans_CBS_10342	TRAIN_PREDICT:FUNANNOTATE_PREDICT	TRAIN_PREDICT:FUNANNOTATE_PREDICT (Sugiyamaella_lignohabitans_CBS_10342)	COMPLETED	0	3496.0	672.1	4.5	rss	6.526837777777778									annotate_trace.20260921_170849.txt	final
v1.9.0-rc1_container_rust	Pyrenophora_tritici-repentis	TRAIN_PREDICT:RNASEQ_PREPARE	TRAIN_PREDICT:RNASEQ_PREPARE (Pyrenophora_tritici-repentis)	FAILED	-	1980.0													annotate_trace.20260921_170849.txt	overhead
v1.9.0-rc1_container_rust	Letharia_columbiana_WasteWater2	TRAIN_PREDICT:FUNANNOTATE_PREDICT	TRAIN_PREDICT:FUNANNOTATE_PREDICT (Letharia_columbiana_WasteWater2)	COMPLETED	0	3878.0	607.8	4.2	rss	6.5473566666666665									annotate_trace.20260921_170849.txt	final
v1.9.0-rc1_container_rust	Wallemia_mellicola_CBS_633.66	TRAIN_PREDICT:FUNANNOTATE_PREDICT	TRAIN_PREDICT:FUNANNOTATE_PREDICT (Wallemia_mellicola_CBS_633.66)	COMPLETED	0	2600.0	649.9	1.9	rss	4.693722222222222									annotate_trace.20260921_170849.txt	final
v1.9.0-rc1_container_rust	Morchella_importuna	TRAIN_PREDICT:RNASEQ_PREPARE	TRAIN_PREDICT:RNASEQ_PREPARE (Morchella_importuna)	FAILED	-	1980.0													annotate_trace.20260921_170849.txt	overhead
v1.9.0-rc1_container_rust	Eremothecium_gossypii_ATCC_10895	TRAIN_PREDICT:FUNANNOTATE_PREDICT	TRAIN_PREDICT:FUNANNOTATE_PREDICT (Eremothecium_gossypii_ATCC_10895)	COMPLETED	0	2503.0	595.8	4.0	rss	4.142465									annotate_trace.20260921_170849.txt	final
v1.9.0-rc1_container_rust	Botrytis_cinerea	TRAIN_PREDICT:RNASEQ_PREPARE	TRAIN_PREDICT:RNASEQ_PREPARE (Botrytis_cinerea)	COMPLETED	0	4223.0	1212.6	2.5	rss	14.224471666666666									annotate_trace.20260921_170849.txt	final
v1.9.0-rc1_container_rust	Tricharina_praecox	TRAIN_PREDICT:RNASEQ_PREPARE	TRAIN_PREDICT:RNASEQ_PREPARE (Tricharina_praecox)	FAILED	-	1980.0													annotate_trace.20260921_170849.txt	unresolved
v1.9.0-rc1_container_rust	Blastomyces_dermatitidis_ER-3	TRAIN_PREDICT:FUNANNOTATE_PREDICT	TRAIN_PREDICT:FUNANNOTATE_PREDICT (Blastomyces_dermatitidis_ER-3)	COMPLETED	0	5095.0	613.8	18.2	rss	8.686975									annotate_trace.20260921_170849.txt	final
v1.9.0-rc1_container_rust	Tremella_mesenterica_Fries	TRAIN_PREDICT:FUNANNOTATE_PREDICT	TRAIN_PREDICT:FUNANNOTATE_PREDICT (Tremella_mesenterica_Fries)	COMPLETED	0	7259.0	670.3	4.6	rss	13.51585472222222									annotate_trace.20260921_170849.txt	final
v1.9.0-rc1_container_rust	Allomyces_macrogynus	TRAIN_PREDICT:RNASEQ_PREPARE	TRAIN_PREDICT:RNASEQ_PREPARE (Allomyces_macrogynus)	FAILED	-	1980.0													annotate_trace.20260921_170849.txt	unresolved
v1.9.0-rc1_container_rust	Zygosaccharomyces_rouxii	TRAIN_PREDICT:RNASEQ_PREPARE	TRAIN_PREDICT:RNASEQ_PREPARE (Zygosaccharomyces_rouxii)	COMPLETED	0	924.0	1147.2	2.6	rss	2.94448									annotate_trace.20260921_170849.txt	final
v1.9.0-rc1_container_rust	Laccaria_bicolor_S238N-H82	TRAIN_PREDICT:FUNANNOTATE_PREDICT	TRAIN_PREDICT:FUNANNOTATE_PREDICT (Laccaria_bicolor_S238N-H82)	COMPLETED	0	7157.0	658.6	4.5	rss	13.093333888888889									annotate_trace.20260921_170849.txt	final
v1.9.0-rc1_container_rust	Malassezia_sympodialis	TRAIN_PREDICT:RNASEQ_PREPARE	TRAIN_PREDICT:RNASEQ_PREPARE (Malassezia_sympodialis)	COMPLETED	0	1169.0	1136.4	1.0198	rss	3.6901433333333338									annotate_trace.20260921_170849.txt	final
v1.9.0-rc1_container_rust	Uncinocarpus_reesii_1704	TRAIN_PREDICT:FUNANNOTATE_PREDICT	TRAIN_PREDICT:FUNANNOTATE_PREDICT (Uncinocarpus_reesii_1704)	COMPLETED	0	5227.0	608.5	4.0	rss	8.835081944444445									annotate_trace.20260921_170849.txt	final
v1.9.0-rc1_container_rust	Batrachochytrium_dendrobatidis	TRAIN_PREDICT:RNASEQ_PREPARE	TRAIN_PREDICT:RNASEQ_PREPARE (Batrachochytrium_dendrobatidis)	FAILED	-	1980.0													annotate_trace.20260921_170849.txt	unresolved
v1.9.0-rc1_container_rust	Pseudogymnoascus_destructans	TRAIN_PREDICT:RNASEQ_PREPARE	TRAIN_PREDICT:RNASEQ_PREPARE (Pseudogymnoascus_destructans)	FAILED	-	1980.0													annotate_trace.20260921_170849.txt	unresolved
v1.9.0-rc1_container_rust	Chaetomium_globosum	TRAIN_PREDICT:RNASEQ_PREPARE	TRAIN_PREDICT:RNASEQ_PREPARE (Chaetomium_globosum)	COMPLETED	0	4353.0	1210.6	2.7	rss	14.638171666666667									annotate_trace.20260921_170849.txt	final
v1.9.0-rc1_container_rust	Lipomyces_tetrasporus	TRAIN_PREDICT:RNASEQ_PREPARE	TRAIN_PREDICT:RNASEQ_PREPARE (Lipomyces_tetrasporus)	COMPLETED	0	3695.0	1225.7	2.9	rss	12.580448611111109									annotate_trace.20260921_170849.txt	final
v1.9.0-rc1_container_rust	Sclerotinia_sclerotiorum	TRAIN_PREDICT:RNASEQ_PREPARE	TRAIN_PREDICT:RNASEQ_PREPARE (Sclerotinia_sclerotiorum)	COMPLETED	0	4129.0	1246.2	2.7	rss	14.293221666666668									annotate_trace.20260921_170849.txt	final
v1.9.0-rc1_container_rust	Morchella_sextelata	TRAIN_PREDICT:RNASEQ_PREPARE	TRAIN_PREDICT:RNASEQ_PREPARE (Morchella_sextelata)	COMPLETED	0	9507.0	1279.7	14.6	rss	33.79474416666667									annotate_trace.20260921_170849.txt	final
v1.9.0-rc1_container_rust	Gaeumannomyces_tritici	TRAIN_PREDICT:RNASEQ_PREPARE	TRAIN_PREDICT:RNASEQ_PREPARE (Gaeumannomyces_tritici)	COMPLETED	0	4007.0	1190.8	2.6	rss	13.254265555555554									annotate_trace.20260921_170849.txt	final
v1.9.0-rc1_container_rust	Protomyces_lactucae-debilis	TRAIN_PREDICT:RNASEQ_PREPARE	TRAIN_PREDICT:RNASEQ_PREPARE (Protomyces_lactucae-debilis)	COMPLETED	0	1251.0	1126.8	4.5	rss	3.9156299999999993									annotate_trace.20260921_170849.txt	final
v1.9.0-rc1_container_rust	Drepanopeziza_brunnea	TRAIN_PREDICT:RNASEQ_PREPARE	TRAIN_PREDICT:RNASEQ_PREPARE (Drepanopeziza_brunnea)	COMPLETED	0	217.0	1115.0	3.0	rss	0.6720972222222222									annotate_trace.20260921_170849.txt	final
v1.9.0-rc1_container_rust	Lachancea_thermotolerans	TRAIN_PREDICT:RNASEQ_PREPARE	TRAIN_PREDICT:RNASEQ_PREPARE (Lachancea_thermotolerans)	COMPLETED	0	1188.0	1034.6	1.1	rss	3.4141799999999995									annotate_trace.20260921_170849.txt	final
v1.9.0-rc1_container_rust	Mucor_mucedo	TRAIN_PREDICT:RNASEQ_PREPARE	TRAIN_PREDICT:RNASEQ_PREPARE (Mucor_mucedo)	COMPLETED	0	3695.0	1177.8	2.2	rss	12.088808333333331									annotate_trace.20260921_170849.txt	final
v1.9.0-rc1_container_rust	Trichosporon_asahii	TRAIN_PREDICT:RNASEQ_PREPARE	TRAIN_PREDICT:RNASEQ_PREPARE (Trichosporon_asahii)	COMPLETED	0	2886.0	1211.3	2.1	rss	9.710588333333332									annotate_trace.20260921_170849.txt	final
v1.9.0-rc1_container_rust	Umbelopsis_ramanniana	TRAIN_PREDICT:RNASEQ_PREPARE	TRAIN_PREDICT:RNASEQ_PREPARE (Umbelopsis_ramanniana)	COMPLETED	0	2524.0	1169.8	2.2	rss	8.201597777777778									annotate_trace.20260921_170849.txt	final
v1.9.0-rc1_container_rust	Fusarium_verticillioides	TRAIN_PREDICT:RNASEQ_PREPARE	TRAIN_PREDICT:RNASEQ_PREPARE (Fusarium_verticillioides)	COMPLETED	0	4437.0	1196.7	3.4	rss	14.7493275									annotate_trace.20260921_170849.txt	final
v1.9.0-rc1_container_rust	Zymoseptoria_tritici	TRAIN_PREDICT:RNASEQ_PREPARE	TRAIN_PREDICT:RNASEQ_PREPARE (Zymoseptoria_tritici)	COMPLETED	0	3580.0	1193.6	7.4	rss	11.86968888888889									annotate_trace.20260921_170849.txt	final
v1.9.0-rc1_container_rust	Saccharomyces_cerevisiae	TRAIN_PREDICT:RNASEQ_PREPARE	TRAIN_PREDICT:RNASEQ_PREPARE (Saccharomyces_cerevisiae)	COMPLETED	0	1349.0	1114.5	1.8	rss	4.176279166666666									annotate_trace.20260921_170849.txt	final
v1.9.0-rc1_container_rust	Colletotrichum_graminicola	TRAIN_PREDICT:RNASEQ_PREPARE	TRAIN_PREDICT:RNASEQ_PREPARE (Colletotrichum_graminicola)	COMPLETED	0	4661.0	1252.9	3.2	rss	16.221574722222226									annotate_trace.20260921_170849.txt	final
v1.9.0-rc1_container_rust	Fusarium_oxysporum	TRAIN_PREDICT:RNASEQ_PREPARE	TRAIN_PREDICT:RNASEQ_PREPARE (Fusarium_oxysporum)	COMPLETED	0	4702.0	1149.4	5.4	rss	15.012441111111112									annotate_trace.20260921_170849.txt	final
v1.9.0-rc1_container_rust	Cokeromyces_recurvatus	TRAIN_PREDICT:RNASEQ_PREPARE	TRAIN_PREDICT:RNASEQ_PREPARE (Cokeromyces_recurvatus)	COMPLETED	0	3333.0	1268.1	2.1	rss	11.740492499999998									annotate_trace.20260921_170849.txt	final
v1.9.0-rc1_container_rust	Rhizopus_microsporus_ATCC_52813	TRAIN_PREDICT:FUNANNOTATE_TRAIN	TRAIN_PREDICT:FUNANNOTATE_TRAIN (Rhizopus_microsporus_ATCC_52813)	FAILED	1	900.0													annotate_trace.20260921_170849.txt	unresolved
v1.9.0-rc1_container_rust	Phycomyces_blakesleeanus_NRRL_1555_-	TRAIN_PREDICT:FUNANNOTATE_TRAIN	TRAIN_PREDICT:FUNANNOTATE_TRAIN (Phycomyces_blakesleeanus_NRRL_1555_-)	FAILED	-	1980.0													annotate_trace.20260921_170849.txt	overhead
v1.9.0-rc1_container_rust	Rhizopus_delemar_RA_99-880	TRAIN_PREDICT:FUNANNOTATE_TRAIN	TRAIN_PREDICT:FUNANNOTATE_TRAIN (Rhizopus_delemar_RA_99-880)	FAILED	-	1980.0													annotate_trace.20260921_170849.txt	overhead
v1.9.0-rc1_container_rust	Cryptococcus_neoformans_H99	TRAIN_PREDICT:FUNANNOTATE_TRAIN	TRAIN_PREDICT:FUNANNOTATE_TRAIN (Cryptococcus_neoformans_H99)	COMPLETED	0	2452.0	272.1	1.6	rss	1.8533033333333333									annotate_trace.20260921_170849.txt	final
v1.9.0-rc1_container_rust	Spizellomyces_punctatus_DAOM_BR117	TRAIN_PREDICT:FUNANNOTATE_PREDICT	TRAIN_PREDICT:FUNANNOTATE_PREDICT (Spizellomyces_punctatus_DAOM_BR117)	COMPLETED	0	1281.0	1163.2	12.9	rss	4.139053333333333									annotate_trace.20260921_170849.txt	final
v1.9.0-rc1_container_rust	Synchytrium_microbalum_JEL517	TRAIN_PREDICT:FUNANNOTATE_PREDICT	TRAIN_PREDICT:FUNANNOTATE_PREDICT (Synchytrium_microbalum_JEL517)	COMPLETED	0	1535.0	1191.2	5.7	rss	5.079144444444444									annotate_trace.20260921_170849.txt	final
v1.9.0-rc1_container_rust	Dactylellina_haptotyla_CBS_200.50	TRAIN_PREDICT:FUNANNOTATE_PREDICT	TRAIN_PREDICT:FUNANNOTATE_PREDICT (Dactylellina_haptotyla_CBS_200.50)	FAILED	-	1980.0													annotate_trace.20260921_170849.txt	overhead
v1.9.0-rc1_container_rust	Cryptococcus_neoformans_H99	TRAIN_PREDICT:FUNANNOTATE_PREDICT	TRAIN_PREDICT:FUNANNOTATE_PREDICT (Cryptococcus_neoformans_H99)	COMPLETED	0	828.0	529.4	4.1	rss	1.21762									annotate_trace.20260921_170849.txt	final
v1.9.0-rc1_container_rust	Pneumocystis_murina_B123	TRAIN_PREDICT:FUNANNOTATE_PREDICT	TRAIN_PREDICT:FUNANNOTATE_PREDICT (Pneumocystis_murina_B123)	COMPLETED	0	1538.0	1202.8	4.1	rss	5.1386288888888885									annotate_trace.20260921_170849.txt	final
v1.9.0-rc1_container_rust	Cryptococcus_deneoformans_JEC21	TRAIN_PREDICT:FUNANNOTATE_TRAIN	TRAIN_PREDICT:FUNANNOTATE_TRAIN (Cryptococcus_deneoformans_JEC21)	COMPLETED	0	2726.0	274.1	1.6	rss	2.075546111111111									annotate_trace.20260921_170849.txt	final
v1.9.0-rc1_container_rust	Kluyveromyces_lactis_NRRL_Y-1140	TRAIN_PREDICT:FUNANNOTATE_TRAIN	TRAIN_PREDICT:FUNANNOTATE_TRAIN (Kluyveromyces_lactis_NRRL_Y-1140)	COMPLETED	0	866.0	211.5	1.8	rss	0.5087750000000001									annotate_trace.20260921_170849.txt	final
v1.9.0-rc1_container_rust	Tilletiopsis_washingtonensis	TRAIN_PREDICT:RNASEQ_PREPARE	TRAIN_PREDICT:RNASEQ_PREPARE (Tilletiopsis_washingtonensis)	COMPLETED	0	1766.0	1268.8	1.7	rss	6.224168888888888									annotate_trace.20260921_170849.txt	final
v1.9.0-rc1_container_rust	Yarrowia_lipolytica	TRAIN_PREDICT:RNASEQ_PREPARE	TRAIN_PREDICT:RNASEQ_PREPARE (Yarrowia_lipolytica)	FAILED	-	1980.0													annotate_trace.20260921_170849.txt	overhead
v1.9.0-rc1_container_rust	Aspergillus_fumigatus	TRAIN_PREDICT:RNASEQ_PREPARE	TRAIN_PREDICT:RNASEQ_PREPARE (Aspergillus_fumigatus)	FAILED	-	1980.0													annotate_trace.20260921_170849.txt	overhead
v1.9.0-rc1_container_rust	Orbilia_oligospora_ATCC_24927	TRAIN_PREDICT:FUNANNOTATE_TRAIN	TRAIN_PREDICT:FUNANNOTATE_TRAIN (Orbilia_oligospora_ATCC_24927)	FAILED	-	1980.0													annotate_trace.20260921_170849.txt	overhead
v1.9.0-rc1_container_rust	Tilletiaria_anomala	TRAIN_PREDICT:RNASEQ_PREPARE	TRAIN_PREDICT:RNASEQ_PREPARE (Tilletiaria_anomala)	COMPLETED	0	1654.0	1267.5	2.3	rss	5.823458333333334									annotate_trace.20260921_170849.txt	final
v1.9.0-rc1_container_rust	Talaromyces_stipitatus_ATCC_10500	TRAIN_PREDICT:FUNANNOTATE_PREDICT	TRAIN_PREDICT:FUNANNOTATE_PREDICT (Talaromyces_stipitatus_ATCC_10500)	COMPLETED	0	0.168	12.7	0.0034	rss	5.926666666666667e-06									annotate_trace.20260921_170849.txt	final
v1.9.0-rc1_container_rust	Sporobolomyces_salmoneus_JCM6883	TRAIN_PREDICT:FUNANNOTATE_PREDICT	TRAIN_PREDICT:FUNANNOTATE_PREDICT (Sporobolomyces_salmoneus_JCM6883)	COMPLETED	0	0.163	22.5	0.003	rss	1.01875e-05									annotate_trace.20260921_170849.txt	final
v1.9.0-rc1_container_rust	Schizophyllum_commune_H4-8	TRAIN_PREDICT:FUNANNOTATE_TRAIN	TRAIN_PREDICT:FUNANNOTATE_TRAIN (Schizophyllum_commune_H4-8)	COMPLETED	0	597.0	312.5	1.7	rss	0.5182291666666666									annotate_trace.20260921_170849.txt	final
v1.9.0-rc1_container_rust	Malassezia_globosa_CBS_7966	TRAIN_PREDICT:FUNANNOTATE_TRAIN	TRAIN_PREDICT:FUNANNOTATE_TRAIN (Malassezia_globosa_CBS_7966)	COMPLETED	0	1249.0	230.7	1.6	rss	0.8004008333333333									annotate_trace.20260921_170849.txt	final
v1.9.0-rc1_container_rust	Pyrenophora_teres	TRAIN_PREDICT:RNASEQ_PREPARE	TRAIN_PREDICT:RNASEQ_PREPARE (Pyrenophora_teres)	COMPLETED	0	1083.0	1245.4	4.3	rss	3.746578333333334									annotate_trace.20260921_170849.txt	final
v1.9.0-rc1_container_rust	Zygosaccharomyces_rouxii_CBS_732	TRAIN_PREDICT:FUNANNOTATE_TRAIN	TRAIN_PREDICT:FUNANNOTATE_TRAIN (Zygosaccharomyces_rouxii_CBS_732)	COMPLETED	0	638.0	263.0	1.6	rss	0.4660944444444444									annotate_trace.20260921_170849.txt	final
v1.9.0-rc1_container_rust	Parastagonospora_nodorum	TRAIN_PREDICT:RNASEQ_PREPARE	TRAIN_PREDICT:RNASEQ_PREPARE (Parastagonospora_nodorum)	FAILED	-	1980.0													annotate_trace.20260921_170849.txt	overhead
v1.9.0-rc1_container_rust	Botrytis_cinerea_B05.10	TRAIN_PREDICT:FUNANNOTATE_TRAIN	TRAIN_PREDICT:FUNANNOTATE_TRAIN (Botrytis_cinerea_B05.10)	FAILED	-	1980.0													annotate_trace.20260921_170849.txt	overhead
v1.9.0-rc1_container_rust	Malassezia_sympodialis_ATCC_42132	TRAIN_PREDICT:FUNANNOTATE_TRAIN	TRAIN_PREDICT:FUNANNOTATE_TRAIN (Malassezia_sympodialis_ATCC_42132)	COMPLETED	0	1682.0	165.2	1.2	rss	0.771851111111111									annotate_trace.20260921_170849.txt	final
v1.9.0-rc1_container_rust	Talaromyces_marneffei	TRAIN_PREDICT:RNASEQ_PREPARE	TRAIN_PREDICT:RNASEQ_PREPARE (Talaromyces_marneffei)	FAILED	-	1980.0													annotate_trace.20260921_170849.txt	overhead
v1.9.0-rc1_container_rust	Chaetomium_globosum_CBS_148.51	TRAIN_PREDICT:FUNANNOTATE_TRAIN	TRAIN_PREDICT:FUNANNOTATE_TRAIN (Chaetomium_globosum_CBS_148.51)	FAILED	-	1980.0													annotate_trace.20260921_170849.txt	overhead
v1.9.0-rc1_container_rust	Pyrenophora_tritici-repentis	TRAIN_PREDICT:RNASEQ_PREPARE	TRAIN_PREDICT:RNASEQ_PREPARE (Pyrenophora_tritici-repentis)	FAILED	-	1980.0													annotate_trace.20260921_170849.txt	overhead
v1.9.0-rc1_container_rust	Dactylellina_haptotyla_CBS_200.50	TRAIN_PREDICT:FUNANNOTATE_PREDICT	TRAIN_PREDICT:FUNANNOTATE_PREDICT (Dactylellina_haptotyla_CBS_200.50)	COMPLETED	0	0.122	24.8			8.404444444444444e-06									annotate_trace.20260921_170849.txt	final
v1.9.0-rc1_container_rust	Lipomyces_tetrasporus_NRRL_Y-64009	TRAIN_PREDICT:FUNANNOTATE_TRAIN	TRAIN_PREDICT:FUNANNOTATE_TRAIN (Lipomyces_tetrasporus_NRRL_Y-64009)	FAILED	-	1980.0													annotate_trace.20260921_170849.txt	unresolved
v1.9.0-rc1_container_rust	Cryptococcus_deneoformans_JEC21	TRAIN_PREDICT:FUNANNOTATE_PREDICT	TRAIN_PREDICT:FUNANNOTATE_PREDICT (Cryptococcus_deneoformans_JEC21)	COMPLETED	0	1007.0	540.9	4.2	rss	1.5130175									annotate_trace.20260921_170849.txt	final
v1.9.0-rc1_container_rust	Kluyveromyces_lactis_NRRL_Y-1140	TRAIN_PREDICT:FUNANNOTATE_PREDICT	TRAIN_PREDICT:FUNANNOTATE_PREDICT (Kluyveromyces_lactis_NRRL_Y-1140)	COMPLETED	0	485.0	563.2	2.2	rss	0.7587555555555556									annotate_trace.20260921_170849.txt	final
v1.9.0-rc1_container_rust	Sclerotinia_sclerotiorum_1980	TRAIN_PREDICT:FUNANNOTATE_TRAIN	TRAIN_PREDICT:FUNANNOTATE_TRAIN (Sclerotinia_sclerotiorum_1980)	FAILED	-	1980.0													annotate_trace.20260921_170849.txt	unresolved
v1.9.0-rc1_container_rust	Morchella_sextelata_SCLS	TRAIN_PREDICT:FUNANNOTATE_TRAIN	TRAIN_PREDICT:FUNANNOTATE_TRAIN (Morchella_sextelata_SCLS)	FAILED	-	1986.0													annotate_trace.20260921_170849.txt	unresolved
v1.9.0-rc1_container_rust	Morchella_importuna	TRAIN_PREDICT:RNASEQ_PREPARE	TRAIN_PREDICT:RNASEQ_PREPARE (Morchella_importuna)	FAILED	-	1980.0													annotate_trace.20260921_170849.txt	overhead
v1.9.0-rc1_container_rust	Gaeumannomyces_tritici_R3-111a-1	TRAIN_PREDICT:FUNANNOTATE_TRAIN	TRAIN_PREDICT:FUNANNOTATE_TRAIN (Gaeumannomyces_tritici_R3-111a-1)	FAILED	-	1980.0													annotate_trace.20260921_170849.txt	unresolved
v1.9.0-rc1_container_rust	Tilletiopsis_washingtonensis_MCA_4186	TRAIN_PREDICT:FUNANNOTATE_TRAIN	TRAIN_PREDICT:FUNANNOTATE_TRAIN (Tilletiopsis_washingtonensis_MCA_4186)	COMPLETED	0	2265.0	236.7	1.4	rss	1.4892375									annotate_trace.20260921_170849.txt	final
v1.9.0-rc1_container_rust	Protomyces_lactucae-debilis_12-1054	TRAIN_PREDICT:FUNANNOTATE_TRAIN	TRAIN_PREDICT:FUNANNOTATE_TRAIN (Protomyces_lactucae-debilis_12-1054)	COMPLETED	0	1060.0	247.6	1.8	rss	0.7290444444444445									annotate_trace.20260921_170849.txt	final
v1.9.0-rc1_container_rust	Drepanopeziza_brunnea_MB_m1	TRAIN_PREDICT:FUNANNOTATE_TRAIN	TRAIN_PREDICT:FUNANNOTATE_TRAIN (Drepanopeziza_brunnea_MB_m1)	COMPLETED	0	0.114	26.9	0.0029	rss	8.518333333333333e-06									annotate_trace.20260921_170849.txt	final
v1.9.0-rc1_container_rust	Lachancea_thermotolerans_CBS_6340	TRAIN_PREDICT:FUNANNOTATE_TRAIN	TRAIN_PREDICT:FUNANNOTATE_TRAIN (Lachancea_thermotolerans_CBS_6340)	COMPLETED	0	699.0	306.3	1.3	rss	0.5947325									annotate_trace.20260921_170849.txt	final
v1.9.0-rc1_container_rust	Tricharina_praecox	TRAIN_PREDICT:RNASEQ_PREPARE	TRAIN_PREDICT:RNASEQ_PREPARE (Tricharina_praecox)	FAILED	-	2001.0													annotate_trace.20260921_170849.txt	unresolved
v1.9.0-rc1_container_rust	Mucor_mucedo_NRRL_3635	TRAIN_PREDICT:FUNANNOTATE_TRAIN	TRAIN_PREDICT:FUNANNOTATE_TRAIN (Mucor_mucedo_NRRL_3635)	FAILED	-	1980.0													annotate_trace.20260921_170849.txt	unresolved
v1.9.0-rc1_container_rust	Tilletiaria_anomala_UBC_951	TRAIN_PREDICT:FUNANNOTATE_TRAIN	TRAIN_PREDICT:FUNANNOTATE_TRAIN (Tilletiaria_anomala_UBC_951)	COMPLETED	0	1674.0	248.8	1.3	rss	1.15692									annotate_trace.20260921_170849.txt	final
v1.9.0-rc1_container_rust	Allomyces_macrogynus	TRAIN_PREDICT:RNASEQ_PREPARE	TRAIN_PREDICT:RNASEQ_PREPARE (Allomyces_macrogynus)	FAILED	-	1970.0													annotate_trace.20260921_170849.txt	unresolved
v1.9.0-rc1_container_rust	Trichosporon_asahii_CBS_2479	TRAIN_PREDICT:FUNANNOTATE_TRAIN	TRAIN_PREDICT:FUNANNOTATE_TRAIN (Trichosporon_asahii_CBS_2479)	COMPLETED	0	1732.0	304.1	1.5	rss	1.4630588888888891									annotate_trace.20260921_170849.txt	final
v1.9.0-rc1_container_rust	Umbelopsis_ramanniana_AG	TRAIN_PREDICT:FUNANNOTATE_TRAIN	TRAIN_PREDICT:FUNANNOTATE_TRAIN (Umbelopsis_ramanniana_AG)	COMPLETED	0	1279.0	310.5	1.5	rss	1.1031375									annotate_trace.20260921_170849.txt	final
v1.9.0-rc1_container_rust	Fusarium_verticillioides_7600	TRAIN_PREDICT:FUNANNOTATE_TRAIN	TRAIN_PREDICT:FUNANNOTATE_TRAIN (Fusarium_verticillioides_7600)	FAILED	-	2040.0													annotate_trace.20260921_170849.txt	unresolved
v1.9.0-rc1_container_rust	Malassezia_globosa_CBS_7966	TRAIN_PREDICT:FUNANNOTATE_PREDICT	TRAIN_PREDICT:FUNANNOTATE_PREDICT (Malassezia_globosa_CBS_7966)	COMPLETED	0	655.0	564.5	2.8	rss	1.0270763888888887									annotate_trace.20260921_170849.txt	final
v1.9.0-rc1_container_rust	Schizophyllum_commune_H4-8	TRAIN_PREDICT:FUNANNOTATE_PREDICT	TRAIN_PREDICT:FUNANNOTATE_PREDICT (Schizophyllum_commune_H4-8)	COMPLETED	0	1898.0	564.9	15.2	rss	2.9782783333333334									annotate_trace.20260921_170849.txt	final
v1.9.0-rc1_container_rust	Batrachochytrium_dendrobatidis	TRAIN_PREDICT:RNASEQ_PREPARE	TRAIN_PREDICT:RNASEQ_PREPARE (Batrachochytrium_dendrobatidis)	FAILED	-	1980.0													annotate_trace.20260921_170849.txt	unresolved
v1.9.0-rc1_container_rust	Zymoseptoria_tritici_IPO323	TRAIN_PREDICT:FUNANNOTATE_TRAIN	TRAIN_PREDICT:FUNANNOTATE_TRAIN (Zymoseptoria_tritici_IPO323)	FAILED	-	1980.0													annotate_trace.20260921_170849.txt	unresolved
v1.9.0-rc1_container_rust	Saccharomyces_cerevisiae_S288C	TRAIN_PREDICT:FUNANNOTATE_TRAIN	TRAIN_PREDICT:FUNANNOTATE_TRAIN (Saccharomyces_cerevisiae_S288C)	COMPLETED	0	638.0	274.4	1.6	rss	0.4862977777777778									annotate_trace.20260921_170849.txt	final
v1.9.0-rc1_container_rust	Yarrowia_lipolytica	TRAIN_PREDICT:RNASEQ_PREPARE	TRAIN_PREDICT:RNASEQ_PREPARE (Yarrowia_lipolytica)	COMPLETED	0	3078.0	1257.3	1.7	rss	10.749915									annotate_trace.20260921_170849.txt	final
v1.9.0-rc1_container_rust	Zygosaccharomyces_rouxii_CBS_732	TRAIN_PREDICT:FUNANNOTATE_PREDICT	TRAIN_PREDICT:FUNANNOTATE_PREDICT (Zygosaccharomyces_rouxii_CBS_732)	COMPLETED	0	799.0	480.0	3.4	rss	1.0653333333333332									annotate_trace.20260921_170849.txt	final
v1.9.0-rc1_container_rust	Aspergillus_fumigatus	TRAIN_PREDICT:RNASEQ_PREPARE	TRAIN_PREDICT:RNASEQ_PREPARE (Aspergillus_fumigatus)	COMPLETED	0	3524.0	1279.1	3.9	rss	12.520967777777777									annotate_trace.20260921_170849.txt	final
v1.9.0-rc1_container_rust	Pseudogymnoascus_destructans	TRAIN_PREDICT:RNASEQ_PREPARE	TRAIN_PREDICT:RNASEQ_PREPARE (Pseudogymnoascus_destructans)	FAILED	-	1980.0													annotate_trace.20260921_170849.txt	unresolved
v1.9.0-rc1_container_rust	Malassezia_sympodialis_ATCC_42132	TRAIN_PREDICT:FUNANNOTATE_PREDICT	TRAIN_PREDICT:FUNANNOTATE_PREDICT (Malassezia_sympodialis_ATCC_42132)	COMPLETED	0	2288.0	629.8	2.8	rss	4.002728888888888									annotate_trace.20260921_170849.txt	final
v1.9.0-rc1_container_rust	Pyrenophora_teres_0-1	TRAIN_PREDICT:FUNANNOTATE_TRAIN	TRAIN_PREDICT:FUNANNOTATE_TRAIN (Pyrenophora_teres_0-1)	COMPLETED	0	747.0	313.7	0.859	rss	0.6509275									annotate_trace.20260921_170849.txt	final
v1.9.0-rc1_container_rust	Colletotrichum_graminicola_M1.001	TRAIN_PREDICT:FUNANNOTATE_TRAIN	TRAIN_PREDICT:FUNANNOTATE_TRAIN (Colletotrichum_graminicola_M1.001)	FAILED	-	1980.0													annotate_trace.20260921_170849.txt	unresolved
v1.9.0-rc1_container_rust	Fusarium_oxysporum_4287	TRAIN_PREDICT:FUNANNOTATE_TRAIN	TRAIN_PREDICT:FUNANNOTATE_TRAIN (Fusarium_oxysporum_4287)	FAILED	-	1980.0													annotate_trace.20260921_170849.txt	unresolved
v1.9.0-rc1_container_rust	Cokeromyces_recurvatus_NRRL_2243	TRAIN_PREDICT:FUNANNOTATE_TRAIN	TRAIN_PREDICT:FUNANNOTATE_TRAIN (Cokeromyces_recurvatus_NRRL_2243)	FAILED	-	1980.0													annotate_trace.20260921_170849.txt	unresolved
v1.9.0-rc1_container_rust	Tilletiopsis_washingtonensis_MCA_4186	TRAIN_PREDICT:FUNANNOTATE_PREDICT	TRAIN_PREDICT:FUNANNOTATE_PREDICT (Tilletiopsis_washingtonensis_MCA_4186)	COMPLETED	0	1156.0	521.2	4.2	rss	1.6736311111111113									annotate_trace.20260921_170849.txt	final
v1.9.0-rc1_container_rust	Protomyces_lactucae-debilis_12-1054	TRAIN_PREDICT:FUNANNOTATE_PREDICT	TRAIN_PREDICT:FUNANNOTATE_PREDICT (Protomyces_lactucae-debilis_12-1054)	COMPLETED	0	879.0	502.2	3.6	rss	1.226205									annotate_trace.20260921_170849.txt	final
v1.9.0-rc1_container_rust	Lachancea_thermotolerans_CBS_6340	TRAIN_PREDICT:FUNANNOTATE_PREDICT	TRAIN_PREDICT:FUNANNOTATE_PREDICT (Lachancea_thermotolerans_CBS_6340)	COMPLETED	0	875.0	507.1	3.4	rss	1.2325347222222223									annotate_trace.20260921_170849.txt	final
v1.9.0-rc1_container_rust	Rhizopus_microsporus_ATCC_52813	TRAIN_PREDICT:FUNANNOTATE_TRAIN	TRAIN_PREDICT:FUNANNOTATE_TRAIN (Rhizopus_microsporus_ATCC_52813)	FAILED	1	900.0													annotate_trace.20260921_170849.txt	unresolved
v1.9.0-rc1_container_rust	Tilletiaria_anomala_UBC_951	TRAIN_PREDICT:FUNANNOTATE_PREDICT	TRAIN_PREDICT:FUNANNOTATE_PREDICT (Tilletiaria_anomala_UBC_951)	COMPLETED	0	895.0	504.9	3.0	rss	1.2552375									annotate_trace.20260921_170849.txt	final
v1.9.0-rc1_container_rust	Umbelopsis_ramanniana_AG	TRAIN_PREDICT:FUNANNOTATE_PREDICT	TRAIN_PREDICT:FUNANNOTATE_PREDICT (Umbelopsis_ramanniana_AG)	COMPLETED	0	1105.0	501.5	4.0	rss	1.5393263888888888									annotate_trace.20260921_170849.txt	final
v1.9.0-rc1_container_rust	Trichosporon_asahii_CBS_2479	TRAIN_PREDICT:FUNANNOTATE_PREDICT	TRAIN_PREDICT:FUNANNOTATE_PREDICT (Trichosporon_asahii_CBS_2479)	COMPLETED	0	1339.0	488.6	4.3	rss	1.8173205555555556									annotate_trace.20260921_170849.txt	final
v1.9.0-rc1_container_rust	Phycomyces_blakesleeanus_NRRL_1555_-	TRAIN_PREDICT:FUNANNOTATE_TRAIN	TRAIN_PREDICT:FUNANNOTATE_TRAIN (Phycomyces_blakesleeanus_NRRL_1555_-)	COMPLETED	0	0.553	29.1	0.003	rss	4.4700833333333344e-05									annotate_trace.20260921_170849.txt	final
v1.9.0-rc1_container_rust	Rhizopus_delemar_RA_99-880	TRAIN_PREDICT:FUNANNOTATE_TRAIN	TRAIN_PREDICT:FUNANNOTATE_TRAIN (Rhizopus_delemar_RA_99-880)	COMPLETED	0	0.481	27.4	0.003	rss	3.660944444444444e-05									annotate_trace.20260921_170849.txt	final
v1.9.0-rc1_container_rust	Saccharomyces_cerevisiae_S288C	TRAIN_PREDICT:FUNANNOTATE_PREDICT	TRAIN_PREDICT:FUNANNOTATE_PREDICT (Saccharomyces_cerevisiae_S288C)	COMPLETED	0	1006.0	524.6	3.2	rss	1.4659655555555557									annotate_trace.20260921_170849.txt	final
v1.9.0-rc1_container_rust	Yarrowia_lipolytica_CLIB122	TRAIN_PREDICT:FUNANNOTATE_TRAIN	TRAIN_PREDICT:FUNANNOTATE_TRAIN (Yarrowia_lipolytica_CLIB122)	COMPLETED	0	1580.0	316.6	1.9	rss	1.3895222222222223									annotate_trace.20260921_170849.txt	final
v1.9.0-rc1_container_rust	Drepanopeziza_brunnea_MB_m1	TRAIN_PREDICT:FUNANNOTATE_PREDICT	TRAIN_PREDICT:FUNANNOTATE_PREDICT (Drepanopeziza_brunnea_MB_m1)	COMPLETED	0	4922.0	625.6	3.9	rss	8.553342222222222									annotate_trace.20260921_170849.txt	final
v1.9.0-rc1_container_rust	Pyrenophora_teres_0-1	TRAIN_PREDICT:FUNANNOTATE_PREDICT	TRAIN_PREDICT:FUNANNOTATE_PREDICT (Pyrenophora_teres_0-1)	COMPLETED	0	1688.0	476.3	1.3	rss	2.2333177777777777									annotate_trace.20260921_170849.txt	final
v1.9.0-rc1_container_rust	Aspergillus_fumigatus_Af293	TRAIN_PREDICT:FUNANNOTATE_TRAIN	TRAIN_PREDICT:FUNANNOTATE_TRAIN (Aspergillus_fumigatus_Af293)	COMPLETED	0	2900.0	262.2	1.7	rss	2.1121666666666665									annotate_trace.20260921_170849.txt	final
v1.9.0-rc1_container_rust	Phycomyces_blakesleeanus_NRRL_1555_-	TRAIN_PREDICT:FUNANNOTATE_PREDICT	TRAIN_PREDICT:FUNANNOTATE_PREDICT (Phycomyces_blakesleeanus_NRRL_1555_-)	COMPLETED	0	1660.0	518.2	4.7	rss	2.389477777777778									annotate_trace.20260921_170849.txt	final
v1.9.0-rc1_container_rust	Yarrowia_lipolytica_CLIB122	TRAIN_PREDICT:FUNANNOTATE_PREDICT	TRAIN_PREDICT:FUNANNOTATE_PREDICT (Yarrowia_lipolytica_CLIB122)	COMPLETED	0	1180.0	507.4	4.5	rss	1.6631444444444443									annotate_trace.20260921_170849.txt	final
v1.9.0-rc1_container_rust	Rhizopus_delemar_RA_99-880	TRAIN_PREDICT:FUNANNOTATE_PREDICT	TRAIN_PREDICT:FUNANNOTATE_PREDICT (Rhizopus_delemar_RA_99-880)	COMPLETED	0	1673.0	512.1	4.6	rss	2.3798425									annotate_trace.20260921_170849.txt	final
v1.9.0-rc1_container_rust	Aspergillus_fumigatus_Af293	TRAIN_PREDICT:FUNANNOTATE_PREDICT	TRAIN_PREDICT:FUNANNOTATE_PREDICT (Aspergillus_fumigatus_Af293)	COMPLETED	0	1577.0	548.7	16.8	rss	2.403610833333333									annotate_trace.20260921_170849.txt	final
v1.9.0-rc1_container_rust	Parastagonospora_nodorum	TRAIN_PREDICT:RNASEQ_PREPARE	TRAIN_PREDICT:RNASEQ_PREPARE (Parastagonospora_nodorum)	COMPLETED	0	4649.0	1244.3	3.8	rss	16.068751944444443									annotate_trace.20260921_170849.txt	final
v1.9.0-rc1_container_rust	Orbilia_oligospora_ATCC_24927	TRAIN_PREDICT:FUNANNOTATE_TRAIN	TRAIN_PREDICT:FUNANNOTATE_TRAIN (Orbilia_oligospora_ATCC_24927)	COMPLETED	0	0.388	14.9	0.006500000000000001	rss	1.6058888888888887e-05									annotate_trace.20260921_170849.txt	final
v1.9.0-rc1_container_rust	Parastagonospora_nodorum_SN15	TRAIN_PREDICT:FUNANNOTATE_TRAIN	TRAIN_PREDICT:FUNANNOTATE_TRAIN (Parastagonospora_nodorum_SN15)	COMPLETED	0	3037.0	322.3	4.1	rss	2.7189586111111113									annotate_trace.20260921_170849.txt	final
v1.9.0-rc1_container_rust	Orbilia_oligospora_ATCC_24927	TRAIN_PREDICT:FUNANNOTATE_PREDICT	TRAIN_PREDICT:FUNANNOTATE_PREDICT (Orbilia_oligospora_ATCC_24927)	COMPLETED	0	1625.0	545.4	4.3	rss	2.461875									annotate_trace.20260921_170849.txt	final
v1.9.0-rc1_container_rust	Talaromyces_marneffei	TRAIN_PREDICT:RNASEQ_PREPARE	TRAIN_PREDICT:RNASEQ_PREPARE (Talaromyces_marneffei)	COMPLETED	0	4680.0	1258.1	7.7	rss	16.3553									annotate_trace.20260921_170849.txt	final
v1.9.0-rc1_container_rust	Parastagonospora_nodorum_SN15	TRAIN_PREDICT:FUNANNOTATE_PREDICT	TRAIN_PREDICT:FUNANNOTATE_PREDICT (Parastagonospora_nodorum_SN15)	COMPLETED	0	1827.0	536.4	3.9	rss	2.7222299999999997									annotate_trace.20260921_170849.txt	final
v1.9.0-rc1_container_rust	Botrytis_cinerea_B05.10	TRAIN_PREDICT:FUNANNOTATE_TRAIN	TRAIN_PREDICT:FUNANNOTATE_TRAIN (Botrytis_cinerea_B05.10)	COMPLETED	0	0.617	9.2	0.0068	rss	1.5767777777777777e-05									annotate_trace.20260921_170849.txt	final
v1.9.0-rc1_container_rust	Chaetomium_globosum_CBS_148.51	TRAIN_PREDICT:FUNANNOTATE_TRAIN	TRAIN_PREDICT:FUNANNOTATE_TRAIN (Chaetomium_globosum_CBS_148.51)	COMPLETED	0	0.38	20.1	0.003	rss	2.1216666666666666e-05									annotate_trace.20260921_170849.txt	final
v1.9.0-rc1_container_rust	Talaromyces_marneffei_ATCC_18224	TRAIN_PREDICT:FUNANNOTATE_TRAIN	TRAIN_PREDICT:FUNANNOTATE_TRAIN (Talaromyces_marneffei_ATCC_18224)	COMPLETED	0	2987.0	302.0	1.7	rss	2.505761111111111									annotate_trace.20260921_170849.txt	final
v1.9.0-rc1_container_rust	Botrytis_cinerea_B05.10	TRAIN_PREDICT:FUNANNOTATE_PREDICT	TRAIN_PREDICT:FUNANNOTATE_PREDICT (Botrytis_cinerea_B05.10)	COMPLETED	0	1902.0	532.6	4.5	rss	2.8139033333333336									annotate_trace.20260921_170849.txt	final
v1.9.0-rc1_container_rust	Pyrenophora_tritici-repentis	TRAIN_PREDICT:RNASEQ_PREPARE	TRAIN_PREDICT:RNASEQ_PREPARE (Pyrenophora_tritici-repentis)	COMPLETED	0	4535.0	1229.4	3.5	rss	15.487025000000001									annotate_trace.20260921_170849.txt	final
v1.9.0-rc1_container_rust	Chaetomium_globosum_CBS_148.51	TRAIN_PREDICT:FUNANNOTATE_PREDICT	TRAIN_PREDICT:FUNANNOTATE_PREDICT (Chaetomium_globosum_CBS_148.51)	COMPLETED	0	1703.0	544.5	4.5	rss	2.5757875									annotate_trace.20260921_170849.txt	final
v1.9.0-rc1_container_rust	Talaromyces_marneffei_ATCC_18224	TRAIN_PREDICT:FUNANNOTATE_PREDICT	TRAIN_PREDICT:FUNANNOTATE_PREDICT (Talaromyces_marneffei_ATCC_18224)	COMPLETED	0	1373.0	584.7	4.2	rss	2.2299808333333333									annotate_trace.20260921_170849.txt	final
v1.9.0-rc1_container_rust	Pyrenophora_tritici-repentis_Pt-1C-BFP	TRAIN_PREDICT:FUNANNOTATE_TRAIN	TRAIN_PREDICT:FUNANNOTATE_TRAIN (Pyrenophora_tritici-repentis_Pt-1C-BFP)	COMPLETED	0	2095.0	386.0	1.9	rss	2.2463055555555558									annotate_trace.20260921_170849.txt	final
v1.9.0-rc1_container_rust	Morchella_importuna	TRAIN_PREDICT:RNASEQ_PREPARE	TRAIN_PREDICT:RNASEQ_PREPARE (Morchella_importuna)	COMPLETED	0	4397.0	1269.6	6.7	rss	15.506753333333332									annotate_trace.20260921_170849.txt	final
v1.9.0-rc1_container_rust	-	FETCH_RNASEQ:COLLECT_SRA_QUERY	FETCH_RNASEQ:COLLECT_SRA_QUERY	CACHED	0	0.0	50.8	0.0031000000000000003	peak_rss	0.0	1	1	2.0	short		2026-09-21 17:13:05.895	2026-09-21 17:14:04.973	2026-09-21 17:14:04.976	annotate_trace.20260923_120828.txt	cached
v1.9.0-rc1_container_rust	Malassezia_sympodialis_ATCC_42132	TRAIN_PREDICT:FUNANNOTATE_TRAIN	TRAIN_PREDICT:FUNANNOTATE_TRAIN (Malassezia_sympodialis_ATCC_42132)	CACHED	0	1682.0	165.2	1.2	peak_rss	0.771851111111111	1	8	48.0	epyc		2026-09-21 23:38:20.155	2026-09-22 21:06:11.207	2026-09-22 21:34:11.369	annotate_trace.20260923_120828.txt	cached
v1.9.0-rc1_container_rust	Drepanopeziza_brunnea_MB_m1	TRAIN_PREDICT:FUNANNOTATE_TRAIN	TRAIN_PREDICT:FUNANNOTATE_TRAIN (Drepanopeziza_brunnea_MB_m1)	CACHED	0	0.114	26.9	0.0029	peak_rss	8.518333333333333e-06	1	8	48.0	epyc		2026-09-22 02:46:07.155	2026-09-22 23:44:11.999	2026-09-22 23:44:12.002	annotate_trace.20260923_120828.txt	cached
v1.9.0-rc1_container_rust	Rhizopus_microsporus_ATCC_52813	TRAIN_PREDICT:FUNANNOTATE_TRAIN	TRAIN_PREDICT:FUNANNOTATE_TRAIN (Rhizopus_microsporus_ATCC_52813)	FAILED	1	240.0					1	8	48.0	epyc		2026-09-23 12:08:47.975	2026-09-23 20:22:45.242	2026-09-23 20:26:45.218	annotate_trace.20260923_120828.txt	unresolved
v1.9.0-rc1_container_rust	Lipomyces_tetrasporus_NRRL_Y-64009	TRAIN_PREDICT:FUNANNOTATE_PREDICT	TRAIN_PREDICT:FUNANNOTATE_PREDICT (Lipomyces_tetrasporus_NRRL_Y-64009)	COMPLETED	0	872.0	576.9	5.1	peak_rss	1.39738	1	8	32.0	epyc		2026-09-23 12:08:53.920	2026-09-23 20:22:45.291	2026-09-23 20:37:45.913	annotate_trace.20260923_120828.txt	final
v1.9.0-rc1_container_rust	Pyrenophora_tritici-repentis_Pt-1C-BFP	TRAIN_PREDICT:FUNANNOTATE_PREDICT	TRAIN_PREDICT:FUNANNOTATE_PREDICT (Pyrenophora_tritici-repentis_Pt-1C-BFP)	COMPLETED	0	1134.0	596.5	4.8	peak_rss	1.878975	1	8	32.0	epyc		2026-09-23 12:08:49.928	2026-09-23 20:22:45.279	2026-09-23 20:41:45.990	annotate_trace.20260923_120828.txt	final
v1.9.0-rc1_container_rust	Zymoseptoria_tritici_IPO323	TRAIN_PREDICT:FUNANNOTATE_PREDICT	TRAIN_PREDICT:FUNANNOTATE_PREDICT (Zymoseptoria_tritici_IPO323)	COMPLETED	0	1131.0	591.6	4.3	peak_rss	1.85861	1	8	32.0	epyc		2026-09-23 12:09:15.913	2026-09-23 20:22:45.336	2026-09-23 20:41:46.207	annotate_trace.20260923_120828.txt	final
v1.9.0-rc1_container_rust	Fusarium_verticillioides_7600	TRAIN_PREDICT:FUNANNOTATE_PREDICT	TRAIN_PREDICT:FUNANNOTATE_PREDICT (Fusarium_verticillioides_7600)	COMPLETED	0	1178.0	550.7	4.7	peak_rss	1.8020127777777781	1	8	32.0	epyc		2026-09-23 12:09:13.918	2026-09-23 20:23:45.246	2026-09-23 20:43:46.209	annotate_trace.20260923_120828.txt	final
v1.9.0-rc1_container_rust	Sclerotinia_sclerotiorum_1980	TRAIN_PREDICT:FUNANNOTATE_PREDICT	TRAIN_PREDICT:FUNANNOTATE_PREDICT (Sclerotinia_sclerotiorum_1980)	COMPLETED	0	1327.0	579.2	4.2	peak_rss	2.1349955555555558	1	8	32.0	epyc		2026-09-23 12:09:03.908	2026-09-23 20:22:45.315	2026-09-23 20:44:46.131	annotate_trace.20260923_120828.txt	final
v1.9.0-rc1_container_rust	Rhizopus_microsporus_ATCC_52813	TRAIN_PREDICT:FUNANNOTATE_TRAIN	TRAIN_PREDICT:FUNANNOTATE_TRAIN (Rhizopus_microsporus_ATCC_52813)	FAILED	1	360.0					2	24	192.0	epyc		2026-09-23 20:26:45.478	2026-09-23 20:38:46.081	2026-09-23 20:44:46.187	annotate_trace.20260923_120828.txt	unresolved
v1.9.0-rc1_container_rust	Mucor_mucedo_NRRL_3635	TRAIN_PREDICT:FUNANNOTATE_PREDICT	TRAIN_PREDICT:FUNANNOTATE_PREDICT (Mucor_mucedo_NRRL_3635)	COMPLETED	0	1406.0	517.5	4.0	peak_rss	2.021125	1	8	32.0	epyc		2026-09-23 12:08:59.900	2026-09-23 20:22:45.308	2026-09-23 20:46:46.255	annotate_trace.20260923_120828.txt	final
v1.9.0-rc1_container_rust	Fusarium_oxysporum_4287	TRAIN_PREDICT:FUNANNOTATE_PREDICT	TRAIN_PREDICT:FUNANNOTATE_PREDICT (Fusarium_oxysporum_4287)	COMPLETED	0	1526.0	601.7	4.8	peak_rss	2.5505394444444445	1	8	32.0	epyc		2026-09-23 12:09:17.902	2026-09-23 20:22:45.353	2026-09-23 20:48:46.478	annotate_trace.20260923_120828.txt	final
v1.9.0-rc1_container_rust	Morchella_sextelata_SCLS	TRAIN_PREDICT:FUNANNOTATE_PREDICT	TRAIN_PREDICT:FUNANNOTATE_PREDICT (Morchella_sextelata_SCLS)	COMPLETED	0	1735.0	507.4	4.9	peak_rss	2.445386111111111	1	8	32.0	epyc		2026-09-23 12:08:55.926	2026-09-23 20:22:45.295	2026-09-23 20:51:46.286	annotate_trace.20260923_120828.txt	final
v1.9.0-rc1_container_rust	Gaeumannomyces_tritici_R3-111a-1	TRAIN_PREDICT:FUNANNOTATE_PREDICT	TRAIN_PREDICT:FUNANNOTATE_PREDICT (Gaeumannomyces_tritici_R3-111a-1)	COMPLETED	0	1707.0	582.5	6.8	peak_rss	2.7620208333333336	1	8	32.0	epyc		2026-09-23 12:08:57.902	2026-09-23 20:22:45.301	2026-09-23 20:51:46.312	annotate_trace.20260923_120828.txt	final
v1.9.0-rc1_container_rust	Colletotrichum_graminicola_M1.001	TRAIN_PREDICT:FUNANNOTATE_PREDICT	TRAIN_PREDICT:FUNANNOTATE_PREDICT (Colletotrichum_graminicola_M1.001)	COMPLETED	0	1725.0	572.1	4.7	peak_rss	2.7413125000000003	1	8	32.0	epyc		2026-09-23 12:09:09.915	2026-09-23 20:22:45.325	2026-09-23 20:51:46.431	annotate_trace.20260923_120828.txt	final
v1.9.0-rc1_container_rust	Cokeromyces_recurvatus_NRRL_2243	TRAIN_PREDICT:FUNANNOTATE_PREDICT	TRAIN_PREDICT:FUNANNOTATE_PREDICT (Cokeromyces_recurvatus_NRRL_2243)	COMPLETED	0	910.0	551.2	3.6	peak_rss	1.3933111111111112	1	8	32.0	epyc		2026-09-23 12:09:11.901	2026-09-23 20:35:45.654	2026-09-23 20:51:46.451	annotate_trace.20260923_120828.txt	final
v1.9.0-rc1_container_rust	Allomyces_macrogynus_ATCC_38327	TRAIN_PREDICT:FUNANNOTATE_TRAIN	TRAIN_PREDICT:FUNANNOTATE_TRAIN (Allomyces_macrogynus_ATCC_38327)	COMPLETED	0	1827.0	383.2	1.9	peak_rss	1.9447399999999997	1	8	48.0	epyc		2026-09-23 12:08:47.379	2026-09-23 20:23:45.200	2026-09-23 20:53:46.236	annotate_trace.20260923_120828.txt	final
v1.9.0-rc1_container_rust	Morchella_importuna_M04M26	TRAIN_PREDICT:FUNANNOTATE_TRAIN	TRAIN_PREDICT:FUNANNOTATE_TRAIN (Morchella_importuna_M04M26)	COMPLETED	0	2096.0	364.9	2.0	peak_rss	2.1245288888888885	1	8	48.0	epyc		2026-09-23 12:08:51.935	2026-09-23 20:22:45.286	2026-09-23 20:57:46.512	annotate_trace.20260923_120828.txt	final
v1.9.0-rc1_container_rust	Pseudogymnoascus_destructans_20631-21	TRAIN_PREDICT:FUNANNOTATE_TRAIN	TRAIN_PREDICT:FUNANNOTATE_TRAIN (Pseudogymnoascus_destructans_20631-21)	COMPLETED	0	2167.0	292.7	1.7	peak_rss	1.7618913888888887	1	8	48.0	epyc		2026-09-23 12:09:01.921	2026-09-23 20:22:45.311	2026-09-23 20:58:46.525	annotate_trace.20260923_120828.txt	final
v1.9.0-rc1_container_rust	Batrachochytrium_dendrobatidis_JAM81	TRAIN_PREDICT:FUNANNOTATE_TRAIN	TRAIN_PREDICT:FUNANNOTATE_TRAIN (Batrachochytrium_dendrobatidis_JAM81)	COMPLETED	0	2250.0	342.6	1.9	peak_rss	2.1412500000000003	1	8	48.0	epyc		2026-09-23 12:09:05.936	2026-09-23 20:22:45.318	2026-09-23 21:00:46.706	annotate_trace.20260923_120828.txt	final
v1.9.0-rc1_container_rust	Tricharina_praecox_CBS_144465	TRAIN_PREDICT:FUNANNOTATE_TRAIN	TRAIN_PREDICT:FUNANNOTATE_TRAIN (Tricharina_praecox_CBS_144465)	COMPLETED	0	2239.0	333.3	1.9	peak_rss	2.0729408333333335	1	8	48.0	epyc		2026-09-23 12:09:07.918	2026-09-23 20:22:45.321	2026-09-23 21:00:46.708	annotate_trace.20260923_120828.txt	final
v1.9.0-rc1_container_rust	Batrachochytrium_dendrobatidis_JAM81	TRAIN_PREDICT:FUNANNOTATE_PREDICT	TRAIN_PREDICT:FUNANNOTATE_PREDICT (Batrachochytrium_dendrobatidis_JAM81)	COMPLETED	0	1053.0	517.8	4.3	peak_rss	1.514565	1	8	32.0	epyc		2026-09-23 21:00:57.719	2026-09-23 21:01:46.919	2026-09-23 21:19:47.372	annotate_trace.20260923_120828.txt	final
v1.9.0-rc1_container_rust	Pseudogymnoascus_destructans_20631-21	TRAIN_PREDICT:FUNANNOTATE_PREDICT	TRAIN_PREDICT:FUNANNOTATE_PREDICT (Pseudogymnoascus_destructans_20631-21)	COMPLETED	0	1667.0	569.5	2.9	peak_rss	2.637101388888889	1	8	32.0	epyc		2026-09-23 20:58:46.767	2026-09-23 20:59:46.536	2026-09-23 21:27:47.957	annotate_trace.20260923_120828.txt	final
v1.9.0-rc1_container_rust	Tricharina_praecox_CBS_144465	TRAIN_PREDICT:FUNANNOTATE_PREDICT	TRAIN_PREDICT:FUNANNOTATE_PREDICT (Tricharina_praecox_CBS_144465)	COMPLETED	0	1783.0	519.3	4.6	peak_rss	2.5719774999999996	1	8	32.0	epyc		2026-09-23 21:00:57.784	2026-09-23 21:01:46.986	2026-09-23 21:31:48.245	annotate_trace.20260923_120828.txt	final
v1.9.0-rc1_container_rust	Morchella_importuna_M04M26	TRAIN_PREDICT:FUNANNOTATE_PREDICT	TRAIN_PREDICT:FUNANNOTATE_PREDICT (Morchella_importuna_M04M26)	COMPLETED	0	2030.0	560.6	4.5	peak_rss	3.161161111111111	1	8	32.0	epyc		2026-09-23 20:57:46.694	2026-09-23 20:58:46.718	2026-09-23 21:32:48.333	annotate_trace.20260923_120828.txt	final
v1.9.0-rc1_container_rust	Allomyces_macrogynus_ATCC_38327	TRAIN_PREDICT:FUNANNOTATE_PREDICT	TRAIN_PREDICT:FUNANNOTATE_PREDICT (Allomyces_macrogynus_ATCC_38327)	COMPLETED	0	2755.0	583.0	4.4	peak_rss	4.461569444444444	1	8	32.0	epyc		2026-09-23 20:53:46.497	2026-09-23 20:54:46.707	2026-09-23 21:40:57.722	annotate_trace.20260923_120828.txt	final
v1.9.0-rc1_container_rust	Rhizopus_microsporus_ATCC_52813	TRAIN_PREDICT:FUNANNOTATE_TRAIN	TRAIN_PREDICT:FUNANNOTATE_TRAIN (Rhizopus_microsporus_ATCC_52813)	FAILED	1	300.0					3	24	256.0	highmem		2026-09-23 20:44:46.311	2026-09-23 22:12:48.737	2026-09-23 22:17:48.684	annotate_trace.20260923_120828.txt	unresolved
