species	size_bytes	category	note
Candidozyma_vulturna	0	UNDIAGNOSED_FAILURE	real reads present but 0-transcript assembly, not in either known-exclusion list -- rebuild/debug candidate
Phoma_sp._YAFEF320	0	UNDIAGNOSED_FAILURE	real reads present but 0-transcript assembly, not in either known-exclusion list -- rebuild/debug candidate
Cryptococcus_deneoformans	142	COMPOSITE_HYBRID	composite-parents pointer, not a real assembly attempt
fungal_sp.	0	KNOWN_FORCE_NO_RNASEQ	see rnaseq_force_no_rnaseq.csv
Aaosphaeria_pasadenensis	0	NO_READS_FOUND	no non-trivial read file in rnaseq_reads/ or rnaseq_normalized/
Absidia_cylindrospora	0	NO_READS_FOUND	no non-trivial read file in rnaseq_reads/ or rnaseq_normalized/
Absidia_glauca	0	NO_READS_FOUND	no non-trivial read file in rnaseq_reads/ or rnaseq_normalized/
Absidia_healeyae	0	NO_READS_FOUND	no non-trivial read file in rnaseq_reads/ or rnaseq_normalized/
Absidia_sp._UoMAU379	0	NO_READS_FOUND	no non-trivial read file in rnaseq_reads/ or rnaseq_normalized/
Absidia_sp._YW-2025a	0	NO_READS_FOUND	no non-trivial read file in rnaseq_reads/ or rnaseq_normalized/
Absidia_sp._YW-2025b	0	NO_READS_FOUND	no non-trivial read file in rnaseq_reads/ or rnaseq_normalized/
Acanthothecis_fontana	0	NO_READS_FOUND	no non-trivial read file in rnaseq_reads/ or rnaseq_normalized/
Acarospora_aff._strigata	0	NO_READS_FOUND	no non-trivial read file in rnaseq_reads/ or rnaseq_normalized/
Acarospora_sp._Tripp_6053_NY-2858381	0	NO_READS_FOUND	no non-trivial read file in rnaseq_reads/ or rnaseq_normalized/
Acaulopage_tetraceros	0	NO_READS_FOUND	no non-trivial read file in rnaseq_reads/ or rnaseq_normalized/
Acaulospora_colombiana	0	NO_READS_FOUND	no non-trivial read file in rnaseq_reads/ or rnaseq_normalized/
Achaetomiella_virescens	0	NO_READS_FOUND	no non-trivial read file in rnaseq_reads/ or rnaseq_normalized/
Achaetomium_macrosporum	0	NO_READS_FOUND	no non-trivial read file in rnaseq_reads/ or rnaseq_normalized/
Aciculoconidium_aculeatum	0	NO_READS_FOUND	no non-trivial read file in rnaseq_reads/ or rnaseq_normalized/
Aciculosporium_take	0	NO_READS_FOUND	no non-trivial read file in rnaseq_reads/ or rnaseq_normalized/
Acidiella_bohemica	0	NO_READS_FOUND	no non-trivial read file in rnaseq_reads/ or rnaseq_normalized/
Acremonium_polychromum	0	NO_READS_FOUND	no non-trivial read file in rnaseq_reads/ or rnaseq_normalized/
Acremonium_sp._FKII-L8-BK-P5	0	NO_READS_FOUND	no non-trivial read file in rnaseq_reads/ or rnaseq_normalized/
Actinomucor_elegans	0	NO_READS_FOUND	no non-trivial read file in rnaseq_reads/ or rnaseq_normalized/
Aeminium_ludgeri	0	NO_READS_FOUND	no non-trivial read file in rnaseq_reads/ or rnaseq_normalized/
Afroboletus_lepidellus	0	NO_READS_FOUND	no non-trivial read file in rnaseq_reads/ or rnaseq_normalized/
Agaricales_sp._HM26-F1	0	NO_READS_FOUND	no non-trivial read file in rnaseq_reads/ or rnaseq_normalized/
Agaricus_bitorquis	0	NO_READS_FOUND	no non-trivial read file in rnaseq_reads/ or rnaseq_normalized/
Agmasoma_carcini_nom._nud.	0	NO_READS_FOUND	no non-trivial read file in rnaseq_reads/ or rnaseq_normalized/
Agroathelia_delphinii	0	NO_READS_FOUND	no non-trivial read file in rnaseq_reads/ or rnaseq_normalized/
Agrocybe_striatipes	0	NO_READS_FOUND	no non-trivial read file in rnaseq_reads/ or rnaseq_normalized/
Agyrium_rufum	0	NO_READS_FOUND	no non-trivial read file in rnaseq_reads/ or rnaseq_normalized/
Akanthomyces_attenuatus	0	NO_READS_FOUND	no non-trivial read file in rnaseq_reads/ or rnaseq_normalized/
Akanthomyces_dipterigenus	0	NO_READS_FOUND	no non-trivial read file in rnaseq_reads/ or rnaseq_normalized/
Akanthomyces_lecanii	0	NO_READS_FOUND	no non-trivial read file in rnaseq_reads/ or rnaseq_normalized/
Akanthomyces_muscarius	0	NO_READS_FOUND	no non-trivial read file in rnaseq_reads/ or rnaseq_normalized/
Akanthomyces_sp._G78	0	NO_READS_FOUND	no non-trivial read file in rnaseq_reads/ or rnaseq_normalized/
Akanthomyces_uredinophilus	0	NO_READS_FOUND	no non-trivial read file in rnaseq_reads/ or rnaseq_normalized/
Albatrellus_ellisii	0	NO_READS_FOUND	no non-trivial read file in rnaseq_reads/ or rnaseq_normalized/
Albatrellus_sp._MG142	0	NO_READS_FOUND	no non-trivial read file in rnaseq_reads/ or rnaseq_normalized/
Albopleistophora_grylli	0	NO_READS_FOUND	no non-trivial read file in rnaseq_reads/ or rnaseq_normalized/
Alectoria_fallacina	0	NO_READS_FOUND	no non-trivial read file in rnaseq_reads/ or rnaseq_normalized/
Alectoria_ochroleuca	0	NO_READS_FOUND	no non-trivial read file in rnaseq_reads/ or rnaseq_normalized/
Alectoria_sarmentosa	0	NO_READS_FOUND	no non-trivial read file in rnaseq_reads/ or rnaseq_normalized/
Allantophomopsis_cytisporea	0	NO_READS_FOUND	no non-trivial read file in rnaseq_reads/ or rnaseq_normalized/
Allantophomopsis_lycopodina	0	NO_READS_FOUND	no non-trivial read file in rnaseq_reads/ or rnaseq_normalized/
Alloascoidea_africana	0	NO_READS_FOUND	no non-trivial read file in rnaseq_reads/ or rnaseq_normalized/
Alloascoidea_hylecoeti	0	NO_READS_FOUND	no non-trivial read file in rnaseq_reads/ or rnaseq_normalized/
Allodekkera_sacchari	0	NO_READS_FOUND	no non-trivial read file in rnaseq_reads/ or rnaseq_normalized/
Allomyces_arbusculus	0	NO_READS_FOUND	no non-trivial read file in rnaseq_reads/ or rnaseq_normalized/
Allomyces_javanicus	0	NO_READS_FOUND	no non-trivial read file in rnaseq_reads/ or rnaseq_normalized/
Alloperoneutypa_sp._GZCC_26-0136	0	NO_READS_FOUND	no non-trivial read file in rnaseq_reads/ or rnaseq_normalized/
Alternaria_angustiovoidea	0	NO_READS_FOUND	no non-trivial read file in rnaseq_reads/ or rnaseq_normalized/
Alternaria_arborescens	0	NO_READS_FOUND	no non-trivial read file in rnaseq_reads/ or rnaseq_normalized/
Alternaria_arbusti	0	NO_READS_FOUND	no non-trivial read file in rnaseq_reads/ or rnaseq_normalized/
Alternaria_atra	0	NO_READS_FOUND	no non-trivial read file in rnaseq_reads/ or rnaseq_normalized/
Alternaria_brassicicola	0	NO_READS_FOUND	no non-trivial read file in rnaseq_reads/ or rnaseq_normalized/
Alternaria_cf._alternata	0	NO_READS_FOUND	no non-trivial read file in rnaseq_reads/ or rnaseq_normalized/
Alternaria_chlamydospora	0	NO_READS_FOUND	no non-trivial read file in rnaseq_reads/ or rnaseq_normalized/
Alternaria_conjuncta	0	NO_READS_FOUND	no non-trivial read file in rnaseq_reads/ or rnaseq_normalized/
Alternaria_consortialis	0	NO_READS_FOUND	no non-trivial read file in rnaseq_reads/ or rnaseq_normalized/
Alternaria_destruens	0	NO_READS_FOUND	no non-trivial read file in rnaseq_reads/ or rnaseq_normalized/
Alternaria_ethzedia	0	NO_READS_FOUND	no non-trivial read file in rnaseq_reads/ or rnaseq_normalized/
Alternaria_gaisen	0	NO_READS_FOUND	no non-trivial read file in rnaseq_reads/ or rnaseq_normalized/
Alternaria_gansuensis	0	NO_READS_FOUND	no non-trivial read file in rnaseq_reads/ or rnaseq_normalized/
Alternaria_hordeiaustralica	0	NO_READS_FOUND	no non-trivial read file in rnaseq_reads/ or rnaseq_normalized/
Alternaria_incomplexa	0	NO_READS_FOUND	no non-trivial read file in rnaseq_reads/ or rnaseq_normalized/
Alternaria_infectoria	0	NO_READS_FOUND	no non-trivial read file in rnaseq_reads/ or rnaseq_normalized/
Alternaria_linariae	0	NO_READS_FOUND	no non-trivial read file in rnaseq_reads/ or rnaseq_normalized/
Alternaria_metachromatica	0	NO_READS_FOUND	no non-trivial read file in rnaseq_reads/ or rnaseq_normalized/
Alternaria_novae-zelandiae	0	NO_READS_FOUND	no non-trivial read file in rnaseq_reads/ or rnaseq_normalized/
Alternaria_oregonensis	0	NO_READS_FOUND	no non-trivial read file in rnaseq_reads/ or rnaseq_normalized/
Alternaria_porri	0	NO_READS_FOUND	no non-trivial read file in rnaseq_reads/ or rnaseq_normalized/
Alternaria_postmessia	0	NO_READS_FOUND	no non-trivial read file in rnaseq_reads/ or rnaseq_normalized/
Alternaria_radicina	0	NO_READS_FOUND	no non-trivial read file in rnaseq_reads/ or rnaseq_normalized/
Alternaria_sp._ALMS-2024a	0	NO_READS_FOUND	no non-trivial read file in rnaseq_reads/ or rnaseq_normalized/
Alternaria_sp._Ai002NY15	0	NO_READS_FOUND	no non-trivial read file in rnaseq_reads/ or rnaseq_normalized/
Alternaria_sp._BMP_0032	0	NO_READS_FOUND	no non-trivial read file in rnaseq_reads/ or rnaseq_normalized/
Alternaria_sp._BMP_2799	0	NO_READS_FOUND	no non-trivial read file in rnaseq_reads/ or rnaseq_normalized/
Alternaria_sp._DAOMC_225332	0	NO_READS_FOUND	no non-trivial read file in rnaseq_reads/ or rnaseq_normalized/
Alternaria_sp._DET2042	0	NO_READS_FOUND	no non-trivial read file in rnaseq_reads/ or rnaseq_normalized/
Alternaria_sp._DET2072	0	NO_READS_FOUND	no non-trivial read file in rnaseq_reads/ or rnaseq_normalized/
Alternaria_sp._DET2103	0	NO_READS_FOUND	no non-trivial read file in rnaseq_reads/ or rnaseq_normalized/
Alternaria_sp._DET2104	0	NO_READS_FOUND	no non-trivial read file in rnaseq_reads/ or rnaseq_normalized/
Alternaria_sp._DET2105	0	NO_READS_FOUND	no non-trivial read file in rnaseq_reads/ or rnaseq_normalized/
Alternaria_sp._DET2106	0	NO_READS_FOUND	no non-trivial read file in rnaseq_reads/ or rnaseq_normalized/
Alternaria_sp._DET2107	0	NO_READS_FOUND	no non-trivial read file in rnaseq_reads/ or rnaseq_normalized/
Alternaria_sp._KAS1274	0	NO_READS_FOUND	no non-trivial read file in rnaseq_reads/ or rnaseq_normalized/
Alternaria_sp._KAS5446	0	NO_READS_FOUND	no non-trivial read file in rnaseq_reads/ or rnaseq_normalized/
Alternaria_sp._KAS5449	0	NO_READS_FOUND	no non-trivial read file in rnaseq_reads/ or rnaseq_normalized/
Alternaria_sp._KAS5470	0	NO_READS_FOUND	no non-trivial read file in rnaseq_reads/ or rnaseq_normalized/
Alternaria_sp._KAS5474	0	NO_READS_FOUND	no non-trivial read file in rnaseq_reads/ or rnaseq_normalized/
Alternaria_sp._KAS5477	0	NO_READS_FOUND	no non-trivial read file in rnaseq_reads/ or rnaseq_normalized/
Alternaria_sp._KAS5486	0	NO_READS_FOUND	no non-trivial read file in rnaseq_reads/ or rnaseq_normalized/
Alternaria_sp._KAS5506	0	NO_READS_FOUND	no non-trivial read file in rnaseq_reads/ or rnaseq_normalized/
Alternaria_sp._M3903	0	NO_READS_FOUND	no non-trivial read file in rnaseq_reads/ or rnaseq_normalized/
Alternaria_sp._M3908	0	NO_READS_FOUND	no non-trivial read file in rnaseq_reads/ or rnaseq_normalized/
Alternaria_sp._RS040	0	NO_READS_FOUND	no non-trivial read file in rnaseq_reads/ or rnaseq_normalized/
Alternaria_sp._S3601	0	NO_READS_FOUND	no non-trivial read file in rnaseq_reads/ or rnaseq_normalized/
Alternaria_sp._SPS-2	0	NO_READS_FOUND	no non-trivial read file in rnaseq_reads/ or rnaseq_normalized/
Alternaria_triticimaculans	0	NO_READS_FOUND	no non-trivial read file in rnaseq_reads/ or rnaseq_normalized/
Alternaria_triticina	0	NO_READS_FOUND	no non-trivial read file in rnaseq_reads/ or rnaseq_normalized/
Alternaria_ventricosa	0	NO_READS_FOUND	no non-trivial read file in rnaseq_reads/ or rnaseq_normalized/
Alternaria_viburni	0	NO_READS_FOUND	no non-trivial read file in rnaseq_reads/ or rnaseq_normalized/
Alternosema_astaquatica	0	NO_READS_FOUND	no non-trivial read file in rnaseq_reads/ or rnaseq_normalized/
Alyxoria_varia	0	NO_READS_FOUND	no non-trivial read file in rnaseq_reads/ or rnaseq_normalized/
Amanita_bisporigera	0	NO_READS_FOUND	no non-trivial read file in rnaseq_reads/ or rnaseq_normalized/
Amanita_brunnescens	0	NO_READS_FOUND	no non-trivial read file in rnaseq_reads/ or rnaseq_normalized/
Amanita_inopinata	0	NO_READS_FOUND	no non-trivial read file in rnaseq_reads/ or rnaseq_normalized/
Amanita_jacksonii	0	NO_READS_FOUND	no non-trivial read file in rnaseq_reads/ or rnaseq_normalized/
Amanita_polypyramis	0	NO_READS_FOUND	no non-trivial read file in rnaseq_reads/ or rnaseq_normalized/
Amanita_pseudoporphyria	0	NO_READS_FOUND	no non-trivial read file in rnaseq_reads/ or rnaseq_normalized/
Amanita_subjunquillea	0	NO_READS_FOUND	no non-trivial read file in rnaseq_reads/ or rnaseq_normalized/
Amanita_thiersii	0	NO_READS_FOUND	no non-trivial read file in rnaseq_reads/ or rnaseq_normalized/
Amanita_vidua	0	NO_READS_FOUND	no non-trivial read file in rnaseq_reads/ or rnaseq_normalized/
Ambispora_gerdemannii	0	NO_READS_FOUND	no non-trivial read file in rnaseq_reads/ or rnaseq_normalized/
Amblyosporidae_sp._gmOTU10_Ox001727	0	NO_READS_FOUND	no non-trivial read file in rnaseq_reads/ or rnaseq_normalized/
Amblyosporidae_sp._gmOTU1_NHMUK015059140	0	NO_READS_FOUND	no non-trivial read file in rnaseq_reads/ or rnaseq_normalized/
Amblyosporidae_sp._gmOTU1_Ox002245	0	NO_READS_FOUND	no non-trivial read file in rnaseq_reads/ or rnaseq_normalized/
Amblyosporidae_sp._gmOTU1_Ox002633	0	NO_READS_FOUND	no non-trivial read file in rnaseq_reads/ or rnaseq_normalized/
Amblyosporidae_sp._gmOTU2_SAN22000470	0	NO_READS_FOUND	no non-trivial read file in rnaseq_reads/ or rnaseq_normalized/
Amblyosporidae_sp._gmOTU2_SAN22000472	0	NO_READS_FOUND	no non-trivial read file in rnaseq_reads/ or rnaseq_normalized/
Amblyosporidae_sp._gmOTU2_SAN22000475	0	NO_READS_FOUND	no non-trivial read file in rnaseq_reads/ or rnaseq_normalized/
Amblyosporidae_sp._gmOTU2_SAN22000477	0	NO_READS_FOUND	no non-trivial read file in rnaseq_reads/ or rnaseq_normalized/
Amblyosporidae_sp._gmOTU2_SAN22000478	0	NO_READS_FOUND	no non-trivial read file in rnaseq_reads/ or rnaseq_normalized/
Amblyosporidae_sp._gmOTU8_NHMUK014451618	0	NO_READS_FOUND	no non-trivial read file in rnaseq_reads/ or rnaseq_normalized/
Amblyosporidae_sp._gmOTU9_SAN22000474	0	NO_READS_FOUND	no non-trivial read file in rnaseq_reads/ or rnaseq_normalized/
Ambrosiella_beaveri	0	NO_READS_FOUND	no non-trivial read file in rnaseq_reads/ or rnaseq_normalized/
Ambrosiella_cleistominuta	0	NO_READS_FOUND	no non-trivial read file in rnaseq_reads/ or rnaseq_normalized/
Ambrosiella_grosmanniae	0	NO_READS_FOUND	no non-trivial read file in rnaseq_reads/ or rnaseq_normalized/
Ambrosiella_roeperi	0	NO_READS_FOUND	no non-trivial read file in rnaseq_reads/ or rnaseq_normalized/
Ambrosiozyma_ambrosiae	0	NO_READS_FOUND	no non-trivial read file in rnaseq_reads/ or rnaseq_normalized/
Ambrosiozyma_angophorae	0	NO_READS_FOUND	no non-trivial read file in rnaseq_reads/ or rnaseq_normalized/
Ambrosiozyma_cicatricosa	0	NO_READS_FOUND	no non-trivial read file in rnaseq_reads/ or rnaseq_normalized/
Ambrosiozyma_kamigamensis	0	NO_READS_FOUND	no non-trivial read file in rnaseq_reads/ or rnaseq_normalized/
Ambrosiozyma_llanquihuensis	0	NO_READS_FOUND	no non-trivial read file in rnaseq_reads/ or rnaseq_normalized/
Ambrosiozyma_maleeae	0	NO_READS_FOUND	no non-trivial read file in rnaseq_reads/ or rnaseq_normalized/
Ambrosiozyma_monospora	0	NO_READS_FOUND	no non-trivial read file in rnaseq_reads/ or rnaseq_normalized/
Ambrosiozyma_neoplatypodis	0	NO_READS_FOUND	no non-trivial read file in rnaseq_reads/ or rnaseq_normalized/
Ambrosiozyma_oregonensis	0	NO_READS_FOUND	no non-trivial read file in rnaseq_reads/ or rnaseq_normalized/
Ambrosiozyma_philentoma	0	NO_READS_FOUND	no non-trivial read file in rnaseq_reads/ or rnaseq_normalized/
Ambrosiozyma_platypodis	0	NO_READS_FOUND	no non-trivial read file in rnaseq_reads/ or rnaseq_normalized/
Ambrosiozyma_pseudovanderkliftii	0	NO_READS_FOUND	no non-trivial read file in rnaseq_reads/ or rnaseq_normalized/
Ambrosiozyma_vanderkliftii	0	NO_READS_FOUND	no non-trivial read file in rnaseq_reads/ or rnaseq_normalized/
Amesomyces_nigricolor	0	NO_READS_FOUND	no non-trivial read file in rnaseq_reads/ or rnaseq_normalized/
Amniculicola_lignicola	0	NO_READS_FOUND	no non-trivial read file in rnaseq_reads/ or rnaseq_normalized/
Amoeboaphelidium_occidentale	0	NO_READS_FOUND	no non-trivial read file in rnaseq_reads/ or rnaseq_normalized/
Amoeboradix_gromovi	0	NO_READS_FOUND	no non-trivial read file in rnaseq_reads/ or rnaseq_normalized/
Ampelomyces_sp._BRIP_72102	0	NO_READS_FOUND	no non-trivial read file in rnaseq_reads/ or rnaseq_normalized/
Amphiamblys_sp._WSBS2006	0	NO_READS_FOUND	no non-trivial read file in rnaseq_reads/ or rnaseq_normalized/
Amphichorda_felina	0	NO_READS_FOUND	no non-trivial read file in rnaseq_reads/ or rnaseq_normalized/
Amphirosellinia_nigrospora	0	NO_READS_FOUND	no non-trivial read file in rnaseq_reads/ or rnaseq_normalized/
Amyloporia_xantha	0	NO_READS_FOUND	no non-trivial read file in rnaseq_reads/ or rnaseq_normalized/
Anguillospora_crassa	0	NO_READS_FOUND	no non-trivial read file in rnaseq_reads/ or rnaseq_normalized/
Anncaliia_algerae	0	NO_READS_FOUND	no non-trivial read file in rnaseq_reads/ or rnaseq_normalized/
Annulohypoxylon_annulatum	0	NO_READS_FOUND	no non-trivial read file in rnaseq_reads/ or rnaseq_normalized/
Annulohypoxylon_bovei	0	NO_READS_FOUND	no non-trivial read file in rnaseq_reads/ or rnaseq_normalized/
Annulohypoxylon_sp._FPYF3050	0	NO_READS_FOUND	no non-trivial read file in rnaseq_reads/ or rnaseq_normalized/
Annulohypoxylon_sp._FPYF3050.1	0	NO_READS_FOUND	no non-trivial read file in rnaseq_reads/ or rnaseq_normalized/
Antarctomyces_pellizariae	0	NO_READS_FOUND	no non-trivial read file in rnaseq_reads/ or rnaseq_normalized/
Anthostomella_pinea	0	NO_READS_FOUND	no non-trivial read file in rnaseq_reads/ or rnaseq_normalized/
Anthracina_ramosa	0	NO_READS_FOUND	no non-trivial read file in rnaseq_reads/ or rnaseq_normalized/
Anthracocystis_panici-leucophaei	0	NO_READS_FOUND	no non-trivial read file in rnaseq_reads/ or rnaseq_normalized/
Anthracocystis_setariae	0	NO_READS_FOUND	no non-trivial read file in rnaseq_reads/ or rnaseq_normalized/
Anthracocystis_walkeri	0	NO_READS_FOUND	no non-trivial read file in rnaseq_reads/ or rnaseq_normalized/
Antonospora_locustae	0	NO_READS_FOUND	no non-trivial read file in rnaseq_reads/ or rnaseq_normalized/
Anzia_colpodes	0	NO_READS_FOUND	no non-trivial read file in rnaseq_reads/ or rnaseq_normalized/
Aotearoamyces_nothofagi	0	NO_READS_FOUND	no non-trivial read file in rnaseq_reads/ or rnaseq_normalized/
Aphanoascus_verrucosus	0	NO_READS_FOUND	no non-trivial read file in rnaseq_reads/ or rnaseq_normalized/
Aphanocladium_album	0	NO_READS_FOUND	no non-trivial read file in rnaseq_reads/ or rnaseq_normalized/
Apiospora_aurea	0	NO_READS_FOUND	no non-trivial read file in rnaseq_reads/ or rnaseq_normalized/
Apiospora_guizhouensis	0	NO_READS_FOUND	no non-trivial read file in rnaseq_reads/ or rnaseq_normalized/
Apiospora_hydei	0	NO_READS_FOUND	no non-trivial read file in rnaseq_reads/ or rnaseq_normalized/
Apiospora_hysterina	0	NO_READS_FOUND	no non-trivial read file in rnaseq_reads/ or rnaseq_normalized/
Apiospora_kogelbergensis	0	NO_READS_FOUND	no non-trivial read file in rnaseq_reads/ or rnaseq_normalized/
Apiospora_koreana	0	NO_READS_FOUND	no non-trivial read file in rnaseq_reads/ or rnaseq_normalized/
Apiospora_marii	0	NO_READS_FOUND	no non-trivial read file in rnaseq_reads/ or rnaseq_normalized/
Apiospora_phragmitis	0	NO_READS_FOUND	no non-trivial read file in rnaseq_reads/ or rnaseq_normalized/
Apiospora_pterosperma	0	NO_READS_FOUND	no non-trivial read file in rnaseq_reads/ or rnaseq_normalized/
Apiospora_saccharicola	0	NO_READS_FOUND	no non-trivial read file in rnaseq_reads/ or rnaseq_normalized/
Apiospora_sp._TS-2023a	0	NO_READS_FOUND	no non-trivial read file in rnaseq_reads/ or rnaseq_normalized/
Apiospora_sphaerosperma	0	NO_READS_FOUND	no non-trivial read file in rnaseq_reads/ or rnaseq_normalized/
Apiotrichum_akiyoshidainum	0	NO_READS_FOUND	no non-trivial read file in rnaseq_reads/ or rnaseq_normalized/
Apiotrichum_brassicae	0	NO_READS_FOUND	no non-trivial read file in rnaseq_reads/ or rnaseq_normalized/
Apiotrichum_cacaoliposimile	0	NO_READS_FOUND	no non-trivial read file in rnaseq_reads/ or rnaseq_normalized/
Apiotrichum_domesticum	0	NO_READS_FOUND	no non-trivial read file in rnaseq_reads/ or rnaseq_normalized/
Apiotrichum_gamsii	0	NO_READS_FOUND	no non-trivial read file in rnaseq_reads/ or rnaseq_normalized/
Apiotrichum_gracile	0	NO_READS_FOUND	no non-trivial read file in rnaseq_reads/ or rnaseq_normalized/
Apiotrichum_laibachii	0	NO_READS_FOUND	no non-trivial read file in rnaseq_reads/ or rnaseq_normalized/
Apiotrichum_loubieri	0	NO_READS_FOUND	no non-trivial read file in rnaseq_reads/ or rnaseq_normalized/
Apiotrichum_montevideense	0	NO_READS_FOUND	no non-trivial read file in rnaseq_reads/ or rnaseq_normalized/
Apiotrichum_porosum	0	NO_READS_FOUND	no non-trivial read file in rnaseq_reads/ or rnaseq_normalized/
Apiotrichum_siamense	0	NO_READS_FOUND	no non-trivial read file in rnaseq_reads/ or rnaseq_normalized/
Apiotrichum_sp._M3315A-1	0	NO_READS_FOUND	no non-trivial read file in rnaseq_reads/ or rnaseq_normalized/
Apiotrichum_sp._PA4207	0	NO_READS_FOUND	no non-trivial read file in rnaseq_reads/ or rnaseq_normalized/
Apiotrichum_sp._PDH3304B	0	NO_READS_FOUND	no non-trivial read file in rnaseq_reads/ or rnaseq_normalized/
Apiotrichum_sp._PL3306B	0	NO_READS_FOUND	no non-trivial read file in rnaseq_reads/ or rnaseq_normalized/
Apiotrichum_sp._PL3309B	0	NO_READS_FOUND	no non-trivial read file in rnaseq_reads/ or rnaseq_normalized/
Apiotrichum_sp._Y3305A	0	NO_READS_FOUND	no non-trivial read file in rnaseq_reads/ or rnaseq_normalized/
Apiotrichum_sp._Y4201-1	0	NO_READS_FOUND	no non-trivial read file in rnaseq_reads/ or rnaseq_normalized/
Apiotrichum_sp._Y4204	0	NO_READS_FOUND	no non-trivial read file in rnaseq_reads/ or rnaseq_normalized/
Apiotrichum_veenhuisii	0	NO_READS_FOUND	no non-trivial read file in rnaseq_reads/ or rnaseq_normalized/
Aplosporella_prunicola	0	NO_READS_FOUND	no non-trivial read file in rnaseq_reads/ or rnaseq_normalized/
Apophysomyces_elegans	0	NO_READS_FOUND	no non-trivial read file in rnaseq_reads/ or rnaseq_normalized/
Apophysomyces_ossiformis	0	NO_READS_FOUND	no non-trivial read file in rnaseq_reads/ or rnaseq_normalized/
Apophysomyces_sp._BC1015	0	NO_READS_FOUND	no non-trivial read file in rnaseq_reads/ or rnaseq_normalized/
Apophysomyces_sp._BC1021	0	NO_READS_FOUND	no non-trivial read file in rnaseq_reads/ or rnaseq_normalized/
Apophysomyces_sp._BC1034	0	NO_READS_FOUND	no non-trivial read file in rnaseq_reads/ or rnaseq_normalized/
Apophysomyces_trapeziformis	0	NO_READS_FOUND	no non-trivial read file in rnaseq_reads/ or rnaseq_normalized/
Apophysomyces_variabilis	0	NO_READS_FOUND	no non-trivial read file in rnaseq_reads/ or rnaseq_normalized/
Arachnomyces_sp._KDTOL00113	0	NO_READS_FOUND	no non-trivial read file in rnaseq_reads/ or rnaseq_normalized/
Arachnomyces_sp._PD_36	0	NO_READS_FOUND	no non-trivial read file in rnaseq_reads/ or rnaseq_normalized/
Arachnopeziza_araneosa	0	NO_READS_FOUND	no non-trivial read file in rnaseq_reads/ or rnaseq_normalized/
Arcopilus_aureus	0	NO_READS_FOUND	no non-trivial read file in rnaseq_reads/ or rnaseq_normalized/
Arctoparmelia_centrifuga	0	NO_READS_FOUND	no non-trivial read file in rnaseq_reads/ or rnaseq_normalized/
Areospora_rohanae	0	NO_READS_FOUND	no non-trivial read file in rnaseq_reads/ or rnaseq_normalized/
Aristastoma_oeconomicum	0	NO_READS_FOUND	no non-trivial read file in rnaseq_reads/ or rnaseq_normalized/
Armillaria_altimontana	0	NO_READS_FOUND	no non-trivial read file in rnaseq_reads/ or rnaseq_normalized/
Armillaria_calvescens	0	NO_READS_FOUND	no non-trivial read file in rnaseq_reads/ or rnaseq_normalized/
Armillaria_fuscipes	0	NO_READS_FOUND	no non-trivial read file in rnaseq_reads/ or rnaseq_normalized/
Armillaria_mexicana	0	NO_READS_FOUND	no non-trivial read file in rnaseq_reads/ or rnaseq_normalized/
Armillaria_sp._CMW_4456	0	NO_READS_FOUND	no non-trivial read file in rnaseq_reads/ or rnaseq_normalized/
Arthonia_rubella	0	NO_READS_FOUND	no non-trivial read file in rnaseq_reads/ or rnaseq_normalized/
Arthonia_susa	0	NO_READS_FOUND	no non-trivial read file in rnaseq_reads/ or rnaseq_normalized/
Arthoniomycetes_sp.	0	NO_READS_FOUND	no non-trivial read file in rnaseq_reads/ or rnaseq_normalized/
Arthoniomycetes_sp._BF10	0	NO_READS_FOUND	no non-trivial read file in rnaseq_reads/ or rnaseq_normalized/
Arthothelium_ruanum	0	NO_READS_FOUND	no non-trivial read file in rnaseq_reads/ or rnaseq_normalized/
Arthrinium_puccinioides	0	NO_READS_FOUND	no non-trivial read file in rnaseq_reads/ or rnaseq_normalized/
Arthrobotrys_conoides	0	NO_READS_FOUND	no non-trivial read file in rnaseq_reads/ or rnaseq_normalized/
Arthrobotrys_entomopaga	0	NO_READS_FOUND	no non-trivial read file in rnaseq_reads/ or rnaseq_normalized/
Arthrobotrys_iridis	0	NO_READS_FOUND	no non-trivial read file in rnaseq_reads/ or rnaseq_normalized/
Arthrobotrys_megalospora	0	NO_READS_FOUND	no non-trivial read file in rnaseq_reads/ or rnaseq_normalized/
Arthrobotrys_musiformis	0	NO_READS_FOUND	no non-trivial read file in rnaseq_reads/ or rnaseq_normalized/
Arthrobotrys_pseudoclavata	0	NO_READS_FOUND	no non-trivial read file in rnaseq_reads/ or rnaseq_normalized/
Arthrobotrys_sinensis	0	NO_READS_FOUND	no non-trivial read file in rnaseq_reads/ or rnaseq_normalized/
Arthrobotrys_sphaeroides	0	NO_READS_FOUND	no non-trivial read file in rnaseq_reads/ or rnaseq_normalized/
Arthrocladium_fulminans	0	NO_READS_FOUND	no non-trivial read file in rnaseq_reads/ or rnaseq_normalized/
Arthroderma_sp._MBC_290	0	NO_READS_FOUND	no non-trivial read file in rnaseq_reads/ or rnaseq_normalized/
Arthroderma_sp._MBC_293	0	NO_READS_FOUND	no non-trivial read file in rnaseq_reads/ or rnaseq_normalized/
Arthroderma_sp._MBC_929	0	NO_READS_FOUND	no non-trivial read file in rnaseq_reads/ or rnaseq_normalized/
Arthroderma_sp._MBC_961	0	NO_READS_FOUND	no non-trivial read file in rnaseq_reads/ or rnaseq_normalized/
Arthroderma_sp._PD_2	0	NO_READS_FOUND	no non-trivial read file in rnaseq_reads/ or rnaseq_normalized/
Arthroderma_uncinatum	0	NO_READS_FOUND	no non-trivial read file in rnaseq_reads/ or rnaseq_normalized/
Arthromyces_matolae	0	NO_READS_FOUND	no non-trivial read file in rnaseq_reads/ or rnaseq_normalized/
Articulospora_tetracladia	0	NO_READS_FOUND	no non-trivial read file in rnaseq_reads/ or rnaseq_normalized/
Arxiozyma_bovina	0	NO_READS_FOUND	no non-trivial read file in rnaseq_reads/ or rnaseq_normalized/
Arxiozyma_heterogenica	0	NO_READS_FOUND	no non-trivial read file in rnaseq_reads/ or rnaseq_normalized/
Arxiozyma_pintolopesii	0	NO_READS_FOUND	no non-trivial read file in rnaseq_reads/ or rnaseq_normalized/
Arxiozyma_slooffiae	0	NO_READS_FOUND	no non-trivial read file in rnaseq_reads/ or rnaseq_normalized/
Arxiozyma_telluris	0	NO_READS_FOUND	no non-trivial read file in rnaseq_reads/ or rnaseq_normalized/
Aschersonia_sp._MBC_508	0	NO_READS_FOUND	no non-trivial read file in rnaseq_reads/ or rnaseq_normalized/
Aschersonia_sp._MBC_593	0	NO_READS_FOUND	no non-trivial read file in rnaseq_reads/ or rnaseq_normalized/
Aschersonia_sp._MBC_610	0	NO_READS_FOUND	no non-trivial read file in rnaseq_reads/ or rnaseq_normalized/
Aschersonia_sp._MBC_612	0	NO_READS_FOUND	no non-trivial read file in rnaseq_reads/ or rnaseq_normalized/
Aschersonia_sp._MBC_622	0	NO_READS_FOUND	no non-trivial read file in rnaseq_reads/ or rnaseq_normalized/
Aschersonia_sp._MBC_710	0	NO_READS_FOUND	no non-trivial read file in rnaseq_reads/ or rnaseq_normalized/
Aschersonia_sp._MBC_735	0	NO_READS_FOUND	no non-trivial read file in rnaseq_reads/ or rnaseq_normalized/
Aschersonia_sp._MBC_819	0	NO_READS_FOUND	no non-trivial read file in rnaseq_reads/ or rnaseq_normalized/
Aschersonia_sp._MBC_877	0	NO_READS_FOUND	no non-trivial read file in rnaseq_reads/ or rnaseq_normalized/
Ascobolus_immersus	0	NO_READS_FOUND	no non-trivial read file in rnaseq_reads/ or rnaseq_normalized/
Ascobotryozyma_americana	0	NO_READS_FOUND	no non-trivial read file in rnaseq_reads/ or rnaseq_normalized/
Ascobotryozyma_cognata	0	NO_READS_FOUND	no non-trivial read file in rnaseq_reads/ or rnaseq_normalized/
Ascochyta_clinopodiicola	0	NO_READS_FOUND	no non-trivial read file in rnaseq_reads/ or rnaseq_normalized/
Ascochyta_fabae	0	NO_READS_FOUND	no non-trivial read file in rnaseq_reads/ or rnaseq_normalized/
Ascochyta_koolunga	0	NO_READS_FOUND	no non-trivial read file in rnaseq_reads/ or rnaseq_normalized/
Ascochyta_viciae	0	NO_READS_FOUND	no non-trivial read file in rnaseq_reads/ or rnaseq_normalized/
Ascochyta_viciae-villosae	0	NO_READS_FOUND	no non-trivial read file in rnaseq_reads/ or rnaseq_normalized/
Ascocoryne_sarcoides	0	NO_READS_FOUND	no non-trivial read file in rnaseq_reads/ or rnaseq_normalized/
Ascodesmis_sphaerospora	0	NO_READS_FOUND	no non-trivial read file in rnaseq_reads/ or rnaseq_normalized/
Ascoidea_asiatica	0	NO_READS_FOUND	no non-trivial read file in rnaseq_reads/ or rnaseq_normalized/
Ascoidea_rubescens	0	NO_READS_FOUND	no non-trivial read file in rnaseq_reads/ or rnaseq_normalized/
Ascoidea_tarda	0	NO_READS_FOUND	no non-trivial read file in rnaseq_reads/ or rnaseq_normalized/
Ascomycota_sp.	0	NO_READS_FOUND	no non-trivial read file in rnaseq_reads/ or rnaseq_normalized/
Ascomycota_sp._Antarctolithica_obscura	0	NO_READS_FOUND	no non-trivial read file in rnaseq_reads/ or rnaseq_normalized/
Ascosphaera_acerosa	0	NO_READS_FOUND	no non-trivial read file in rnaseq_reads/ or rnaseq_normalized/
Ascosphaera_aggregata	0	NO_READS_FOUND	no non-trivial read file in rnaseq_reads/ or rnaseq_normalized/
Ascosphaera_apis	0	NO_READS_FOUND	no non-trivial read file in rnaseq_reads/ or rnaseq_normalized/
Ascosphaera_atra	0	NO_READS_FOUND	no non-trivial read file in rnaseq_reads/ or rnaseq_normalized/
Ascosphaera_pollenicola	0	NO_READS_FOUND	no non-trivial read file in rnaseq_reads/ or rnaseq_normalized/
Ashbya_aceris	0	NO_READS_FOUND	no non-trivial read file in rnaseq_reads/ or rnaseq_normalized/
Aspergillaceae_sp.	0	NO_READS_FOUND	no non-trivial read file in rnaseq_reads/ or rnaseq_normalized/
Aspergillaceae_sp._MA_6039	0	NO_READS_FOUND	no non-trivial read file in rnaseq_reads/ or rnaseq_normalized/
Aspergillus_aff._floccosus_IMV_01167	0	NO_READS_FOUND	no non-trivial read file in rnaseq_reads/ or rnaseq_normalized/
Aspergillus_aflatoxiformans	0	NO_READS_FOUND	no non-trivial read file in rnaseq_reads/ or rnaseq_normalized/
Aspergillus_annui	0	NO_READS_FOUND	no non-trivial read file in rnaseq_reads/ or rnaseq_normalized/
Aspergillus_aspearensis	0	NO_READS_FOUND	no non-trivial read file in rnaseq_reads/ or rnaseq_normalized/
Aspergillus_asperescens	0	NO_READS_FOUND	no non-trivial read file in rnaseq_reads/ or rnaseq_normalized/
Aspergillus_austwickii	0	NO_READS_FOUND	no non-trivial read file in rnaseq_reads/ or rnaseq_normalized/
Aspergillus_awamori	0	NO_READS_FOUND	no non-trivial read file in rnaseq_reads/ or rnaseq_normalized/
Aspergillus_baeticus	0	NO_READS_FOUND	no non-trivial read file in rnaseq_reads/ or rnaseq_normalized/
Aspergillus_bombycis	0	NO_READS_FOUND	no non-trivial read file in rnaseq_reads/ or rnaseq_normalized/
Aspergillus_brasiliensis	0	NO_READS_FOUND	no non-trivial read file in rnaseq_reads/ or rnaseq_normalized/
Aspergillus_bridgeri	0	NO_READS_FOUND	no non-trivial read file in rnaseq_reads/ or rnaseq_normalized/
Aspergillus_brunneus	0	NO_READS_FOUND	no non-trivial read file in rnaseq_reads/ or rnaseq_normalized/
Aspergillus_carbonarius	0	NO_READS_FOUND	no non-trivial read file in rnaseq_reads/ or rnaseq_normalized/
Aspergillus_clavatophorus	0	NO_READS_FOUND	no non-trivial read file in rnaseq_reads/ or rnaseq_normalized/
Aspergillus_clavatus	0	NO_READS_FOUND	no non-trivial read file in rnaseq_reads/ or rnaseq_normalized/
Aspergillus_conjunctus	0	NO_READS_FOUND	no non-trivial read file in rnaseq_reads/ or rnaseq_normalized/
Aspergillus_croceus	0	NO_READS_FOUND	no non-trivial read file in rnaseq_reads/ or rnaseq_normalized/
Aspergillus_cvjetkovicii	0	NO_READS_FOUND	no non-trivial read file in rnaseq_reads/ or rnaseq_normalized/
Aspergillus_destruens	0	NO_READS_FOUND	no non-trivial read file in rnaseq_reads/ or rnaseq_normalized/
Aspergillus_diversus	0	NO_READS_FOUND	no non-trivial read file in rnaseq_reads/ or rnaseq_normalized/
Aspergillus_foetidus	0	NO_READS_FOUND	no non-trivial read file in rnaseq_reads/ or rnaseq_normalized/
Aspergillus_fructus	0	NO_READS_FOUND	no non-trivial read file in rnaseq_reads/ or rnaseq_normalized/
Aspergillus_fumigatiaffinis	0	NO_READS_FOUND	no non-trivial read file in rnaseq_reads/ or rnaseq_normalized/
Aspergillus_glaucus	0	NO_READS_FOUND	no non-trivial read file in rnaseq_reads/ or rnaseq_normalized/
Aspergillus_hancockii	0	NO_READS_FOUND	no non-trivial read file in rnaseq_reads/ or rnaseq_normalized/
Aspergillus_incahuasiensis	0	NO_READS_FOUND	no non-trivial read file in rnaseq_reads/ or rnaseq_normalized/
Aspergillus_intermedius	0	NO_READS_FOUND	no non-trivial read file in rnaseq_reads/ or rnaseq_normalized/
Aspergillus_japonicus	0	NO_READS_FOUND	no non-trivial read file in rnaseq_reads/ or rnaseq_normalized/
Aspergillus_jensenii	0	NO_READS_FOUND	no non-trivial read file in rnaseq_reads/ or rnaseq_normalized/
Aspergillus_kassunensis	0	NO_READS_FOUND	no non-trivial read file in rnaseq_reads/ or rnaseq_normalized/
Aspergillus_luteorubrus	0	NO_READS_FOUND	no non-trivial read file in rnaseq_reads/ or rnaseq_normalized/
Aspergillus_magnivesiculatus	0	NO_READS_FOUND	no non-trivial read file in rnaseq_reads/ or rnaseq_normalized/
Aspergillus_melleus	0	NO_READS_FOUND	no non-trivial read file in rnaseq_reads/ or rnaseq_normalized/
Aspergillus_micronesiensis	0	NO_READS_FOUND	no non-trivial read file in rnaseq_reads/ or rnaseq_normalized/
Aspergillus_mulundensis	0	NO_READS_FOUND	no non-trivial read file in rnaseq_reads/ or rnaseq_normalized/
Aspergillus_nanangensis	0	NO_READS_FOUND	no non-trivial read file in rnaseq_reads/ or rnaseq_normalized/
Aspergillus_ochraceopetaliformis	0	NO_READS_FOUND	no non-trivial read file in rnaseq_reads/ or rnaseq_normalized/
Aspergillus_olivimuriae	0	NO_READS_FOUND	no non-trivial read file in rnaseq_reads/ or rnaseq_normalized/
Aspergillus_panamensis	0	NO_READS_FOUND	no non-trivial read file in rnaseq_reads/ or rnaseq_normalized/
Aspergillus_phoenicis	0	NO_READS_FOUND	no non-trivial read file in rnaseq_reads/ or rnaseq_normalized/
Aspergillus_pragensis	0	NO_READS_FOUND	no non-trivial read file in rnaseq_reads/ or rnaseq_normalized/
Aspergillus_proliferans	0	NO_READS_FOUND	no non-trivial read file in rnaseq_reads/ or rnaseq_normalized/
Aspergillus_protuberus	0	NO_READS_FOUND	no non-trivial read file in rnaseq_reads/ or rnaseq_normalized/
Aspergillus_pseudoglaucus	0	NO_READS_FOUND	no non-trivial read file in rnaseq_reads/ or rnaseq_normalized/
Aspergillus_quadricinctus	0	NO_READS_FOUND	no non-trivial read file in rnaseq_reads/ or rnaseq_normalized/
Aspergillus_ruber	0	NO_READS_FOUND	no non-trivial read file in rnaseq_reads/ or rnaseq_normalized/
Aspergillus_saccharicola	0	NO_READS_FOUND	no non-trivial read file in rnaseq_reads/ or rnaseq_normalized/
Aspergillus_sclerotialis	0	NO_READS_FOUND	no non-trivial read file in rnaseq_reads/ or rnaseq_normalized/
Aspergillus_sojae	0	NO_READS_FOUND	no non-trivial read file in rnaseq_reads/ or rnaseq_normalized/
Aspergillus_sp._121D	0	NO_READS_FOUND	no non-trivial read file in rnaseq_reads/ or rnaseq_normalized/
Aspergillus_sp._2663	0	NO_READS_FOUND	no non-trivial read file in rnaseq_reads/ or rnaseq_normalized/
Aspergillus_sp._2NF922	0	NO_READS_FOUND	no non-trivial read file in rnaseq_reads/ or rnaseq_normalized/
Aspergillus_sp._2NF923	0	NO_READS_FOUND	no non-trivial read file in rnaseq_reads/ or rnaseq_normalized/
Aspergillus_sp._2NF925	0	NO_READS_FOUND	no non-trivial read file in rnaseq_reads/ or rnaseq_normalized/
Aspergillus_sp._A31	0	NO_READS_FOUND	no non-trivial read file in rnaseq_reads/ or rnaseq_normalized/
Aspergillus_sp._ADI1	0	NO_READS_FOUND	no non-trivial read file in rnaseq_reads/ or rnaseq_normalized/
Aspergillus_sp._AS01	0	NO_READS_FOUND	no non-trivial read file in rnaseq_reads/ or rnaseq_normalized/
Aspergillus_sp._ATCC_12892	0	NO_READS_FOUND	no non-trivial read file in rnaseq_reads/ or rnaseq_normalized/
Aspergillus_sp._B102-05B	0	NO_READS_FOUND	no non-trivial read file in rnaseq_reads/ or rnaseq_normalized/
Aspergillus_sp._B3601	0	NO_READS_FOUND	no non-trivial read file in rnaseq_reads/ or rnaseq_normalized/
Aspergillus_sp._B3605	0	NO_READS_FOUND	no non-trivial read file in rnaseq_reads/ or rnaseq_normalized/
Aspergillus_sp._DX121-18F	0	NO_READS_FOUND	no non-trivial read file in rnaseq_reads/ or rnaseq_normalized/
Aspergillus_sp._DX7217	0	NO_READS_FOUND	no non-trivial read file in rnaseq_reads/ or rnaseq_normalized/
Aspergillus_sp._F3601	0	NO_READS_FOUND	no non-trivial read file in rnaseq_reads/ or rnaseq_normalized/
Aspergillus_sp._F3603	0	NO_READS_FOUND	no non-trivial read file in rnaseq_reads/ or rnaseq_normalized/
Aspergillus_sp._F3604	0	NO_READS_FOUND	no non-trivial read file in rnaseq_reads/ or rnaseq_normalized/
Aspergillus_sp._F3605	0	NO_READS_FOUND	no non-trivial read file in rnaseq_reads/ or rnaseq_normalized/
Aspergillus_sp._GBTC2_WXH	0	NO_READS_FOUND	no non-trivial read file in rnaseq_reads/ or rnaseq_normalized/
Aspergillus_sp._GbtcF1	0	NO_READS_FOUND	no non-trivial read file in rnaseq_reads/ or rnaseq_normalized/
Aspergillus_sp._GbtcF2	0	NO_READS_FOUND	no non-trivial read file in rnaseq_reads/ or rnaseq_normalized/
Aspergillus_sp._HF37	0	NO_READS_FOUND	no non-trivial read file in rnaseq_reads/ or rnaseq_normalized/
Aspergillus_sp._JS3-R5	0	NO_READS_FOUND	no non-trivial read file in rnaseq_reads/ or rnaseq_normalized/
Aspergillus_sp._M3605	0	NO_READS_FOUND	no non-trivial read file in rnaseq_reads/ or rnaseq_normalized/
Aspergillus_sp._M3606	0	NO_READS_FOUND	no non-trivial read file in rnaseq_reads/ or rnaseq_normalized/
Aspergillus_sp._MA_6037	0	NO_READS_FOUND	no non-trivial read file in rnaseq_reads/ or rnaseq_normalized/
Aspergillus_sp._MA_6038	0	NO_READS_FOUND	no non-trivial read file in rnaseq_reads/ or rnaseq_normalized/
Aspergillus_sp._MA_6041	0	NO_READS_FOUND	no non-trivial read file in rnaseq_reads/ or rnaseq_normalized/
Aspergillus_sp._MEXU_27854	0	NO_READS_FOUND	no non-trivial read file in rnaseq_reads/ or rnaseq_normalized/
Aspergillus_sp._P7301S-1	0	NO_READS_FOUND	no non-trivial read file in rnaseq_reads/ or rnaseq_normalized/
Aspergillus_sp._PA2101	0	NO_READS_FOUND	no non-trivial read file in rnaseq_reads/ or rnaseq_normalized/
Aspergillus_sp._PA3604	0	NO_READS_FOUND	no non-trivial read file in rnaseq_reads/ or rnaseq_normalized/
Aspergillus_sp._PA40-03	0	NO_READS_FOUND	no non-trivial read file in rnaseq_reads/ or rnaseq_normalized/
Aspergillus_sp._PB2407	0	NO_READS_FOUND	no non-trivial read file in rnaseq_reads/ or rnaseq_normalized/
Aspergillus_sp._PB4102	0	NO_READS_FOUND	no non-trivial read file in rnaseq_reads/ or rnaseq_normalized/
Aspergillus_sp._PB4105	0	NO_READS_FOUND	no non-trivial read file in rnaseq_reads/ or rnaseq_normalized/
Aspergillus_sp._PB4106	0	NO_READS_FOUND	no non-trivial read file in rnaseq_reads/ or rnaseq_normalized/
Aspergillus_sp._PG119-06	0	NO_READS_FOUND	no non-trivial read file in rnaseq_reads/ or rnaseq_normalized/
Aspergillus_sp._PG3603	0	NO_READS_FOUND	no non-trivial read file in rnaseq_reads/ or rnaseq_normalized/
Aspergillus_sp._PG3606C	0	NO_READS_FOUND	no non-trivial read file in rnaseq_reads/ or rnaseq_normalized/
Aspergillus_sp._PG3606D	0	NO_READS_FOUND	no non-trivial read file in rnaseq_reads/ or rnaseq_normalized/
Aspergillus_sp._PG3608	0	NO_READS_FOUND	no non-trivial read file in rnaseq_reads/ or rnaseq_normalized/
Aspergillus_sp._PH2503	0	NO_READS_FOUND	no non-trivial read file in rnaseq_reads/ or rnaseq_normalized/
Aspergillus_sp._PH3601	0	NO_READS_FOUND	no non-trivial read file in rnaseq_reads/ or rnaseq_normalized/
Aspergillus_sp._PK2410	0	NO_READS_FOUND	no non-trivial read file in rnaseq_reads/ or rnaseq_normalized/
Aspergillus_sp._PM3601	0	NO_READS_FOUND	no non-trivial read file in rnaseq_reads/ or rnaseq_normalized/
Aspergillus_sp._PM3602	0	NO_READS_FOUND	no non-trivial read file in rnaseq_reads/ or rnaseq_normalized/
Aspergillus_sp._PM3604	0	NO_READS_FOUND	no non-trivial read file in rnaseq_reads/ or rnaseq_normalized/
Aspergillus_sp._PYS2105	0	NO_READS_FOUND	no non-trivial read file in rnaseq_reads/ or rnaseq_normalized/
Aspergillus_sp._PYS4201	0	NO_READS_FOUND	no non-trivial read file in rnaseq_reads/ or rnaseq_normalized/
Aspergillus_sp._PYS4240	0	NO_READS_FOUND	no non-trivial read file in rnaseq_reads/ or rnaseq_normalized/
Aspergillus_sp._PYS4241	0	NO_READS_FOUND	no non-trivial read file in rnaseq_reads/ or rnaseq_normalized/
Aspergillus_sp._R109-04A	0	NO_READS_FOUND	no non-trivial read file in rnaseq_reads/ or rnaseq_normalized/
Aspergillus_sp._R1430	0	NO_READS_FOUND	no non-trivial read file in rnaseq_reads/ or rnaseq_normalized/
Aspergillus_sp._R2302	0	NO_READS_FOUND	no non-trivial read file in rnaseq_reads/ or rnaseq_normalized/
Aspergillus_sp._R2305	0	NO_READS_FOUND	no non-trivial read file in rnaseq_reads/ or rnaseq_normalized/
Aspergillus_sp._R2407	0	NO_READS_FOUND	no non-trivial read file in rnaseq_reads/ or rnaseq_normalized/
Aspergillus_sp._R2504	0	NO_READS_FOUND	no non-trivial read file in rnaseq_reads/ or rnaseq_normalized/
Aspergillus_sp._R2506	0	NO_READS_FOUND	no non-trivial read file in rnaseq_reads/ or rnaseq_normalized/
Aspergillus_sp._R2804	0	NO_READS_FOUND	no non-trivial read file in rnaseq_reads/ or rnaseq_normalized/
Aspergillus_sp._R3602	0	NO_READS_FOUND	no non-trivial read file in rnaseq_reads/ or rnaseq_normalized/
Aspergillus_sp._R3607	0	NO_READS_FOUND	no non-trivial read file in rnaseq_reads/ or rnaseq_normalized/
Aspergillus_sp._S1107B	0	NO_READS_FOUND	no non-trivial read file in rnaseq_reads/ or rnaseq_normalized/
Aspergillus_sp._S1702	0	NO_READS_FOUND	no non-trivial read file in rnaseq_reads/ or rnaseq_normalized/
Aspergillus_sp._S1801	0	NO_READS_FOUND	no non-trivial read file in rnaseq_reads/ or rnaseq_normalized/
Aspergillus_sp._S1802E	0	NO_READS_FOUND	no non-trivial read file in rnaseq_reads/ or rnaseq_normalized/
Aspergillus_sp._S1902Y	0	NO_READS_FOUND	no non-trivial read file in rnaseq_reads/ or rnaseq_normalized/
Aspergillus_sp._S1903S	0	NO_READS_FOUND	no non-trivial read file in rnaseq_reads/ or rnaseq_normalized/
Aspergillus_sp._S1905	0	NO_READS_FOUND	no non-trivial read file in rnaseq_reads/ or rnaseq_normalized/
Aspergillus_sp._S2101G	0	NO_READS_FOUND	no non-trivial read file in rnaseq_reads/ or rnaseq_normalized/
Aspergillus_sp._S2103	0	NO_READS_FOUND	no non-trivial read file in rnaseq_reads/ or rnaseq_normalized/
Aspergillus_sp._S2105	0	NO_READS_FOUND	no non-trivial read file in rnaseq_reads/ or rnaseq_normalized/
Aspergillus_sp._S2109	0	NO_READS_FOUND	no non-trivial read file in rnaseq_reads/ or rnaseq_normalized/
Aspergillus_sp._S2111G.1	0	NO_READS_FOUND	no non-trivial read file in rnaseq_reads/ or rnaseq_normalized/
Aspergillus_sp._S2111Y	0	NO_READS_FOUND	no non-trivial read file in rnaseq_reads/ or rnaseq_normalized/
Aspergillus_sp._S2805	0	NO_READS_FOUND	no non-trivial read file in rnaseq_reads/ or rnaseq_normalized/
Aspergillus_sp._S3505	0	NO_READS_FOUND	no non-trivial read file in rnaseq_reads/ or rnaseq_normalized/
Aspergillus_sp._S3602	0	NO_READS_FOUND	no non-trivial read file in rnaseq_reads/ or rnaseq_normalized/
Aspergillus_sp._S3605	0	NO_READS_FOUND	no non-trivial read file in rnaseq_reads/ or rnaseq_normalized/
Aspergillus_sp._S3606	0	NO_READS_FOUND	no non-trivial read file in rnaseq_reads/ or rnaseq_normalized/
Aspergillus_sp._S4401N	0	NO_READS_FOUND	no non-trivial read file in rnaseq_reads/ or rnaseq_normalized/
Aspergillus_sp._S4402	0	NO_READS_FOUND	no non-trivial read file in rnaseq_reads/ or rnaseq_normalized/
Aspergillus_sp._WHUF0304	0	NO_READS_FOUND	no non-trivial read file in rnaseq_reads/ or rnaseq_normalized/
Aspergillus_sp._subgen._Cremei	0	NO_READS_FOUND	no non-trivial read file in rnaseq_reads/ or rnaseq_normalized/
Aspergillus_sparsus	0	NO_READS_FOUND	no non-trivial read file in rnaseq_reads/ or rnaseq_normalized/
Aspergillus_subversicolor	0	NO_READS_FOUND	no non-trivial read file in rnaseq_reads/ or rnaseq_normalized/
Aspergillus_texensis	0	NO_READS_FOUND	no non-trivial read file in rnaseq_reads/ or rnaseq_normalized/
Aspergillus_toxicus	0	NO_READS_FOUND	no non-trivial read file in rnaseq_reads/ or rnaseq_normalized/
Aspergillus_ustus	0	NO_READS_FOUND	no non-trivial read file in rnaseq_reads/ or rnaseq_normalized/
Aspergillus_verrucosus	0	NO_READS_FOUND	no non-trivial read file in rnaseq_reads/ or rnaseq_normalized/
Aspergillus_vitricola	0	NO_READS_FOUND	no non-trivial read file in rnaseq_reads/ or rnaseq_normalized/
Aspicilia_laevata	0	NO_READS_FOUND	no non-trivial read file in rnaseq_reads/ or rnaseq_normalized/
Astathelohania_contejeani	0	NO_READS_FOUND	no non-trivial read file in rnaseq_reads/ or rnaseq_normalized/
Asteromyces_cruciatus	0	NO_READS_FOUND	no non-trivial read file in rnaseq_reads/ or rnaseq_normalized/
Asterophora_lycoperdoides	0	NO_READS_FOUND	no non-trivial read file in rnaseq_reads/ or rnaseq_normalized/
Asterophora_parasitica	0	NO_READS_FOUND	no non-trivial read file in rnaseq_reads/ or rnaseq_normalized/
Astraeus_odoratus	0	NO_READS_FOUND	no non-trivial read file in rnaseq_reads/ or rnaseq_normalized/
Astrothelium_macrocarpum	0	NO_READS_FOUND	no non-trivial read file in rnaseq_reads/ or rnaseq_normalized/
Astrothelium_subdiscretum	0	NO_READS_FOUND	no non-trivial read file in rnaseq_reads/ or rnaseq_normalized/
Athelia_psychrophila	0	NO_READS_FOUND	no non-trivial read file in rnaseq_reads/ or rnaseq_normalized/
Athelia_sp._TMB	0	NO_READS_FOUND	no non-trivial read file in rnaseq_reads/ or rnaseq_normalized/
Atkinsonella_hypoxylon	0	NO_READS_FOUND	no non-trivial read file in rnaseq_reads/ or rnaseq_normalized/
Atkinsonella_texensis	0	NO_READS_FOUND	no non-trivial read file in rnaseq_reads/ or rnaseq_normalized/
Atractiella_rhizophila	0	NO_READS_FOUND	no non-trivial read file in rnaseq_reads/ or rnaseq_normalized/
Atractium_crassum	0	NO_READS_FOUND	no non-trivial read file in rnaseq_reads/ or rnaseq_normalized/
Atractium_stilbaster	0	NO_READS_FOUND	no non-trivial read file in rnaseq_reads/ or rnaseq_normalized/
Aulographum_hederae	0	NO_READS_FOUND	no non-trivial read file in rnaseq_reads/ or rnaseq_normalized/
Aureobasidium_aubasidani	0	NO_READS_FOUND	no non-trivial read file in rnaseq_reads/ or rnaseq_normalized/
Aureobasidium_castaneae	0	NO_READS_FOUND	no non-trivial read file in rnaseq_reads/ or rnaseq_normalized/
Aureobasidium_leucospermi	0	NO_READS_FOUND	no non-trivial read file in rnaseq_reads/ or rnaseq_normalized/
Aureobasidium_lini	0	NO_READS_FOUND	no non-trivial read file in rnaseq_reads/ or rnaseq_normalized/
Aureobasidium_mangrovei	0	NO_READS_FOUND	no non-trivial read file in rnaseq_reads/ or rnaseq_normalized/
Aureobasidium_mustum	0	NO_READS_FOUND	no non-trivial read file in rnaseq_reads/ or rnaseq_normalized/
Aureobasidium_namibiae	0	NO_READS_FOUND	no non-trivial read file in rnaseq_reads/ or rnaseq_normalized/
Aureobasidium_sp._121K	0	NO_READS_FOUND	no non-trivial read file in rnaseq_reads/ or rnaseq_normalized/
Aureobasidium_sp._CE_43	0	NO_READS_FOUND	no non-trivial read file in rnaseq_reads/ or rnaseq_normalized/
Aureobasidium_sp._DW-1	0	NO_READS_FOUND	no non-trivial read file in rnaseq_reads/ or rnaseq_normalized/
Aureobasidium_sp._EXF-10727	0	NO_READS_FOUND	no non-trivial read file in rnaseq_reads/ or rnaseq_normalized/
Aureobasidium_sp._EXF-10728	0	NO_READS_FOUND	no non-trivial read file in rnaseq_reads/ or rnaseq_normalized/
Aureobasidium_sp._EXF-12298	0	NO_READS_FOUND	no non-trivial read file in rnaseq_reads/ or rnaseq_normalized/
Aureobasidium_sp._EXF-12344	0	NO_READS_FOUND	no non-trivial read file in rnaseq_reads/ or rnaseq_normalized/
Aureobasidium_sp._EXF-3399	0	NO_READS_FOUND	no non-trivial read file in rnaseq_reads/ or rnaseq_normalized/
Aureobasidium_sp._EXF-3400	0	NO_READS_FOUND	no non-trivial read file in rnaseq_reads/ or rnaseq_normalized/
Aureobasidium_sp._EXF-8845	0	NO_READS_FOUND	no non-trivial read file in rnaseq_reads/ or rnaseq_normalized/
Aureobasidium_sp._EXF-8846	0	NO_READS_FOUND	no non-trivial read file in rnaseq_reads/ or rnaseq_normalized/
Aureobasidium_sp._FSWF8-4	0	NO_READS_FOUND	no non-trivial read file in rnaseq_reads/ or rnaseq_normalized/
Aureobasidium_sp._GC_Fusr_1	0	NO_READS_FOUND	no non-trivial read file in rnaseq_reads/ or rnaseq_normalized/
Aureobasidium_sp._M94-06E	0	NO_READS_FOUND	no non-trivial read file in rnaseq_reads/ or rnaseq_normalized/
Aureobasidium_sp._P6	0	NO_READS_FOUND	no non-trivial read file in rnaseq_reads/ or rnaseq_normalized/
Aureobasidium_sp._SLJ-2021a	0	NO_READS_FOUND	no non-trivial read file in rnaseq_reads/ or rnaseq_normalized/
Aureobasidium_sp._TD-062	0	NO_READS_FOUND	no non-trivial read file in rnaseq_reads/ or rnaseq_normalized/
Aureobasidium_sp._Y128-05A	0	NO_READS_FOUND	no non-trivial read file in rnaseq_reads/ or rnaseq_normalized/
Aureobasidium_subglaciale	0	NO_READS_FOUND	no non-trivial read file in rnaseq_reads/ or rnaseq_normalized/
Aureobasidium_thailandense	0	NO_READS_FOUND	no non-trivial read file in rnaseq_reads/ or rnaseq_normalized/
Aureobasidium_tremulum	0	NO_READS_FOUND	no non-trivial read file in rnaseq_reads/ or rnaseq_normalized/
Aureobasidium_uvarum	0	NO_READS_FOUND	no non-trivial read file in rnaseq_reads/ or rnaseq_normalized/
Aureobasidium_vineae	0	NO_READS_FOUND	no non-trivial read file in rnaseq_reads/ or rnaseq_normalized/
Aureobasidium_zeae	0	NO_READS_FOUND	no non-trivial read file in rnaseq_reads/ or rnaseq_normalized/
Aureoboletus_auriporus	0	NO_READS_FOUND	no non-trivial read file in rnaseq_reads/ or rnaseq_normalized/
Aureoboletus_gentilis	0	NO_READS_FOUND	no non-trivial read file in rnaseq_reads/ or rnaseq_normalized/
Aureoboletus_sp._UT-M0000056	0	NO_READS_FOUND	no non-trivial read file in rnaseq_reads/ or rnaseq_normalized/
Auricularia_sp._M12	0	NO_READS_FOUND	no non-trivial read file in rnaseq_reads/ or rnaseq_normalized/
Auricularia_sp._M13	0	NO_READS_FOUND	no non-trivial read file in rnaseq_reads/ or rnaseq_normalized/
Auricularia_subglabra	0	NO_READS_FOUND	no non-trivial read file in rnaseq_reads/ or rnaseq_normalized/
Auriculariales_sp._MPI-PUGE-AT-0066	0	NO_READS_FOUND	no non-trivial read file in rnaseq_reads/ or rnaseq_normalized/
Aurifilum_marmelostoma	0	NO_READS_FOUND	no non-trivial read file in rnaseq_reads/ or rnaseq_normalized/
Auriscalpium_microsporum	0	NO_READS_FOUND	no non-trivial read file in rnaseq_reads/ or rnaseq_normalized/
Auriscalpium_orientale	0	NO_READS_FOUND	no non-trivial read file in rnaseq_reads/ or rnaseq_normalized/
Australozyma_bambusicola	0	NO_READS_FOUND	no non-trivial read file in rnaseq_reads/ or rnaseq_normalized/
Australozyma_monospora	0	NO_READS_FOUND	no non-trivial read file in rnaseq_reads/ or rnaseq_normalized/
Australozyma_nongkhaiensis	0	NO_READS_FOUND	no non-trivial read file in rnaseq_reads/ or rnaseq_normalized/
Australozyma_picinguabensis	0	NO_READS_FOUND	no non-trivial read file in rnaseq_reads/ or rnaseq_normalized/
Australozyma_robnettiae	0	NO_READS_FOUND	no non-trivial read file in rnaseq_reads/ or rnaseq_normalized/
Australozyma_saccharicola	0	NO_READS_FOUND	no non-trivial read file in rnaseq_reads/ or rnaseq_normalized/
Australozyma_saopauloensis	0	NO_READS_FOUND	no non-trivial read file in rnaseq_reads/ or rnaseq_normalized/
Australozyma_succicola	0	NO_READS_FOUND	no non-trivial read file in rnaseq_reads/ or rnaseq_normalized/
Australozyma_touchengensis	0	NO_READS_FOUND	no non-trivial read file in rnaseq_reads/ or rnaseq_normalized/
Austroboletus_cf._mucosus	0	NO_READS_FOUND	no non-trivial read file in rnaseq_reads/ or rnaseq_normalized/
Austroboletus_eburneus	0	NO_READS_FOUND	no non-trivial read file in rnaseq_reads/ or rnaseq_normalized/
Austroboletus_festivus	0	NO_READS_FOUND	no non-trivial read file in rnaseq_reads/ or rnaseq_normalized/
Austroboletus_niveus	0	NO_READS_FOUND	no non-trivial read file in rnaseq_reads/ or rnaseq_normalized/
Austroboletus_novae-zelandiae	0	NO_READS_FOUND	no non-trivial read file in rnaseq_reads/ or rnaseq_normalized/
Austroboletus_olivaceoglutinosus	0	NO_READS_FOUND	no non-trivial read file in rnaseq_reads/ or rnaseq_normalized/
Austroboletus_rostrupii	0	NO_READS_FOUND	no non-trivial read file in rnaseq_reads/ or rnaseq_normalized/
Babjevia_anomala	0	NO_READS_FOUND	no non-trivial read file in rnaseq_reads/ or rnaseq_normalized/
Babjeviella_inositovora	0	NO_READS_FOUND	no non-trivial read file in rnaseq_reads/ or rnaseq_normalized/
Bachmanniomyces_sp._S44760	0	NO_READS_FOUND	no non-trivial read file in rnaseq_reads/ or rnaseq_normalized/
Bacidia_gigantensis	0	NO_READS_FOUND	no non-trivial read file in rnaseq_reads/ or rnaseq_normalized/
Bacidia_rubella	0	NO_READS_FOUND	no non-trivial read file in rnaseq_reads/ or rnaseq_normalized/
Backusella_australiensis	0	NO_READS_FOUND	no non-trivial read file in rnaseq_reads/ or rnaseq_normalized/
Backusella_circina	0	NO_READS_FOUND	no non-trivial read file in rnaseq_reads/ or rnaseq_normalized/
Backusella_liffmaniae	0	NO_READS_FOUND	no non-trivial read file in rnaseq_reads/ or rnaseq_normalized/
Backusella_luteola	0	NO_READS_FOUND	no non-trivial read file in rnaseq_reads/ or rnaseq_normalized/
Backusella_macrospora	0	NO_READS_FOUND	no non-trivial read file in rnaseq_reads/ or rnaseq_normalized/
Backusella_mclennaniae	0	NO_READS_FOUND	no non-trivial read file in rnaseq_reads/ or rnaseq_normalized/
Backusella_morwellensis	0	NO_READS_FOUND	no non-trivial read file in rnaseq_reads/ or rnaseq_normalized/
Backusella_parvicylindrica	0	NO_READS_FOUND	no non-trivial read file in rnaseq_reads/ or rnaseq_normalized/
Backusella_psychrophila	0	NO_READS_FOUND	no non-trivial read file in rnaseq_reads/ or rnaseq_normalized/
Backusella_sp._ASU-2019c	0	NO_READS_FOUND	no non-trivial read file in rnaseq_reads/ or rnaseq_normalized/
Backusella_tarrabulga	0	NO_READS_FOUND	no non-trivial read file in rnaseq_reads/ or rnaseq_normalized/
Backusella_tuberculispora	0	NO_READS_FOUND	no non-trivial read file in rnaseq_reads/ or rnaseq_normalized/
Backusella_westeae	0	NO_READS_FOUND	no non-trivial read file in rnaseq_reads/ or rnaseq_normalized/
Baeomycetales_sp.	0	NO_READS_FOUND	no non-trivial read file in rnaseq_reads/ or rnaseq_normalized/
Baeospora_myosura	0	NO_READS_FOUND	no non-trivial read file in rnaseq_reads/ or rnaseq_normalized/
Balansia_obtecta	0	NO_READS_FOUND	no non-trivial read file in rnaseq_reads/ or rnaseq_normalized/
Baorangia_bicolor	0	NO_READS_FOUND	no non-trivial read file in rnaseq_reads/ or rnaseq_normalized/
Baorangia_sp._TRTC168334	0	NO_READS_FOUND	no non-trivial read file in rnaseq_reads/ or rnaseq_normalized/
Barbatosphaeria_neglecta	0	NO_READS_FOUND	no non-trivial read file in rnaseq_reads/ or rnaseq_normalized/
Barnettozyma_californica	0	NO_READS_FOUND	no non-trivial read file in rnaseq_reads/ or rnaseq_normalized/
Barnettozyma_discipulorum	0	NO_READS_FOUND	no non-trivial read file in rnaseq_reads/ or rnaseq_normalized/
Barnettozyma_hawaiiensis	0	NO_READS_FOUND	no non-trivial read file in rnaseq_reads/ or rnaseq_normalized/
Barnettozyma_populi	0	NO_READS_FOUND	no non-trivial read file in rnaseq_reads/ or rnaseq_normalized/
Barnettozyma_sp._UFMG-CM-Y5996	0	NO_READS_FOUND	no non-trivial read file in rnaseq_reads/ or rnaseq_normalized/
Barnettozyma_sucrosica	0	NO_READS_FOUND	no non-trivial read file in rnaseq_reads/ or rnaseq_normalized/
Barnettozyma_vustinii	0	NO_READS_FOUND	no non-trivial read file in rnaseq_reads/ or rnaseq_normalized/
Bartalinia_pondoensis	0	NO_READS_FOUND	no non-trivial read file in rnaseq_reads/ or rnaseq_normalized/
Basidiobolus_heterosporus	0	NO_READS_FOUND	no non-trivial read file in rnaseq_reads/ or rnaseq_normalized/
Basidiobolus_meristosporus	0	NO_READS_FOUND	no non-trivial read file in rnaseq_reads/ or rnaseq_normalized/
Basidiobolus_ranarum	0	NO_READS_FOUND	no non-trivial read file in rnaseq_reads/ or rnaseq_normalized/
Basidiobolus_sp._ARSEF_270	0	NO_READS_FOUND	no non-trivial read file in rnaseq_reads/ or rnaseq_normalized/
Basidiobolus_sp._ARSEF_9891	0	NO_READS_FOUND	no non-trivial read file in rnaseq_reads/ or rnaseq_normalized/
Basidiobolus_sp._ARSEF_9894	0	NO_READS_FOUND	no non-trivial read file in rnaseq_reads/ or rnaseq_normalized/
Basidiobolus_sp._ARSEF_9899	0	NO_READS_FOUND	no non-trivial read file in rnaseq_reads/ or rnaseq_normalized/
Basidiobolus_sp._ARSEF_9900	0	NO_READS_FOUND	no non-trivial read file in rnaseq_reads/ or rnaseq_normalized/
Basidiobolus_sp._ARSEF_9901	0	NO_READS_FOUND	no non-trivial read file in rnaseq_reads/ or rnaseq_normalized/
Basidiobolus_sp._ARSEF_9903	0	NO_READS_FOUND	no non-trivial read file in rnaseq_reads/ or rnaseq_normalized/
Basidiobolus_sp._ARSEF_9908	0	NO_READS_FOUND	no non-trivial read file in rnaseq_reads/ or rnaseq_normalized/
Basidiobolus_sp._ARSEF_9909	0	NO_READS_FOUND	no non-trivial read file in rnaseq_reads/ or rnaseq_normalized/
Basidiobolus_sp._ARSEF_9912	0	NO_READS_FOUND	no non-trivial read file in rnaseq_reads/ or rnaseq_normalized/
Basidiobolus_sp._B_8.4	0	NO_READS_FOUND	no non-trivial read file in rnaseq_reads/ or rnaseq_normalized/
Basidiobolus_sp._MH_6.3	0	NO_READS_FOUND	no non-trivial read file in rnaseq_reads/ or rnaseq_normalized/
Basidiobolus_sp._MH_8.1	0	NO_READS_FOUND	no non-trivial read file in rnaseq_reads/ or rnaseq_normalized/
Basidiobolus_sp._MH_9.1	0	NO_READS_FOUND	no non-trivial read file in rnaseq_reads/ or rnaseq_normalized/
Basipetospora_chlamydospora	0	NO_READS_FOUND	no non-trivial read file in rnaseq_reads/ or rnaseq_normalized/
Basipetospora_sp._M8501	0	NO_READS_FOUND	no non-trivial read file in rnaseq_reads/ or rnaseq_normalized/
Bathelium_albidoporum	0	NO_READS_FOUND	no non-trivial read file in rnaseq_reads/ or rnaseq_normalized/
Bathelium_carolinianum	0	NO_READS_FOUND	no non-trivial read file in rnaseq_reads/ or rnaseq_normalized/
Bathelium_mastoideum	0	NO_READS_FOUND	no non-trivial read file in rnaseq_reads/ or rnaseq_normalized/
Baudoinia_panamericana	0	NO_READS_FOUND	no non-trivial read file in rnaseq_reads/ or rnaseq_normalized/
Beauveria_asiatica	0	NO_READS_FOUND	no non-trivial read file in rnaseq_reads/ or rnaseq_normalized/
Beauveria_australis	0	NO_READS_FOUND	no non-trivial read file in rnaseq_reads/ or rnaseq_normalized/
Beauveria_gryllotalpidicola	0	NO_READS_FOUND	no non-trivial read file in rnaseq_reads/ or rnaseq_normalized/
Beauveria_medogensis	0	NO_READS_FOUND	no non-trivial read file in rnaseq_reads/ or rnaseq_normalized/
Beauveria_mimosiformis	0	NO_READS_FOUND	no non-trivial read file in rnaseq_reads/ or rnaseq_normalized/
Beauveria_namnaoensis	0	NO_READS_FOUND	no non-trivial read file in rnaseq_reads/ or rnaseq_normalized/
Beauveria_neobassiana	0	NO_READS_FOUND	no non-trivial read file in rnaseq_reads/ or rnaseq_normalized/
Beauveria_rudraprayagi	0	NO_READS_FOUND	no non-trivial read file in rnaseq_reads/ or rnaseq_normalized/
Beauveria_scarabaeidicola	0	NO_READS_FOUND	no non-trivial read file in rnaseq_reads/ or rnaseq_normalized/
Beauveria_sp._AdecLV25a	0	NO_READS_FOUND	no non-trivial read file in rnaseq_reads/ or rnaseq_normalized/
Beauveria_sp._IMV_00265	0	NO_READS_FOUND	no non-trivial read file in rnaseq_reads/ or rnaseq_normalized/
Beauveria_sp._NWAFU-1	0	NO_READS_FOUND	no non-trivial read file in rnaseq_reads/ or rnaseq_normalized/
Beauveria_thailandica	0	NO_READS_FOUND	no non-trivial read file in rnaseq_reads/ or rnaseq_normalized/
Beauveria_varroae	0	NO_READS_FOUND	no non-trivial read file in rnaseq_reads/ or rnaseq_normalized/
Benniella_sp.	0	NO_READS_FOUND	no non-trivial read file in rnaseq_reads/ or rnaseq_normalized/
Berkeleyomyces_basicola	0	NO_READS_FOUND	no non-trivial read file in rnaseq_reads/ or rnaseq_normalized/
Bertia_moriformis	0	NO_READS_FOUND	no non-trivial read file in rnaseq_reads/ or rnaseq_normalized/
Beverwykella_pulmonaria	0	NO_READS_FOUND	no non-trivial read file in rnaseq_reads/ or rnaseq_normalized/
Biatora_appalachensis	0	NO_READS_FOUND	no non-trivial read file in rnaseq_reads/ or rnaseq_normalized/
Biatora_pontica	0	NO_READS_FOUND	no non-trivial read file in rnaseq_reads/ or rnaseq_normalized/
Bifiguratus_adelaidae	0	NO_READS_FOUND	no non-trivial read file in rnaseq_reads/ or rnaseq_normalized/
Binderoboletus_segoi	0	NO_READS_FOUND	no non-trivial read file in rnaseq_reads/ or rnaseq_normalized/
Binucleata_daphniae	0	NO_READS_FOUND	no non-trivial read file in rnaseq_reads/ or rnaseq_normalized/
Bipolaris_bicolor	0	NO_READS_FOUND	no non-trivial read file in rnaseq_reads/ or rnaseq_normalized/
Bipolaris_cookei	0	NO_READS_FOUND	no non-trivial read file in rnaseq_reads/ or rnaseq_normalized/
Bipolaris_gigantea	0	NO_READS_FOUND	no non-trivial read file in rnaseq_reads/ or rnaseq_normalized/
Bipolaris_maydis	0	NO_READS_FOUND	no non-trivial read file in rnaseq_reads/ or rnaseq_normalized/
Bipolaris_sivanesaniana	0	NO_READS_FOUND	no non-trivial read file in rnaseq_reads/ or rnaseq_normalized/
Bipolaris_sp._L1-2	0	NO_READS_FOUND	no non-trivial read file in rnaseq_reads/ or rnaseq_normalized/
Bipolaris_victoriae	0	NO_READS_FOUND	no non-trivial read file in rnaseq_reads/ or rnaseq_normalized/
Bipolaris_zeicola	0	NO_READS_FOUND	no non-trivial read file in rnaseq_reads/ or rnaseq_normalized/
Biscogniauxia_sp._B7585-1	0	NO_READS_FOUND	no non-trivial read file in rnaseq_reads/ or rnaseq_normalized/
Blastenia_crenularia	0	NO_READS_FOUND	no non-trivial read file in rnaseq_reads/ or rnaseq_normalized/
Blastobotrys_adeninivorans	0	NO_READS_FOUND	no non-trivial read file in rnaseq_reads/ or rnaseq_normalized/
Blastobotrys_allociferrii	0	NO_READS_FOUND	no non-trivial read file in rnaseq_reads/ or rnaseq_normalized/
Blastobotrys_americanus	0	NO_READS_FOUND	no non-trivial read file in rnaseq_reads/ or rnaseq_normalized/
Blastobotrys_apis	0	NO_READS_FOUND	no non-trivial read file in rnaseq_reads/ or rnaseq_normalized/
Blastobotrys_arbuscula	0	NO_READS_FOUND	no non-trivial read file in rnaseq_reads/ or rnaseq_normalized/
Blastobotrys_aristatus	0	NO_READS_FOUND	no non-trivial read file in rnaseq_reads/ or rnaseq_normalized/
Blastobotrys_attinorum	0	NO_READS_FOUND	no non-trivial read file in rnaseq_reads/ or rnaseq_normalized/
Blastobotrys_buckinghamii	0	NO_READS_FOUND	no non-trivial read file in rnaseq_reads/ or rnaseq_normalized/
Blastobotrys_capitulatus	0	NO_READS_FOUND	no non-trivial read file in rnaseq_reads/ or rnaseq_normalized/
Blastobotrys_chiropterorum	0	NO_READS_FOUND	no non-trivial read file in rnaseq_reads/ or rnaseq_normalized/
Blastobotrys_ciferrii	0	NO_READS_FOUND	no non-trivial read file in rnaseq_reads/ or rnaseq_normalized/
Blastobotrys_elegans	0	NO_READS_FOUND	no non-trivial read file in rnaseq_reads/ or rnaseq_normalized/
Blastobotrys_illinoisensis	0	NO_READS_FOUND	no non-trivial read file in rnaseq_reads/ or rnaseq_normalized/
Blastobotrys_malaysiensis	0	NO_READS_FOUND	no non-trivial read file in rnaseq_reads/ or rnaseq_normalized/
Blastobotrys_mokoenaii	0	NO_READS_FOUND	no non-trivial read file in rnaseq_reads/ or rnaseq_normalized/
Blastobotrys_mucifer	0	NO_READS_FOUND	no non-trivial read file in rnaseq_reads/ or rnaseq_normalized/
Blastobotrys_muscicola	0	NO_READS_FOUND	no non-trivial read file in rnaseq_reads/ or rnaseq_normalized/
Blastobotrys_niveus	0	NO_READS_FOUND	no non-trivial read file in rnaseq_reads/ or rnaseq_normalized/
Blastobotrys_parvus	0	NO_READS_FOUND	no non-trivial read file in rnaseq_reads/ or rnaseq_normalized/
Blastobotrys_peoriensis	0	NO_READS_FOUND	no non-trivial read file in rnaseq_reads/ or rnaseq_normalized/
Blastobotrys_persicus	0	NO_READS_FOUND	no non-trivial read file in rnaseq_reads/ or rnaseq_normalized/
Blastobotrys_proliferans	0	NO_READS_FOUND	no non-trivial read file in rnaseq_reads/ or rnaseq_normalized/
Blastobotrys_robertii	0	NO_READS_FOUND	no non-trivial read file in rnaseq_reads/ or rnaseq_normalized/
Blastobotrys_sasensis	0	NO_READS_FOUND	no non-trivial read file in rnaseq_reads/ or rnaseq_normalized/
Blastobotrys_serpentis	0	NO_READS_FOUND	no non-trivial read file in rnaseq_reads/ or rnaseq_normalized/
Blastobotrys_sp._G-9	0	NO_READS_FOUND	no non-trivial read file in rnaseq_reads/ or rnaseq_normalized/
Blastobotrys_sp._GZQ94Y-2	0	NO_READS_FOUND	no non-trivial read file in rnaseq_reads/ or rnaseq_normalized/
Blastobotrys_terrestris	0	NO_READS_FOUND	no non-trivial read file in rnaseq_reads/ or rnaseq_normalized/
Blastocladiella_emersonii	0	NO_READS_FOUND	no non-trivial read file in rnaseq_reads/ or rnaseq_normalized/
Blastomyces_dermatitidis	0	NO_READS_FOUND	no non-trivial read file in rnaseq_reads/ or rnaseq_normalized/
Blastomyces_emzantsi	0	NO_READS_FOUND	no non-trivial read file in rnaseq_reads/ or rnaseq_normalized/
Blastomyces_gilchristii	0	NO_READS_FOUND	no non-trivial read file in rnaseq_reads/ or rnaseq_normalized/
Blastomyces_parvus	0	NO_READS_FOUND	no non-trivial read file in rnaseq_reads/ or rnaseq_normalized/
Blastomyces_percursus	0	NO_READS_FOUND	no non-trivial read file in rnaseq_reads/ or rnaseq_normalized/
Blastomyces_silverae	0	NO_READS_FOUND	no non-trivial read file in rnaseq_reads/ or rnaseq_normalized/
Blastosporella_zonata	0	NO_READS_FOUND	no non-trivial read file in rnaseq_reads/ or rnaseq_normalized/
Blumeria_hordei	0	NO_READS_FOUND	no non-trivial read file in rnaseq_reads/ or rnaseq_normalized/
Blumeriella_jaapii	0	NO_READS_FOUND	no non-trivial read file in rnaseq_reads/ or rnaseq_normalized/
Blyttiomyces_helicus	0	NO_READS_FOUND	no non-trivial read file in rnaseq_reads/ or rnaseq_normalized/
Blyttiomyces_sp._JEL0837	0	NO_READS_FOUND	no non-trivial read file in rnaseq_reads/ or rnaseq_normalized/
Boeremia_foveata	0	NO_READS_FOUND	no non-trivial read file in rnaseq_reads/ or rnaseq_normalized/
Boeremia_lycopersici	0	NO_READS_FOUND	no non-trivial read file in rnaseq_reads/ or rnaseq_normalized/
Bogoriella_megaspora	0	NO_READS_FOUND	no non-trivial read file in rnaseq_reads/ or rnaseq_normalized/
Boletaceae_sp._DLT08-010	0	NO_READS_FOUND	no non-trivial read file in rnaseq_reads/ or rnaseq_normalized/
Boletaceae_sp._KM206666	0	NO_READS_FOUND	no non-trivial read file in rnaseq_reads/ or rnaseq_normalized/
Boletaceae_sp._KM206700	0	NO_READS_FOUND	no non-trivial read file in rnaseq_reads/ or rnaseq_normalized/
Boletaceae_sp._KM206711	0	NO_READS_FOUND	no non-trivial read file in rnaseq_reads/ or rnaseq_normalized/
Boletaceae_sp._KM206713	0	NO_READS_FOUND	no non-trivial read file in rnaseq_reads/ or rnaseq_normalized/
Boletaceae_sp._KM206733	0	NO_READS_FOUND	no non-trivial read file in rnaseq_reads/ or rnaseq_normalized/
Boletaceae_sp._KM206735	0	NO_READS_FOUND	no non-trivial read file in rnaseq_reads/ or rnaseq_normalized/
Boletaceae_sp._KM206737	0	NO_READS_FOUND	no non-trivial read file in rnaseq_reads/ or rnaseq_normalized/
Boletaceae_sp._KM206743	0	NO_READS_FOUND	no non-trivial read file in rnaseq_reads/ or rnaseq_normalized/
Boletaceae_sp._TRTC157208	0	NO_READS_FOUND	no non-trivial read file in rnaseq_reads/ or rnaseq_normalized/
Boletaceae_sp._TRTC157229	0	NO_READS_FOUND	no non-trivial read file in rnaseq_reads/ or rnaseq_normalized/
Boletaceae_sp._TRTC157249	0	NO_READS_FOUND	no non-trivial read file in rnaseq_reads/ or rnaseq_normalized/
Boletaceae_sp._TRTC157251	0	NO_READS_FOUND	no non-trivial read file in rnaseq_reads/ or rnaseq_normalized/
Boletaceae_sp._TRTC163558	0	NO_READS_FOUND	no non-trivial read file in rnaseq_reads/ or rnaseq_normalized/
Boletaceae_sp._TRTC168347	0	NO_READS_FOUND	no non-trivial read file in rnaseq_reads/ or rnaseq_normalized/
Boletaceae_sp._TRTC168532	0	NO_READS_FOUND	no non-trivial read file in rnaseq_reads/ or rnaseq_normalized/
Boletaceae_sp._TRTC168571	0	NO_READS_FOUND	no non-trivial read file in rnaseq_reads/ or rnaseq_normalized/
Boletaceae_sp._TRTC168574	0	NO_READS_FOUND	no non-trivial read file in rnaseq_reads/ or rnaseq_normalized/
Boletaceae_sp._UT-M0000358	0	NO_READS_FOUND	no non-trivial read file in rnaseq_reads/ or rnaseq_normalized/
Boletales_sp._KT-2023a	0	NO_READS_FOUND	no non-trivial read file in rnaseq_reads/ or rnaseq_normalized/
Boletales_sp._KT-2023b	0	NO_READS_FOUND	no non-trivial read file in rnaseq_reads/ or rnaseq_normalized/
Boletellus_aff._emodensis	0	NO_READS_FOUND	no non-trivial read file in rnaseq_reads/ or rnaseq_normalized/
Boletellus_aff._lepidospora	0	NO_READS_FOUND	no non-trivial read file in rnaseq_reads/ or rnaseq_normalized/
Boletellus_aff._obscurococcineus	0	NO_READS_FOUND	no non-trivial read file in rnaseq_reads/ or rnaseq_normalized/
Boletellus_ananas	0	NO_READS_FOUND	no non-trivial read file in rnaseq_reads/ or rnaseq_normalized/
Boletellus_ananiceps	0	NO_READS_FOUND	no non-trivial read file in rnaseq_reads/ or rnaseq_normalized/
Boletellus_deceptivus	0	NO_READS_FOUND	no non-trivial read file in rnaseq_reads/ or rnaseq_normalized/
Boletellus_dicymbophilus	0	NO_READS_FOUND	no non-trivial read file in rnaseq_reads/ or rnaseq_normalized/
Boletellus_emodensis	0	NO_READS_FOUND	no non-trivial read file in rnaseq_reads/ or rnaseq_normalized/
Boletellus_pseudochrysenteroides	0	NO_READS_FOUND	no non-trivial read file in rnaseq_reads/ or rnaseq_normalized/
Boletellus_sp._TRTC168476	0	NO_READS_FOUND	no non-trivial read file in rnaseq_reads/ or rnaseq_normalized/
Boletellus_sp._UT-M0000026	0	NO_READS_FOUND	no non-trivial read file in rnaseq_reads/ or rnaseq_normalized/
Boletus_aff._mottiae	0	NO_READS_FOUND	no non-trivial read file in rnaseq_reads/ or rnaseq_normalized/
Boletus_aff._phaeocephalus	0	NO_READS_FOUND	no non-trivial read file in rnaseq_reads/ or rnaseq_normalized/
Boletus_aff._separans	0	NO_READS_FOUND	no non-trivial read file in rnaseq_reads/ or rnaseq_normalized/
Boletus_aff._vermiculosoides	0	NO_READS_FOUND	no non-trivial read file in rnaseq_reads/ or rnaseq_normalized/
Boletus_aff._violaceofuscus	0	NO_READS_FOUND	no non-trivial read file in rnaseq_reads/ or rnaseq_normalized/
Boletus_albobrunnescens	0	NO_READS_FOUND	no non-trivial read file in rnaseq_reads/ or rnaseq_normalized/
Boletus_austroedulis	0	NO_READS_FOUND	no non-trivial read file in rnaseq_reads/ or rnaseq_normalized/
Boletus_barrowsii	0	NO_READS_FOUND	no non-trivial read file in rnaseq_reads/ or rnaseq_normalized/
Boletus_bicolor	0	NO_READS_FOUND	no non-trivial read file in rnaseq_reads/ or rnaseq_normalized/
Boletus_bicoloroides	0	NO_READS_FOUND	no non-trivial read file in rnaseq_reads/ or rnaseq_normalized/
Boletus_calvinii	0	NO_READS_FOUND	no non-trivial read file in rnaseq_reads/ or rnaseq_normalized/
Boletus_chippewaensis	0	NO_READS_FOUND	no non-trivial read file in rnaseq_reads/ or rnaseq_normalized/
Boletus_coffeatus	0	NO_READS_FOUND	no non-trivial read file in rnaseq_reads/ or rnaseq_normalized/
Boletus_eberwhitei	0	NO_READS_FOUND	no non-trivial read file in rnaseq_reads/ or rnaseq_normalized/
Boletus_fagicola	0	NO_READS_FOUND	no non-trivial read file in rnaseq_reads/ or rnaseq_normalized/
Boletus_harrisonii	0	NO_READS_FOUND	no non-trivial read file in rnaseq_reads/ or rnaseq_normalized/
Boletus_holoroseus	0	NO_READS_FOUND	no non-trivial read file in rnaseq_reads/ or rnaseq_normalized/
Boletus_hoseneyae	0	NO_READS_FOUND	no non-trivial read file in rnaseq_reads/ or rnaseq_normalized/
Boletus_huronensis	0	NO_READS_FOUND	no non-trivial read file in rnaseq_reads/ or rnaseq_normalized/
Boletus_insuetus	0	NO_READS_FOUND	no non-trivial read file in rnaseq_reads/ or rnaseq_normalized/
Boletus_loyita	0	NO_READS_FOUND	no non-trivial read file in rnaseq_reads/ or rnaseq_normalized/
Boletus_mariae	0	NO_READS_FOUND	no non-trivial read file in rnaseq_reads/ or rnaseq_normalized/
Boletus_miniatopallescens	0	NO_READS_FOUND	no non-trivial read file in rnaseq_reads/ or rnaseq_normalized/
Boletus_nancyae	0	NO_READS_FOUND	no non-trivial read file in rnaseq_reads/ or rnaseq_normalized/
Boletus_nobilissimus	0	NO_READS_FOUND	no non-trivial read file in rnaseq_reads/ or rnaseq_normalized/
Boletus_patriciae	0	NO_READS_FOUND	no non-trivial read file in rnaseq_reads/ or rnaseq_normalized/
Boletus_piedmontensis	0	NO_READS_FOUND	no non-trivial read file in rnaseq_reads/ or rnaseq_normalized/
Boletus_pseudo-olivaceus	0	NO_READS_FOUND	no non-trivial read file in rnaseq_reads/ or rnaseq_normalized/
Boletus_pseudopeckii	0	NO_READS_FOUND	no non-trivial read file in rnaseq_reads/ or rnaseq_normalized/
Boletus_pseudoseparans	0	NO_READS_FOUND	no non-trivial read file in rnaseq_reads/ or rnaseq_normalized/
Boletus_putidus	0	NO_READS_FOUND	no non-trivial read file in rnaseq_reads/ or rnaseq_normalized/
Boletus_reticulatus	0	NO_READS_FOUND	no non-trivial read file in rnaseq_reads/ or rnaseq_normalized/
Boletus_reticuloceps	0	NO_READS_FOUND	no non-trivial read file in rnaseq_reads/ or rnaseq_normalized/
Boletus_rex-veris	0	NO_READS_FOUND	no non-trivial read file in rnaseq_reads/ or rnaseq_normalized/
Boletus_roseobadius	0	NO_READS_FOUND	no non-trivial read file in rnaseq_reads/ or rnaseq_normalized/
Boletus_rubescentipes	0	NO_READS_FOUND	no non-trivial read file in rnaseq_reads/ or rnaseq_normalized/
Boletus_rubissimus	0	NO_READS_FOUND	no non-trivial read file in rnaseq_reads/ or rnaseq_normalized/
Boletus_rubroflammeus	0	NO_READS_FOUND	no non-trivial read file in rnaseq_reads/ or rnaseq_normalized/
Boletus_rubropictus	0	NO_READS_FOUND	no non-trivial read file in rnaseq_reads/ or rnaseq_normalized/
Boletus_rufocinnamomeus	0	NO_READS_FOUND	no non-trivial read file in rnaseq_reads/ or rnaseq_normalized/
Boletus_semigastroideus	0	NO_READS_FOUND	no non-trivial read file in rnaseq_reads/ or rnaseq_normalized/
Boletus_sensibilis	0	NO_READS_FOUND	no non-trivial read file in rnaseq_reads/ or rnaseq_normalized/
Boletus_smithii	0	NO_READS_FOUND	no non-trivial read file in rnaseq_reads/ or rnaseq_normalized/
Boletus_sp._MG55	0	NO_READS_FOUND	no non-trivial read file in rnaseq_reads/ or rnaseq_normalized/
Boletus_sp._MG95	0	NO_READS_FOUND	no non-trivial read file in rnaseq_reads/ or rnaseq_normalized/
Boletus_sp._MULU70	0	NO_READS_FOUND	no non-trivial read file in rnaseq_reads/ or rnaseq_normalized/
Boletus_sp._NGJ	0	NO_READS_FOUND	no non-trivial read file in rnaseq_reads/ or rnaseq_normalized/
Boletus_sp._UT-M0002076	0	NO_READS_FOUND	no non-trivial read file in rnaseq_reads/ or rnaseq_normalized/
Boletus_speciosus	0	NO_READS_FOUND	no non-trivial read file in rnaseq_reads/ or rnaseq_normalized/
Boletus_sphaerocystis	0	NO_READS_FOUND	no non-trivial read file in rnaseq_reads/ or rnaseq_normalized/
Boletus_subcaerulescens	0	NO_READS_FOUND	no non-trivial read file in rnaseq_reads/ or rnaseq_normalized/
Boletus_subdepauperatus	0	NO_READS_FOUND	no non-trivial read file in rnaseq_reads/ or rnaseq_normalized/
Boletus_subgraveolens	0	NO_READS_FOUND	no non-trivial read file in rnaseq_reads/ or rnaseq_normalized/
Boletus_subluridellus	0	NO_READS_FOUND	no non-trivial read file in rnaseq_reads/ or rnaseq_normalized/
Boletus_subparvulus	0	NO_READS_FOUND	no non-trivial read file in rnaseq_reads/ or rnaseq_normalized/
Boletus_tomentosulus	0	NO_READS_FOUND	no non-trivial read file in rnaseq_reads/ or rnaseq_normalized/
Boletus_tylopilopsis	0	NO_READS_FOUND	no non-trivial read file in rnaseq_reads/ or rnaseq_normalized/
Boletus_variipes	0	NO_READS_FOUND	no non-trivial read file in rnaseq_reads/ or rnaseq_normalized/
Boletus_vermiculosoides	0	NO_READS_FOUND	no non-trivial read file in rnaseq_reads/ or rnaseq_normalized/
Boletus_vermiculosus	0	NO_READS_FOUND	no non-trivial read file in rnaseq_reads/ or rnaseq_normalized/
Boletus_vinaceobasis	0	NO_READS_FOUND	no non-trivial read file in rnaseq_reads/ or rnaseq_normalized/
Bondarzewia_mesenterica	0	NO_READS_FOUND	no non-trivial read file in rnaseq_reads/ or rnaseq_normalized/
Boothiomyces_macroporosus	0	NO_READS_FOUND	no non-trivial read file in rnaseq_reads/ or rnaseq_normalized/
Boothiomyces_sp._JEL0838	0	NO_READS_FOUND	no non-trivial read file in rnaseq_reads/ or rnaseq_normalized/
Boothiomyces_sp._JEL0866	0	NO_READS_FOUND	no non-trivial read file in rnaseq_reads/ or rnaseq_normalized/
Borealophlyctis_nickersoniae	0	NO_READS_FOUND	no non-trivial read file in rnaseq_reads/ or rnaseq_normalized/
Bothia_castanella	0	NO_READS_FOUND	no non-trivial read file in rnaseq_reads/ or rnaseq_normalized/
Botryobasidium_botryosum	0	NO_READS_FOUND	no non-trivial read file in rnaseq_reads/ or rnaseq_normalized/
Botryolepraria_lesdainii	0	NO_READS_FOUND	no non-trivial read file in rnaseq_reads/ or rnaseq_normalized/
Botryosphaeria_agaves	0	NO_READS_FOUND	no non-trivial read file in rnaseq_reads/ or rnaseq_normalized/
Botryosphaeria_kuwatsukai	0	NO_READS_FOUND	no non-trivial read file in rnaseq_reads/ or rnaseq_normalized/
Botryotinia_calthae	0	NO_READS_FOUND	no non-trivial read file in rnaseq_reads/ or rnaseq_normalized/
Botryotinia_convoluta	0	NO_READS_FOUND	no non-trivial read file in rnaseq_reads/ or rnaseq_normalized/
Botryotinia_narcissicola	0	NO_READS_FOUND	no non-trivial read file in rnaseq_reads/ or rnaseq_normalized/
Botryozyma_nematodophila	0	NO_READS_FOUND	no non-trivial read file in rnaseq_reads/ or rnaseq_normalized/
Botrytis_euroamericana	0	NO_READS_FOUND	no non-trivial read file in rnaseq_reads/ or rnaseq_normalized/
Botrytis_fabae	0	NO_READS_FOUND	no non-trivial read file in rnaseq_reads/ or rnaseq_normalized/
Botrytis_fabiopsis	0	NO_READS_FOUND	no non-trivial read file in rnaseq_reads/ or rnaseq_normalized/
Botrytis_galanthina	0	NO_READS_FOUND	no non-trivial read file in rnaseq_reads/ or rnaseq_normalized/
Botrytis_hyacinthi	0	NO_READS_FOUND	no non-trivial read file in rnaseq_reads/ or rnaseq_normalized/
Botrytis_medusae	0	NO_READS_FOUND	no non-trivial read file in rnaseq_reads/ or rnaseq_normalized/
Botrytis_paeoniae	0	NO_READS_FOUND	no non-trivial read file in rnaseq_reads/ or rnaseq_normalized/
Botrytis_pseudocinerea	0	NO_READS_FOUND	no non-trivial read file in rnaseq_reads/ or rnaseq_normalized/
Botrytis_tulipae	0	NO_READS_FOUND	no non-trivial read file in rnaseq_reads/ or rnaseq_normalized/
Brachybasidiaceae_sp.	0	NO_READS_FOUND	no non-trivial read file in rnaseq_reads/ or rnaseq_normalized/
Bradymyces_pullus	0	NO_READS_FOUND	no non-trivial read file in rnaseq_reads/ or rnaseq_normalized/
Brasilioporus_rufonigricans	0	NO_READS_FOUND	no non-trivial read file in rnaseq_reads/ or rnaseq_normalized/
Brettanomyces_anomalus	0	NO_READS_FOUND	no non-trivial read file in rnaseq_reads/ or rnaseq_normalized/
Brettanomyces_naardenensis	0	NO_READS_FOUND	no non-trivial read file in rnaseq_reads/ or rnaseq_normalized/
Brettanomyces_nanus	0	NO_READS_FOUND	no non-trivial read file in rnaseq_reads/ or rnaseq_normalized/
Brettanomyces_sp._HC-2020a	0	NO_READS_FOUND	no non-trivial read file in rnaseq_reads/ or rnaseq_normalized/
Brianaria_bauschiana	0	NO_READS_FOUND	no non-trivial read file in rnaseq_reads/ or rnaseq_normalized/
Brigantiaea_leucoxantha	0	NO_READS_FOUND	no non-trivial read file in rnaseq_reads/ or rnaseq_normalized/
Brunneochlamydosporium_nepalense	0	NO_READS_FOUND	no non-trivial read file in rnaseq_reads/ or rnaseq_normalized/
Bryoglossum_gracile	0	NO_READS_FOUND	no non-trivial read file in rnaseq_reads/ or rnaseq_normalized/
Bryoria_fremontii	0	NO_READS_FOUND	no non-trivial read file in rnaseq_reads/ or rnaseq_normalized/
Bryoria_tenuis	0	NO_READS_FOUND	no non-trivial read file in rnaseq_reads/ or rnaseq_normalized/
Buellia_mamillana	0	NO_READS_FOUND	no non-trivial read file in rnaseq_reads/ or rnaseq_normalized/
Buellia_spuria	0	NO_READS_FOUND	no non-trivial read file in rnaseq_reads/ or rnaseq_normalized/
Buellia_stillingiana	0	NO_READS_FOUND	no non-trivial read file in rnaseq_reads/ or rnaseq_normalized/
Bulbothrix_scortella	0	NO_READS_FOUND	no non-trivial read file in rnaseq_reads/ or rnaseq_normalized/
Bulbothrix_sensibilis	0	NO_READS_FOUND	no non-trivial read file in rnaseq_reads/ or rnaseq_normalized/
Bulbothrix_sp._DP-2024a	0	NO_READS_FOUND	no non-trivial read file in rnaseq_reads/ or rnaseq_normalized/
Bullera_alba	0	NO_READS_FOUND	no non-trivial read file in rnaseq_reads/ or rnaseq_normalized/
Bullera_sp._CLIB4446	0	NO_READS_FOUND	no non-trivial read file in rnaseq_reads/ or rnaseq_normalized/
Butyriboletus_appendiculatus	0	NO_READS_FOUND	no non-trivial read file in rnaseq_reads/ or rnaseq_normalized/
Butyriboletus_loyo	0	NO_READS_FOUND	no non-trivial read file in rnaseq_reads/ or rnaseq_normalized/
Butyriboletus_pseudospeciosus	0	NO_READS_FOUND	no non-trivial read file in rnaseq_reads/ or rnaseq_normalized/
Butyriboletus_regius	0	NO_READS_FOUND	no non-trivial read file in rnaseq_reads/ or rnaseq_normalized/
Butyriboletus_roseoflavus	0	NO_READS_FOUND	no non-trivial read file in rnaseq_reads/ or rnaseq_normalized/
Butyriboletus_sp._TRTC157195	0	NO_READS_FOUND	no non-trivial read file in rnaseq_reads/ or rnaseq_normalized/
Butyriboletus_sp._TRTC157199	0	NO_READS_FOUND	no non-trivial read file in rnaseq_reads/ or rnaseq_normalized/
Byssochlamys_sp._AF001	0	NO_READS_FOUND	no non-trivial read file in rnaseq_reads/ or rnaseq_normalized/
Byssochlamys_sp._BYSS01	0	NO_READS_FOUND	no non-trivial read file in rnaseq_reads/ or rnaseq_normalized/
Byssochlamys_sp._IMV_00236	0	NO_READS_FOUND	no non-trivial read file in rnaseq_reads/ or rnaseq_normalized/
Byssoloma_meadii	0	NO_READS_FOUND	no non-trivial read file in rnaseq_reads/ or rnaseq_normalized/
Byssoloma_subdiscordans	0	NO_READS_FOUND	no non-trivial read file in rnaseq_reads/ or rnaseq_normalized/
Byssothecium_circinans	0	NO_READS_FOUND	no non-trivial read file in rnaseq_reads/ or rnaseq_normalized/
Cadophora_gregata	0	NO_READS_FOUND	no non-trivial read file in rnaseq_reads/ or rnaseq_normalized/
Cadophora_luteo-olivacea	0	NO_READS_FOUND	no non-trivial read file in rnaseq_reads/ or rnaseq_normalized/
Cadophora_malorum	0	NO_READS_FOUND	no non-trivial read file in rnaseq_reads/ or rnaseq_normalized/
Cadophora_sp._M221	0	NO_READS_FOUND	no non-trivial read file in rnaseq_reads/ or rnaseq_normalized/
Cadophora_sp._M2B	0	NO_READS_FOUND	no non-trivial read file in rnaseq_reads/ or rnaseq_normalized/
Caecomyces_sp.	0	NO_READS_FOUND	no non-trivial read file in rnaseq_reads/ or rnaseq_normalized/
Caeruleum_heppii	0	NO_READS_FOUND	no non-trivial read file in rnaseq_reads/ or rnaseq_normalized/
Cairneyella_variabilis	0	NO_READS_FOUND	no non-trivial read file in rnaseq_reads/ or rnaseq_normalized/
Calcarisporiella_thermophila	0	NO_READS_FOUND	no non-trivial read file in rnaseq_reads/ or rnaseq_normalized/
Calcarisporium_arbuscula	0	NO_READS_FOUND	no non-trivial read file in rnaseq_reads/ or rnaseq_normalized/
Caloboletus_calopus	0	NO_READS_FOUND	no non-trivial read file in rnaseq_reads/ or rnaseq_normalized/
Caloboletus_firmus	0	NO_READS_FOUND	no non-trivial read file in rnaseq_reads/ or rnaseq_normalized/
Caloboletus_inedulis	0	NO_READS_FOUND	no non-trivial read file in rnaseq_reads/ or rnaseq_normalized/
Caloboletus_sp._UT-M0002021	0	NO_READS_FOUND	no non-trivial read file in rnaseq_reads/ or rnaseq_normalized/
Calocera_cornea	0	NO_READS_FOUND	no non-trivial read file in rnaseq_reads/ or rnaseq_normalized/
Calocybe_cyanea	0	NO_READS_FOUND	no non-trivial read file in rnaseq_reads/ or rnaseq_normalized/
Calocybe_gambosa	0	NO_READS_FOUND	no non-trivial read file in rnaseq_reads/ or rnaseq_normalized/
Calocybe_gangraenosa	0	NO_READS_FOUND	no non-trivial read file in rnaseq_reads/ or rnaseq_normalized/
Calogaya_cf._arnoldii	0	NO_READS_FOUND	no non-trivial read file in rnaseq_reads/ or rnaseq_normalized/
Calonectria_aciculata	0	NO_READS_FOUND	no non-trivial read file in rnaseq_reads/ or rnaseq_normalized/
Calonectria_crousiana	0	NO_READS_FOUND	no non-trivial read file in rnaseq_reads/ or rnaseq_normalized/
Calonectria_fujianensis	0	NO_READS_FOUND	no non-trivial read file in rnaseq_reads/ or rnaseq_normalized/
Calonectria_hawksworthii	0	NO_READS_FOUND	no non-trivial read file in rnaseq_reads/ or rnaseq_normalized/
Calonectria_honghensis	0	NO_READS_FOUND	no non-trivial read file in rnaseq_reads/ or rnaseq_normalized/
Calonectria_hongkongensis	0	NO_READS_FOUND	no non-trivial read file in rnaseq_reads/ or rnaseq_normalized/
Calonectria_ilicicola	0	NO_READS_FOUND	no non-trivial read file in rnaseq_reads/ or rnaseq_normalized/
Calonectria_leucothoes	0	NO_READS_FOUND	no non-trivial read file in rnaseq_reads/ or rnaseq_normalized/
Calonectria_montana	0	NO_READS_FOUND	no non-trivial read file in rnaseq_reads/ or rnaseq_normalized/
Calonectria_multiphialidica	0	NO_READS_FOUND	no non-trivial read file in rnaseq_reads/ or rnaseq_normalized/
Calonectria_naviculata	0	NO_READS_FOUND	no non-trivial read file in rnaseq_reads/ or rnaseq_normalized/
Calonectria_pauciramosa	0	NO_READS_FOUND	no non-trivial read file in rnaseq_reads/ or rnaseq_normalized/
Calonectria_pseudoturangicola	0	NO_READS_FOUND	no non-trivial read file in rnaseq_reads/ or rnaseq_normalized/
Calonectria_pteridis	0	NO_READS_FOUND	no non-trivial read file in rnaseq_reads/ or rnaseq_normalized/
Calonectria_sp._134-2022	0	NO_READS_FOUND	no non-trivial read file in rnaseq_reads/ or rnaseq_normalized/
Calonectria_sp._QL-2023a	0	NO_READS_FOUND	no non-trivial read file in rnaseq_reads/ or rnaseq_normalized/
Caloplaca_aegaea	0	NO_READS_FOUND	no non-trivial read file in rnaseq_reads/ or rnaseq_normalized/
Caloplaca_aetnensis	0	NO_READS_FOUND	no non-trivial read file in rnaseq_reads/ or rnaseq_normalized/
Caloplaca_ligustica	0	NO_READS_FOUND	no non-trivial read file in rnaseq_reads/ or rnaseq_normalized/
Calvatia_gigantea	0	NO_READS_FOUND	no non-trivial read file in rnaseq_reads/ or rnaseq_normalized/
Calvatia_sp._ZRL20241496	0	NO_READS_FOUND	no non-trivial read file in rnaseq_reads/ or rnaseq_normalized/
Calycina_herbarum	0	NO_READS_FOUND	no non-trivial read file in rnaseq_reads/ or rnaseq_normalized/
Camarosporium_strobilinum	0	NO_READS_FOUND	no non-trivial read file in rnaseq_reads/ or rnaseq_normalized/
Camptophora_hylomeconis	0	NO_READS_FOUND	no non-trivial read file in rnaseq_reads/ or rnaseq_normalized/
Canariomyces_notabilis	0	NO_READS_FOUND	no non-trivial read file in rnaseq_reads/ or rnaseq_normalized/
Candelaria_pacifica	0	NO_READS_FOUND	no non-trivial read file in rnaseq_reads/ or rnaseq_normalized/
Candelina_mexicana	0	NO_READS_FOUND	no non-trivial read file in rnaseq_reads/ or rnaseq_normalized/
Candelina_submexicana	0	NO_READS_FOUND	no non-trivial read file in rnaseq_reads/ or rnaseq_normalized/
Candida_aaseri	0	NO_READS_FOUND	no non-trivial read file in rnaseq_reads/ or rnaseq_normalized/
Candida_africana	0	NO_READS_FOUND	no non-trivial read file in rnaseq_reads/ or rnaseq_normalized/
Candida_albicans	0	NO_READS_FOUND	no non-trivial read file in rnaseq_reads/ or rnaseq_normalized/
Candida_anutae	0	NO_READS_FOUND	no non-trivial read file in rnaseq_reads/ or rnaseq_normalized/
Candida_argentea	0	NO_READS_FOUND	no non-trivial read file in rnaseq_reads/ or rnaseq_normalized/
Candida_ascalaphidarum	0	NO_READS_FOUND	no non-trivial read file in rnaseq_reads/ or rnaseq_normalized/
Candida_baotianmanensis	0	NO_READS_FOUND	no non-trivial read file in rnaseq_reads/ or rnaseq_normalized/
Candida_blattariae	0	NO_READS_FOUND	no non-trivial read file in rnaseq_reads/ or rnaseq_normalized/
Candida_buenavistaensis	0	NO_READS_FOUND	no non-trivial read file in rnaseq_reads/ or rnaseq_normalized/
Candida_buinensis	0	NO_READS_FOUND	no non-trivial read file in rnaseq_reads/ or rnaseq_normalized/
Candida_cerambycidarum	0	NO_READS_FOUND	no non-trivial read file in rnaseq_reads/ or rnaseq_normalized/
Candida_citri	0	NO_READS_FOUND	no non-trivial read file in rnaseq_reads/ or rnaseq_normalized/
Candida_conglobata	0	NO_READS_FOUND	no non-trivial read file in rnaseq_reads/ or rnaseq_normalized/
Candida_danieliae	0	NO_READS_FOUND	no non-trivial read file in rnaseq_reads/ or rnaseq_normalized/
Candida_dendronema	0	NO_READS_FOUND	no non-trivial read file in rnaseq_reads/ or rnaseq_normalized/
Candida_diddensiae	0	NO_READS_FOUND	no non-trivial read file in rnaseq_reads/ or rnaseq_normalized/
Candida_diospyri	0	NO_READS_FOUND	no non-trivial read file in rnaseq_reads/ or rnaseq_normalized/
Candida_endomychidarum	0	NO_READS_FOUND	no non-trivial read file in rnaseq_reads/ or rnaseq_normalized/
Candida_freyschussii	0	NO_READS_FOUND	no non-trivial read file in rnaseq_reads/ or rnaseq_normalized/
Candida_friedrichii	0	NO_READS_FOUND	no non-trivial read file in rnaseq_reads/ or rnaseq_normalized/
Candida_frijolesensis	0	NO_READS_FOUND	no non-trivial read file in rnaseq_reads/ or rnaseq_normalized/
Candida_germanica	0	NO_READS_FOUND	no non-trivial read file in rnaseq_reads/ or rnaseq_normalized/
Candida_gigantensis	0	NO_READS_FOUND	no non-trivial read file in rnaseq_reads/ or rnaseq_normalized/
Candida_glucosophila	0	NO_READS_FOUND	no non-trivial read file in rnaseq_reads/ or rnaseq_normalized/
Candida_golubevii	0	NO_READS_FOUND	no non-trivial read file in rnaseq_reads/ or rnaseq_normalized/
Candida_gorgasii	0	NO_READS_FOUND	no non-trivial read file in rnaseq_reads/ or rnaseq_normalized/
Candida_hainanensis	0	NO_READS_FOUND	no non-trivial read file in rnaseq_reads/ or rnaseq_normalized/
Candida_insectorum	0	NO_READS_FOUND	no non-trivial read file in rnaseq_reads/ or rnaseq_normalized/
Candida_ipomoeae	0	NO_READS_FOUND	no non-trivial read file in rnaseq_reads/ or rnaseq_normalized/
Candida_kanchanaburiensis	0	NO_READS_FOUND	no non-trivial read file in rnaseq_reads/ or rnaseq_normalized/
Candida_khao-thaluensis	0	NO_READS_FOUND	no non-trivial read file in rnaseq_reads/ or rnaseq_normalized/
Candida_koratica_nom._ined.	0	NO_READS_FOUND	no non-trivial read file in rnaseq_reads/ or rnaseq_normalized/
Candida_labiduridarum	0	NO_READS_FOUND	no non-trivial read file in rnaseq_reads/ or rnaseq_normalized/
Candida_lessepsii	0	NO_READS_FOUND	no non-trivial read file in rnaseq_reads/ or rnaseq_normalized/
Candida_loeiensis	0	NO_READS_FOUND	no non-trivial read file in rnaseq_reads/ or rnaseq_normalized/
Candida_maltosa	0	NO_READS_FOUND	no non-trivial read file in rnaseq_reads/ or rnaseq_normalized/
Candida_membranifaciens	0	NO_READS_FOUND	no non-trivial read file in rnaseq_reads/ or rnaseq_normalized/
Candida_mesenterica	0	NO_READS_FOUND	no non-trivial read file in rnaseq_reads/ or rnaseq_normalized/
Candida_michaelii	0	NO_READS_FOUND	no non-trivial read file in rnaseq_reads/ or rnaseq_normalized/
Candida_neerlandica	0	NO_READS_FOUND	no non-trivial read file in rnaseq_reads/ or rnaseq_normalized/
Candida_pseudoaaseri	0	NO_READS_FOUND	no non-trivial read file in rnaseq_reads/ or rnaseq_normalized/
Candida_pseudocylindracea	0	NO_READS_FOUND	no non-trivial read file in rnaseq_reads/ or rnaseq_normalized/
Candida_pseudoviswanathii	0	NO_READS_FOUND	no non-trivial read file in rnaseq_reads/ or rnaseq_normalized/
Candida_sanyaensis	0	NO_READS_FOUND	no non-trivial read file in rnaseq_reads/ or rnaseq_normalized/
Candida_sanyiensis	0	NO_READS_FOUND	no non-trivial read file in rnaseq_reads/ or rnaseq_normalized/
Candida_smagusa	0	NO_READS_FOUND	no non-trivial read file in rnaseq_reads/ or rnaseq_normalized/
Candida_sojae	0	NO_READS_FOUND	no non-trivial read file in rnaseq_reads/ or rnaseq_normalized/
Candida_sp._AC06	0	NO_READS_FOUND	no non-trivial read file in rnaseq_reads/ or rnaseq_normalized/
Candida_sp._E113	0	NO_READS_FOUND	no non-trivial read file in rnaseq_reads/ or rnaseq_normalized/
Candida_sp._E121	0	NO_READS_FOUND	no non-trivial read file in rnaseq_reads/ or rnaseq_normalized/
Candida_sp._E122	0	NO_READS_FOUND	no non-trivial read file in rnaseq_reads/ or rnaseq_normalized/
Candida_sp._E212	0	NO_READS_FOUND	no non-trivial read file in rnaseq_reads/ or rnaseq_normalized/
Candida_sp._E223	0	NO_READS_FOUND	no non-trivial read file in rnaseq_reads/ or rnaseq_normalized/
Candida_sp._E225	0	NO_READS_FOUND	no non-trivial read file in rnaseq_reads/ or rnaseq_normalized/
Candida_sp._LDI48194	0	NO_READS_FOUND	no non-trivial read file in rnaseq_reads/ or rnaseq_normalized/
Candida_sp._LN1	0	NO_READS_FOUND	no non-trivial read file in rnaseq_reads/ or rnaseq_normalized/
Candida_sp._Y128-05C	0	NO_READS_FOUND	no non-trivial read file in rnaseq_reads/ or rnaseq_normalized/
Candida_sp._Y128-05E	0	NO_READS_FOUND	no non-trivial read file in rnaseq_reads/ or rnaseq_normalized/
Candida_spencermartinsiae	0	NO_READS_FOUND	no non-trivial read file in rnaseq_reads/ or rnaseq_normalized/
Candida_tallmaniae	0	NO_READS_FOUND	no non-trivial read file in rnaseq_reads/ or rnaseq_normalized/
Candida_tammaniensis	0	NO_READS_FOUND	no non-trivial read file in rnaseq_reads/ or rnaseq_normalized/
Candida_taylorii	0	NO_READS_FOUND	no non-trivial read file in rnaseq_reads/ or rnaseq_normalized/
Candida_tetrigidarum	0	NO_READS_FOUND	no non-trivial read file in rnaseq_reads/ or rnaseq_normalized/
Candida_trypodendri	0	NO_READS_FOUND	no non-trivial read file in rnaseq_reads/ or rnaseq_normalized/
Candida_tunisiensis	0	NO_READS_FOUND	no non-trivial read file in rnaseq_reads/ or rnaseq_normalized/
Candida_vaughaniae	0	NO_READS_FOUND	no non-trivial read file in rnaseq_reads/ or rnaseq_normalized/
Candida_viswanathii	0	NO_READS_FOUND	no non-trivial read file in rnaseq_reads/ or rnaseq_normalized/
Candida_wancherniae	0	NO_READS_FOUND	no non-trivial read file in rnaseq_reads/ or rnaseq_normalized/
Candidozyma_chanthaburiensis	0	NO_READS_FOUND	no non-trivial read file in rnaseq_reads/ or rnaseq_normalized/
Candidozyma_duobushaemuli	0	NO_READS_FOUND	no non-trivial read file in rnaseq_reads/ or rnaseq_normalized/
Candidozyma_heveicola	0	NO_READS_FOUND	no non-trivial read file in rnaseq_reads/ or rnaseq_normalized/
Candidozyma_konsanensis	0	NO_READS_FOUND	no non-trivial read file in rnaseq_reads/ or rnaseq_normalized/
Candidozyma_molenica	0	NO_READS_FOUND	no non-trivial read file in rnaseq_reads/ or rnaseq_normalized/
Candidozyma_ohialehuae	0	NO_READS_FOUND	no non-trivial read file in rnaseq_reads/ or rnaseq_normalized/
Candidozyma_pseudohaemuli	0	NO_READS_FOUND	no non-trivial read file in rnaseq_reads/ or rnaseq_normalized/
Candidozyma_ruelliae	0	NO_READS_FOUND	no non-trivial read file in rnaseq_reads/ or rnaseq_normalized/
Candidozyma_sp._MB-2024a	0	NO_READS_FOUND	no non-trivial read file in rnaseq_reads/ or rnaseq_normalized/
Candolleomyces_aberdarensis	0	NO_READS_FOUND	no non-trivial read file in rnaseq_reads/ or rnaseq_normalized/
Candolleomyces_candolleanus	0	NO_READS_FOUND	no non-trivial read file in rnaseq_reads/ or rnaseq_normalized/
Candolleomyces_efflorescens	0	NO_READS_FOUND	no non-trivial read file in rnaseq_reads/ or rnaseq_normalized/
Candolleomyces_eurysporus	0	NO_READS_FOUND	no non-trivial read file in rnaseq_reads/ or rnaseq_normalized/
Canoparmelia_nairobiensis	0	NO_READS_FOUND	no non-trivial read file in rnaseq_reads/ or rnaseq_normalized/
Canoparmelia_texana	0	NO_READS_FOUND	no non-trivial read file in rnaseq_reads/ or rnaseq_normalized/
Cantharellus_appalachiensis	0	NO_READS_FOUND	no non-trivial read file in rnaseq_reads/ or rnaseq_normalized/
Cantharellus_cibarius	0	NO_READS_FOUND	no non-trivial read file in rnaseq_reads/ or rnaseq_normalized/
Cantharellus_cinnabarinus	0	NO_READS_FOUND	no non-trivial read file in rnaseq_reads/ or rnaseq_normalized/
Capillidium_heterosporum	0	NO_READS_FOUND	no non-trivial read file in rnaseq_reads/ or rnaseq_normalized/
Capillidium_rhysosporum	0	NO_READS_FOUND	no non-trivial read file in rnaseq_reads/ or rnaseq_normalized/
Capniomyces_stellatus	0	NO_READS_FOUND	no non-trivial read file in rnaseq_reads/ or rnaseq_normalized/
Capronia_coronata	0	NO_READS_FOUND	no non-trivial read file in rnaseq_reads/ or rnaseq_normalized/
Capronia_epimyces	0	NO_READS_FOUND	no non-trivial read file in rnaseq_reads/ or rnaseq_normalized/
Casaregolazyma_lundiana	0	NO_READS_FOUND	no non-trivial read file in rnaseq_reads/ or rnaseq_normalized/
Casaregolazyma_patagonica	0	NO_READS_FOUND	no non-trivial read file in rnaseq_reads/ or rnaseq_normalized/
Casaregolazyma_suthepensis	0	NO_READS_FOUND	no non-trivial read file in rnaseq_reads/ or rnaseq_normalized/
Catenaria_anguillulae	0	NO_READS_FOUND	no non-trivial read file in rnaseq_reads/ or rnaseq_normalized/
Catenulostroma_hermanusense	0	NO_READS_FOUND	no non-trivial read file in rnaseq_reads/ or rnaseq_normalized/
Catunica_adiposa	0	NO_READS_FOUND	no non-trivial read file in rnaseq_reads/ or rnaseq_normalized/
Caulochytrium_protostelioides	0	NO_READS_FOUND	no non-trivial read file in rnaseq_reads/ or rnaseq_normalized/
Celoporthe_dispersa	0	NO_READS_FOUND	no non-trivial read file in rnaseq_reads/ or rnaseq_normalized/
Cephalotrichum_gorgonifer	0	NO_READS_FOUND	no non-trivial read file in rnaseq_reads/ or rnaseq_normalized/
Cerataphis_brasiliensis_yeast-like_symbiont	0	NO_READS_FOUND	no non-trivial read file in rnaseq_reads/ or rnaseq_normalized/
Ceratobasidium_papillatum	0	NO_READS_FOUND	no non-trivial read file in rnaseq_reads/ or rnaseq_normalized/
Ceratobasidium_sp._370	0	NO_READS_FOUND	no non-trivial read file in rnaseq_reads/ or rnaseq_normalized/
Ceratobasidium_sp._392	0	NO_READS_FOUND	no non-trivial read file in rnaseq_reads/ or rnaseq_normalized/
Ceratobasidium_sp._414	0	NO_READS_FOUND	no non-trivial read file in rnaseq_reads/ or rnaseq_normalized/
Ceratobasidium_sp._428	0	NO_READS_FOUND	no non-trivial read file in rnaseq_reads/ or rnaseq_normalized/
Ceratobasidium_sp._AG-Ba	0	NO_READS_FOUND	no non-trivial read file in rnaseq_reads/ or rnaseq_normalized/
Ceratobasidium_sp._AG-Bb	0	NO_READS_FOUND	no non-trivial read file in rnaseq_reads/ or rnaseq_normalized/
Ceratobasidium_sp._AG-K	0	NO_READS_FOUND	no non-trivial read file in rnaseq_reads/ or rnaseq_normalized/
Ceratobasidium_sp._C01	0	NO_READS_FOUND	no non-trivial read file in rnaseq_reads/ or rnaseq_normalized/
Ceratobasidium_sp._UAMH_11750	0	NO_READS_FOUND	no non-trivial read file in rnaseq_reads/ or rnaseq_normalized/
Ceratocystiopsis_brevicomis	0	NO_READS_FOUND	no non-trivial read file in rnaseq_reads/ or rnaseq_normalized/
Ceratocystiopsis_minima	0	NO_READS_FOUND	no non-trivial read file in rnaseq_reads/ or rnaseq_normalized/
Ceratocystiopsis_minuta	0	NO_READS_FOUND	no non-trivial read file in rnaseq_reads/ or rnaseq_normalized/
Ceratocystiopsis_sp._VPRI43766	0	NO_READS_FOUND	no non-trivial read file in rnaseq_reads/ or rnaseq_normalized/
Ceratocystis_alfenasii	0	NO_READS_FOUND	no non-trivial read file in rnaseq_reads/ or rnaseq_normalized/
Ceratocystis_atlantica	0	NO_READS_FOUND	no non-trivial read file in rnaseq_reads/ or rnaseq_normalized/
Ceratocystis_cacaofunesta	0	NO_READS_FOUND	no non-trivial read file in rnaseq_reads/ or rnaseq_normalized/
Ceratocystis_colombiana	0	NO_READS_FOUND	no non-trivial read file in rnaseq_reads/ or rnaseq_normalized/
Ceratocystis_costaricensis	0	NO_READS_FOUND	no non-trivial read file in rnaseq_reads/ or rnaseq_normalized/
Ceratocystis_cubensis	0	NO_READS_FOUND	no non-trivial read file in rnaseq_reads/ or rnaseq_normalized/
Ceratocystis_destructans	0	NO_READS_FOUND	no non-trivial read file in rnaseq_reads/ or rnaseq_normalized/
Ceratocystis_diversiconidia	0	NO_READS_FOUND	no non-trivial read file in rnaseq_reads/ or rnaseq_normalized/
Ceratocystis_eucalypticola	0	NO_READS_FOUND	no non-trivial read file in rnaseq_reads/ or rnaseq_normalized/
Ceratocystis_ficicola	0	NO_READS_FOUND	no non-trivial read file in rnaseq_reads/ or rnaseq_normalized/
Ceratocystis_fimbriatomima	0	NO_READS_FOUND	no non-trivial read file in rnaseq_reads/ or rnaseq_normalized/
Ceratocystis_harringtonii	0	NO_READS_FOUND	no non-trivial read file in rnaseq_reads/ or rnaseq_normalized/
Ceratocystis_huliohia	0	NO_READS_FOUND	no non-trivial read file in rnaseq_reads/ or rnaseq_normalized/
Ceratocystis_lukuohia	0	NO_READS_FOUND	no non-trivial read file in rnaseq_reads/ or rnaseq_normalized/
Ceratocystis_papillata	0	NO_READS_FOUND	no non-trivial read file in rnaseq_reads/ or rnaseq_normalized/
Ceratocystis_pirilliformis	0	NO_READS_FOUND	no non-trivial read file in rnaseq_reads/ or rnaseq_normalized/
Ceratocystis_polychroma	0	NO_READS_FOUND	no non-trivial read file in rnaseq_reads/ or rnaseq_normalized/
Ceratocystis_smalleyi	0	NO_READS_FOUND	no non-trivial read file in rnaseq_reads/ or rnaseq_normalized/
Ceratocystis_sp._C1944	0	NO_READS_FOUND	no non-trivial read file in rnaseq_reads/ or rnaseq_normalized/
Ceratocystis_tiliae	0	NO_READS_FOUND	no non-trivial read file in rnaseq_reads/ or rnaseq_normalized/
Ceratocystis_uchidae	0	NO_READS_FOUND	no non-trivial read file in rnaseq_reads/ or rnaseq_normalized/
Ceratocystis_variospora	0	NO_READS_FOUND	no non-trivial read file in rnaseq_reads/ or rnaseq_normalized/
Ceratocystis_xanthosomatis	0	NO_READS_FOUND	no non-trivial read file in rnaseq_reads/ or rnaseq_normalized/
Ceratorhiza_oryzae-sativae	0	NO_READS_FOUND	no non-trivial read file in rnaseq_reads/ or rnaseq_normalized/
Ceratostomella_crypta	0	NO_READS_FOUND	no non-trivial read file in rnaseq_reads/ or rnaseq_normalized/
Ceratostomella_melanospora	0	NO_READS_FOUND	no non-trivial read file in rnaseq_reads/ or rnaseq_normalized/
Ceratostomella_sordida	0	NO_READS_FOUND	no non-trivial read file in rnaseq_reads/ or rnaseq_normalized/
Cercophora_samala	0	NO_READS_FOUND	no non-trivial read file in rnaseq_reads/ or rnaseq_normalized/
Cercophora_sp._LCS_1	0	NO_READS_FOUND	no non-trivial read file in rnaseq_reads/ or rnaseq_normalized/
Cercospora_americana	0	NO_READS_FOUND	no non-trivial read file in rnaseq_reads/ or rnaseq_normalized/
Cercospora_apii	0	NO_READS_FOUND	no non-trivial read file in rnaseq_reads/ or rnaseq_normalized/
Cercospora_berteroae	0	NO_READS_FOUND	no non-trivial read file in rnaseq_reads/ or rnaseq_normalized/
Cercospora_brassicicola	0	NO_READS_FOUND	no non-trivial read file in rnaseq_reads/ or rnaseq_normalized/
Cercospora_canescens	0	NO_READS_FOUND	no non-trivial read file in rnaseq_reads/ or rnaseq_normalized/
Cercospora_cf._flagellaris	0	NO_READS_FOUND	no non-trivial read file in rnaseq_reads/ or rnaseq_normalized/
Cercospora_cf._sigesbeckiae	0	NO_READS_FOUND	no non-trivial read file in rnaseq_reads/ or rnaseq_normalized/
Cercospora_citrullina	0	NO_READS_FOUND	no non-trivial read file in rnaseq_reads/ or rnaseq_normalized/
Cercospora_kikuchii	0	NO_READS_FOUND	no non-trivial read file in rnaseq_reads/ or rnaseq_normalized/
Cercospora_nicotianae	0	NO_READS_FOUND	no non-trivial read file in rnaseq_reads/ or rnaseq_normalized/
Cercospora_sesami	0	NO_READS_FOUND	no non-trivial read file in rnaseq_reads/ or rnaseq_normalized/
Cercospora_sp._J1_LZ-2022	0	NO_READS_FOUND	no non-trivial read file in rnaseq_reads/ or rnaseq_normalized/
Cercospora_tecta	0	NO_READS_FOUND	no non-trivial read file in rnaseq_reads/ or rnaseq_normalized/
Cercospora_zeae-maydis	0	NO_READS_FOUND	no non-trivial read file in rnaseq_reads/ or rnaseq_normalized/
Ceriporiopsis_andreanae	0	NO_READS_FOUND	no non-trivial read file in rnaseq_reads/ or rnaseq_normalized/
Cetradonia_linearis	0	NO_READS_FOUND	no non-trivial read file in rnaseq_reads/ or rnaseq_normalized/
Cetraria_islandica	0	NO_READS_FOUND	no non-trivial read file in rnaseq_reads/ or rnaseq_normalized/
Cetraria_sp._DP-2024a	0	NO_READS_FOUND	no non-trivial read file in rnaseq_reads/ or rnaseq_normalized/
Cetraspora_pellucida	0	NO_READS_FOUND	no non-trivial read file in rnaseq_reads/ or rnaseq_normalized/
Cetrelia_chicitae	0	NO_READS_FOUND	no non-trivial read file in rnaseq_reads/ or rnaseq_normalized/
Cetrelia_olivetorum	0	NO_READS_FOUND	no non-trivial read file in rnaseq_reads/ or rnaseq_normalized/
Chaenotheca_gracillima	0	NO_READS_FOUND	no non-trivial read file in rnaseq_reads/ or rnaseq_normalized/
Chaetomella_raphigera	0	NO_READS_FOUND	no non-trivial read file in rnaseq_reads/ or rnaseq_normalized/
Chaetomiaceae_sp._537B	0	NO_READS_FOUND	no non-trivial read file in rnaseq_reads/ or rnaseq_normalized/
Chaetomiaceae_sp._B2702	0	NO_READS_FOUND	no non-trivial read file in rnaseq_reads/ or rnaseq_normalized/
Chaetomiaceae_sp._PF1801	0	NO_READS_FOUND	no non-trivial read file in rnaseq_reads/ or rnaseq_normalized/
Chaetomiaceae_sp._PT3202	0	NO_READS_FOUND	no non-trivial read file in rnaseq_reads/ or rnaseq_normalized/
Chaetomiaceae_sp._PYS4301M	0	NO_READS_FOUND	no non-trivial read file in rnaseq_reads/ or rnaseq_normalized/
Chaetomiaceae_sp._R4402	0	NO_READS_FOUND	no non-trivial read file in rnaseq_reads/ or rnaseq_normalized/
Chaetomidium_leptoderma	0	NO_READS_FOUND	no non-trivial read file in rnaseq_reads/ or rnaseq_normalized/
Chaetomium_olivaceum	0	NO_READS_FOUND	no non-trivial read file in rnaseq_reads/ or rnaseq_normalized/
Chaetomium_olivicolor	0	NO_READS_FOUND	no non-trivial read file in rnaseq_reads/ or rnaseq_normalized/
Chaetoscypha_palmicola	0	NO_READS_FOUND	no non-trivial read file in rnaseq_reads/ or rnaseq_normalized/
Chaetothyriales_sp.	0	NO_READS_FOUND	no non-trivial read file in rnaseq_reads/ or rnaseq_normalized/
Chaetothyriales_sp._BF4	0	NO_READS_FOUND	no non-trivial read file in rnaseq_reads/ or rnaseq_normalized/
Chaetothyriales_sp._CBS_132003	0	NO_READS_FOUND	no non-trivial read file in rnaseq_reads/ or rnaseq_normalized/
Chaetothyriales_sp._CBS_134916	0	NO_READS_FOUND	no non-trivial read file in rnaseq_reads/ or rnaseq_normalized/
Chaetothyriales_sp._CBS_134920	0	NO_READS_FOUND	no non-trivial read file in rnaseq_reads/ or rnaseq_normalized/
Chaetothyriales_sp._CBS_135597	0	NO_READS_FOUND	no non-trivial read file in rnaseq_reads/ or rnaseq_normalized/
Chalara_sp._BL73	0	NO_READS_FOUND	no non-trivial read file in rnaseq_reads/ or rnaseq_normalized/
Chalaropsis_ovoidea	0	NO_READS_FOUND	no non-trivial read file in rnaseq_reads/ or rnaseq_normalized/
Chalaropsis_thielavioides	0	NO_READS_FOUND	no non-trivial read file in rnaseq_reads/ or rnaseq_normalized/
Chalciporus_aff._trinitensis	0	NO_READS_FOUND	no non-trivial read file in rnaseq_reads/ or rnaseq_normalized/
Chalciporus_chontae	0	NO_READS_FOUND	no non-trivial read file in rnaseq_reads/ or rnaseq_normalized/
Chalciporus_piperatoides	0	NO_READS_FOUND	no non-trivial read file in rnaseq_reads/ or rnaseq_normalized/
Chalciporus_pseudorubinellus	0	NO_READS_FOUND	no non-trivial read file in rnaseq_reads/ or rnaseq_normalized/
Chalciporus_rubritubifer	0	NO_READS_FOUND	no non-trivial read file in rnaseq_reads/ or rnaseq_normalized/
Chalciporus_sp._G4409	0	NO_READS_FOUND	no non-trivial read file in rnaseq_reads/ or rnaseq_normalized/
Chalciporus_sphaerocephalus	0	NO_READS_FOUND	no non-trivial read file in rnaseq_reads/ or rnaseq_normalized/
Chernovozyma_aurita	0	NO_READS_FOUND	no non-trivial read file in rnaseq_reads/ or rnaseq_normalized/
Chernovozyma_palmyrensis	0	NO_READS_FOUND	no non-trivial read file in rnaseq_reads/ or rnaseq_normalized/
Chernovozyma_sophiae-reginae	0	NO_READS_FOUND	no non-trivial read file in rnaseq_reads/ or rnaseq_normalized/
Chiua_aff._virens	0	NO_READS_FOUND	no non-trivial read file in rnaseq_reads/ or rnaseq_normalized/
Chiua_virens	0	NO_READS_FOUND	no non-trivial read file in rnaseq_reads/ or rnaseq_normalized/
Chlorencoelia_australis	0	NO_READS_FOUND	no non-trivial read file in rnaseq_reads/ or rnaseq_normalized/
Chloridium_humicola	0	NO_READS_FOUND	no non-trivial read file in rnaseq_reads/ or rnaseq_normalized/
Chlorociboria_aeruginascens	0	NO_READS_FOUND	no non-trivial read file in rnaseq_reads/ or rnaseq_normalized/
Chlorociboria_aeruginosa	0	NO_READS_FOUND	no non-trivial read file in rnaseq_reads/ or rnaseq_normalized/
Choanephora_infundibulifera	0	NO_READS_FOUND	no non-trivial read file in rnaseq_reads/ or rnaseq_normalized/
Chondrostereum_purpureum	0	NO_READS_FOUND	no non-trivial read file in rnaseq_reads/ or rnaseq_normalized/
Chroogomphus_rutilus	0	NO_READS_FOUND	no non-trivial read file in rnaseq_reads/ or rnaseq_normalized/
Chrysoporthe_austroafricana	0	NO_READS_FOUND	no non-trivial read file in rnaseq_reads/ or rnaseq_normalized/
Chrysoporthe_cubensis	0	NO_READS_FOUND	no non-trivial read file in rnaseq_reads/ or rnaseq_normalized/
Chrysoporthe_deuterocubensis	0	NO_READS_FOUND	no non-trivial read file in rnaseq_reads/ or rnaseq_normalized/
Chrysoporthe_puriensis	0	NO_READS_FOUND	no non-trivial read file in rnaseq_reads/ or rnaseq_normalized/
Chrysoporthe_syzygiicola	0	NO_READS_FOUND	no non-trivial read file in rnaseq_reads/ or rnaseq_normalized/
Chrysoporthe_zambiensis	0	NO_READS_FOUND	no non-trivial read file in rnaseq_reads/ or rnaseq_normalized/
Chrysosphaeria_jannelii	0	NO_READS_FOUND	no non-trivial read file in rnaseq_reads/ or rnaseq_normalized/
Chrysosporium_keratinophilum	0	NO_READS_FOUND	no non-trivial read file in rnaseq_reads/ or rnaseq_normalized/
Chrysothrix_sp._TS-e1954	0	NO_READS_FOUND	no non-trivial read file in rnaseq_reads/ or rnaseq_normalized/
Chytridiales_sp._JEL_0842	0	NO_READS_FOUND	no non-trivial read file in rnaseq_reads/ or rnaseq_normalized/
Chytridiomycetes_sp.	0	NO_READS_FOUND	no non-trivial read file in rnaseq_reads/ or rnaseq_normalized/
Chytriomyces_cf._hyalinus_JEL632	0	NO_READS_FOUND	no non-trivial read file in rnaseq_reads/ or rnaseq_normalized/
Chytriomyces_confervae	0	NO_READS_FOUND	no non-trivial read file in rnaseq_reads/ or rnaseq_normalized/
Ciboria_batschiana	0	NO_READS_FOUND	no non-trivial read file in rnaseq_reads/ or rnaseq_normalized/
Ciboria_shiraiana	0	NO_READS_FOUND	no non-trivial read file in rnaseq_reads/ or rnaseq_normalized/
Cinnamomeonectria_cinnamomea	0	NO_READS_FOUND	no non-trivial read file in rnaseq_reads/ or rnaseq_normalized/
Circinaria_calcarea	0	NO_READS_FOUND	no non-trivial read file in rnaseq_reads/ or rnaseq_normalized/
Circinella_minor	0	NO_READS_FOUND	no non-trivial read file in rnaseq_reads/ or rnaseq_normalized/
Cirrosporium_novae-zelandiae	0	NO_READS_FOUND	no non-trivial read file in rnaseq_reads/ or rnaseq_normalized/
Citeromyces_hawaiiensis	0	NO_READS_FOUND	no non-trivial read file in rnaseq_reads/ or rnaseq_normalized/
Citeromyces_matritensis	0	NO_READS_FOUND	no non-trivial read file in rnaseq_reads/ or rnaseq_normalized/
Citeromyces_nyonsensis	0	NO_READS_FOUND	no non-trivial read file in rnaseq_reads/ or rnaseq_normalized/
Citeromyces_siamensis	0	NO_READS_FOUND	no non-trivial read file in rnaseq_reads/ or rnaseq_normalized/
Cladobotryum_mycophilum	0	NO_READS_FOUND	no non-trivial read file in rnaseq_reads/ or rnaseq_normalized/
Cladobotryum_protrusum	0	NO_READS_FOUND	no non-trivial read file in rnaseq_reads/ or rnaseq_normalized/
Cladobotryum_rubrobrunnescens	0	NO_READS_FOUND	no non-trivial read file in rnaseq_reads/ or rnaseq_normalized/
Cladobotryum_sp._ATHUM_6904	0	NO_READS_FOUND	no non-trivial read file in rnaseq_reads/ or rnaseq_normalized/
Cladobotryum_tenue	0	NO_READS_FOUND	no non-trivial read file in rnaseq_reads/ or rnaseq_normalized/
Cladochytrium_tenue	0	NO_READS_FOUND	no non-trivial read file in rnaseq_reads/ or rnaseq_normalized/
Cladonia_arbuscula	0	NO_READS_FOUND	no non-trivial read file in rnaseq_reads/ or rnaseq_normalized/
Cladonia_borealis	0	NO_READS_FOUND	no non-trivial read file in rnaseq_reads/ or rnaseq_normalized/
Cladonia_caroliniana	0	NO_READS_FOUND	no non-trivial read file in rnaseq_reads/ or rnaseq_normalized/
Cladonia_coccifera	0	NO_READS_FOUND	no non-trivial read file in rnaseq_reads/ or rnaseq_normalized/
Cladonia_didyma	0	NO_READS_FOUND	no non-trivial read file in rnaseq_reads/ or rnaseq_normalized/
Cladonia_furcata	0	NO_READS_FOUND	no non-trivial read file in rnaseq_reads/ or rnaseq_normalized/
Cladonia_grayi	0	NO_READS_FOUND	no non-trivial read file in rnaseq_reads/ or rnaseq_normalized/
Cladonia_kurokawae	0	NO_READS_FOUND	no non-trivial read file in rnaseq_reads/ or rnaseq_normalized/
Cladonia_leporina	0	NO_READS_FOUND	no non-trivial read file in rnaseq_reads/ or rnaseq_normalized/
Cladonia_mateocyatha	0	NO_READS_FOUND	no non-trivial read file in rnaseq_reads/ or rnaseq_normalized/
Cladonia_metacorallifera	0	NO_READS_FOUND	no non-trivial read file in rnaseq_reads/ or rnaseq_normalized/
Cladonia_ochrochlora	0	NO_READS_FOUND	no non-trivial read file in rnaseq_reads/ or rnaseq_normalized/
Cladonia_petrophila	0	NO_READS_FOUND	no non-trivial read file in rnaseq_reads/ or rnaseq_normalized/
Cladonia_peziziformis	0	NO_READS_FOUND	no non-trivial read file in rnaseq_reads/ or rnaseq_normalized/
Cladonia_polycarpoides	0	NO_READS_FOUND	no non-trivial read file in rnaseq_reads/ or rnaseq_normalized/
Cladonia_pyxidata	0	NO_READS_FOUND	no non-trivial read file in rnaseq_reads/ or rnaseq_normalized/
Cladonia_rangiferina	0	NO_READS_FOUND	no non-trivial read file in rnaseq_reads/ or rnaseq_normalized/
Cladonia_robbinsii	0	NO_READS_FOUND	no non-trivial read file in rnaseq_reads/ or rnaseq_normalized/
Cladonia_sp.	0	NO_READS_FOUND	no non-trivial read file in rnaseq_reads/ or rnaseq_normalized/
Cladonia_stellaris	0	NO_READS_FOUND	no non-trivial read file in rnaseq_reads/ or rnaseq_normalized/
Cladonia_strepsilis	0	NO_READS_FOUND	no non-trivial read file in rnaseq_reads/ or rnaseq_normalized/
Cladonia_subtenuis	0	NO_READS_FOUND	no non-trivial read file in rnaseq_reads/ or rnaseq_normalized/
Cladonia_uncialis	0	NO_READS_FOUND	no non-trivial read file in rnaseq_reads/ or rnaseq_normalized/
Cladophialophora_bantiana	0	NO_READS_FOUND	no non-trivial read file in rnaseq_reads/ or rnaseq_normalized/
Cladophialophora_carrionii	0	NO_READS_FOUND	no non-trivial read file in rnaseq_reads/ or rnaseq_normalized/
Cladophialophora_chaetospira	0	NO_READS_FOUND	no non-trivial read file in rnaseq_reads/ or rnaseq_normalized/
Cladophialophora_endolichena	0	NO_READS_FOUND	no non-trivial read file in rnaseq_reads/ or rnaseq_normalized/
Cladophialophora_exuberans	0	NO_READS_FOUND	no non-trivial read file in rnaseq_reads/ or rnaseq_normalized/
Cladophialophora_humicola	0	NO_READS_FOUND	no non-trivial read file in rnaseq_reads/ or rnaseq_normalized/
Cladophialophora_minutissima	0	NO_READS_FOUND	no non-trivial read file in rnaseq_reads/ or rnaseq_normalized/
Cladophialophora_psammophila	0	NO_READS_FOUND	no non-trivial read file in rnaseq_reads/ or rnaseq_normalized/
Cladophialophora_sylvestris	0	NO_READS_FOUND	no non-trivial read file in rnaseq_reads/ or rnaseq_normalized/
Cladophialophora_yegresii	0	NO_READS_FOUND	no non-trivial read file in rnaseq_reads/ or rnaseq_normalized/
Cladorrhinum_samala	0	NO_READS_FOUND	no non-trivial read file in rnaseq_reads/ or rnaseq_normalized/
Cladorrhinum_sp._445A	0	NO_READS_FOUND	no non-trivial read file in rnaseq_reads/ or rnaseq_normalized/
Cladorrhinum_sp._PSN259	0	NO_READS_FOUND	no non-trivial read file in rnaseq_reads/ or rnaseq_normalized/
Cladorrhinum_sp._PSN332	0	NO_READS_FOUND	no non-trivial read file in rnaseq_reads/ or rnaseq_normalized/
Cladosporiales_sp.	0	NO_READS_FOUND	no non-trivial read file in rnaseq_reads/ or rnaseq_normalized/
Cladosporium_allicinum	0	NO_READS_FOUND	no non-trivial read file in rnaseq_reads/ or rnaseq_normalized/
Cladosporium_antarcticum	0	NO_READS_FOUND	no non-trivial read file in rnaseq_reads/ or rnaseq_normalized/
Cladosporium_anthropophilum	0	NO_READS_FOUND	no non-trivial read file in rnaseq_reads/ or rnaseq_normalized/
Cladosporium_asperulatum	0	NO_READS_FOUND	no non-trivial read file in rnaseq_reads/ or rnaseq_normalized/
Cladosporium_austrohemisphaericum	0	NO_READS_FOUND	no non-trivial read file in rnaseq_reads/ or rnaseq_normalized/
Cladosporium_cf._tenuissimum	0	NO_READS_FOUND	no non-trivial read file in rnaseq_reads/ or rnaseq_normalized/
Cladosporium_colombiae	0	NO_READS_FOUND	no non-trivial read file in rnaseq_reads/ or rnaseq_normalized/
Cladosporium_cucumerinum	0	NO_READS_FOUND	no non-trivial read file in rnaseq_reads/ or rnaseq_normalized/
Cladosporium_dominicanum	0	NO_READS_FOUND	no non-trivial read file in rnaseq_reads/ or rnaseq_normalized/
Cladosporium_endophyticum	0	NO_READS_FOUND	no non-trivial read file in rnaseq_reads/ or rnaseq_normalized/
Cladosporium_fusiforme	0	NO_READS_FOUND	no non-trivial read file in rnaseq_reads/ or rnaseq_normalized/
Cladosporium_halotolerans	0	NO_READS_FOUND	no non-trivial read file in rnaseq_reads/ or rnaseq_normalized/
Cladosporium_inversicolor	0	NO_READS_FOUND	no non-trivial read file in rnaseq_reads/ or rnaseq_normalized/
Cladosporium_lebrasiae	0	NO_READS_FOUND	no non-trivial read file in rnaseq_reads/ or rnaseq_normalized/
Cladosporium_oxysporum	0	NO_READS_FOUND	no non-trivial read file in rnaseq_reads/ or rnaseq_normalized/
Cladosporium_phlei	0	NO_READS_FOUND	no non-trivial read file in rnaseq_reads/ or rnaseq_normalized/
Cladosporium_pseudocladosporioides	0	NO_READS_FOUND	no non-trivial read file in rnaseq_reads/ or rnaseq_normalized/
Cladosporium_ramotenellum	0	NO_READS_FOUND	no non-trivial read file in rnaseq_reads/ or rnaseq_normalized/
Cladosporium_rectoides	0	NO_READS_FOUND	no non-trivial read file in rnaseq_reads/ or rnaseq_normalized/
Cladosporium_sp._447A	0	NO_READS_FOUND	no non-trivial read file in rnaseq_reads/ or rnaseq_normalized/
Cladosporium_sp._450A	0	NO_READS_FOUND	no non-trivial read file in rnaseq_reads/ or rnaseq_normalized/
Cladosporium_sp._81-2020	0	NO_READS_FOUND	no non-trivial read file in rnaseq_reads/ or rnaseq_normalized/
Cladosporium_sp._BD-128	0	NO_READS_FOUND	no non-trivial read file in rnaseq_reads/ or rnaseq_normalized/
Cladosporium_sp._BF-F	0	NO_READS_FOUND	no non-trivial read file in rnaseq_reads/ or rnaseq_normalized/
Cladosporium_sp._BSL10	0	NO_READS_FOUND	no non-trivial read file in rnaseq_reads/ or rnaseq_normalized/
Cladosporium_sp._D2B6	0	NO_READS_FOUND	no non-trivial read file in rnaseq_reads/ or rnaseq_normalized/
Cladosporium_sp._F1	0	NO_READS_FOUND	no non-trivial read file in rnaseq_reads/ or rnaseq_normalized/
Cladosporium_sp._F165	0	NO_READS_FOUND	no non-trivial read file in rnaseq_reads/ or rnaseq_normalized/
Cladosporium_sp._F190	0	NO_READS_FOUND	no non-trivial read file in rnaseq_reads/ or rnaseq_normalized/
Cladosporium_sp._IMV_00045	0	NO_READS_FOUND	no non-trivial read file in rnaseq_reads/ or rnaseq_normalized/
Cladosporium_sp._MA8_LABAP	0	NO_READS_FOUND	no non-trivial read file in rnaseq_reads/ or rnaseq_normalized/
Cladosporium_sp._MBC_237	0	NO_READS_FOUND	no non-trivial read file in rnaseq_reads/ or rnaseq_normalized/
Cladosporium_sp._MBC_869	0	NO_READS_FOUND	no non-trivial read file in rnaseq_reads/ or rnaseq_normalized/
Cladosporium_sp._NU13	0	NO_READS_FOUND	no non-trivial read file in rnaseq_reads/ or rnaseq_normalized/
Cladosporium_sp._SL-16	0	NO_READS_FOUND	no non-trivial read file in rnaseq_reads/ or rnaseq_normalized/
Cladosporium_sp._SW67	0	NO_READS_FOUND	no non-trivial read file in rnaseq_reads/ or rnaseq_normalized/
Cladosporium_sp._VS_III_D_KN_1	0	NO_READS_FOUND	no non-trivial read file in rnaseq_reads/ or rnaseq_normalized/
Cladosporium_sp._ZJUC115	0	NO_READS_FOUND	no non-trivial read file in rnaseq_reads/ or rnaseq_normalized/
Cladosporium_sp._cs-2020	0	NO_READS_FOUND	no non-trivial read file in rnaseq_reads/ or rnaseq_normalized/
Cladosporium_sphaerospermum	0	NO_READS_FOUND	no non-trivial read file in rnaseq_reads/ or rnaseq_normalized/
Cladosporium_subtilissimum	0	NO_READS_FOUND	no non-trivial read file in rnaseq_reads/ or rnaseq_normalized/
Cladosporium_subuliforme	0	NO_READS_FOUND	no non-trivial read file in rnaseq_reads/ or rnaseq_normalized/
Cladosporium_tenuissimum	0	NO_READS_FOUND	no non-trivial read file in rnaseq_reads/ or rnaseq_normalized/
Cladosporium_velox	0	NO_READS_FOUND	no non-trivial read file in rnaseq_reads/ or rnaseq_normalized/
Cladosporium_xanthochromaticum	0	NO_READS_FOUND	no non-trivial read file in rnaseq_reads/ or rnaseq_normalized/
Cladosporium_xylophilum	0	NO_READS_FOUND	no non-trivial read file in rnaseq_reads/ or rnaseq_normalized/
Clarireedia_aff._paspali_H2	0	NO_READS_FOUND	no non-trivial read file in rnaseq_reads/ or rnaseq_normalized/
Clarireedia_hainanense	0	NO_READS_FOUND	no non-trivial read file in rnaseq_reads/ or rnaseq_normalized/
Clarireedia_monteithiana	0	NO_READS_FOUND	no non-trivial read file in rnaseq_reads/ or rnaseq_normalized/
Clarireedia_paspali	0	NO_READS_FOUND	no non-trivial read file in rnaseq_reads/ or rnaseq_normalized/
Clarireedia_sp._CPB17	0	NO_READS_FOUND	no non-trivial read file in rnaseq_reads/ or rnaseq_normalized/
Clarireedia_sp._SE16F4	0	NO_READS_FOUND	no non-trivial read file in rnaseq_reads/ or rnaseq_normalized/
Classicula_fluitans	0	NO_READS_FOUND	no non-trivial read file in rnaseq_reads/ or rnaseq_normalized/
Clathrospora_elynae	0	NO_READS_FOUND	no non-trivial read file in rnaseq_reads/ or rnaseq_normalized/
Clathrus_columnatus	0	NO_READS_FOUND	no non-trivial read file in rnaseq_reads/ or rnaseq_normalized/
Claussenomyces_sp._TS43310	0	NO_READS_FOUND	no non-trivial read file in rnaseq_reads/ or rnaseq_normalized/
Clavariadelphus_pistillaris	0	NO_READS_FOUND	no non-trivial read file in rnaseq_reads/ or rnaseq_normalized/
Clavariopsis_aquatica	0	NO_READS_FOUND	no non-trivial read file in rnaseq_reads/ or rnaseq_normalized/
Claviceps_aff._humidiphila_group_G2b	0	NO_READS_FOUND	no non-trivial read file in rnaseq_reads/ or rnaseq_normalized/
Claviceps_aff._purpurea	0	NO_READS_FOUND	no non-trivial read file in rnaseq_reads/ or rnaseq_normalized/
Claviceps_africana	0	NO_READS_FOUND	no non-trivial read file in rnaseq_reads/ or rnaseq_normalized/
Claviceps_arundinis	0	NO_READS_FOUND	no non-trivial read file in rnaseq_reads/ or rnaseq_normalized/
Claviceps_bavariensis	0	NO_READS_FOUND	no non-trivial read file in rnaseq_reads/ or rnaseq_normalized/
Claviceps_capensis	0	NO_READS_FOUND	no non-trivial read file in rnaseq_reads/ or rnaseq_normalized/
Claviceps_citrina	0	NO_READS_FOUND	no non-trivial read file in rnaseq_reads/ or rnaseq_normalized/
Claviceps_cyperi	0	NO_READS_FOUND	no non-trivial read file in rnaseq_reads/ or rnaseq_normalized/
Claviceps_digitariae	0	NO_READS_FOUND	no non-trivial read file in rnaseq_reads/ or rnaseq_normalized/
Claviceps_fusiformis	0	NO_READS_FOUND	no non-trivial read file in rnaseq_reads/ or rnaseq_normalized/
Claviceps_humidiphila	0	NO_READS_FOUND	no non-trivial read file in rnaseq_reads/ or rnaseq_normalized/
Claviceps_lovelessii	0	NO_READS_FOUND	no non-trivial read file in rnaseq_reads/ or rnaseq_normalized/
Claviceps_maximensis	0	NO_READS_FOUND	no non-trivial read file in rnaseq_reads/ or rnaseq_normalized/
Claviceps_monticola	0	NO_READS_FOUND	no non-trivial read file in rnaseq_reads/ or rnaseq_normalized/
Claviceps_occidentalis	0	NO_READS_FOUND	no non-trivial read file in rnaseq_reads/ or rnaseq_normalized/
Claviceps_pazoutovae	0	NO_READS_FOUND	no non-trivial read file in rnaseq_reads/ or rnaseq_normalized/
Claviceps_perihumidiphila	0	NO_READS_FOUND	no non-trivial read file in rnaseq_reads/ or rnaseq_normalized/
Claviceps_purpurea	0	NO_READS_FOUND	no non-trivial read file in rnaseq_reads/ or rnaseq_normalized/
Claviceps_pusilla	0	NO_READS_FOUND	no non-trivial read file in rnaseq_reads/ or rnaseq_normalized/
Claviceps_quebecensis	0	NO_READS_FOUND	no non-trivial read file in rnaseq_reads/ or rnaseq_normalized/
Claviceps_ripicola	0	NO_READS_FOUND	no non-trivial read file in rnaseq_reads/ or rnaseq_normalized/
Claviceps_sorghi	0	NO_READS_FOUND	no non-trivial read file in rnaseq_reads/ or rnaseq_normalized/
Claviceps_sp._Clav32_group_G5	0	NO_READS_FOUND	no non-trivial read file in rnaseq_reads/ or rnaseq_normalized/
Claviceps_sp._Clav50_group_G5	0	NO_READS_FOUND	no non-trivial read file in rnaseq_reads/ or rnaseq_normalized/
Claviceps_sp._LM218_group_G6	0	NO_READS_FOUND	no non-trivial read file in rnaseq_reads/ or rnaseq_normalized/
Claviceps_sp._LM219_group_G6	0	NO_READS_FOUND	no non-trivial read file in rnaseq_reads/ or rnaseq_normalized/
Claviceps_sp._LM220_group_G6	0	NO_READS_FOUND	no non-trivial read file in rnaseq_reads/ or rnaseq_normalized/
Claviceps_sp._LM454_group_G7	0	NO_READS_FOUND	no non-trivial read file in rnaseq_reads/ or rnaseq_normalized/
Claviceps_sp._LM458_group_G5	0	NO_READS_FOUND	no non-trivial read file in rnaseq_reads/ or rnaseq_normalized/
Claviceps_sp._LM77_group_G4	0	NO_READS_FOUND	no non-trivial read file in rnaseq_reads/ or rnaseq_normalized/
Claviceps_sp._LM78_group_G4	0	NO_READS_FOUND	no non-trivial read file in rnaseq_reads/ or rnaseq_normalized/
Claviceps_sp._LM84_group_G4	0	NO_READS_FOUND	no non-trivial read file in rnaseq_reads/ or rnaseq_normalized/
Claviceps_spartinae	0	NO_READS_FOUND	no non-trivial read file in rnaseq_reads/ or rnaseq_normalized/
Claviceps_viridis	0	NO_READS_FOUND	no non-trivial read file in rnaseq_reads/ or rnaseq_normalized/
Clavispora_asparagi	0	NO_READS_FOUND	no non-trivial read file in rnaseq_reads/ or rnaseq_normalized/
Clavispora_carvajalis	0	NO_READS_FOUND	no non-trivial read file in rnaseq_reads/ or rnaseq_normalized/
Clavispora_fructus	0	NO_READS_FOUND	no non-trivial read file in rnaseq_reads/ or rnaseq_normalized/
Clavispora_opuntiae	0	NO_READS_FOUND	no non-trivial read file in rnaseq_reads/ or rnaseq_normalized/
Clavispora_paralusitaniae	0	NO_READS_FOUND	no non-trivial read file in rnaseq_reads/ or rnaseq_normalized/
Clavispora_phyllophila	0	NO_READS_FOUND	no non-trivial read file in rnaseq_reads/ or rnaseq_normalized/
Clavispora_santaluciae	0	NO_READS_FOUND	no non-trivial read file in rnaseq_reads/ or rnaseq_normalized/
Clavispora_sp._CDBB-L-2031	0	NO_READS_FOUND	no non-trivial read file in rnaseq_reads/ or rnaseq_normalized/
Clavispora_vitiphila	0	NO_READS_FOUND	no non-trivial read file in rnaseq_reads/ or rnaseq_normalized/
Clavulina_sp._PMI_390	0	NO_READS_FOUND	no non-trivial read file in rnaseq_reads/ or rnaseq_normalized/
Clitocybe_nebularis	0	NO_READS_FOUND	no non-trivial read file in rnaseq_reads/ or rnaseq_normalized/
Clitopilus_abprunulus	0	NO_READS_FOUND	no non-trivial read file in rnaseq_reads/ or rnaseq_normalized/
Clitopilus_passeckerianus	0	NO_READS_FOUND	no non-trivial read file in rnaseq_reads/ or rnaseq_normalized/
Clitopilus_scyphoides	0	NO_READS_FOUND	no non-trivial read file in rnaseq_reads/ or rnaseq_normalized/
Clonostachys_byssicola	0	NO_READS_FOUND	no non-trivial read file in rnaseq_reads/ or rnaseq_normalized/
Clonostachys_chuyangsinensis	0	NO_READS_FOUND	no non-trivial read file in rnaseq_reads/ or rnaseq_normalized/
Clonostachys_compactiuscula	0	NO_READS_FOUND	no non-trivial read file in rnaseq_reads/ or rnaseq_normalized/
Clonostachys_rhizophaga	0	NO_READS_FOUND	no non-trivial read file in rnaseq_reads/ or rnaseq_normalized/
Clonostachys_rogersoniana	0	NO_READS_FOUND	no non-trivial read file in rnaseq_reads/ or rnaseq_normalized/
Clonostachys_solani	0	NO_READS_FOUND	no non-trivial read file in rnaseq_reads/ or rnaseq_normalized/
Clonostachys_sp._FPYF6005	0	NO_READS_FOUND	no non-trivial read file in rnaseq_reads/ or rnaseq_normalized/
Clonostachys_sp._G600	0	NO_READS_FOUND	no non-trivial read file in rnaseq_reads/ or rnaseq_normalized/
Clonostachys_sp._G952	0	NO_READS_FOUND	no non-trivial read file in rnaseq_reads/ or rnaseq_normalized/
Clonostachys_sp._YL-2024a	0	NO_READS_FOUND	no non-trivial read file in rnaseq_reads/ or rnaseq_normalized/
Clydaea_vesicula	0	NO_READS_FOUND	no non-trivial read file in rnaseq_reads/ or rnaseq_normalized/
Coccidioides_immitis	0	NO_READS_FOUND	no non-trivial read file in rnaseq_reads/ or rnaseq_normalized/
Coccidioides_posadasii	0	NO_READS_FOUND	no non-trivial read file in rnaseq_reads/ or rnaseq_normalized/
Coccinonectria_pachysandricola	0	NO_READS_FOUND	no non-trivial read file in rnaseq_reads/ or rnaseq_normalized/
Coccocarpia_palmicola	0	NO_READS_FOUND	no non-trivial read file in rnaseq_reads/ or rnaseq_normalized/
Cochlonema_odontosperma	0	NO_READS_FOUND	no non-trivial read file in rnaseq_reads/ or rnaseq_normalized/
Coemansia_aciculifera	0	NO_READS_FOUND	no non-trivial read file in rnaseq_reads/ or rnaseq_normalized/
Coemansia_biformis	0	NO_READS_FOUND	no non-trivial read file in rnaseq_reads/ or rnaseq_normalized/
Coemansia_brasiliensis	0	NO_READS_FOUND	no non-trivial read file in rnaseq_reads/ or rnaseq_normalized/
Coemansia_erecta	0	NO_READS_FOUND	no non-trivial read file in rnaseq_reads/ or rnaseq_normalized/
Coemansia_furcata	0	NO_READS_FOUND	no non-trivial read file in rnaseq_reads/ or rnaseq_normalized/
Coemansia_guatemalensis	0	NO_READS_FOUND	no non-trivial read file in rnaseq_reads/ or rnaseq_normalized/
Coemansia_helicoidea	0	NO_READS_FOUND	no non-trivial read file in rnaseq_reads/ or rnaseq_normalized/
Coemansia_interrupta	0	NO_READS_FOUND	no non-trivial read file in rnaseq_reads/ or rnaseq_normalized/
Coemansia_javaensis	0	NO_READS_FOUND	no non-trivial read file in rnaseq_reads/ or rnaseq_normalized/
Coemansia_linderi	0	NO_READS_FOUND	no non-trivial read file in rnaseq_reads/ or rnaseq_normalized/
Coemansia_mojavensis	0	NO_READS_FOUND	no non-trivial read file in rnaseq_reads/ or rnaseq_normalized/
Coemansia_nantahalensis	0	NO_READS_FOUND	no non-trivial read file in rnaseq_reads/ or rnaseq_normalized/
Coemansia_pectinata	0	NO_READS_FOUND	no non-trivial read file in rnaseq_reads/ or rnaseq_normalized/
Coemansia_reversa	0	NO_READS_FOUND	no non-trivial read file in rnaseq_reads/ or rnaseq_normalized/
Coemansia_sp._BCRC_34301	0	NO_READS_FOUND	no non-trivial read file in rnaseq_reads/ or rnaseq_normalized/
Coemansia_sp._BCRC_34490	0	NO_READS_FOUND	no non-trivial read file in rnaseq_reads/ or rnaseq_normalized/
Coemansia_sp._BCRC_34962	0	NO_READS_FOUND	no non-trivial read file in rnaseq_reads/ or rnaseq_normalized/
Coemansia_sp._Benny_D115	0	NO_READS_FOUND	no non-trivial read file in rnaseq_reads/ or rnaseq_normalized/
Coemansia_sp._Benny_D160-2	0	NO_READS_FOUND	no non-trivial read file in rnaseq_reads/ or rnaseq_normalized/
Coemansia_sp._Cherry_401B	0	NO_READS_FOUND	no non-trivial read file in rnaseq_reads/ or rnaseq_normalized/
Coemansia_sp._D1744	0	NO_READS_FOUND	no non-trivial read file in rnaseq_reads/ or rnaseq_normalized/
Coemansia_sp._IMI_203386	0	NO_READS_FOUND	no non-trivial read file in rnaseq_reads/ or rnaseq_normalized/
Coemansia_sp._IMI_209127	0	NO_READS_FOUND	no non-trivial read file in rnaseq_reads/ or rnaseq_normalized/
Coemansia_sp._IMI_209128	0	NO_READS_FOUND	no non-trivial read file in rnaseq_reads/ or rnaseq_normalized/
Coemansia_sp._RSA_1085	0	NO_READS_FOUND	no non-trivial read file in rnaseq_reads/ or rnaseq_normalized/
Coemansia_sp._RSA_1086	0	NO_READS_FOUND	no non-trivial read file in rnaseq_reads/ or rnaseq_normalized/
Coemansia_sp._RSA_1199	0	NO_READS_FOUND	no non-trivial read file in rnaseq_reads/ or rnaseq_normalized/
Coemansia_sp._RSA_1200	0	NO_READS_FOUND	no non-trivial read file in rnaseq_reads/ or rnaseq_normalized/
Coemansia_sp._RSA_1250	0	NO_READS_FOUND	no non-trivial read file in rnaseq_reads/ or rnaseq_normalized/
Coemansia_sp._RSA_1285	0	NO_READS_FOUND	no non-trivial read file in rnaseq_reads/ or rnaseq_normalized/
Coemansia_sp._RSA_1286	0	NO_READS_FOUND	no non-trivial read file in rnaseq_reads/ or rnaseq_normalized/
Coemansia_sp._RSA_1287	0	NO_READS_FOUND	no non-trivial read file in rnaseq_reads/ or rnaseq_normalized/
Coemansia_sp._RSA_1290	0	NO_READS_FOUND	no non-trivial read file in rnaseq_reads/ or rnaseq_normalized/
Coemansia_sp._RSA_1358	0	NO_READS_FOUND	no non-trivial read file in rnaseq_reads/ or rnaseq_normalized/
Coemansia_sp._RSA_1365	0	NO_READS_FOUND	no non-trivial read file in rnaseq_reads/ or rnaseq_normalized/
Coemansia_sp._RSA_1591	0	NO_READS_FOUND	no non-trivial read file in rnaseq_reads/ or rnaseq_normalized/
Coemansia_sp._RSA_1646	0	NO_READS_FOUND	no non-trivial read file in rnaseq_reads/ or rnaseq_normalized/
Coemansia_sp._RSA_1694	0	NO_READS_FOUND	no non-trivial read file in rnaseq_reads/ or rnaseq_normalized/
Coemansia_sp._RSA_1721	0	NO_READS_FOUND	no non-trivial read file in rnaseq_reads/ or rnaseq_normalized/
Coemansia_sp._RSA_1722	0	NO_READS_FOUND	no non-trivial read file in rnaseq_reads/ or rnaseq_normalized/
Coemansia_sp._RSA_1752	0	NO_READS_FOUND	no non-trivial read file in rnaseq_reads/ or rnaseq_normalized/
Coemansia_sp._RSA_1797	0	NO_READS_FOUND	no non-trivial read file in rnaseq_reads/ or rnaseq_normalized/
Coemansia_sp._RSA_1804	0	NO_READS_FOUND	no non-trivial read file in rnaseq_reads/ or rnaseq_normalized/
Coemansia_sp._RSA_1807	0	NO_READS_FOUND	no non-trivial read file in rnaseq_reads/ or rnaseq_normalized/
Coemansia_sp._RSA_1813	0	NO_READS_FOUND	no non-trivial read file in rnaseq_reads/ or rnaseq_normalized/
Coemansia_sp._RSA_1821	0	NO_READS_FOUND	no non-trivial read file in rnaseq_reads/ or rnaseq_normalized/
Coemansia_sp._RSA_1822	0	NO_READS_FOUND	no non-trivial read file in rnaseq_reads/ or rnaseq_normalized/
Coemansia_sp._RSA_1824	0	NO_READS_FOUND	no non-trivial read file in rnaseq_reads/ or rnaseq_normalized/
Coemansia_sp._RSA_1836	0	NO_READS_FOUND	no non-trivial read file in rnaseq_reads/ or rnaseq_normalized/
Coemansia_sp._RSA_1843	0	NO_READS_FOUND	no non-trivial read file in rnaseq_reads/ or rnaseq_normalized/
Coemansia_sp._RSA_1853	0	NO_READS_FOUND	no non-trivial read file in rnaseq_reads/ or rnaseq_normalized/
Coemansia_sp._RSA_1878	0	NO_READS_FOUND	no non-trivial read file in rnaseq_reads/ or rnaseq_normalized/
Coemansia_sp._RSA_1933	0	NO_READS_FOUND	no non-trivial read file in rnaseq_reads/ or rnaseq_normalized/
Coemansia_sp._RSA_1935	0	NO_READS_FOUND	no non-trivial read file in rnaseq_reads/ or rnaseq_normalized/
Coemansia_sp._RSA_1937	0	NO_READS_FOUND	no non-trivial read file in rnaseq_reads/ or rnaseq_normalized/
Coemansia_sp._RSA_1938	0	NO_READS_FOUND	no non-trivial read file in rnaseq_reads/ or rnaseq_normalized/
Coemansia_sp._RSA_1939	0	NO_READS_FOUND	no non-trivial read file in rnaseq_reads/ or rnaseq_normalized/
Coemansia_sp._RSA_1972	0	NO_READS_FOUND	no non-trivial read file in rnaseq_reads/ or rnaseq_normalized/
Coemansia_sp._RSA_2049	0	NO_READS_FOUND	no non-trivial read file in rnaseq_reads/ or rnaseq_normalized/
Coemansia_sp._RSA_2050	0	NO_READS_FOUND	no non-trivial read file in rnaseq_reads/ or rnaseq_normalized/
Coemansia_sp._RSA_2052	0	NO_READS_FOUND	no non-trivial read file in rnaseq_reads/ or rnaseq_normalized/
Coemansia_sp._RSA_2131	0	NO_READS_FOUND	no non-trivial read file in rnaseq_reads/ or rnaseq_normalized/
Coemansia_sp._RSA_2167	0	NO_READS_FOUND	no non-trivial read file in rnaseq_reads/ or rnaseq_normalized/
Coemansia_sp._RSA_2320	0	NO_READS_FOUND	no non-trivial read file in rnaseq_reads/ or rnaseq_normalized/
Coemansia_sp._RSA_2322	0	NO_READS_FOUND	no non-trivial read file in rnaseq_reads/ or rnaseq_normalized/
Coemansia_sp._RSA_2336	0	NO_READS_FOUND	no non-trivial read file in rnaseq_reads/ or rnaseq_normalized/
Coemansia_sp._RSA_2337	0	NO_READS_FOUND	no non-trivial read file in rnaseq_reads/ or rnaseq_normalized/
Coemansia_sp._RSA_2399	0	NO_READS_FOUND	no non-trivial read file in rnaseq_reads/ or rnaseq_normalized/
Coemansia_sp._RSA_2424	0	NO_READS_FOUND	no non-trivial read file in rnaseq_reads/ or rnaseq_normalized/
Coemansia_sp._RSA_2440	0	NO_READS_FOUND	no non-trivial read file in rnaseq_reads/ or rnaseq_normalized/
Coemansia_sp._RSA_25	0	NO_READS_FOUND	no non-trivial read file in rnaseq_reads/ or rnaseq_normalized/
Coemansia_sp._RSA_2522	0	NO_READS_FOUND	no non-trivial read file in rnaseq_reads/ or rnaseq_normalized/
Coemansia_sp._RSA_2523	0	NO_READS_FOUND	no non-trivial read file in rnaseq_reads/ or rnaseq_normalized/
Coemansia_sp._RSA_2524	0	NO_READS_FOUND	no non-trivial read file in rnaseq_reads/ or rnaseq_normalized/
Coemansia_sp._RSA_2526	0	NO_READS_FOUND	no non-trivial read file in rnaseq_reads/ or rnaseq_normalized/
Coemansia_sp._RSA_2530	0	NO_READS_FOUND	no non-trivial read file in rnaseq_reads/ or rnaseq_normalized/
Coemansia_sp._RSA_2531	0	NO_READS_FOUND	no non-trivial read file in rnaseq_reads/ or rnaseq_normalized/
Coemansia_sp._RSA_2559	0	NO_READS_FOUND	no non-trivial read file in rnaseq_reads/ or rnaseq_normalized/
Coemansia_sp._RSA_2598	0	NO_READS_FOUND	no non-trivial read file in rnaseq_reads/ or rnaseq_normalized/
Coemansia_sp._RSA_2599	0	NO_READS_FOUND	no non-trivial read file in rnaseq_reads/ or rnaseq_normalized/
Coemansia_sp._RSA_2603	0	NO_READS_FOUND	no non-trivial read file in rnaseq_reads/ or rnaseq_normalized/
Coemansia_sp._RSA_2607	0	NO_READS_FOUND	no non-trivial read file in rnaseq_reads/ or rnaseq_normalized/
Coemansia_sp._RSA_2610	0	NO_READS_FOUND	no non-trivial read file in rnaseq_reads/ or rnaseq_normalized/
Coemansia_sp._RSA_2611	0	NO_READS_FOUND	no non-trivial read file in rnaseq_reads/ or rnaseq_normalized/
Coemansia_sp._RSA_2618	0	NO_READS_FOUND	no non-trivial read file in rnaseq_reads/ or rnaseq_normalized/
Coemansia_sp._RSA_2671	0	NO_READS_FOUND	no non-trivial read file in rnaseq_reads/ or rnaseq_normalized/
Coemansia_sp._RSA_2673	0	NO_READS_FOUND	no non-trivial read file in rnaseq_reads/ or rnaseq_normalized/
Coemansia_sp._RSA_2675	0	NO_READS_FOUND	no non-trivial read file in rnaseq_reads/ or rnaseq_normalized/
Coemansia_sp._RSA_2681	0	NO_READS_FOUND	no non-trivial read file in rnaseq_reads/ or rnaseq_normalized/
Coemansia_sp._RSA_2702	0	NO_READS_FOUND	no non-trivial read file in rnaseq_reads/ or rnaseq_normalized/
Coemansia_sp._RSA_2703	0	NO_READS_FOUND	no non-trivial read file in rnaseq_reads/ or rnaseq_normalized/
Coemansia_sp._RSA_2704	0	NO_READS_FOUND	no non-trivial read file in rnaseq_reads/ or rnaseq_normalized/
Coemansia_sp._RSA_2705	0	NO_READS_FOUND	no non-trivial read file in rnaseq_reads/ or rnaseq_normalized/
Coemansia_sp._RSA_2706	0	NO_READS_FOUND	no non-trivial read file in rnaseq_reads/ or rnaseq_normalized/
Coemansia_sp._RSA_2708	0	NO_READS_FOUND	no non-trivial read file in rnaseq_reads/ or rnaseq_normalized/
Coemansia_sp._RSA_2711	0	NO_READS_FOUND	no non-trivial read file in rnaseq_reads/ or rnaseq_normalized/
Coemansia_sp._RSA_353	0	NO_READS_FOUND	no non-trivial read file in rnaseq_reads/ or rnaseq_normalized/
Coemansia_sp._RSA_355	0	NO_READS_FOUND	no non-trivial read file in rnaseq_reads/ or rnaseq_normalized/
Coemansia_sp._RSA_370	0	NO_READS_FOUND	no non-trivial read file in rnaseq_reads/ or rnaseq_normalized/
Coemansia_sp._RSA_371	0	NO_READS_FOUND	no non-trivial read file in rnaseq_reads/ or rnaseq_normalized/
Coemansia_sp._RSA_376	0	NO_READS_FOUND	no non-trivial read file in rnaseq_reads/ or rnaseq_normalized/
Coemansia_sp._RSA_451	0	NO_READS_FOUND	no non-trivial read file in rnaseq_reads/ or rnaseq_normalized/
Coemansia_sp._RSA_454	0	NO_READS_FOUND	no non-trivial read file in rnaseq_reads/ or rnaseq_normalized/
Coemansia_sp._RSA_455	0	NO_READS_FOUND	no non-trivial read file in rnaseq_reads/ or rnaseq_normalized/
Coemansia_sp._RSA_475	0	NO_READS_FOUND	no non-trivial read file in rnaseq_reads/ or rnaseq_normalized/
Coemansia_sp._RSA_485	0	NO_READS_FOUND	no non-trivial read file in rnaseq_reads/ or rnaseq_normalized/
Coemansia_sp._RSA_486	0	NO_READS_FOUND	no non-trivial read file in rnaseq_reads/ or rnaseq_normalized/
Coemansia_sp._RSA_487	0	NO_READS_FOUND	no non-trivial read file in rnaseq_reads/ or rnaseq_normalized/
Coemansia_sp._RSA_518	0	NO_READS_FOUND	no non-trivial read file in rnaseq_reads/ or rnaseq_normalized/
Coemansia_sp._RSA_520	0	NO_READS_FOUND	no non-trivial read file in rnaseq_reads/ or rnaseq_normalized/
Coemansia_sp._RSA_521	0	NO_READS_FOUND	no non-trivial read file in rnaseq_reads/ or rnaseq_normalized/
Coemansia_sp._RSA_522	0	NO_READS_FOUND	no non-trivial read file in rnaseq_reads/ or rnaseq_normalized/
Coemansia_sp._RSA_530	0	NO_READS_FOUND	no non-trivial read file in rnaseq_reads/ or rnaseq_normalized/
Coemansia_sp._RSA_532	0	NO_READS_FOUND	no non-trivial read file in rnaseq_reads/ or rnaseq_normalized/
Coemansia_sp._RSA_551	0	NO_READS_FOUND	no non-trivial read file in rnaseq_reads/ or rnaseq_normalized/
Coemansia_sp._RSA_552	0	NO_READS_FOUND	no non-trivial read file in rnaseq_reads/ or rnaseq_normalized/
Coemansia_sp._RSA_560	0	NO_READS_FOUND	no non-trivial read file in rnaseq_reads/ or rnaseq_normalized/
Coemansia_sp._RSA_562	0	NO_READS_FOUND	no non-trivial read file in rnaseq_reads/ or rnaseq_normalized/
Coemansia_sp._RSA_564	0	NO_READS_FOUND	no non-trivial read file in rnaseq_reads/ or rnaseq_normalized/
Coemansia_sp._RSA_637	0	NO_READS_FOUND	no non-trivial read file in rnaseq_reads/ or rnaseq_normalized/
Coemansia_sp._RSA_638	0	NO_READS_FOUND	no non-trivial read file in rnaseq_reads/ or rnaseq_normalized/
Coemansia_sp._RSA_678	0	NO_READS_FOUND	no non-trivial read file in rnaseq_reads/ or rnaseq_normalized/
Coemansia_sp._RSA_720	0	NO_READS_FOUND	no non-trivial read file in rnaseq_reads/ or rnaseq_normalized/
Coemansia_sp._RSA_788	0	NO_READS_FOUND	no non-trivial read file in rnaseq_reads/ or rnaseq_normalized/
Coemansia_sp._RSA_921	0	NO_READS_FOUND	no non-trivial read file in rnaseq_reads/ or rnaseq_normalized/
Coemansia_sp._RSA_922	0	NO_READS_FOUND	no non-trivial read file in rnaseq_reads/ or rnaseq_normalized/
Coemansia_sp._RSA_986	0	NO_READS_FOUND	no non-trivial read file in rnaseq_reads/ or rnaseq_normalized/
Coemansia_sp._RSA_988	0	NO_READS_FOUND	no non-trivial read file in rnaseq_reads/ or rnaseq_normalized/
Coemansia_sp._RSA_989	0	NO_READS_FOUND	no non-trivial read file in rnaseq_reads/ or rnaseq_normalized/
Coemansia_sp._RSA_990	0	NO_READS_FOUND	no non-trivial read file in rnaseq_reads/ or rnaseq_normalized/
Coemansia_sp._S100	0	NO_READS_FOUND	no non-trivial read file in rnaseq_reads/ or rnaseq_normalized/
Coemansia_sp._S142-1	0	NO_READS_FOUND	no non-trivial read file in rnaseq_reads/ or rnaseq_normalized/
Coemansia_sp._S146	0	NO_READS_FOUND	no non-trivial read file in rnaseq_reads/ or rnaseq_normalized/
Coemansia_sp._S155-1	0	NO_READS_FOUND	no non-trivial read file in rnaseq_reads/ or rnaseq_normalized/
Coemansia_sp._S16	0	NO_READS_FOUND	no non-trivial read file in rnaseq_reads/ or rnaseq_normalized/
Coemansia_sp._S17	0	NO_READS_FOUND	no non-trivial read file in rnaseq_reads/ or rnaseq_normalized/
Coemansia_sp._S2	0	NO_READS_FOUND	no non-trivial read file in rnaseq_reads/ or rnaseq_normalized/
Coemansia_sp._S3946	0	NO_READS_FOUND	no non-trivial read file in rnaseq_reads/ or rnaseq_normalized/
Coemansia_sp._S610	0	NO_READS_FOUND	no non-trivial read file in rnaseq_reads/ or rnaseq_normalized/
Coemansia_sp._S680	0	NO_READS_FOUND	no non-trivial read file in rnaseq_reads/ or rnaseq_normalized/
Coemansia_sp._S85	0	NO_READS_FOUND	no non-trivial read file in rnaseq_reads/ or rnaseq_normalized/
Coemansia_sp._formosensis	0	NO_READS_FOUND	no non-trivial read file in rnaseq_reads/ or rnaseq_normalized/
Coemansia_thaxteri	0	NO_READS_FOUND	no non-trivial read file in rnaseq_reads/ or rnaseq_normalized/
Coemansia_umbellata	0	NO_READS_FOUND	no non-trivial read file in rnaseq_reads/ or rnaseq_normalized/
Coleodictyospora_muriformis	0	NO_READS_FOUND	no non-trivial read file in rnaseq_reads/ or rnaseq_normalized/
Coleophoma_crateriformis	0	NO_READS_FOUND	no non-trivial read file in rnaseq_reads/ or rnaseq_normalized/
Coleophoma_cylindrospora	0	NO_READS_FOUND	no non-trivial read file in rnaseq_reads/ or rnaseq_normalized/
Coleophoma_eucalyptorum	0	NO_READS_FOUND	no non-trivial read file in rnaseq_reads/ or rnaseq_normalized/
Collariella_sp._IMI_366227	0	NO_READS_FOUND	no non-trivial read file in rnaseq_reads/ or rnaseq_normalized/
Collema_furfuraceum	0	NO_READS_FOUND	no non-trivial read file in rnaseq_reads/ or rnaseq_normalized/
Colletotrichum_abscissum	0	NO_READS_FOUND	no non-trivial read file in rnaseq_reads/ or rnaseq_normalized/
Colletotrichum_adenophorae	0	NO_READS_FOUND	no non-trivial read file in rnaseq_reads/ or rnaseq_normalized/
Colletotrichum_aenigma	0	NO_READS_FOUND	no non-trivial read file in rnaseq_reads/ or rnaseq_normalized/
Colletotrichum_agaves	0	NO_READS_FOUND	no non-trivial read file in rnaseq_reads/ or rnaseq_normalized/
Colletotrichum_australisinense	0	NO_READS_FOUND	no non-trivial read file in rnaseq_reads/ or rnaseq_normalized/
Colletotrichum_baiyuense	0	NO_READS_FOUND	no non-trivial read file in rnaseq_reads/ or rnaseq_normalized/
Colletotrichum_cangyuanense	0	NO_READS_FOUND	no non-trivial read file in rnaseq_reads/ or rnaseq_normalized/
Colletotrichum_casaense	0	NO_READS_FOUND	no non-trivial read file in rnaseq_reads/ or rnaseq_normalized/
Colletotrichum_chlorophyti	0	NO_READS_FOUND	no non-trivial read file in rnaseq_reads/ or rnaseq_normalized/
Colletotrichum_chrysophilum	0	NO_READS_FOUND	no non-trivial read file in rnaseq_reads/ or rnaseq_normalized/
Colletotrichum_cliviicola	0	NO_READS_FOUND	no non-trivial read file in rnaseq_reads/ or rnaseq_normalized/
Colletotrichum_coccodes	0	NO_READS_FOUND	no non-trivial read file in rnaseq_reads/ or rnaseq_normalized/
Colletotrichum_cordylinicola	0	NO_READS_FOUND	no non-trivial read file in rnaseq_reads/ or rnaseq_normalized/
Colletotrichum_costaricense	0	NO_READS_FOUND	no non-trivial read file in rnaseq_reads/ or rnaseq_normalized/
Colletotrichum_cuscutae	0	NO_READS_FOUND	no non-trivial read file in rnaseq_reads/ or rnaseq_normalized/
Colletotrichum_demersi	0	NO_READS_FOUND	no non-trivial read file in rnaseq_reads/ or rnaseq_normalized/
Colletotrichum_dianense	0	NO_READS_FOUND	no non-trivial read file in rnaseq_reads/ or rnaseq_normalized/
Colletotrichum_dimorphum	0	NO_READS_FOUND	no non-trivial read file in rnaseq_reads/ or rnaseq_normalized/
Colletotrichum_echinochloae	0	NO_READS_FOUND	no non-trivial read file in rnaseq_reads/ or rnaseq_normalized/
Colletotrichum_eleusines	0	NO_READS_FOUND	no non-trivial read file in rnaseq_reads/ or rnaseq_normalized/
Colletotrichum_endophyticum	0	NO_READS_FOUND	no non-trivial read file in rnaseq_reads/ or rnaseq_normalized/
Colletotrichum_euphorbiae	0	NO_READS_FOUND	no non-trivial read file in rnaseq_reads/ or rnaseq_normalized/
Colletotrichum_filicis	0	NO_READS_FOUND	no non-trivial read file in rnaseq_reads/ or rnaseq_normalized/
Colletotrichum_gardeniae	0	NO_READS_FOUND	no non-trivial read file in rnaseq_reads/ or rnaseq_normalized/
Colletotrichum_garzense	0	NO_READS_FOUND	no non-trivial read file in rnaseq_reads/ or rnaseq_normalized/
Colletotrichum_gigasporum	0	NO_READS_FOUND	no non-trivial read file in rnaseq_reads/ or rnaseq_normalized/
Colletotrichum_gracile	0	NO_READS_FOUND	no non-trivial read file in rnaseq_reads/ or rnaseq_normalized/
Colletotrichum_horii	0	NO_READS_FOUND	no non-trivial read file in rnaseq_reads/ or rnaseq_normalized/
Colletotrichum_kahawae	0	NO_READS_FOUND	no non-trivial read file in rnaseq_reads/ or rnaseq_normalized/
Colletotrichum_karsti	0	NO_READS_FOUND	no non-trivial read file in rnaseq_reads/ or rnaseq_normalized/
Colletotrichum_ledebouriae	0	NO_READS_FOUND	no non-trivial read file in rnaseq_reads/ or rnaseq_normalized/
Colletotrichum_lentis	0	NO_READS_FOUND	no non-trivial read file in rnaseq_reads/ or rnaseq_normalized/
Colletotrichum_liaoningense	0	NO_READS_FOUND	no non-trivial read file in rnaseq_reads/ or rnaseq_normalized/
Colletotrichum_limetticola	0	NO_READS_FOUND	no non-trivial read file in rnaseq_reads/ or rnaseq_normalized/
Colletotrichum_lini	0	NO_READS_FOUND	no non-trivial read file in rnaseq_reads/ or rnaseq_normalized/
Colletotrichum_magnum	0	NO_READS_FOUND	no non-trivial read file in rnaseq_reads/ or rnaseq_normalized/
Colletotrichum_melonis	0	NO_READS_FOUND	no non-trivial read file in rnaseq_reads/ or rnaseq_normalized/
Colletotrichum_menglaense	0	NO_READS_FOUND	no non-trivial read file in rnaseq_reads/ or rnaseq_normalized/
Colletotrichum_musae	0	NO_READS_FOUND	no non-trivial read file in rnaseq_reads/ or rnaseq_normalized/
Colletotrichum_musicola	0	NO_READS_FOUND	no non-trivial read file in rnaseq_reads/ or rnaseq_normalized/
Colletotrichum_nanhuaense	0	NO_READS_FOUND	no non-trivial read file in rnaseq_reads/ or rnaseq_normalized/
Colletotrichum_neosansevieriae	0	NO_READS_FOUND	no non-trivial read file in rnaseq_reads/ or rnaseq_normalized/
Colletotrichum_nigrum	0	NO_READS_FOUND	no non-trivial read file in rnaseq_reads/ or rnaseq_normalized/
Colletotrichum_noveboracense	0	NO_READS_FOUND	no non-trivial read file in rnaseq_reads/ or rnaseq_normalized/
Colletotrichum_nupharicola	0	NO_READS_FOUND	no non-trivial read file in rnaseq_reads/ or rnaseq_normalized/
Colletotrichum_oblongisporum	0	NO_READS_FOUND	no non-trivial read file in rnaseq_reads/ or rnaseq_normalized/
Colletotrichum_orbiculare	0	NO_READS_FOUND	no non-trivial read file in rnaseq_reads/ or rnaseq_normalized/
Colletotrichum_orchidophilum	0	NO_READS_FOUND	no non-trivial read file in rnaseq_reads/ or rnaseq_normalized/
Colletotrichum_paranaense	0	NO_READS_FOUND	no non-trivial read file in rnaseq_reads/ or rnaseq_normalized/
Colletotrichum_parvisporum	0	NO_READS_FOUND	no non-trivial read file in rnaseq_reads/ or rnaseq_normalized/
Colletotrichum_philoxeroidis	0	NO_READS_FOUND	no non-trivial read file in rnaseq_reads/ or rnaseq_normalized/
Colletotrichum_phormii	0	NO_READS_FOUND	no non-trivial read file in rnaseq_reads/ or rnaseq_normalized/
Colletotrichum_plurivorum	0	NO_READS_FOUND	no non-trivial read file in rnaseq_reads/ or rnaseq_normalized/
Colletotrichum_salicis	0	NO_READS_FOUND	no non-trivial read file in rnaseq_reads/ or rnaseq_normalized/
Colletotrichum_sansevieriae	0	NO_READS_FOUND	no non-trivial read file in rnaseq_reads/ or rnaseq_normalized/
Colletotrichum_shisoi	0	NO_READS_FOUND	no non-trivial read file in rnaseq_reads/ or rnaseq_normalized/
Colletotrichum_sidae	0	NO_READS_FOUND	no non-trivial read file in rnaseq_reads/ or rnaseq_normalized/
Colletotrichum_simmondsii	0	NO_READS_FOUND	no non-trivial read file in rnaseq_reads/ or rnaseq_normalized/
Colletotrichum_sojae	0	NO_READS_FOUND	no non-trivial read file in rnaseq_reads/ or rnaseq_normalized/
Colletotrichum_sp._AMP-2025a	0	NO_READS_FOUND	no non-trivial read file in rnaseq_reads/ or rnaseq_normalized/
Colletotrichum_sp._CLE4	0	NO_READS_FOUND	no non-trivial read file in rnaseq_reads/ or rnaseq_normalized/
Colletotrichum_sp._COLG25	0	NO_READS_FOUND	no non-trivial read file in rnaseq_reads/ or rnaseq_normalized/
Colletotrichum_sp._COLG31	0	NO_READS_FOUND	no non-trivial read file in rnaseq_reads/ or rnaseq_normalized/
Colletotrichum_sp._HC278	0	NO_READS_FOUND	no non-trivial read file in rnaseq_reads/ or rnaseq_normalized/
Colletotrichum_sp._HC292	0	NO_READS_FOUND	no non-trivial read file in rnaseq_reads/ or rnaseq_normalized/
Colletotrichum_sp._JS-367	0	NO_READS_FOUND	no non-trivial read file in rnaseq_reads/ or rnaseq_normalized/
Colletotrichum_sp._SAR11_239	0	NO_READS_FOUND	no non-trivial read file in rnaseq_reads/ or rnaseq_normalized/
Colletotrichum_sp._SAR11_240	0	NO_READS_FOUND	no non-trivial read file in rnaseq_reads/ or rnaseq_normalized/
Colletotrichum_sp._SAR11_57	0	NO_READS_FOUND	no non-trivial read file in rnaseq_reads/ or rnaseq_normalized/
Colletotrichum_sp._SAR11_59	0	NO_READS_FOUND	no non-trivial read file in rnaseq_reads/ or rnaseq_normalized/
Colletotrichum_sp._SAR_10_65	0	NO_READS_FOUND	no non-trivial read file in rnaseq_reads/ or rnaseq_normalized/
Colletotrichum_sp._SAR_10_66	0	NO_READS_FOUND	no non-trivial read file in rnaseq_reads/ or rnaseq_normalized/
Colletotrichum_sp._SAR_10_70	0	NO_READS_FOUND	no non-trivial read file in rnaseq_reads/ or rnaseq_normalized/
Colletotrichum_sp._SAR_10_71	0	NO_READS_FOUND	no non-trivial read file in rnaseq_reads/ or rnaseq_normalized/
Colletotrichum_sp._SAR_10_75	0	NO_READS_FOUND	no non-trivial read file in rnaseq_reads/ or rnaseq_normalized/
Colletotrichum_sp._SAR_10_76	0	NO_READS_FOUND	no non-trivial read file in rnaseq_reads/ or rnaseq_normalized/
Colletotrichum_sp._SAR_10_77	0	NO_READS_FOUND	no non-trivial read file in rnaseq_reads/ or rnaseq_normalized/
Colletotrichum_sp._SAR_10_86	0	NO_READS_FOUND	no non-trivial read file in rnaseq_reads/ or rnaseq_normalized/
Colletotrichum_sp._SAR_10_96	0	NO_READS_FOUND	no non-trivial read file in rnaseq_reads/ or rnaseq_normalized/
Colletotrichum_sp._SAR_10_98	0	NO_READS_FOUND	no non-trivial read file in rnaseq_reads/ or rnaseq_normalized/
Colletotrichum_sp._SAR_10_99	0	NO_READS_FOUND	no non-trivial read file in rnaseq_reads/ or rnaseq_normalized/
Colletotrichum_spaethianum	0	NO_READS_FOUND	no non-trivial read file in rnaseq_reads/ or rnaseq_normalized/
Colletotrichum_speciosum	0	NO_READS_FOUND	no non-trivial read file in rnaseq_reads/ or rnaseq_normalized/
Colletotrichum_spicati	0	NO_READS_FOUND	no non-trivial read file in rnaseq_reads/ or rnaseq_normalized/
Colletotrichum_spinosum	0	NO_READS_FOUND	no non-trivial read file in rnaseq_reads/ or rnaseq_normalized/
Colletotrichum_subhenanense	0	NO_READS_FOUND	no non-trivial read file in rnaseq_reads/ or rnaseq_normalized/
Colletotrichum_tabaci	0	NO_READS_FOUND	no non-trivial read file in rnaseq_reads/ or rnaseq_normalized/
Colletotrichum_tamarilloi	0	NO_READS_FOUND	no non-trivial read file in rnaseq_reads/ or rnaseq_normalized/
Colletotrichum_tengchongense	0	NO_READS_FOUND	no non-trivial read file in rnaseq_reads/ or rnaseq_normalized/
Colletotrichum_theobromicola	0	NO_READS_FOUND	no non-trivial read file in rnaseq_reads/ or rnaseq_normalized/
Colletotrichum_trifolii	0	NO_READS_FOUND	no non-trivial read file in rnaseq_reads/ or rnaseq_normalized/
Colletotrichum_tropicale	0	NO_READS_FOUND	no non-trivial read file in rnaseq_reads/ or rnaseq_normalized/
Colletotrichum_tropicicola	0	NO_READS_FOUND	no non-trivial read file in rnaseq_reads/ or rnaseq_normalized/
Colletotrichum_vulgaris	0	NO_READS_FOUND	no non-trivial read file in rnaseq_reads/ or rnaseq_normalized/
Colletotrichum_yuanjiangense	0	NO_READS_FOUND	no non-trivial read file in rnaseq_reads/ or rnaseq_normalized/
Collybia_sp._MG36	0	NO_READS_FOUND	no non-trivial read file in rnaseq_reads/ or rnaseq_normalized/
Collybiopsis_luxurians	0	NO_READS_FOUND	no non-trivial read file in rnaseq_reads/ or rnaseq_normalized/
Conglomerata_obtusa	0	NO_READS_FOUND	no non-trivial read file in rnaseq_reads/ or rnaseq_normalized/
Conidiobolus_coronatus	0	NO_READS_FOUND	no non-trivial read file in rnaseq_reads/ or rnaseq_normalized/
Conidiobolus_incongruus	0	NO_READS_FOUND	no non-trivial read file in rnaseq_reads/ or rnaseq_normalized/
Coniferiporia_weirii	0	NO_READS_FOUND	no non-trivial read file in rnaseq_reads/ or rnaseq_normalized/
Coniocarpon_cinnabarinum	0	NO_READS_FOUND	no non-trivial read file in rnaseq_reads/ or rnaseq_normalized/
Coniochaeta_endophytica	0	NO_READS_FOUND	no non-trivial read file in rnaseq_reads/ or rnaseq_normalized/
Coniochaeta_prunicola	0	NO_READS_FOUND	no non-trivial read file in rnaseq_reads/ or rnaseq_normalized/
Coniochaeta_pulveracea	0	NO_READS_FOUND	no non-trivial read file in rnaseq_reads/ or rnaseq_normalized/
Coniochaeta_sp._PK30-01	0	NO_READS_FOUND	no non-trivial read file in rnaseq_reads/ or rnaseq_normalized/
Coniochaeta_sp._PMI_546	0	NO_READS_FOUND	no non-trivial read file in rnaseq_reads/ or rnaseq_normalized/
Coniochaeta_sp._PT30-03-2	0	NO_READS_FOUND	no non-trivial read file in rnaseq_reads/ or rnaseq_normalized/
Conioexocarpus_cretaceus	0	NO_READS_FOUND	no non-trivial read file in rnaseq_reads/ or rnaseq_normalized/
Coniophora_puteana	0	NO_READS_FOUND	no non-trivial read file in rnaseq_reads/ or rnaseq_normalized/
Coniosporium_apollinis	0	NO_READS_FOUND	no non-trivial read file in rnaseq_reads/ or rnaseq_normalized/
Coniosporium_tulheliwenetii	0	NO_READS_FOUND	no non-trivial read file in rnaseq_reads/ or rnaseq_normalized/
Coniosporium_uncinatum	0	NO_READS_FOUND	no non-trivial read file in rnaseq_reads/ or rnaseq_normalized/
Coniothyrina_agaves	0	NO_READS_FOUND	no non-trivial read file in rnaseq_reads/ or rnaseq_normalized/
Coniothyrium_palmarum	0	NO_READS_FOUND	no non-trivial read file in rnaseq_reads/ or rnaseq_normalized/
Coniothyrium_telephii	0	NO_READS_FOUND	no non-trivial read file in rnaseq_reads/ or rnaseq_normalized/
Conocybe_deliquescens	0	NO_READS_FOUND	no non-trivial read file in rnaseq_reads/ or rnaseq_normalized/
Conoideocrella_luteorostrata	0	NO_READS_FOUND	no non-trivial read file in rnaseq_reads/ or rnaseq_normalized/
Coprinellus_aureogranulatus	0	NO_READS_FOUND	no non-trivial read file in rnaseq_reads/ or rnaseq_normalized/
Coprinellus_disseminatus	0	NO_READS_FOUND	no non-trivial read file in rnaseq_reads/ or rnaseq_normalized/
Coprinellus_domesticus	0	NO_READS_FOUND	no non-trivial read file in rnaseq_reads/ or rnaseq_normalized/
Coprinellus_radians	0	NO_READS_FOUND	no non-trivial read file in rnaseq_reads/ or rnaseq_normalized/
Coprinellus_saccharinus	0	NO_READS_FOUND	no non-trivial read file in rnaseq_reads/ or rnaseq_normalized/
Coprinellus_xanthothrix	0	NO_READS_FOUND	no non-trivial read file in rnaseq_reads/ or rnaseq_normalized/
Copromyces_sp._CBS_386.78	0	NO_READS_FOUND	no non-trivial read file in rnaseq_reads/ or rnaseq_normalized/
Cordyceps_amoene-rosea	0	NO_READS_FOUND	no non-trivial read file in rnaseq_reads/ or rnaseq_normalized/
Cordyceps_chanhua	0	NO_READS_FOUND	no non-trivial read file in rnaseq_reads/ or rnaseq_normalized/
Cordyceps_farinosa	0	NO_READS_FOUND	no non-trivial read file in rnaseq_reads/ or rnaseq_normalized/
Cordyceps_gunnii	0	NO_READS_FOUND	no non-trivial read file in rnaseq_reads/ or rnaseq_normalized/
Cordyceps_hehuanensis	0	NO_READS_FOUND	no non-trivial read file in rnaseq_reads/ or rnaseq_normalized/
Cordyceps_javanica	0	NO_READS_FOUND	no non-trivial read file in rnaseq_reads/ or rnaseq_normalized/
Cordyceps_locastrae	0	NO_READS_FOUND	no non-trivial read file in rnaseq_reads/ or rnaseq_normalized/
Cordyceps_malleiformis	0	NO_READS_FOUND	no non-trivial read file in rnaseq_reads/ or rnaseq_normalized/
Cordyceps_pruinosa	0	NO_READS_FOUND	no non-trivial read file in rnaseq_reads/ or rnaseq_normalized/
Cordyceps_pseudorosea	0	NO_READS_FOUND	no non-trivial read file in rnaseq_reads/ or rnaseq_normalized/
Cordyceps_siangyangensis	0	NO_READS_FOUND	no non-trivial read file in rnaseq_reads/ or rnaseq_normalized/
Cordyceps_sp._D1	0	NO_READS_FOUND	no non-trivial read file in rnaseq_reads/ or rnaseq_normalized/
Cordyceps_tenuipes	0	NO_READS_FOUND	no non-trivial read file in rnaseq_reads/ or rnaseq_normalized/
Corinectria_fuckeliana	0	NO_READS_FOUND	no non-trivial read file in rnaseq_reads/ or rnaseq_normalized/
Corniculantispora_dimorpha	0	NO_READS_FOUND	no non-trivial read file in rnaseq_reads/ or rnaseq_normalized/
Cornicularia_normoerica	0	NO_READS_FOUND	no non-trivial read file in rnaseq_reads/ or rnaseq_normalized/
Cortinarius_bolaris	0	NO_READS_FOUND	no non-trivial read file in rnaseq_reads/ or rnaseq_normalized/
Cortinarius_caperatus	0	NO_READS_FOUND	no non-trivial read file in rnaseq_reads/ or rnaseq_normalized/
Corynascus_novoguineensis	0	NO_READS_FOUND	no non-trivial read file in rnaseq_reads/ or rnaseq_normalized/
Corynascus_sepedonium	0	NO_READS_FOUND	no non-trivial read file in rnaseq_reads/ or rnaseq_normalized/
Corynascus_similis	0	NO_READS_FOUND	no non-trivial read file in rnaseq_reads/ or rnaseq_normalized/
Corynespora_olivacea	0	NO_READS_FOUND	no non-trivial read file in rnaseq_reads/ or rnaseq_normalized/
Cosmospora_coccinea	0	NO_READS_FOUND	no non-trivial read file in rnaseq_reads/ or rnaseq_normalized/
Cosmospora_cymosa	0	NO_READS_FOUND	no non-trivial read file in rnaseq_reads/ or rnaseq_normalized/
Cosmosporella_sp._VM-42	0	NO_READS_FOUND	no non-trivial read file in rnaseq_reads/ or rnaseq_normalized/
Craterellus_lutescens	0	NO_READS_FOUND	no non-trivial read file in rnaseq_reads/ or rnaseq_normalized/
Crepidotus_calolepis	0	NO_READS_FOUND	no non-trivial read file in rnaseq_reads/ or rnaseq_normalized/
Crepidotus_sp._BD-2015	0	NO_READS_FOUND	no non-trivial read file in rnaseq_reads/ or rnaseq_normalized/
Crespoa_crozalsiana	0	NO_READS_FOUND	no non-trivial read file in rnaseq_reads/ or rnaseq_normalized/
Crespoa_schelpei	0	NO_READS_FOUND	no non-trivial read file in rnaseq_reads/ or rnaseq_normalized/
Crinitomyces_ghanaensis	0	NO_READS_FOUND	no non-trivial read file in rnaseq_reads/ or rnaseq_normalized/
Crocinoboletus_aff._laetissimus	0	NO_READS_FOUND	no non-trivial read file in rnaseq_reads/ or rnaseq_normalized/
Crocinoboletus_sp._TRTC168568	0	NO_READS_FOUND	no non-trivial read file in rnaseq_reads/ or rnaseq_normalized/
Cronartium_comandrae	0	NO_READS_FOUND	no non-trivial read file in rnaseq_reads/ or rnaseq_normalized/
Cronartium_harknessii	0	NO_READS_FOUND	no non-trivial read file in rnaseq_reads/ or rnaseq_normalized/
Cronartium_pini	0	NO_READS_FOUND	no non-trivial read file in rnaseq_reads/ or rnaseq_normalized/
Cronartium_quercuum	0	NO_READS_FOUND	no non-trivial read file in rnaseq_reads/ or rnaseq_normalized/
Cronartium_ribicola	0	NO_READS_FOUND	no non-trivial read file in rnaseq_reads/ or rnaseq_normalized/
Crucibulum_cyathiforme	0	NO_READS_FOUND	no non-trivial read file in rnaseq_reads/ or rnaseq_normalized/
Crucibulum_parvulum	0	NO_READS_FOUND	no non-trivial read file in rnaseq_reads/ or rnaseq_normalized/
Cryoendolithus_antarcticus	0	NO_READS_FOUND	no non-trivial read file in rnaseq_reads/ or rnaseq_normalized/
Cryomyces_minteri	0	NO_READS_FOUND	no non-trivial read file in rnaseq_reads/ or rnaseq_normalized/
Cryphonectria_carpinicola	0	NO_READS_FOUND	no non-trivial read file in rnaseq_reads/ or rnaseq_normalized/
Cryphonectria_japonica	0	NO_READS_FOUND	no non-trivial read file in rnaseq_reads/ or rnaseq_normalized/
Cryphonectria_macrospora	0	NO_READS_FOUND	no non-trivial read file in rnaseq_reads/ or rnaseq_normalized/
Cryphonectria_naterciae	0	NO_READS_FOUND	no non-trivial read file in rnaseq_reads/ or rnaseq_normalized/
Cryphonectria_nitschkei	0	NO_READS_FOUND	no non-trivial read file in rnaseq_reads/ or rnaseq_normalized/
Cryphonectria_radicalis	0	NO_READS_FOUND	no non-trivial read file in rnaseq_reads/ or rnaseq_normalized/
Cryptocalciella_humilis	0	NO_READS_FOUND	no non-trivial read file in rnaseq_reads/ or rnaseq_normalized/
Cryptococcus_amylolentus	0	NO_READS_FOUND	no non-trivial read file in rnaseq_reads/ or rnaseq_normalized/
Cryptococcus_floricola	0	NO_READS_FOUND	no non-trivial read file in rnaseq_reads/ or rnaseq_normalized/
Cryptococcus_gattii_VGV	0	NO_READS_FOUND	no non-trivial read file in rnaseq_reads/ or rnaseq_normalized/
Cryptococcus_neoformans_x_Cryptococcus_deneoformans.composite-parents	0	NO_READS_FOUND	no non-trivial read file in rnaseq_reads/ or rnaseq_normalized/
Cryptococcus_sp._05_00	0	NO_READS_FOUND	no non-trivial read file in rnaseq_reads/ or rnaseq_normalized/
Cryptococcus_sp._CMW60451	0	NO_READS_FOUND	no non-trivial read file in rnaseq_reads/ or rnaseq_normalized/
Cryptococcus_sp._DSM_104548	0	NO_READS_FOUND	no non-trivial read file in rnaseq_reads/ or rnaseq_normalized/
Cryptococcus_sp._DSM_104549	0	NO_READS_FOUND	no non-trivial read file in rnaseq_reads/ or rnaseq_normalized/
Cryptococcus_sp._DSM_111205	0	NO_READS_FOUND	no non-trivial read file in rnaseq_reads/ or rnaseq_normalized/
Cryptococcus_sp._GC_Crypt_1	0	NO_READS_FOUND	no non-trivial read file in rnaseq_reads/ or rnaseq_normalized/
Cryptococcus_sp._GC_Crypt_2	0	NO_READS_FOUND	no non-trivial read file in rnaseq_reads/ or rnaseq_normalized/
Cryptococcus_sp._GC_Crypt_3	0	NO_READS_FOUND	no non-trivial read file in rnaseq_reads/ or rnaseq_normalized/
Cryptococcus_sp._GC_Crypt_4	0	NO_READS_FOUND	no non-trivial read file in rnaseq_reads/ or rnaseq_normalized/
Cryptococcus_sp._GC_Crypt_5	0	NO_READS_FOUND	no non-trivial read file in rnaseq_reads/ or rnaseq_normalized/
Cryptococcus_sp._GC_Crypt_6	0	NO_READS_FOUND	no non-trivial read file in rnaseq_reads/ or rnaseq_normalized/
Cryptococcus_sp._GC_Crypt_7	0	NO_READS_FOUND	no non-trivial read file in rnaseq_reads/ or rnaseq_normalized/
Cryptococcus_sp._GC_Crypt_8	0	NO_READS_FOUND	no non-trivial read file in rnaseq_reads/ or rnaseq_normalized/
Cryptococcus_sp._T15_22C	0	NO_READS_FOUND	no non-trivial read file in rnaseq_reads/ or rnaseq_normalized/
Cryptococcus_sp._VH57_BW	0	NO_READS_FOUND	no non-trivial read file in rnaseq_reads/ or rnaseq_normalized/
Cryptococcus_wingfieldii	0	NO_READS_FOUND	no non-trivial read file in rnaseq_reads/ or rnaseq_normalized/
Cryptoporus_qinlingensis	0	NO_READS_FOUND	no non-trivial read file in rnaseq_reads/ or rnaseq_normalized/
Cryptotrichosporon_argae	0	NO_READS_FOUND	no non-trivial read file in rnaseq_reads/ or rnaseq_normalized/
Cucumispora_dikerogammari	0	NO_READS_FOUND	no non-trivial read file in rnaseq_reads/ or rnaseq_normalized/
Cucurbitaria_berberidis	0	NO_READS_FOUND	no non-trivial read file in rnaseq_reads/ or rnaseq_normalized/
Cudoniella_acicularis	0	NO_READS_FOUND	no non-trivial read file in rnaseq_reads/ or rnaseq_normalized/
Cumuliphoma_indica	0	NO_READS_FOUND	no non-trivial read file in rnaseq_reads/ or rnaseq_normalized/
Cunninghamella_bainieri	0	NO_READS_FOUND	no non-trivial read file in rnaseq_reads/ or rnaseq_normalized/
Cunninghamella_blakesleeana	0	NO_READS_FOUND	no non-trivial read file in rnaseq_reads/ or rnaseq_normalized/
Cunninghamella_elegans	0	NO_READS_FOUND	no non-trivial read file in rnaseq_reads/ or rnaseq_normalized/
Curvibasidium_rogersii	0	NO_READS_FOUND	no non-trivial read file in rnaseq_reads/ or rnaseq_normalized/
Curvularia_cactivora	0	NO_READS_FOUND	no non-trivial read file in rnaseq_reads/ or rnaseq_normalized/
Curvularia_dactylocteniicola	0	NO_READS_FOUND	no non-trivial read file in rnaseq_reads/ or rnaseq_normalized/
Curvularia_eragrostidis	0	NO_READS_FOUND	no non-trivial read file in rnaseq_reads/ or rnaseq_normalized/
Curvularia_geniculata	0	NO_READS_FOUND	no non-trivial read file in rnaseq_reads/ or rnaseq_normalized/
Curvularia_hawaiiensis	0	NO_READS_FOUND	no non-trivial read file in rnaseq_reads/ or rnaseq_normalized/
Curvularia_homomorpha	0	NO_READS_FOUND	no non-trivial read file in rnaseq_reads/ or rnaseq_normalized/
Curvularia_kusanoi	0	NO_READS_FOUND	no non-trivial read file in rnaseq_reads/ or rnaseq_normalized/
Curvularia_papendorfii	0	NO_READS_FOUND	no non-trivial read file in rnaseq_reads/ or rnaseq_normalized/
Curvularia_pisi	0	NO_READS_FOUND	no non-trivial read file in rnaseq_reads/ or rnaseq_normalized/
Curvularia_soli	0	NO_READS_FOUND	no non-trivial read file in rnaseq_reads/ or rnaseq_normalized/
Curvularia_sp._IFB-Z10	0	NO_READS_FOUND	no non-trivial read file in rnaseq_reads/ or rnaseq_normalized/
Curvularia_sp._VISTSTROM-2862	0	NO_READS_FOUND	no non-trivial read file in rnaseq_reads/ or rnaseq_normalized/
Curvularia_sp._ZM96	0	NO_READS_FOUND	no non-trivial read file in rnaseq_reads/ or rnaseq_normalized/
Curvularia_spicifera	0	NO_READS_FOUND	no non-trivial read file in rnaseq_reads/ or rnaseq_normalized/
Curvularia_verruculosa	0	NO_READS_FOUND	no non-trivial read file in rnaseq_reads/ or rnaseq_normalized/
Cutaneotrichosporon_arboriforme	0	NO_READS_FOUND	no non-trivial read file in rnaseq_reads/ or rnaseq_normalized/
Cutaneotrichosporon_cyanovorans	0	NO_READS_FOUND	no non-trivial read file in rnaseq_reads/ or rnaseq_normalized/
Cutaneotrichosporon_daszewskae	0	NO_READS_FOUND	no non-trivial read file in rnaseq_reads/ or rnaseq_normalized/
Cutaneotrichosporon_dermatis	0	NO_READS_FOUND	no non-trivial read file in rnaseq_reads/ or rnaseq_normalized/
Cutaneotrichosporon_mucoides	0	NO_READS_FOUND	no non-trivial read file in rnaseq_reads/ or rnaseq_normalized/
Cutaneotrichosporon_sp._M503	0	NO_READS_FOUND	no non-trivial read file in rnaseq_reads/ or rnaseq_normalized/
Cutaneotrichosporon_sp._M94-02A	0	NO_READS_FOUND	no non-trivial read file in rnaseq_reads/ or rnaseq_normalized/
Cutaneotrichosporon_sp._P10-008	0	NO_READS_FOUND	no non-trivial read file in rnaseq_reads/ or rnaseq_normalized/
Cutaneotrichosporon_sp._PA3318	0	NO_READS_FOUND	no non-trivial read file in rnaseq_reads/ or rnaseq_normalized/
Cutaneotrichosporon_sp._PDH3307A	0	NO_READS_FOUND	no non-trivial read file in rnaseq_reads/ or rnaseq_normalized/
Cutaneotrichosporon_sp._PK4640	0	NO_READS_FOUND	no non-trivial read file in rnaseq_reads/ or rnaseq_normalized/
Cutaneotrichosporon_sp._PL3408A	0	NO_READS_FOUND	no non-trivial read file in rnaseq_reads/ or rnaseq_normalized/
Cutaneotrichosporon_sp._PT3311B	0	NO_READS_FOUND	no non-trivial read file in rnaseq_reads/ or rnaseq_normalized/
Cyanodermella_asteris	0	NO_READS_FOUND	no non-trivial read file in rnaseq_reads/ or rnaseq_normalized/
Cyathus_pygmaeus	0	NO_READS_FOUND	no non-trivial read file in rnaseq_reads/ or rnaseq_normalized/
Cyberlindnera_hibernica	0	NO_READS_FOUND	no non-trivial read file in rnaseq_reads/ or rnaseq_normalized/
Cyclaneusma_minus	0	NO_READS_FOUND	no non-trivial read file in rnaseq_reads/ or rnaseq_normalized/
Cyclocybe_cylindracea	0	NO_READS_FOUND	no non-trivial read file in rnaseq_reads/ or rnaseq_normalized/
Cylindricascospora_bacillispora	0	NO_READS_FOUND	no non-trivial read file in rnaseq_reads/ or rnaseq_normalized/
Cylindrodendrum_album	0	NO_READS_FOUND	no non-trivial read file in rnaseq_reads/ or rnaseq_normalized/
Cylindrodendrum_hubeiense	0	NO_READS_FOUND	no non-trivial read file in rnaseq_reads/ or rnaseq_normalized/
Cyphellophora_attinorum	0	NO_READS_FOUND	no non-trivial read file in rnaseq_reads/ or rnaseq_normalized/
Cyphellophora_europaea	0	NO_READS_FOUND	no non-trivial read file in rnaseq_reads/ or rnaseq_normalized/
Cyphobasidiales_sp._Tagirdzhanova-0007	0	NO_READS_FOUND	no non-trivial read file in rnaseq_reads/ or rnaseq_normalized/
Cystastrum_externum	0	NO_READS_FOUND	no non-trivial read file in rnaseq_reads/ or rnaseq_normalized/
Cystobasidiaceae_sp._HBUAS51001	0	NO_READS_FOUND	no non-trivial read file in rnaseq_reads/ or rnaseq_normalized/
Cystobasidiomycetes_sp.	0	NO_READS_FOUND	no non-trivial read file in rnaseq_reads/ or rnaseq_normalized/
Cystobasidiomycetes_sp._EMM_F5	0	NO_READS_FOUND	no non-trivial read file in rnaseq_reads/ or rnaseq_normalized/
Cystobasidiopsis_lactophilus	0	NO_READS_FOUND	no non-trivial read file in rnaseq_reads/ or rnaseq_normalized/
Cystobasidium_minutum	0	NO_READS_FOUND	no non-trivial read file in rnaseq_reads/ or rnaseq_normalized/
Cystobasidium_ongulense	0	NO_READS_FOUND	no non-trivial read file in rnaseq_reads/ or rnaseq_normalized/
Cystobasidium_onofrii	0	NO_READS_FOUND	no non-trivial read file in rnaseq_reads/ or rnaseq_normalized/
Cystobasidium_pallidum	0	NO_READS_FOUND	no non-trivial read file in rnaseq_reads/ or rnaseq_normalized/
Cystobasidium_slooffiae	0	NO_READS_FOUND	no non-trivial read file in rnaseq_reads/ or rnaseq_normalized/
Cystobasidium_sp._2NF920	0	NO_READS_FOUND	no non-trivial read file in rnaseq_reads/ or rnaseq_normalized/
Cystobasidium_sp._2NP905A	0	NO_READS_FOUND	no non-trivial read file in rnaseq_reads/ or rnaseq_normalized/
Cystobasidium_sp._P9004	0	NO_READS_FOUND	no non-trivial read file in rnaseq_reads/ or rnaseq_normalized/
Cystobasidium_sp._R9020	0	NO_READS_FOUND	no non-trivial read file in rnaseq_reads/ or rnaseq_normalized/
Cystobasidium_tubakii	0	NO_READS_FOUND	no non-trivial read file in rnaseq_reads/ or rnaseq_normalized/
Cystoderma_amianthinum	0	NO_READS_FOUND	no non-trivial read file in rnaseq_reads/ or rnaseq_normalized/
Cystodermella_granulosa	0	NO_READS_FOUND	no non-trivial read file in rnaseq_reads/ or rnaseq_normalized/
Cystofilobasidium_bisporidii	0	NO_READS_FOUND	no non-trivial read file in rnaseq_reads/ or rnaseq_normalized/
Cystofilobasidium_capitatum	0	NO_READS_FOUND	no non-trivial read file in rnaseq_reads/ or rnaseq_normalized/
Cystofilobasidium_ferigula	0	NO_READS_FOUND	no non-trivial read file in rnaseq_reads/ or rnaseq_normalized/
Cystofilobasidium_infirmominiatum	0	NO_READS_FOUND	no non-trivial read file in rnaseq_reads/ or rnaseq_normalized/
Cystofilobasidium_macerans	0	NO_READS_FOUND	no non-trivial read file in rnaseq_reads/ or rnaseq_normalized/
Cystolepiota_squamulosa	0	NO_READS_FOUND	no non-trivial read file in rnaseq_reads/ or rnaseq_normalized/
Cytospora_leucostoma	0	NO_READS_FOUND	no non-trivial read file in rnaseq_reads/ or rnaseq_normalized/
Cytospora_paraplurivora	0	NO_READS_FOUND	no non-trivial read file in rnaseq_reads/ or rnaseq_normalized/
Cytospora_piceae	0	NO_READS_FOUND	no non-trivial read file in rnaseq_reads/ or rnaseq_normalized/
Cytospora_piceicola	0	NO_READS_FOUND	no non-trivial read file in rnaseq_reads/ or rnaseq_normalized/
Cytospora_schulzeri	0	NO_READS_FOUND	no non-trivial read file in rnaseq_reads/ or rnaseq_normalized/
Dacryopinax_primogenitus	0	NO_READS_FOUND	no non-trivial read file in rnaseq_reads/ or rnaseq_normalized/
Dactylella_cylindrospora	0	NO_READS_FOUND	no non-trivial read file in rnaseq_reads/ or rnaseq_normalized/
Dactylellina_cionopaga	0	NO_READS_FOUND	no non-trivial read file in rnaseq_reads/ or rnaseq_normalized/
Dactylellina_drechsleri	0	NO_READS_FOUND	no non-trivial read file in rnaseq_reads/ or rnaseq_normalized/
Dactylellina_haptotyla	0	NO_READS_FOUND	no non-trivial read file in rnaseq_reads/ or rnaseq_normalized/
Dactylellina_leptospora	0	NO_READS_FOUND	no non-trivial read file in rnaseq_reads/ or rnaseq_normalized/
Dactylellina_parvicollis	0	NO_READS_FOUND	no non-trivial read file in rnaseq_reads/ or rnaseq_normalized/
Dactylellina_sp._tibetensis	0	NO_READS_FOUND	no non-trivial read file in rnaseq_reads/ or rnaseq_normalized/
Dactylobotrys_graminicola	0	NO_READS_FOUND	no non-trivial read file in rnaseq_reads/ or rnaseq_normalized/
Dactylonectria_alcacerensis	0	NO_READS_FOUND	no non-trivial read file in rnaseq_reads/ or rnaseq_normalized/
Dactylonectria_torresensis	0	NO_READS_FOUND	no non-trivial read file in rnaseq_reads/ or rnaseq_normalized/
Daedaleopsis_sinensis	0	NO_READS_FOUND	no non-trivial read file in rnaseq_reads/ or rnaseq_normalized/
Daia_ofunaensis	0	NO_READS_FOUND	no non-trivial read file in rnaseq_reads/ or rnaseq_normalized/
Daia_tannicola	0	NO_READS_FOUND	no non-trivial read file in rnaseq_reads/ or rnaseq_normalized/
Daldinia_carpinicola	0	NO_READS_FOUND	no non-trivial read file in rnaseq_reads/ or rnaseq_normalized/
Daldinia_childiae	0	NO_READS_FOUND	no non-trivial read file in rnaseq_reads/ or rnaseq_normalized/
Daldinia_concentrica	0	NO_READS_FOUND	no non-trivial read file in rnaseq_reads/ or rnaseq_normalized/
Daldinia_sp._EC12	0	NO_READS_FOUND	no non-trivial read file in rnaseq_reads/ or rnaseq_normalized/
Danielia_oregonensis	0	NO_READS_FOUND	no non-trivial read file in rnaseq_reads/ or rnaseq_normalized/
Danielia_reshetovae	0	NO_READS_FOUND	no non-trivial read file in rnaseq_reads/ or rnaseq_normalized/
Danielozyma_ontarioensis	0	NO_READS_FOUND	no non-trivial read file in rnaseq_reads/ or rnaseq_normalized/
Darksidea_phi	0	NO_READS_FOUND	no non-trivial read file in rnaseq_reads/ or rnaseq_normalized/
Davidsoniella_australis	0	NO_READS_FOUND	no non-trivial read file in rnaseq_reads/ or rnaseq_normalized/
Davidsoniella_eucalypti	0	NO_READS_FOUND	no non-trivial read file in rnaseq_reads/ or rnaseq_normalized/
Davidsoniella_neocaledoniae	0	NO_READS_FOUND	no non-trivial read file in rnaseq_reads/ or rnaseq_normalized/
Davidsoniella_virescens	0	NO_READS_FOUND	no non-trivial read file in rnaseq_reads/ or rnaseq_normalized/
Deakozyma_indianensis	0	NO_READS_FOUND	no non-trivial read file in rnaseq_reads/ or rnaseq_normalized/
Debaryomyces_coudertii	0	NO_READS_FOUND	no non-trivial read file in rnaseq_reads/ or rnaseq_normalized/
Debaryomyces_maramus	0	NO_READS_FOUND	no non-trivial read file in rnaseq_reads/ or rnaseq_normalized/
Debaryomyces_nepalensis	0	NO_READS_FOUND	no non-trivial read file in rnaseq_reads/ or rnaseq_normalized/
Debaryomyces_prosopidis	0	NO_READS_FOUND	no non-trivial read file in rnaseq_reads/ or rnaseq_normalized/
Debaryomyces_psychrophilus	0	NO_READS_FOUND	no non-trivial read file in rnaseq_reads/ or rnaseq_normalized/
Debaryomyces_robertsiae	0	NO_READS_FOUND	no non-trivial read file in rnaseq_reads/ or rnaseq_normalized/
Debaryomyces_sp.	0	NO_READS_FOUND	no non-trivial read file in rnaseq_reads/ or rnaseq_normalized/
Debaryomyces_sp._S3305	0	NO_READS_FOUND	no non-trivial read file in rnaseq_reads/ or rnaseq_normalized/
Debaryomyces_udenii	0	NO_READS_FOUND	no non-trivial read file in rnaseq_reads/ or rnaseq_normalized/
Debaryomycetaceae_sp._2NP920	0	NO_READS_FOUND	no non-trivial read file in rnaseq_reads/ or rnaseq_normalized/
Debaryomycetaceae_sp._2NP930A	0	NO_READS_FOUND	no non-trivial read file in rnaseq_reads/ or rnaseq_normalized/
Debaryomycetaceae_sp._2NR913A	0	NO_READS_FOUND	no non-trivial read file in rnaseq_reads/ or rnaseq_normalized/
Debaryomycetaceae_sp._2NR914	0	NO_READS_FOUND	no non-trivial read file in rnaseq_reads/ or rnaseq_normalized/
Debaryomycetaceae_sp._CAB_1570	0	NO_READS_FOUND	no non-trivial read file in rnaseq_reads/ or rnaseq_normalized/
Debaryomycetaceae_sp._JAC-2022a	0	NO_READS_FOUND	no non-trivial read file in rnaseq_reads/ or rnaseq_normalized/
Debaryomycetaceae_sp._NP9010	0	NO_READS_FOUND	no non-trivial read file in rnaseq_reads/ or rnaseq_normalized/
Debaryomycetaceae_sp._UCDFST_68-643	0	NO_READS_FOUND	no non-trivial read file in rnaseq_reads/ or rnaseq_normalized/
Debaryomycetaceae_sp._UCDFST_68-768.1	0	NO_READS_FOUND	no non-trivial read file in rnaseq_reads/ or rnaseq_normalized/
Debaryomycetaceae_sp._Y9007B	0	NO_READS_FOUND	no non-trivial read file in rnaseq_reads/ or rnaseq_normalized/
Debaryomycetaceae_sp._Y9007B-2	0	NO_READS_FOUND	no non-trivial read file in rnaseq_reads/ or rnaseq_normalized/
Debaryomycetaceae_sp._ZIM_2471	0	NO_READS_FOUND	no non-trivial read file in rnaseq_reads/ or rnaseq_normalized/
Debaryomycetaceae_sp._yHKB357	0	NO_READS_FOUND	no non-trivial read file in rnaseq_reads/ or rnaseq_normalized/
Deconica_xeroderma	0	NO_READS_FOUND	no non-trivial read file in rnaseq_reads/ or rnaseq_normalized/
Delitschia_confertaspora	0	NO_READS_FOUND	no non-trivial read file in rnaseq_reads/ or rnaseq_normalized/
Dendriscocaulon_intricatulum	0	NO_READS_FOUND	no non-trivial read file in rnaseq_reads/ or rnaseq_normalized/
Dendrostoma_leiphaemia	0	NO_READS_FOUND	no non-trivial read file in rnaseq_reads/ or rnaseq_normalized/
Dendrothele_bispora	0	NO_READS_FOUND	no non-trivial read file in rnaseq_reads/ or rnaseq_normalized/
Dengshuqunia_hispaniensis	0	NO_READS_FOUND	no non-trivial read file in rnaseq_reads/ or rnaseq_normalized/
Dentipellis_fragilis	0	NO_READS_FOUND	no non-trivial read file in rnaseq_reads/ or rnaseq_normalized/
Dentiscutata_erythropus	0	NO_READS_FOUND	no non-trivial read file in rnaseq_reads/ or rnaseq_normalized/
Dentiscutata_heterogama	0	NO_READS_FOUND	no non-trivial read file in rnaseq_reads/ or rnaseq_normalized/
Dermatocarpon_luridum	0	NO_READS_FOUND	no non-trivial read file in rnaseq_reads/ or rnaseq_normalized/
Dermatocarpon_miniatum	0	NO_READS_FOUND	no non-trivial read file in rnaseq_reads/ or rnaseq_normalized/
Dermiscellum_oulocheilum	0	NO_READS_FOUND	no non-trivial read file in rnaseq_reads/ or rnaseq_normalized/
Dialonectria_ullevolea	0	NO_READS_FOUND	no non-trivial read file in rnaseq_reads/ or rnaseq_normalized/
Diaporthe_ampelina	0	NO_READS_FOUND	no non-trivial read file in rnaseq_reads/ or rnaseq_normalized/
Diaporthe_aspalathi	0	NO_READS_FOUND	no non-trivial read file in rnaseq_reads/ or rnaseq_normalized/
Diaporthe_australafricana	0	NO_READS_FOUND	no non-trivial read file in rnaseq_reads/ or rnaseq_normalized/
Diaporthe_batatas	0	NO_READS_FOUND	no non-trivial read file in rnaseq_reads/ or rnaseq_normalized/
Diaporthe_caatingaensis	0	NO_READS_FOUND	no non-trivial read file in rnaseq_reads/ or rnaseq_normalized/
Diaporthe_capsici	0	NO_READS_FOUND	no non-trivial read file in rnaseq_reads/ or rnaseq_normalized/
Diaporthe_citriasiana	0	NO_READS_FOUND	no non-trivial read file in rnaseq_reads/ or rnaseq_normalized/
Diaporthe_citrichinensis	0	NO_READS_FOUND	no non-trivial read file in rnaseq_reads/ or rnaseq_normalized/
Diaporthe_destruens	0	NO_READS_FOUND	no non-trivial read file in rnaseq_reads/ or rnaseq_normalized/
Diaporthe_helianthi	0	NO_READS_FOUND	no non-trivial read file in rnaseq_reads/ or rnaseq_normalized/
Diaporthe_humulicola	0	NO_READS_FOUND	no non-trivial read file in rnaseq_reads/ or rnaseq_normalized/
Diaporthe_ilicicola	0	NO_READS_FOUND	no non-trivial read file in rnaseq_reads/ or rnaseq_normalized/
Diaporthe_kyushuensis	0	NO_READS_FOUND	no non-trivial read file in rnaseq_reads/ or rnaseq_normalized/
Diaporthe_longicolla	0	NO_READS_FOUND	no non-trivial read file in rnaseq_reads/ or rnaseq_normalized/
Diaporthe_macadamiae	0	NO_READS_FOUND	no non-trivial read file in rnaseq_reads/ or rnaseq_normalized/
Diaporthe_nobilis	0	NO_READS_FOUND	no non-trivial read file in rnaseq_reads/ or rnaseq_normalized/
Diaporthe_sojae	0	NO_READS_FOUND	no non-trivial read file in rnaseq_reads/ or rnaseq_normalized/
Diaporthe_sp._CK15	0	NO_READS_FOUND	no non-trivial read file in rnaseq_reads/ or rnaseq_normalized/
Diaporthe_sp._DP-2020a	0	NO_READS_FOUND	no non-trivial read file in rnaseq_reads/ or rnaseq_normalized/
Diaporthe_sp._DP-UAU-01	0	NO_READS_FOUND	no non-trivial read file in rnaseq_reads/ or rnaseq_normalized/
Diaporthe_sp._HANT25	0	NO_READS_FOUND	no non-trivial read file in rnaseq_reads/ or rnaseq_normalized/
Diaporthe_sp._K33	0	NO_READS_FOUND	no non-trivial read file in rnaseq_reads/ or rnaseq_normalized/
Diaporthe_sp._NJD1	0	NO_READS_FOUND	no non-trivial read file in rnaseq_reads/ or rnaseq_normalized/
Diaporthe_sp._P23	0	NO_READS_FOUND	no non-trivial read file in rnaseq_reads/ or rnaseq_normalized/
Diaporthe_sp._P3_1W	0	NO_READS_FOUND	no non-trivial read file in rnaseq_reads/ or rnaseq_normalized/
Diaporthe_sp._P46	0	NO_READS_FOUND	no non-trivial read file in rnaseq_reads/ or rnaseq_normalized/
Diaporthe_sp._X43	0	NO_READS_FOUND	no non-trivial read file in rnaseq_reads/ or rnaseq_normalized/
Diaporthe_ueckeri	0	NO_READS_FOUND	no non-trivial read file in rnaseq_reads/ or rnaseq_normalized/
Diaporthe_unshiuensis	0	NO_READS_FOUND	no non-trivial read file in rnaseq_reads/ or rnaseq_normalized/
Diaporthe_velutina	0	NO_READS_FOUND	no non-trivial read file in rnaseq_reads/ or rnaseq_normalized/
Diaporthe_vexans	0	NO_READS_FOUND	no non-trivial read file in rnaseq_reads/ or rnaseq_normalized/
Diatrype_stigma	0	NO_READS_FOUND	no non-trivial read file in rnaseq_reads/ or rnaseq_normalized/
Dibaeis_baeomyces	0	NO_READS_FOUND	no non-trivial read file in rnaseq_reads/ or rnaseq_normalized/
Dibaeis_sorediata	0	NO_READS_FOUND	no non-trivial read file in rnaseq_reads/ or rnaseq_normalized/
Dichomera_gemmicola	0	NO_READS_FOUND	no non-trivial read file in rnaseq_reads/ or rnaseq_normalized/
Dichotomopilus_funicola	0	NO_READS_FOUND	no non-trivial read file in rnaseq_reads/ or rnaseq_normalized/
Dictyocoela_muelleri	0	NO_READS_FOUND	no non-trivial read file in rnaseq_reads/ or rnaseq_normalized/
Dictyocoela_roeselum	0	NO_READS_FOUND	no non-trivial read file in rnaseq_reads/ or rnaseq_normalized/
Dictyomeridium_proponens	0	NO_READS_FOUND	no non-trivial read file in rnaseq_reads/ or rnaseq_normalized/
Diddensiella_caesifluorescens	0	NO_READS_FOUND	no non-trivial read file in rnaseq_reads/ or rnaseq_normalized/
Diddensiella_santjacobensis	0	NO_READS_FOUND	no non-trivial read file in rnaseq_reads/ or rnaseq_normalized/
Diddensiella_transvaalensis	0	NO_READS_FOUND	no non-trivial read file in rnaseq_reads/ or rnaseq_normalized/
Didymella_arachidicola	0	NO_READS_FOUND	no non-trivial read file in rnaseq_reads/ or rnaseq_normalized/
Didymella_exigua	0	NO_READS_FOUND	no non-trivial read file in rnaseq_reads/ or rnaseq_normalized/
Didymella_glomerata	0	NO_READS_FOUND	no non-trivial read file in rnaseq_reads/ or rnaseq_normalized/
Didymella_heteroderae	0	NO_READS_FOUND	no non-trivial read file in rnaseq_reads/ or rnaseq_normalized/
Didymella_keratinophila	0	NO_READS_FOUND	no non-trivial read file in rnaseq_reads/ or rnaseq_normalized/
Didymella_lethalis	0	NO_READS_FOUND	no non-trivial read file in rnaseq_reads/ or rnaseq_normalized/
Didymella_pinodes	0	NO_READS_FOUND	no non-trivial read file in rnaseq_reads/ or rnaseq_normalized/
Didymella_pomorum	0	NO_READS_FOUND	no non-trivial read file in rnaseq_reads/ or rnaseq_normalized/
Didymella_sp._IMI_355093	0	NO_READS_FOUND	no non-trivial read file in rnaseq_reads/ or rnaseq_normalized/
Didymellaceae_sp._537F	0	NO_READS_FOUND	no non-trivial read file in rnaseq_reads/ or rnaseq_normalized/
Didymellaceae_sp._YAFEF048	0	NO_READS_FOUND	no non-trivial read file in rnaseq_reads/ or rnaseq_normalized/
Didymobotryum_rigidum	0	NO_READS_FOUND	no non-trivial read file in rnaseq_reads/ or rnaseq_normalized/
Didymosphaeria_variabile	0	NO_READS_FOUND	no non-trivial read file in rnaseq_reads/ or rnaseq_normalized/
Dimargaris_cristalligena	0	NO_READS_FOUND	no non-trivial read file in rnaseq_reads/ or rnaseq_normalized/
Dimargaris_verticillata	0	NO_READS_FOUND	no non-trivial read file in rnaseq_reads/ or rnaseq_normalized/
Dimargaris_xerosporica	0	NO_READS_FOUND	no non-trivial read file in rnaseq_reads/ or rnaseq_normalized/
Dimelaena_oreina	0	NO_READS_FOUND	no non-trivial read file in rnaseq_reads/ or rnaseq_normalized/
Dinochytrium_kinnereticum	0	NO_READS_FOUND	no non-trivial read file in rnaseq_reads/ or rnaseq_normalized/
Dioszegia_aurantiaca	0	NO_READS_FOUND	no non-trivial read file in rnaseq_reads/ or rnaseq_normalized/
Dioszegia_buhagiarii	0	NO_READS_FOUND	no non-trivial read file in rnaseq_reads/ or rnaseq_normalized/
Dioszegia_catarinoi	0	NO_READS_FOUND	no non-trivial read file in rnaseq_reads/ or rnaseq_normalized/
Dioszegia_crocea	0	NO_READS_FOUND	no non-trivial read file in rnaseq_reads/ or rnaseq_normalized/
Dioszegia_fristingensis	0	NO_READS_FOUND	no non-trivial read file in rnaseq_reads/ or rnaseq_normalized/
Dioszegia_hungarica	0	NO_READS_FOUND	no non-trivial read file in rnaseq_reads/ or rnaseq_normalized/
Dioszegia_takashimae	0	NO_READS_FOUND	no non-trivial read file in rnaseq_reads/ or rnaseq_normalized/
Diplocarpon_coronariae	0	NO_READS_FOUND	no non-trivial read file in rnaseq_reads/ or rnaseq_normalized/
Diplocarpon_mali	0	NO_READS_FOUND	no non-trivial read file in rnaseq_reads/ or rnaseq_normalized/
Diplodia_bulgarica	0	NO_READS_FOUND	no non-trivial read file in rnaseq_reads/ or rnaseq_normalized/
Diplodia_corticola	0	NO_READS_FOUND	no non-trivial read file in rnaseq_reads/ or rnaseq_normalized/
Diplodia_intermedia	0	NO_READS_FOUND	no non-trivial read file in rnaseq_reads/ or rnaseq_normalized/
Diplodia_mutila	0	NO_READS_FOUND	no non-trivial read file in rnaseq_reads/ or rnaseq_normalized/
Diplodia_sapinea	0	NO_READS_FOUND	no non-trivial read file in rnaseq_reads/ or rnaseq_normalized/
Diplodia_scrobiculata	0	NO_READS_FOUND	no non-trivial read file in rnaseq_reads/ or rnaseq_normalized/
Diplodia_seriata	0	NO_READS_FOUND	no non-trivial read file in rnaseq_reads/ or rnaseq_normalized/
Diplogelasinospora_grovesii	0	NO_READS_FOUND	no non-trivial read file in rnaseq_reads/ or rnaseq_normalized/
Diploschistes_diacapsis	0	NO_READS_FOUND	no non-trivial read file in rnaseq_reads/ or rnaseq_normalized/
Dipodascopsis_uninucleata	0	NO_READS_FOUND	no non-trivial read file in rnaseq_reads/ or rnaseq_normalized/
Dipodascus_aggregatus	0	NO_READS_FOUND	no non-trivial read file in rnaseq_reads/ or rnaseq_normalized/
Dipodascus_albidus	0	NO_READS_FOUND	no non-trivial read file in rnaseq_reads/ or rnaseq_normalized/
Dipodascus_australiensis	0	NO_READS_FOUND	no non-trivial read file in rnaseq_reads/ or rnaseq_normalized/
Dipodascus_geniculatus	0	NO_READS_FOUND	no non-trivial read file in rnaseq_reads/ or rnaseq_normalized/
Dipodascus_siamensis	0	NO_READS_FOUND	no non-trivial read file in rnaseq_reads/ or rnaseq_normalized/
Dipsacomyces_acuminosporus	0	NO_READS_FOUND	no non-trivial read file in rnaseq_reads/ or rnaseq_normalized/
Dirinaria_frostii	0	NO_READS_FOUND	no non-trivial read file in rnaseq_reads/ or rnaseq_normalized/
Dirinaria_sp._GBRC_AP01	0	NO_READS_FOUND	no non-trivial read file in rnaseq_reads/ or rnaseq_normalized/
Dirinaria_sp._TL-2023a	0	NO_READS_FOUND	no non-trivial read file in rnaseq_reads/ or rnaseq_normalized/
Discina_ancilis	0	NO_READS_FOUND	no non-trivial read file in rnaseq_reads/ or rnaseq_normalized/
Discina_mcknightii	0	NO_READS_FOUND	no non-trivial read file in rnaseq_reads/ or rnaseq_normalized/
Discina_perlata	0	NO_READS_FOUND	no non-trivial read file in rnaseq_reads/ or rnaseq_normalized/
Discina_spinosospora	0	NO_READS_FOUND	no non-trivial read file in rnaseq_reads/ or rnaseq_normalized/
Discina_warnei	0	NO_READS_FOUND	no non-trivial read file in rnaseq_reads/ or rnaseq_normalized/
Dispira_parvispora	0	NO_READS_FOUND	no non-trivial read file in rnaseq_reads/ or rnaseq_normalized/
Dispira_simplex	0	NO_READS_FOUND	no non-trivial read file in rnaseq_reads/ or rnaseq_normalized/
Dissophora_globulifera	0	NO_READS_FOUND	no non-trivial read file in rnaseq_reads/ or rnaseq_normalized/
Diutina_catenulata	0	NO_READS_FOUND	no non-trivial read file in rnaseq_reads/ or rnaseq_normalized/
Diutina_mesorugosa	0	NO_READS_FOUND	no non-trivial read file in rnaseq_reads/ or rnaseq_normalized/
Diutina_neorugosa	0	NO_READS_FOUND	no non-trivial read file in rnaseq_reads/ or rnaseq_normalized/
Diutina_pseudorugosa	0	NO_READS_FOUND	no non-trivial read file in rnaseq_reads/ or rnaseq_normalized/
Diutina_ranongensis	0	NO_READS_FOUND	no non-trivial read file in rnaseq_reads/ or rnaseq_normalized/
Diutina_rugosa	0	NO_READS_FOUND	no non-trivial read file in rnaseq_reads/ or rnaseq_normalized/
Diutina_scorzettiae	0	NO_READS_FOUND	no non-trivial read file in rnaseq_reads/ or rnaseq_normalized/
Diutina_siamensis	0	NO_READS_FOUND	no non-trivial read file in rnaseq_reads/ or rnaseq_normalized/
Diutina_sp._M7407A	0	NO_READS_FOUND	no non-trivial read file in rnaseq_reads/ or rnaseq_normalized/
Diutina_sp._Y7414	0	NO_READS_FOUND	no non-trivial read file in rnaseq_reads/ or rnaseq_normalized/
Diversispora_eburnea	0	NO_READS_FOUND	no non-trivial read file in rnaseq_reads/ or rnaseq_normalized/
Diversispora_epigaea	0	NO_READS_FOUND	no non-trivial read file in rnaseq_reads/ or rnaseq_normalized/
Dothideomycetes_sp.	0	NO_READS_FOUND	no non-trivial read file in rnaseq_reads/ or rnaseq_normalized/
Dothideomycetes_sp._EMM_F3	0	NO_READS_FOUND	no non-trivial read file in rnaseq_reads/ or rnaseq_normalized/
Dothideomycetes_sp._NU197	0	NO_READS_FOUND	no non-trivial read file in rnaseq_reads/ or rnaseq_normalized/
Dothideomycetes_sp._NU200	0	NO_READS_FOUND	no non-trivial read file in rnaseq_reads/ or rnaseq_normalized/
Dothideomycetes_sp._NU30	0	NO_READS_FOUND	no non-trivial read file in rnaseq_reads/ or rnaseq_normalized/
Dothideomycetes_sp._NU332	0	NO_READS_FOUND	no non-trivial read file in rnaseq_reads/ or rnaseq_normalized/
Dothideomycetes_sp._NU457	0	NO_READS_FOUND	no non-trivial read file in rnaseq_reads/ or rnaseq_normalized/
Dothideomycetes_sp._NU459	0	NO_READS_FOUND	no non-trivial read file in rnaseq_reads/ or rnaseq_normalized/
Dothiora_sorbi	0	NO_READS_FOUND	no non-trivial read file in rnaseq_reads/ or rnaseq_normalized/
Dothiorella_sarmentorum	0	NO_READS_FOUND	no non-trivial read file in rnaseq_reads/ or rnaseq_normalized/
Dothistroma_pini	0	NO_READS_FOUND	no non-trivial read file in rnaseq_reads/ or rnaseq_normalized/
Drechslera_avenae	0	NO_READS_FOUND	no non-trivial read file in rnaseq_reads/ or rnaseq_normalized/
Drechslerella_coelobrocha	0	NO_READS_FOUND	no non-trivial read file in rnaseq_reads/ or rnaseq_normalized/
Drechslerella_stenobrocha	0	NO_READS_FOUND	no non-trivial read file in rnaseq_reads/ or rnaseq_normalized/
Dryadomyces_montetyi	0	NO_READS_FOUND	no non-trivial read file in rnaseq_reads/ or rnaseq_normalized/
Dryadomyces_quercivorus	0	NO_READS_FOUND	no non-trivial read file in rnaseq_reads/ or rnaseq_normalized/
Dujonia_boleticola	0	NO_READS_FOUND	no non-trivial read file in rnaseq_reads/ or rnaseq_normalized/
Dujonia_railenensis	0	NO_READS_FOUND	no non-trivial read file in rnaseq_reads/ or rnaseq_normalized/
Dujonia_santamariae	0	NO_READS_FOUND	no non-trivial read file in rnaseq_reads/ or rnaseq_normalized/
Dujonia_schatavii	0	NO_READS_FOUND	no non-trivial read file in rnaseq_reads/ or rnaseq_normalized/
Dujonia_zeylanoides	0	NO_READS_FOUND	no non-trivial read file in rnaseq_reads/ or rnaseq_normalized/
Echinodenticula_allantospora	0	NO_READS_FOUND	no non-trivial read file in rnaseq_reads/ or rnaseq_normalized/
Echinosphaeria_canescens	0	NO_READS_FOUND	no non-trivial read file in rnaseq_reads/ or rnaseq_normalized/
Echria_macrotheca	0	NO_READS_FOUND	no non-trivial read file in rnaseq_reads/ or rnaseq_normalized/
Edhazardia_aedis	0	NO_READS_FOUND	no non-trivial read file in rnaseq_reads/ or rnaseq_normalized/
Elaphomyces_granulatus	0	NO_READS_FOUND	no non-trivial read file in rnaseq_reads/ or rnaseq_normalized/
Elasticomyces_elasticus	0	NO_READS_FOUND	no non-trivial read file in rnaseq_reads/ or rnaseq_normalized/
Elsinoe_arachidis	0	NO_READS_FOUND	no non-trivial read file in rnaseq_reads/ or rnaseq_normalized/
Elsinoe_australis	0	NO_READS_FOUND	no non-trivial read file in rnaseq_reads/ or rnaseq_normalized/
Elsinoe_batatas	0	NO_READS_FOUND	no non-trivial read file in rnaseq_reads/ or rnaseq_normalized/
Elsinoe_fawcettii	0	NO_READS_FOUND	no non-trivial read file in rnaseq_reads/ or rnaseq_normalized/
Elsinoe_mangiferae	0	NO_READS_FOUND	no non-trivial read file in rnaseq_reads/ or rnaseq_normalized/
Elsinoe_necatrix	0	NO_READS_FOUND	no non-trivial read file in rnaseq_reads/ or rnaseq_normalized/
Elsinoe_perseae	0	NO_READS_FOUND	no non-trivial read file in rnaseq_reads/ or rnaseq_normalized/
Emarellia_grisea	0	NO_READS_FOUND	no non-trivial read file in rnaseq_reads/ or rnaseq_normalized/
Emergomyces_africanus	0	NO_READS_FOUND	no non-trivial read file in rnaseq_reads/ or rnaseq_normalized/
Emergomyces_orientalis	0	NO_READS_FOUND	no non-trivial read file in rnaseq_reads/ or rnaseq_normalized/
Emergomyces_pasteurianus	0	NO_READS_FOUND	no non-trivial read file in rnaseq_reads/ or rnaseq_normalized/
Emericellopsis_cladophorae	0	NO_READS_FOUND	no non-trivial read file in rnaseq_reads/ or rnaseq_normalized/
Emericellopsis_terricola	0	NO_READS_FOUND	no non-trivial read file in rnaseq_reads/ or rnaseq_normalized/
Emmonsia_crescens	0	NO_READS_FOUND	no non-trivial read file in rnaseq_reads/ or rnaseq_normalized/
Emmonsiellopsis_sp._PD_33	0	NO_READS_FOUND	no non-trivial read file in rnaseq_reads/ or rnaseq_normalized/
Emmonsiellopsis_sp._PD_5	0	NO_READS_FOUND	no non-trivial read file in rnaseq_reads/ or rnaseq_normalized/
Emydomyces_testavorans	0	NO_READS_FOUND	no non-trivial read file in rnaseq_reads/ or rnaseq_normalized/
Encephalitozoon_cuniculi	0	NO_READS_FOUND	no non-trivial read file in rnaseq_reads/ or rnaseq_normalized/
Encephalitozoon_hellem	0	NO_READS_FOUND	no non-trivial read file in rnaseq_reads/ or rnaseq_normalized/
Encephalitozoon_intestinalis	0	NO_READS_FOUND	no non-trivial read file in rnaseq_reads/ or rnaseq_normalized/
Encephalitozoon_romaleae	0	NO_READS_FOUND	no non-trivial read file in rnaseq_reads/ or rnaseq_normalized/
Encephalitozoon_sp._gmOTU3_Ox001895	0	NO_READS_FOUND	no non-trivial read file in rnaseq_reads/ or rnaseq_normalized/
Encephalitozoon_sp._gmOTU3_Ox002250	0	NO_READS_FOUND	no non-trivial read file in rnaseq_reads/ or rnaseq_normalized/
Endocalyx_cinctus	0	NO_READS_FOUND	no non-trivial read file in rnaseq_reads/ or rnaseq_normalized/
Endoconidiophora_laricicola	0	NO_READS_FOUND	no non-trivial read file in rnaseq_reads/ or rnaseq_normalized/
Endoconidiophora_polonica	0	NO_READS_FOUND	no non-trivial read file in rnaseq_reads/ or rnaseq_normalized/
Endocronartium_harknessii	0	NO_READS_FOUND	no non-trivial read file in rnaseq_reads/ or rnaseq_normalized/
Endothia_cerciana	0	NO_READS_FOUND	no non-trivial read file in rnaseq_reads/ or rnaseq_normalized/
Entelexis_apis	0	NO_READS_FOUND	no non-trivial read file in rnaseq_reads/ or rnaseq_normalized/
Entelexis_geochares	0	NO_READS_FOUND	no non-trivial read file in rnaseq_reads/ or rnaseq_normalized/
Entelexis_gropengiesseri	0	NO_READS_FOUND	no non-trivial read file in rnaseq_reads/ or rnaseq_normalized/
Entelexis_paramagnoliae	0	NO_READS_FOUND	no non-trivial read file in rnaseq_reads/ or rnaseq_normalized/
Entelexis_potacharoeniae	0	NO_READS_FOUND	no non-trivial read file in rnaseq_reads/ or rnaseq_normalized/
Entelexis_sorbosivorans	0	NO_READS_FOUND	no non-trivial read file in rnaseq_reads/ or rnaseq_normalized/
Entelexis_sp._DX6506	0	NO_READS_FOUND	no non-trivial read file in rnaseq_reads/ or rnaseq_normalized/
Entelexis_stigmatis	0	NO_READS_FOUND	no non-trivial read file in rnaseq_reads/ or rnaseq_normalized/
Entelexis_tilneyi	0	NO_READS_FOUND	no non-trivial read file in rnaseq_reads/ or rnaseq_normalized/
Entelexis_vaccinii	0	NO_READS_FOUND	no non-trivial read file in rnaseq_reads/ or rnaseq_normalized/
Enterocytospora_artemiae	0	NO_READS_FOUND	no non-trivial read file in rnaseq_reads/ or rnaseq_normalized/
Enterocytozoon_bieneusi	0	NO_READS_FOUND	no non-trivial read file in rnaseq_reads/ or rnaseq_normalized/
Enterocytozoonidae_sp._gmOTU24_Ox000445	0	NO_READS_FOUND	no non-trivial read file in rnaseq_reads/ or rnaseq_normalized/
Enterocytozoonidae_sp._gmOTU25_NHMUK014425822	0	NO_READS_FOUND	no non-trivial read file in rnaseq_reads/ or rnaseq_normalized/
Enterocytozoonidae_sp._gmOTU26_Ox002348	0	NO_READS_FOUND	no non-trivial read file in rnaseq_reads/ or rnaseq_normalized/
Enterocytozoonidae_sp._gmOTU27_Ox002306	0	NO_READS_FOUND	no non-trivial read file in rnaseq_reads/ or rnaseq_normalized/
Enteropsectra_breve	0	NO_READS_FOUND	no non-trivial read file in rnaseq_reads/ or rnaseq_normalized/
Enterospora_canceri	0	NO_READS_FOUND	no non-trivial read file in rnaseq_reads/ or rnaseq_normalized/
Entomortierella_beljakovae	0	NO_READS_FOUND	no non-trivial read file in rnaseq_reads/ or rnaseq_normalized/
Entomortierella_chlamydospora	0	NO_READS_FOUND	no non-trivial read file in rnaseq_reads/ or rnaseq_normalized/
Entomortierella_lignicola	0	NO_READS_FOUND	no non-trivial read file in rnaseq_reads/ or rnaseq_normalized/
Entonaema_liquescens	0	NO_READS_FOUND	no non-trivial read file in rnaseq_reads/ or rnaseq_normalized/
Entophlyctis_luteolus	0	NO_READS_FOUND	no non-trivial read file in rnaseq_reads/ or rnaseq_normalized/
Entophlyctis_sp._JEL0112	0	NO_READS_FOUND	no non-trivial read file in rnaseq_reads/ or rnaseq_normalized/
Entrophospora_candida	0	NO_READS_FOUND	no non-trivial read file in rnaseq_reads/ or rnaseq_normalized/
Entrophospora_sp._SA101	0	NO_READS_FOUND	no non-trivial read file in rnaseq_reads/ or rnaseq_normalized/
Ephebe_lanata	0	NO_READS_FOUND	no non-trivial read file in rnaseq_reads/ or rnaseq_normalized/
Ephebe_solida	0	NO_READS_FOUND	no non-trivial read file in rnaseq_reads/ or rnaseq_normalized/
Epibryon_bryophilum	0	NO_READS_FOUND	no non-trivial read file in rnaseq_reads/ or rnaseq_normalized/
Epibryon_interlamellare	0	NO_READS_FOUND	no non-trivial read file in rnaseq_reads/ or rnaseq_normalized/
Epibryon_turfosorum	0	NO_READS_FOUND	no non-trivial read file in rnaseq_reads/ or rnaseq_normalized/
Epichloe_amarillans	0	NO_READS_FOUND	no non-trivial read file in rnaseq_reads/ or rnaseq_normalized/
Epichloe_aotearoae	0	NO_READS_FOUND	no non-trivial read file in rnaseq_reads/ or rnaseq_normalized/
Epichloe_baconii	0	NO_READS_FOUND	no non-trivial read file in rnaseq_reads/ or rnaseq_normalized/
Epichloe_brachyelytri	0	NO_READS_FOUND	no non-trivial read file in rnaseq_reads/ or rnaseq_normalized/
Epichloe_bromicola	0	NO_READS_FOUND	no non-trivial read file in rnaseq_reads/ or rnaseq_normalized/
Epichloe_cabralii	0	NO_READS_FOUND	no non-trivial read file in rnaseq_reads/ or rnaseq_normalized/
Epichloe_canadensis	0	NO_READS_FOUND	no non-trivial read file in rnaseq_reads/ or rnaseq_normalized/
Epichloe_chisosa	0	NO_READS_FOUND	no non-trivial read file in rnaseq_reads/ or rnaseq_normalized/
Epichloe_clarkii	0	NO_READS_FOUND	no non-trivial read file in rnaseq_reads/ or rnaseq_normalized/
Epichloe_coenophiala	0	NO_READS_FOUND	no non-trivial read file in rnaseq_reads/ or rnaseq_normalized/
Epichloe_elymi	0	NO_READS_FOUND	no non-trivial read file in rnaseq_reads/ or rnaseq_normalized/
Epichloe_gansuensis	0	NO_READS_FOUND	no non-trivial read file in rnaseq_reads/ or rnaseq_normalized/
Epichloe_glyceriae	0	NO_READS_FOUND	no non-trivial read file in rnaseq_reads/ or rnaseq_normalized/
Epichloe_inebrians	0	NO_READS_FOUND	no non-trivial read file in rnaseq_reads/ or rnaseq_normalized/
Epichloe_pampeana	0	NO_READS_FOUND	no non-trivial read file in rnaseq_reads/ or rnaseq_normalized/
Epichloe_scottii	0	NO_READS_FOUND	no non-trivial read file in rnaseq_reads/ or rnaseq_normalized/
Epichloe_sibirici	0	NO_READS_FOUND	no non-trivial read file in rnaseq_reads/ or rnaseq_normalized/
Epichloe_siegelii	0	NO_READS_FOUND	no non-trivial read file in rnaseq_reads/ or rnaseq_normalized/
Epichloe_sp._1_LKC-2024	0	NO_READS_FOUND	no non-trivial read file in rnaseq_reads/ or rnaseq_normalized/
Epichloe_sp._2_LKC-2024	0	NO_READS_FOUND	no non-trivial read file in rnaseq_reads/ or rnaseq_normalized/
Epichloe_sp._AL9924	0	NO_READS_FOUND	no non-trivial read file in rnaseq_reads/ or rnaseq_normalized/
Epichloe_sp._FaTG-3	0	NO_READS_FOUND	no non-trivial read file in rnaseq_reads/ or rnaseq_normalized/
Epichloe_sp._HbrTG-3	0	NO_READS_FOUND	no non-trivial read file in rnaseq_reads/ or rnaseq_normalized/
Epichloe_stromatolonga	0	NO_READS_FOUND	no non-trivial read file in rnaseq_reads/ or rnaseq_normalized/
Epichloe_sylvatica	0	NO_READS_FOUND	no non-trivial read file in rnaseq_reads/ or rnaseq_normalized/
Epichloe_uncinata	0	NO_READS_FOUND	no non-trivial read file in rnaseq_reads/ or rnaseq_normalized/
Epicoccum_latusicollum	0	NO_READS_FOUND	no non-trivial read file in rnaseq_reads/ or rnaseq_normalized/
Epicoccum_sp._537A	0	NO_READS_FOUND	no non-trivial read file in rnaseq_reads/ or rnaseq_normalized/
Epicoccum_sp._F181	0	NO_READS_FOUND	no non-trivial read file in rnaseq_reads/ or rnaseq_normalized/
Epicoccum_sp._FBL181	0	NO_READS_FOUND	no non-trivial read file in rnaseq_reads/ or rnaseq_normalized/
Epidermophyton_floccosum	0	NO_READS_FOUND	no non-trivial read file in rnaseq_reads/ or rnaseq_normalized/
Epithele_typhae	0	NO_READS_FOUND	no non-trivial read file in rnaseq_reads/ or rnaseq_normalized/
Eremomyces_bilateralis	0	NO_READS_FOUND	no non-trivial read file in rnaseq_reads/ or rnaseq_normalized/
Eremothecium_coryli	0	NO_READS_FOUND	no non-trivial read file in rnaseq_reads/ or rnaseq_normalized/
Eremothecium_cymbalariae	0	NO_READS_FOUND	no non-trivial read file in rnaseq_reads/ or rnaseq_normalized/
Eremothecium_gossypii	0	NO_READS_FOUND	no non-trivial read file in rnaseq_reads/ or rnaseq_normalized/
Eremothecium_sinecaudum	0	NO_READS_FOUND	no non-trivial read file in rnaseq_reads/ or rnaseq_normalized/
Erysiphe_pulchra	0	NO_READS_FOUND	no non-trivial read file in rnaseq_reads/ or rnaseq_normalized/
Erythrobasidium_elongatum	0	NO_READS_FOUND	no non-trivial read file in rnaseq_reads/ or rnaseq_normalized/
Erythrobasidium_yunnanense	0	NO_READS_FOUND	no non-trivial read file in rnaseq_reads/ or rnaseq_normalized/
Escovopsis_sp._AC	0	NO_READS_FOUND	no non-trivial read file in rnaseq_reads/ or rnaseq_normalized/
Escovopsis_sp._Ae720	0	NO_READS_FOUND	no non-trivial read file in rnaseq_reads/ or rnaseq_normalized/
Escovopsis_sp._Ae724	0	NO_READS_FOUND	no non-trivial read file in rnaseq_reads/ or rnaseq_normalized/
Escovopsis_sp._Ae733	0	NO_READS_FOUND	no non-trivial read file in rnaseq_reads/ or rnaseq_normalized/
Escovopsis_sp._TC	0	NO_READS_FOUND	no non-trivial read file in rnaseq_reads/ or rnaseq_normalized/
Esteya_vermicola	0	NO_READS_FOUND	no non-trivial read file in rnaseq_reads/ or rnaseq_normalized/
Eurotiales_sp._R13A2	0	NO_READS_FOUND	no non-trivial read file in rnaseq_reads/ or rnaseq_normalized/
Eurotiales_sp._R3503	0	NO_READS_FOUND	no non-trivial read file in rnaseq_reads/ or rnaseq_normalized/
Eurotiomycetes_sp.	0	NO_READS_FOUND	no non-trivial read file in rnaseq_reads/ or rnaseq_normalized/
Eutypa_lata	0	NO_READS_FOUND	no non-trivial read file in rnaseq_reads/ or rnaseq_normalized/
Eutypella_sp._D-1	0	NO_READS_FOUND	no non-trivial read file in rnaseq_reads/ or rnaseq_normalized/
Evansstolkia_leycettana	0	NO_READS_FOUND	no non-trivial read file in rnaseq_reads/ or rnaseq_normalized/
Evernia_divaricata	0	NO_READS_FOUND	no non-trivial read file in rnaseq_reads/ or rnaseq_normalized/
Evernia_prunastri	0	NO_READS_FOUND	no non-trivial read file in rnaseq_reads/ or rnaseq_normalized/
Everniopsis_trulla	0	NO_READS_FOUND	no non-trivial read file in rnaseq_reads/ or rnaseq_normalized/
Exidia_glandulosa	0	NO_READS_FOUND	no non-trivial read file in rnaseq_reads/ or rnaseq_normalized/
Exobasidium_cylindrosporum	0	NO_READS_FOUND	no non-trivial read file in rnaseq_reads/ or rnaseq_normalized/
Exobasidium_rhododendri	0	NO_READS_FOUND	no non-trivial read file in rnaseq_reads/ or rnaseq_normalized/
Exophiala_aquamarina	0	NO_READS_FOUND	no non-trivial read file in rnaseq_reads/ or rnaseq_normalized/
Exophiala_bonariae	0	NO_READS_FOUND	no non-trivial read file in rnaseq_reads/ or rnaseq_normalized/
Exophiala_calicioides	0	NO_READS_FOUND	no non-trivial read file in rnaseq_reads/ or rnaseq_normalized/
Exophiala_lecanii-corni	0	NO_READS_FOUND	no non-trivial read file in rnaseq_reads/ or rnaseq_normalized/
Exophiala_phaeomuriformis	0	NO_READS_FOUND	no non-trivial read file in rnaseq_reads/ or rnaseq_normalized/
Exophiala_sp.	0	NO_READS_FOUND	no non-trivial read file in rnaseq_reads/ or rnaseq_normalized/
Exophiala_sp._448A	0	NO_READS_FOUND	no non-trivial read file in rnaseq_reads/ or rnaseq_normalized/
Exophiala_sp._449A	0	NO_READS_FOUND	no non-trivial read file in rnaseq_reads/ or rnaseq_normalized/
Exophiala_sp._BF2	0	NO_READS_FOUND	no non-trivial read file in rnaseq_reads/ or rnaseq_normalized/
Exophiala_sp._BO6	0	NO_READS_FOUND	no non-trivial read file in rnaseq_reads/ or rnaseq_normalized/
Exophiala_sp._CCFEE_6169	0	NO_READS_FOUND	no non-trivial read file in rnaseq_reads/ or rnaseq_normalized/
Exophiala_sp._CCFEE_6388	0	NO_READS_FOUND	no non-trivial read file in rnaseq_reads/ or rnaseq_normalized/
Exophiala_sp._HKRS030	0	NO_READS_FOUND	no non-trivial read file in rnaseq_reads/ or rnaseq_normalized/
Exophiala_sp._LBMH1013	0	NO_READS_FOUND	no non-trivial read file in rnaseq_reads/ or rnaseq_normalized/
Exserohilum_turcicum	0	NO_READS_FOUND	no non-trivial read file in rnaseq_reads/ or rnaseq_normalized/
Exsudoporus_floridanus	0	NO_READS_FOUND	no non-trivial read file in rnaseq_reads/ or rnaseq_normalized/
Exsudoporus_frostii	0	NO_READS_FOUND	no non-trivial read file in rnaseq_reads/ or rnaseq_normalized/
Extremus_antarcticus	0	NO_READS_FOUND	no non-trivial read file in rnaseq_reads/ or rnaseq_normalized/
Exutisphaerella_laricina	0	NO_READS_FOUND	no non-trivial read file in rnaseq_reads/ or rnaseq_normalized/
Falciformispora_senegalensis	0	NO_READS_FOUND	no non-trivial read file in rnaseq_reads/ or rnaseq_normalized/
Falciphora_oryzae	0	NO_READS_FOUND	no non-trivial read file in rnaseq_reads/ or rnaseq_normalized/
Farysia_acheniorum	0	NO_READS_FOUND	no non-trivial read file in rnaseq_reads/ or rnaseq_normalized/
Farysia_itapuensis	0	NO_READS_FOUND	no non-trivial read file in rnaseq_reads/ or rnaseq_normalized/
Favolaschia_claudopus	0	NO_READS_FOUND	no non-trivial read file in rnaseq_reads/ or rnaseq_normalized/
Fereydounia_khargensis	0	NO_READS_FOUND	no non-trivial read file in rnaseq_reads/ or rnaseq_normalized/
Fibroporia_radiculosa	0	NO_READS_FOUND	no non-trivial read file in rnaseq_reads/ or rnaseq_normalized/
Filobasidium_elegans	0	NO_READS_FOUND	no non-trivial read file in rnaseq_reads/ or rnaseq_normalized/
Filobasidium_globisporum	0	NO_READS_FOUND	no non-trivial read file in rnaseq_reads/ or rnaseq_normalized/
Filobasidium_magnum	0	NO_READS_FOUND	no non-trivial read file in rnaseq_reads/ or rnaseq_normalized/
Filobasidium_sp._CLIB4440	0	NO_READS_FOUND	no non-trivial read file in rnaseq_reads/ or rnaseq_normalized/
Filobasidium_uniguttulatum	0	NO_READS_FOUND	no non-trivial read file in rnaseq_reads/ or rnaseq_normalized/
Filosporella_fistucella	0	NO_READS_FOUND	no non-trivial read file in rnaseq_reads/ or rnaseq_normalized/
Fimicolochytrium_jonesii	0	NO_READS_FOUND	no non-trivial read file in rnaseq_reads/ or rnaseq_normalized/
Fissurina_insidiosa	0	NO_READS_FOUND	no non-trivial read file in rnaseq_reads/ or rnaseq_normalized/
Fistulina_hepatica	0	NO_READS_FOUND	no non-trivial read file in rnaseq_reads/ or rnaseq_normalized/
Fistulinella_cinereoalba	0	NO_READS_FOUND	no non-trivial read file in rnaseq_reads/ or rnaseq_normalized/
Fistulinella_prunicolor	0	NO_READS_FOUND	no non-trivial read file in rnaseq_reads/ or rnaseq_normalized/
Fistulinella_staudtii	0	NO_READS_FOUND	no non-trivial read file in rnaseq_reads/ or rnaseq_normalized/
Flammulina_velutipes	0	NO_READS_FOUND	no non-trivial read file in rnaseq_reads/ or rnaseq_normalized/
Flavocetraria_cucullata	0	NO_READS_FOUND	no non-trivial read file in rnaseq_reads/ or rnaseq_normalized/
Flavodon_sp._x10	0	NO_READS_FOUND	no non-trivial read file in rnaseq_reads/ or rnaseq_normalized/
Flavoparmelia_baltimorensis	0	NO_READS_FOUND	no non-trivial read file in rnaseq_reads/ or rnaseq_normalized/
Flavoparmelia_citrinescens	0	NO_READS_FOUND	no non-trivial read file in rnaseq_reads/ or rnaseq_normalized/
Flavoplaca_austrocitrina	0	NO_READS_FOUND	no non-trivial read file in rnaseq_reads/ or rnaseq_normalized/
Flavoplaca_cf._flavocitrina	0	NO_READS_FOUND	no non-trivial read file in rnaseq_reads/ or rnaseq_normalized/
Flavoplaca_citrina	0	NO_READS_FOUND	no non-trivial read file in rnaseq_reads/ or rnaseq_normalized/
Flavoplaca_limonia	0	NO_READS_FOUND	no non-trivial read file in rnaseq_reads/ or rnaseq_normalized/
Flavoplaca_navasiana	0	NO_READS_FOUND	no non-trivial read file in rnaseq_reads/ or rnaseq_normalized/
Flavoplaca_oasis	0	NO_READS_FOUND	no non-trivial read file in rnaseq_reads/ or rnaseq_normalized/
Flavoplaca_sp._TL-2023a	0	NO_READS_FOUND	no non-trivial read file in rnaseq_reads/ or rnaseq_normalized/
Flavopunctelia_flaventior	0	NO_READS_FOUND	no non-trivial read file in rnaseq_reads/ or rnaseq_normalized/
Floridaphiala_radiotolerans	0	NO_READS_FOUND	no non-trivial read file in rnaseq_reads/ or rnaseq_normalized/
Foliophoma_fallens	0	NO_READS_FOUND	no non-trivial read file in rnaseq_reads/ or rnaseq_normalized/
Fomitiporia_polymorpha	0	NO_READS_FOUND	no non-trivial read file in rnaseq_reads/ or rnaseq_normalized/
Fomitopsis_dickinsii	0	NO_READS_FOUND	no non-trivial read file in rnaseq_reads/ or rnaseq_normalized/
Fomitopsis_palustris	0	NO_READS_FOUND	no non-trivial read file in rnaseq_reads/ or rnaseq_normalized/
Fomitopsis_quercina	0	NO_READS_FOUND	no non-trivial read file in rnaseq_reads/ or rnaseq_normalized/
Fonsecaea_erecta	0	NO_READS_FOUND	no non-trivial read file in rnaseq_reads/ or rnaseq_normalized/
Fonsecaea_monophora	0	NO_READS_FOUND	no non-trivial read file in rnaseq_reads/ or rnaseq_normalized/
Fonsecaea_multimorphosa	0	NO_READS_FOUND	no non-trivial read file in rnaseq_reads/ or rnaseq_normalized/
Fonsecaea_nubica	0	NO_READS_FOUND	no non-trivial read file in rnaseq_reads/ or rnaseq_normalized/
Fonsecaea_pedrosoi	0	NO_READS_FOUND	no non-trivial read file in rnaseq_reads/ or rnaseq_normalized/
Fonsecaea_pugnacius	0	NO_READS_FOUND	no non-trivial read file in rnaseq_reads/ or rnaseq_normalized/
Fonsecazyma_sp._YL-2025a	0	NO_READS_FOUND	no non-trivial read file in rnaseq_reads/ or rnaseq_normalized/
Friedmanniomyces_endolithicus	0	NO_READS_FOUND	no non-trivial read file in rnaseq_reads/ or rnaseq_normalized/
Friedmanniomyces_simplex	0	NO_READS_FOUND	no non-trivial read file in rnaseq_reads/ or rnaseq_normalized/
Fulgogasparrea_decipioides	0	NO_READS_FOUND	no non-trivial read file in rnaseq_reads/ or rnaseq_normalized/
Fulvifomes_rimosus	0	NO_READS_FOUND	no non-trivial read file in rnaseq_reads/ or rnaseq_normalized/
Funneliformis_caledonium	0	NO_READS_FOUND	no non-trivial read file in rnaseq_reads/ or rnaseq_normalized/
Funneliformis_geosporum	0	NO_READS_FOUND	no non-trivial read file in rnaseq_reads/ or rnaseq_normalized/
Furcasterigmium_furcatum	0	NO_READS_FOUND	no non-trivial read file in rnaseq_reads/ or rnaseq_normalized/
Furcasterigmium_sp._R96-07A1	0	NO_READS_FOUND	no non-trivial read file in rnaseq_reads/ or rnaseq_normalized/
Furculomyces_boomerangus	0	NO_READS_FOUND	no non-trivial read file in rnaseq_reads/ or rnaseq_normalized/
Fusarium_abutilonis	0	NO_READS_FOUND	no non-trivial read file in rnaseq_reads/ or rnaseq_normalized/
Fusarium_acaciae-mearnsii	0	NO_READS_FOUND	no non-trivial read file in rnaseq_reads/ or rnaseq_normalized/
Fusarium_acutatum	0	NO_READS_FOUND	no non-trivial read file in rnaseq_reads/ or rnaseq_normalized/
Fusarium_aethiopicum	0	NO_READS_FOUND	no non-trivial read file in rnaseq_reads/ or rnaseq_normalized/
Fusarium_agapanthi	0	NO_READS_FOUND	no non-trivial read file in rnaseq_reads/ or rnaseq_normalized/
Fusarium_albidum	0	NO_READS_FOUND	no non-trivial read file in rnaseq_reads/ or rnaseq_normalized/
Fusarium_albosuccineum	0	NO_READS_FOUND	no non-trivial read file in rnaseq_reads/ or rnaseq_normalized/
Fusarium_algeriense	0	NO_READS_FOUND	no non-trivial read file in rnaseq_reads/ or rnaseq_normalized/
Fusarium_anguioides	0	NO_READS_FOUND	no non-trivial read file in rnaseq_reads/ or rnaseq_normalized/
Fusarium_anthophilum	0	NO_READS_FOUND	no non-trivial read file in rnaseq_reads/ or rnaseq_normalized/
Fusarium_arcuatisporum	0	NO_READS_FOUND	no non-trivial read file in rnaseq_reads/ or rnaseq_normalized/
Fusarium_armeniacum	0	NO_READS_FOUND	no non-trivial read file in rnaseq_reads/ or rnaseq_normalized/
Fusarium_austroafricanum	0	NO_READS_FOUND	no non-trivial read file in rnaseq_reads/ or rnaseq_normalized/
Fusarium_aywerte	0	NO_READS_FOUND	no non-trivial read file in rnaseq_reads/ or rnaseq_normalized/
Fusarium_azukiicola	0	NO_READS_FOUND	no non-trivial read file in rnaseq_reads/ or rnaseq_normalized/
Fusarium_babinda	0	NO_READS_FOUND	no non-trivial read file in rnaseq_reads/ or rnaseq_normalized/
Fusarium_bactridioides	0	NO_READS_FOUND	no non-trivial read file in rnaseq_reads/ or rnaseq_normalized/
Fusarium_begoniae	0	NO_READS_FOUND	no non-trivial read file in rnaseq_reads/ or rnaseq_normalized/
Fusarium_boothii	0	NO_READS_FOUND	no non-trivial read file in rnaseq_reads/ or rnaseq_normalized/
Fusarium_brachygibbosum	0	NO_READS_FOUND	no non-trivial read file in rnaseq_reads/ or rnaseq_normalized/
Fusarium_brasilicum	0	NO_READS_FOUND	no non-trivial read file in rnaseq_reads/ or rnaseq_normalized/
Fusarium_brasiliense	0	NO_READS_FOUND	no non-trivial read file in rnaseq_reads/ or rnaseq_normalized/
Fusarium_brevicatenulatum	0	NO_READS_FOUND	no non-trivial read file in rnaseq_reads/ or rnaseq_normalized/
Fusarium_buharicum	0	NO_READS_FOUND	no non-trivial read file in rnaseq_reads/ or rnaseq_normalized/
Fusarium_bulbicola	0	NO_READS_FOUND	no non-trivial read file in rnaseq_reads/ or rnaseq_normalized/
Fusarium_burgessii	0	NO_READS_FOUND	no non-trivial read file in rnaseq_reads/ or rnaseq_normalized/
Fusarium_buxicola	0	NO_READS_FOUND	no non-trivial read file in rnaseq_reads/ or rnaseq_normalized/
Fusarium_caatingaense	0	NO_READS_FOUND	no non-trivial read file in rnaseq_reads/ or rnaseq_normalized/
Fusarium_camptoceras	0	NO_READS_FOUND	no non-trivial read file in rnaseq_reads/ or rnaseq_normalized/
Fusarium_celtis-occidentalis	0	NO_READS_FOUND	no non-trivial read file in rnaseq_reads/ or rnaseq_normalized/
Fusarium_cerealis	0	NO_READS_FOUND	no non-trivial read file in rnaseq_reads/ or rnaseq_normalized/
Fusarium_cf._aywerte	0	NO_READS_FOUND	no non-trivial read file in rnaseq_reads/ or rnaseq_normalized/
Fusarium_cf._falciforme	0	NO_READS_FOUND	no non-trivial read file in rnaseq_reads/ or rnaseq_normalized/
Fusarium_cf._hostae	0	NO_READS_FOUND	no non-trivial read file in rnaseq_reads/ or rnaseq_normalized/
Fusarium_cf._nygamai	0	NO_READS_FOUND	no non-trivial read file in rnaseq_reads/ or rnaseq_normalized/
Fusarium_cf._verticillioides	0	NO_READS_FOUND	no non-trivial read file in rnaseq_reads/ or rnaseq_normalized/
Fusarium_chaquense	0	NO_READS_FOUND	no non-trivial read file in rnaseq_reads/ or rnaseq_normalized/
Fusarium_chlamydosporum	0	NO_READS_FOUND	no non-trivial read file in rnaseq_reads/ or rnaseq_normalized/
Fusarium_chuoi	0	NO_READS_FOUND	no non-trivial read file in rnaseq_reads/ or rnaseq_normalized/
Fusarium_cicatricum	0	NO_READS_FOUND	no non-trivial read file in rnaseq_reads/ or rnaseq_normalized/
Fusarium_citri	0	NO_READS_FOUND	no non-trivial read file in rnaseq_reads/ or rnaseq_normalized/
Fusarium_clavum	0	NO_READS_FOUND	no non-trivial read file in rnaseq_reads/ or rnaseq_normalized/
Fusarium_coffeatum	0	NO_READS_FOUND	no non-trivial read file in rnaseq_reads/ or rnaseq_normalized/
Fusarium_coicis	0	NO_READS_FOUND	no non-trivial read file in rnaseq_reads/ or rnaseq_normalized/
Fusarium_compactum	0	NO_READS_FOUND	no non-trivial read file in rnaseq_reads/ or rnaseq_normalized/
Fusarium_concentricum	0	NO_READS_FOUND	no non-trivial read file in rnaseq_reads/ or rnaseq_normalized/
Fusarium_concolor	0	NO_READS_FOUND	no non-trivial read file in rnaseq_reads/ or rnaseq_normalized/
Fusarium_continuum	0	NO_READS_FOUND	no non-trivial read file in rnaseq_reads/ or rnaseq_normalized/
Fusarium_cuneirostrum	0	NO_READS_FOUND	no non-trivial read file in rnaseq_reads/ or rnaseq_normalized/
Fusarium_cyanostomum	0	NO_READS_FOUND	no non-trivial read file in rnaseq_reads/ or rnaseq_normalized/
Fusarium_decemcellulare	0	NO_READS_FOUND	no non-trivial read file in rnaseq_reads/ or rnaseq_normalized/
Fusarium_delphinoides	0	NO_READS_FOUND	no non-trivial read file in rnaseq_reads/ or rnaseq_normalized/
Fusarium_denticulatum	0	NO_READS_FOUND	no non-trivial read file in rnaseq_reads/ or rnaseq_normalized/
Fusarium_devonianum	0	NO_READS_FOUND	no non-trivial read file in rnaseq_reads/ or rnaseq_normalized/
Fusarium_dimerum	0	NO_READS_FOUND	no non-trivial read file in rnaseq_reads/ or rnaseq_normalized/
Fusarium_dlaminii	0	NO_READS_FOUND	no non-trivial read file in rnaseq_reads/ or rnaseq_normalized/
Fusarium_domesticum	0	NO_READS_FOUND	no non-trivial read file in rnaseq_reads/ or rnaseq_normalized/
Fusarium_flagelliforme	0	NO_READS_FOUND	no non-trivial read file in rnaseq_reads/ or rnaseq_normalized/
Fusarium_flocciferum	0	NO_READS_FOUND	no non-trivial read file in rnaseq_reads/ or rnaseq_normalized/
Fusarium_fracticaudum	0	NO_READS_FOUND	no non-trivial read file in rnaseq_reads/ or rnaseq_normalized/
Fusarium_fredkrugeri	0	NO_READS_FOUND	no non-trivial read file in rnaseq_reads/ or rnaseq_normalized/
Fusarium_gaditjirri	0	NO_READS_FOUND	no non-trivial read file in rnaseq_reads/ or rnaseq_normalized/
Fusarium_gerlachii	0	NO_READS_FOUND	no non-trivial read file in rnaseq_reads/ or rnaseq_normalized/
Fusarium_globosum	0	NO_READS_FOUND	no non-trivial read file in rnaseq_reads/ or rnaseq_normalized/
Fusarium_goolgardi	0	NO_READS_FOUND	no non-trivial read file in rnaseq_reads/ or rnaseq_normalized/
Fusarium_graminum	0	NO_READS_FOUND	no non-trivial read file in rnaseq_reads/ or rnaseq_normalized/
Fusarium_guadeloupense	0	NO_READS_FOUND	no non-trivial read file in rnaseq_reads/ or rnaseq_normalized/
Fusarium_guttiforme	0	NO_READS_FOUND	no non-trivial read file in rnaseq_reads/ or rnaseq_normalized/
Fusarium_haematococcum	0	NO_READS_FOUND	no non-trivial read file in rnaseq_reads/ or rnaseq_normalized/
Fusarium_hainanense	0	NO_READS_FOUND	no non-trivial read file in rnaseq_reads/ or rnaseq_normalized/
Fusarium_heterosporum	0	NO_READS_FOUND	no non-trivial read file in rnaseq_reads/ or rnaseq_normalized/
Fusarium_hostae	0	NO_READS_FOUND	no non-trivial read file in rnaseq_reads/ or rnaseq_normalized/
Fusarium_humuli	0	NO_READS_FOUND	no non-trivial read file in rnaseq_reads/ or rnaseq_normalized/
Fusarium_illudens	0	NO_READS_FOUND	no non-trivial read file in rnaseq_reads/ or rnaseq_normalized/
Fusarium_incarnatum	0	NO_READS_FOUND	no non-trivial read file in rnaseq_reads/ or rnaseq_normalized/
Fusarium_inflexum	0	NO_READS_FOUND	no non-trivial read file in rnaseq_reads/ or rnaseq_normalized/
Fusarium_ipomoeae	0	NO_READS_FOUND	no non-trivial read file in rnaseq_reads/ or rnaseq_normalized/
Fusarium_irregulare	0	NO_READS_FOUND	no non-trivial read file in rnaseq_reads/ or rnaseq_normalized/
Fusarium_kistleri	0	NO_READS_FOUND	no non-trivial read file in rnaseq_reads/ or rnaseq_normalized/
Fusarium_kyushuense	0	NO_READS_FOUND	no non-trivial read file in rnaseq_reads/ or rnaseq_normalized/
Fusarium_lactis	0	NO_READS_FOUND	no non-trivial read file in rnaseq_reads/ or rnaseq_normalized/
Fusarium_langsethiae	0	NO_READS_FOUND	no non-trivial read file in rnaseq_reads/ or rnaseq_normalized/
Fusarium_lateritium	0	NO_READS_FOUND	no non-trivial read file in rnaseq_reads/ or rnaseq_normalized/
Fusarium_liriodendri	0	NO_READS_FOUND	no non-trivial read file in rnaseq_reads/ or rnaseq_normalized/
Fusarium_longipes	0	NO_READS_FOUND	no non-trivial read file in rnaseq_reads/ or rnaseq_normalized/
Fusarium_louisianense	0	NO_READS_FOUND	no non-trivial read file in rnaseq_reads/ or rnaseq_normalized/
Fusarium_luffae	0	NO_READS_FOUND	no non-trivial read file in rnaseq_reads/ or rnaseq_normalized/
Fusarium_lyarnte	0	NO_READS_FOUND	no non-trivial read file in rnaseq_reads/ or rnaseq_normalized/
Fusarium_mangiferae	0	NO_READS_FOUND	no non-trivial read file in rnaseq_reads/ or rnaseq_normalized/
Fusarium_marasasianum	0	NO_READS_FOUND	no non-trivial read file in rnaseq_reads/ or rnaseq_normalized/
Fusarium_meridionale_x_Fusarium_asiaticum.composite-parents	0	NO_READS_FOUND	no non-trivial read file in rnaseq_reads/ or rnaseq_normalized/
Fusarium_mesoamericanum	0	NO_READS_FOUND	no non-trivial read file in rnaseq_reads/ or rnaseq_normalized/
Fusarium_metavorans	0	NO_READS_FOUND	no non-trivial read file in rnaseq_reads/ or rnaseq_normalized/
Fusarium_mexicanum	0	NO_READS_FOUND	no non-trivial read file in rnaseq_reads/ or rnaseq_normalized/
Fusarium_miscanthi	0	NO_READS_FOUND	no non-trivial read file in rnaseq_reads/ or rnaseq_normalized/
Fusarium_multiceps	0	NO_READS_FOUND	no non-trivial read file in rnaseq_reads/ or rnaseq_normalized/
Fusarium_mundagurra	0	NO_READS_FOUND	no non-trivial read file in rnaseq_reads/ or rnaseq_normalized/
Fusarium_musae	0	NO_READS_FOUND	no non-trivial read file in rnaseq_reads/ or rnaseq_normalized/
Fusarium_nanum	0	NO_READS_FOUND	no non-trivial read file in rnaseq_reads/ or rnaseq_normalized/
Fusarium_napiforme	0	NO_READS_FOUND	no non-trivial read file in rnaseq_reads/ or rnaseq_normalized/
Fusarium_nelsonii	0	NO_READS_FOUND	no non-trivial read file in rnaseq_reads/ or rnaseq_normalized/
Fusarium_neocosmosporiellum	0	NO_READS_FOUND	no non-trivial read file in rnaseq_reads/ or rnaseq_normalized/
Fusarium_nepalense	0	NO_READS_FOUND	no non-trivial read file in rnaseq_reads/ or rnaseq_normalized/
Fusarium_newnesense	0	NO_READS_FOUND	no non-trivial read file in rnaseq_reads/ or rnaseq_normalized/
Fusarium_nirenbergiae	0	NO_READS_FOUND	no non-trivial read file in rnaseq_reads/ or rnaseq_normalized/
Fusarium_nisikadoi	0	NO_READS_FOUND	no non-trivial read file in rnaseq_reads/ or rnaseq_normalized/
Fusarium_nodosum	0	NO_READS_FOUND	no non-trivial read file in rnaseq_reads/ or rnaseq_normalized/
Fusarium_nurragi	0	NO_READS_FOUND	no non-trivial read file in rnaseq_reads/ or rnaseq_normalized/
Fusarium_nygamai	0	NO_READS_FOUND	no non-trivial read file in rnaseq_reads/ or rnaseq_normalized/
Fusarium_ophioides	0	NO_READS_FOUND	no non-trivial read file in rnaseq_reads/ or rnaseq_normalized/
Fusarium_palustre	0	NO_READS_FOUND	no non-trivial read file in rnaseq_reads/ or rnaseq_normalized/
Fusarium_parabolicum	0	NO_READS_FOUND	no non-trivial read file in rnaseq_reads/ or rnaseq_normalized/
Fusarium_paranaense	0	NO_READS_FOUND	no non-trivial read file in rnaseq_reads/ or rnaseq_normalized/
Fusarium_penzigii	0	NO_READS_FOUND	no non-trivial read file in rnaseq_reads/ or rnaseq_normalized/
Fusarium_phalaenopsidis	0	NO_READS_FOUND	no non-trivial read file in rnaseq_reads/ or rnaseq_normalized/
Fusarium_phaseoli	0	NO_READS_FOUND	no non-trivial read file in rnaseq_reads/ or rnaseq_normalized/
Fusarium_phialophorum	0	NO_READS_FOUND	no non-trivial read file in rnaseq_reads/ or rnaseq_normalized/
Fusarium_phyllophilum	0	NO_READS_FOUND	no non-trivial read file in rnaseq_reads/ or rnaseq_normalized/
Fusarium_pilosicola	0	NO_READS_FOUND	no non-trivial read file in rnaseq_reads/ or rnaseq_normalized/
Fusarium_pininemorale	0	NO_READS_FOUND	no non-trivial read file in rnaseq_reads/ or rnaseq_normalized/
Fusarium_piperis	0	NO_READS_FOUND	no non-trivial read file in rnaseq_reads/ or rnaseq_normalized/
Fusarium_praegraminearum	0	NO_READS_FOUND	no non-trivial read file in rnaseq_reads/ or rnaseq_normalized/
Fusarium_protoensiforme	0	NO_READS_FOUND	no non-trivial read file in rnaseq_reads/ or rnaseq_normalized/
Fusarium_pseudoanthophilum	0	NO_READS_FOUND	no non-trivial read file in rnaseq_reads/ or rnaseq_normalized/
Fusarium_pseudocircinatum	0	NO_READS_FOUND	no non-trivial read file in rnaseq_reads/ or rnaseq_normalized/
Fusarium_pseudonygamai	0	NO_READS_FOUND	no non-trivial read file in rnaseq_reads/ or rnaseq_normalized/
Fusarium_purpurascens	0	NO_READS_FOUND	no non-trivial read file in rnaseq_reads/ or rnaseq_normalized/
Fusarium_ramigenum	0	NO_READS_FOUND	no non-trivial read file in rnaseq_reads/ or rnaseq_normalized/
Fusarium_redolens	0	NO_READS_FOUND	no non-trivial read file in rnaseq_reads/ or rnaseq_normalized/
Fusarium_robinianum	0	NO_READS_FOUND	no non-trivial read file in rnaseq_reads/ or rnaseq_normalized/
Fusarium_sambucinum	0	NO_READS_FOUND	no non-trivial read file in rnaseq_reads/ or rnaseq_normalized/
Fusarium_sarcochroum	0	NO_READS_FOUND	no non-trivial read file in rnaseq_reads/ or rnaseq_normalized/
Fusarium_scirpi	0	NO_READS_FOUND	no non-trivial read file in rnaseq_reads/ or rnaseq_normalized/
Fusarium_secorum	0	NO_READS_FOUND	no non-trivial read file in rnaseq_reads/ or rnaseq_normalized/
Fusarium_setosum	0	NO_READS_FOUND	no non-trivial read file in rnaseq_reads/ or rnaseq_normalized/
Fusarium_sibiricum	0	NO_READS_FOUND	no non-trivial read file in rnaseq_reads/ or rnaseq_normalized/
Fusarium_siculi	0	NO_READS_FOUND	no non-trivial read file in rnaseq_reads/ or rnaseq_normalized/
Fusarium_solani-melongenae	0	NO_READS_FOUND	no non-trivial read file in rnaseq_reads/ or rnaseq_normalized/
Fusarium_sororula	0	NO_READS_FOUND	no non-trivial read file in rnaseq_reads/ or rnaseq_normalized/
Fusarium_sp._121A	0	NO_READS_FOUND	no non-trivial read file in rnaseq_reads/ or rnaseq_normalized/
Fusarium_sp._121H	0	NO_READS_FOUND	no non-trivial read file in rnaseq_reads/ or rnaseq_normalized/
Fusarium_sp._190-020-2	0	NO_READS_FOUND	no non-trivial read file in rnaseq_reads/ or rnaseq_normalized/
Fusarium_sp._444B	0	NO_READS_FOUND	no non-trivial read file in rnaseq_reads/ or rnaseq_normalized/
Fusarium_sp._AF-6	0	NO_READS_FOUND	no non-trivial read file in rnaseq_reads/ or rnaseq_normalized/
Fusarium_sp._Barmshour	0	NO_READS_FOUND	no non-trivial read file in rnaseq_reads/ or rnaseq_normalized/
Fusarium_sp._C39	0	NO_READS_FOUND	no non-trivial read file in rnaseq_reads/ or rnaseq_normalized/
Fusarium_sp._CBS_123663	0	NO_READS_FOUND	no non-trivial read file in rnaseq_reads/ or rnaseq_normalized/
Fusarium_sp._DN689	0	NO_READS_FOUND	no non-trivial read file in rnaseq_reads/ or rnaseq_normalized/
Fusarium_sp._DS_682	0	NO_READS_FOUND	no non-trivial read file in rnaseq_reads/ or rnaseq_normalized/
Fusarium_sp._FIESC_RH6	0	NO_READS_FOUND	no non-trivial read file in rnaseq_reads/ or rnaseq_normalized/
Fusarium_sp._FL617	0	NO_READS_FOUND	no non-trivial read file in rnaseq_reads/ or rnaseq_normalized/
Fusarium_sp._FSAMSC_23	0	NO_READS_FOUND	no non-trivial read file in rnaseq_reads/ or rnaseq_normalized/
Fusarium_sp._FV-FL-02	0	NO_READS_FOUND	no non-trivial read file in rnaseq_reads/ or rnaseq_normalized/
Fusarium_sp._FV32968	0	NO_READS_FOUND	no non-trivial read file in rnaseq_reads/ or rnaseq_normalized/
Fusarium_sp._FW16.1	0	NO_READS_FOUND	no non-trivial read file in rnaseq_reads/ or rnaseq_normalized/
Fusarium_sp._G73	0	NO_READS_FOUND	no non-trivial read file in rnaseq_reads/ or rnaseq_normalized/
Fusarium_sp._G74	0	NO_READS_FOUND	no non-trivial read file in rnaseq_reads/ or rnaseq_normalized/
Fusarium_sp._HKF-74	0	NO_READS_FOUND	no non-trivial read file in rnaseq_reads/ or rnaseq_normalized/
Fusarium_sp._IMII-1	0	NO_READS_FOUND	no non-trivial read file in rnaseq_reads/ or rnaseq_normalized/
Fusarium_sp._JS1030	0	NO_READS_FOUND	no non-trivial read file in rnaseq_reads/ or rnaseq_normalized/
Fusarium_sp._JS626	0	NO_READS_FOUND	no non-trivial read file in rnaseq_reads/ or rnaseq_normalized/
Fusarium_sp._KOD_1611	0	NO_READS_FOUND	no non-trivial read file in rnaseq_reads/ or rnaseq_normalized/
Fusarium_sp._M34D1	0	NO_READS_FOUND	no non-trivial read file in rnaseq_reads/ or rnaseq_normalized/
Fusarium_sp._M6JPR69	0	NO_READS_FOUND	no non-trivial read file in rnaseq_reads/ or rnaseq_normalized/
Fusarium_sp._MA21_LABAP	0	NO_READS_FOUND	no non-trivial read file in rnaseq_reads/ or rnaseq_normalized/
Fusarium_sp._MBC_101	0	NO_READS_FOUND	no non-trivial read file in rnaseq_reads/ or rnaseq_normalized/
Fusarium_sp._MBC_119	0	NO_READS_FOUND	no non-trivial read file in rnaseq_reads/ or rnaseq_normalized/
Fusarium_sp._MBC_181	0	NO_READS_FOUND	no non-trivial read file in rnaseq_reads/ or rnaseq_normalized/
Fusarium_sp._MBC_364	0	NO_READS_FOUND	no non-trivial read file in rnaseq_reads/ or rnaseq_normalized/
Fusarium_sp._MBC_438	0	NO_READS_FOUND	no non-trivial read file in rnaseq_reads/ or rnaseq_normalized/
Fusarium_sp._MBC_441	0	NO_READS_FOUND	no non-trivial read file in rnaseq_reads/ or rnaseq_normalized/
Fusarium_sp._NFCCI_5145	0	NO_READS_FOUND	no non-trivial read file in rnaseq_reads/ or rnaseq_normalized/
Fusarium_sp._NRRL_22101	0	NO_READS_FOUND	no non-trivial read file in rnaseq_reads/ or rnaseq_normalized/
Fusarium_sp._NRRL_25184	0	NO_READS_FOUND	no non-trivial read file in rnaseq_reads/ or rnaseq_normalized/
Fusarium_sp._NRRL_25303	0	NO_READS_FOUND	no non-trivial read file in rnaseq_reads/ or rnaseq_normalized/
Fusarium_sp._NRRL_29148	0	NO_READS_FOUND	no non-trivial read file in rnaseq_reads/ or rnaseq_normalized/
Fusarium_sp._NRRL_47473	0	NO_READS_FOUND	no non-trivial read file in rnaseq_reads/ or rnaseq_normalized/
Fusarium_sp._NRRL_52700	0	NO_READS_FOUND	no non-trivial read file in rnaseq_reads/ or rnaseq_normalized/
Fusarium_sp._NRRL_53293	0	NO_READS_FOUND	no non-trivial read file in rnaseq_reads/ or rnaseq_normalized/
Fusarium_sp._NRRL_53497	0	NO_READS_FOUND	no non-trivial read file in rnaseq_reads/ or rnaseq_normalized/
Fusarium_sp._NRRL_62610	0	NO_READS_FOUND	no non-trivial read file in rnaseq_reads/ or rnaseq_normalized/
Fusarium_sp._NRRL_62957	0	NO_READS_FOUND	no non-trivial read file in rnaseq_reads/ or rnaseq_normalized/
Fusarium_sp._NRRL_64882	0	NO_READS_FOUND	no non-trivial read file in rnaseq_reads/ or rnaseq_normalized/
Fusarium_sp._NRRL_64883	0	NO_READS_FOUND	no non-trivial read file in rnaseq_reads/ or rnaseq_normalized/
Fusarium_sp._NRRL_66088	0	NO_READS_FOUND	no non-trivial read file in rnaseq_reads/ or rnaseq_normalized/
Fusarium_sp._NRRL_66182	0	NO_READS_FOUND	no non-trivial read file in rnaseq_reads/ or rnaseq_normalized/
Fusarium_sp._NRRL_66335	0	NO_READS_FOUND	no non-trivial read file in rnaseq_reads/ or rnaseq_normalized/
Fusarium_sp._NRRL_66739	0	NO_READS_FOUND	no non-trivial read file in rnaseq_reads/ or rnaseq_normalized/
Fusarium_sp._NRRL_66894	0	NO_READS_FOUND	no non-trivial read file in rnaseq_reads/ or rnaseq_normalized/
Fusarium_sp._NRRL_66896	0	NO_READS_FOUND	no non-trivial read file in rnaseq_reads/ or rnaseq_normalized/
Fusarium_sp._Na10	0	NO_READS_FOUND	no non-trivial read file in rnaseq_reads/ or rnaseq_normalized/
Fusarium_sp._PT	0	NO_READS_FOUND	no non-trivial read file in rnaseq_reads/ or rnaseq_normalized/
Fusarium_sp._QHM	0	NO_READS_FOUND	no non-trivial read file in rnaseq_reads/ or rnaseq_normalized/
Fusarium_sp._R1	0	NO_READS_FOUND	no non-trivial read file in rnaseq_reads/ or rnaseq_normalized/
Fusarium_sp._S18_2	0	NO_READS_FOUND	no non-trivial read file in rnaseq_reads/ or rnaseq_normalized/
Fusarium_sp._S18_39	0	NO_READS_FOUND	no non-trivial read file in rnaseq_reads/ or rnaseq_normalized/
Fusarium_sp._S18_7	0	NO_READS_FOUND	no non-trivial read file in rnaseq_reads/ or rnaseq_normalized/
Fusarium_sp._S19_10	0	NO_READS_FOUND	no non-trivial read file in rnaseq_reads/ or rnaseq_normalized/
Fusarium_sp._TH15	0	NO_READS_FOUND	no non-trivial read file in rnaseq_reads/ or rnaseq_normalized/
Fusarium_sp._VM40	0	NO_READS_FOUND	no non-trivial read file in rnaseq_reads/ or rnaseq_normalized/
Fusarium_sp._flavolapis	0	NO_READS_FOUND	no non-trivial read file in rnaseq_reads/ or rnaseq_normalized/
Fusarium_sporotrichioides	0	NO_READS_FOUND	no non-trivial read file in rnaseq_reads/ or rnaseq_normalized/
Fusarium_staphyleae	0	NO_READS_FOUND	no non-trivial read file in rnaseq_reads/ or rnaseq_normalized/
Fusarium_sterilihyphosum	0	NO_READS_FOUND	no non-trivial read file in rnaseq_reads/ or rnaseq_normalized/
Fusarium_stilboides	0	NO_READS_FOUND	no non-trivial read file in rnaseq_reads/ or rnaseq_normalized/
Fusarium_subglutinans	0	NO_READS_FOUND	no non-trivial read file in rnaseq_reads/ or rnaseq_normalized/
Fusarium_sublunatum	0	NO_READS_FOUND	no non-trivial read file in rnaseq_reads/ or rnaseq_normalized/
Fusarium_subtropicale	0	NO_READS_FOUND	no non-trivial read file in rnaseq_reads/ or rnaseq_normalized/
Fusarium_succisae	0	NO_READS_FOUND	no non-trivial read file in rnaseq_reads/ or rnaseq_normalized/
Fusarium_sulawesiense	0	NO_READS_FOUND	no non-trivial read file in rnaseq_reads/ or rnaseq_normalized/
Fusarium_tanahbumbuense	0	NO_READS_FOUND	no non-trivial read file in rnaseq_reads/ or rnaseq_normalized/
Fusarium_tardichlamydosporum	0	NO_READS_FOUND	no non-trivial read file in rnaseq_reads/ or rnaseq_normalized/
Fusarium_temperatum	0	NO_READS_FOUND	no non-trivial read file in rnaseq_reads/ or rnaseq_normalized/
Fusarium_thapsinum	0	NO_READS_FOUND	no non-trivial read file in rnaseq_reads/ or rnaseq_normalized/
Fusarium_tjaetaba	0	NO_READS_FOUND	no non-trivial read file in rnaseq_reads/ or rnaseq_normalized/
Fusarium_torreyae	0	NO_READS_FOUND	no non-trivial read file in rnaseq_reads/ or rnaseq_normalized/
Fusarium_torulosum	0	NO_READS_FOUND	no non-trivial read file in rnaseq_reads/ or rnaseq_normalized/
Fusarium_transvaalense	0	NO_READS_FOUND	no non-trivial read file in rnaseq_reads/ or rnaseq_normalized/
Fusarium_tucumaniae	0	NO_READS_FOUND	no non-trivial read file in rnaseq_reads/ or rnaseq_normalized/
Fusarium_tupiense	0	NO_READS_FOUND	no non-trivial read file in rnaseq_reads/ or rnaseq_normalized/
Fusarium_udum	0	NO_READS_FOUND	no non-trivial read file in rnaseq_reads/ or rnaseq_normalized/
Fusarium_ussurianum	0	NO_READS_FOUND	no non-trivial read file in rnaseq_reads/ or rnaseq_normalized/
Fusarium_ventricosum	0	NO_READS_FOUND	no non-trivial read file in rnaseq_reads/ or rnaseq_normalized/
Fusarium_verrucosum	0	NO_READS_FOUND	no non-trivial read file in rnaseq_reads/ or rnaseq_normalized/
Fusarium_veterinarium	0	NO_READS_FOUND	no non-trivial read file in rnaseq_reads/ or rnaseq_normalized/
Fusarium_virguliforme	0	NO_READS_FOUND	no non-trivial read file in rnaseq_reads/ or rnaseq_normalized/
Fusarium_vorosii	0	NO_READS_FOUND	no non-trivial read file in rnaseq_reads/ or rnaseq_normalized/
Fusarium_xyrophilum	0	NO_READS_FOUND	no non-trivial read file in rnaseq_reads/ or rnaseq_normalized/
Fusarium_zanthoxyli	0	NO_READS_FOUND	no non-trivial read file in rnaseq_reads/ or rnaseq_normalized/
Fusarium_zealandicum	0	NO_READS_FOUND	no non-trivial read file in rnaseq_reads/ or rnaseq_normalized/
Fuscohypha_expansa	0	NO_READS_FOUND	no non-trivial read file in rnaseq_reads/ or rnaseq_normalized/
Fuscopannaria_leucosticta	0	NO_READS_FOUND	no non-trivial read file in rnaseq_reads/ or rnaseq_normalized/
Fusicolla_aquaeductuum	0	NO_READS_FOUND	no non-trivial read file in rnaseq_reads/ or rnaseq_normalized/
Gabaldonia_eppingiae	0	NO_READS_FOUND	no non-trivial read file in rnaseq_reads/ or rnaseq_normalized/
Gaertneriomyces_sp._JEL0708	0	NO_READS_FOUND	no non-trivial read file in rnaseq_reads/ or rnaseq_normalized/
Gaeumannomyces_sp._JS-464	0	NO_READS_FOUND	no non-trivial read file in rnaseq_reads/ or rnaseq_normalized/
Gaillardinia_entomophila	0	NO_READS_FOUND	no non-trivial read file in rnaseq_reads/ or rnaseq_normalized/
Galerina_marginata	0	NO_READS_FOUND	no non-trivial read file in rnaseq_reads/ or rnaseq_normalized/
Galerina_sp._ZRL20210601	0	NO_READS_FOUND	no non-trivial read file in rnaseq_reads/ or rnaseq_normalized/
Galerina_sulciceps	0	NO_READS_FOUND	no non-trivial read file in rnaseq_reads/ or rnaseq_normalized/
Gallowayella_cf._fulva	0	NO_READS_FOUND	no non-trivial read file in rnaseq_reads/ or rnaseq_normalized/
Gallowayella_concinna	0	NO_READS_FOUND	no non-trivial read file in rnaseq_reads/ or rnaseq_normalized/
Gallowayella_weberi	0	NO_READS_FOUND	no non-trivial read file in rnaseq_reads/ or rnaseq_normalized/
Gamarada_debralockiae	0	NO_READS_FOUND	no non-trivial read file in rnaseq_reads/ or rnaseq_normalized/
Gamszarea_kalimantanensis	0	NO_READS_FOUND	no non-trivial read file in rnaseq_reads/ or rnaseq_normalized/
Ganoderma_ellipsoideum	0	NO_READS_FOUND	no non-trivial read file in rnaseq_reads/ or rnaseq_normalized/
Ganoderma_lucidum	0	NO_READS_FOUND	no non-trivial read file in rnaseq_reads/ or rnaseq_normalized/
Ganoderma_meredithae	0	NO_READS_FOUND	no non-trivial read file in rnaseq_reads/ or rnaseq_normalized/
Ganoderma_multipileum	0	NO_READS_FOUND	no non-trivial read file in rnaseq_reads/ or rnaseq_normalized/
Ganoderma_sinense	0	NO_READS_FOUND	no non-trivial read file in rnaseq_reads/ or rnaseq_normalized/
Ganoderma_sp._BRIUMSc	0	NO_READS_FOUND	no non-trivial read file in rnaseq_reads/ or rnaseq_normalized/
Garcileccinum_viscosum	0	NO_READS_FOUND	no non-trivial read file in rnaseq_reads/ or rnaseq_normalized/
Gastroboletus_turbinatus	0	NO_READS_FOUND	no non-trivial read file in rnaseq_reads/ or rnaseq_normalized/
Gemmamyces_piceae	0	NO_READS_FOUND	no non-trivial read file in rnaseq_reads/ or rnaseq_normalized/
Geoglossum_cookeanum	0	NO_READS_FOUND	no non-trivial read file in rnaseq_reads/ or rnaseq_normalized/
Geoglossum_glabrum	0	NO_READS_FOUND	no non-trivial read file in rnaseq_reads/ or rnaseq_normalized/
Geoglossum_simile	0	NO_READS_FOUND	no non-trivial read file in rnaseq_reads/ or rnaseq_normalized/
Geoglossum_umbratile	0	NO_READS_FOUND	no non-trivial read file in rnaseq_reads/ or rnaseq_normalized/
Geosmithia_flava	0	NO_READS_FOUND	no non-trivial read file in rnaseq_reads/ or rnaseq_normalized/
Geosmithia_morbida	0	NO_READS_FOUND	no non-trivial read file in rnaseq_reads/ or rnaseq_normalized/
Geosmithia_putterillii	0	NO_READS_FOUND	no non-trivial read file in rnaseq_reads/ or rnaseq_normalized/
Geotrichum_aggregatum	0	NO_READS_FOUND	no non-trivial read file in rnaseq_reads/ or rnaseq_normalized/
Geotrichum_albidum	0	NO_READS_FOUND	no non-trivial read file in rnaseq_reads/ or rnaseq_normalized/
Geotrichum_armillariae	0	NO_READS_FOUND	no non-trivial read file in rnaseq_reads/ or rnaseq_normalized/
Geotrichum_australiense	0	NO_READS_FOUND	no non-trivial read file in rnaseq_reads/ or rnaseq_normalized/
Geotrichum_bryndzae	0	NO_READS_FOUND	no non-trivial read file in rnaseq_reads/ or rnaseq_normalized/
Geotrichum_candidum	0	NO_READS_FOUND	no non-trivial read file in rnaseq_reads/ or rnaseq_normalized/
Geotrichum_carabidarum	0	NO_READS_FOUND	no non-trivial read file in rnaseq_reads/ or rnaseq_normalized/
Geotrichum_cucujoidarum	0	NO_READS_FOUND	no non-trivial read file in rnaseq_reads/ or rnaseq_normalized/
Geotrichum_europaeum	0	NO_READS_FOUND	no non-trivial read file in rnaseq_reads/ or rnaseq_normalized/
Geotrichum_fermentans	0	NO_READS_FOUND	no non-trivial read file in rnaseq_reads/ or rnaseq_normalized/
Geotrichum_galactomycetum	0	NO_READS_FOUND	no non-trivial read file in rnaseq_reads/ or rnaseq_normalized/
Geotrichum_geniculatum	0	NO_READS_FOUND	no non-trivial read file in rnaseq_reads/ or rnaseq_normalized/
Geotrichum_ghanense	0	NO_READS_FOUND	no non-trivial read file in rnaseq_reads/ or rnaseq_normalized/
Geotrichum_histeridarum	0	NO_READS_FOUND	no non-trivial read file in rnaseq_reads/ or rnaseq_normalized/
Geotrichum_klebahnii	0	NO_READS_FOUND	no non-trivial read file in rnaseq_reads/ or rnaseq_normalized/
Geotrichum_macrosporum	0	NO_READS_FOUND	no non-trivial read file in rnaseq_reads/ or rnaseq_normalized/
Geotrichum_phurueaensis	0	NO_READS_FOUND	no non-trivial read file in rnaseq_reads/ or rnaseq_normalized/
Geotrichum_reessii	0	NO_READS_FOUND	no non-trivial read file in rnaseq_reads/ or rnaseq_normalized/
Geotrichum_restrictum	0	NO_READS_FOUND	no non-trivial read file in rnaseq_reads/ or rnaseq_normalized/
Geotrichum_siamense	0	NO_READS_FOUND	no non-trivial read file in rnaseq_reads/ or rnaseq_normalized/
Geranomyces_michiganensis	0	NO_READS_FOUND	no non-trivial read file in rnaseq_reads/ or rnaseq_normalized/
Gerronema_lapidescens	0	NO_READS_FOUND	no non-trivial read file in rnaseq_reads/ or rnaseq_normalized/
Gibellulopsis_nigrescens	0	NO_READS_FOUND	no non-trivial read file in rnaseq_reads/ or rnaseq_normalized/
Glaciozyma_martinii	0	NO_READS_FOUND	no non-trivial read file in rnaseq_reads/ or rnaseq_normalized/
Glaciozyma_watsonii	0	NO_READS_FOUND	no non-trivial read file in rnaseq_reads/ or rnaseq_normalized/
Gliomastix_tumulicola	0	NO_READS_FOUND	no non-trivial read file in rnaseq_reads/ or rnaseq_normalized/
Globomyces_sp._JEL0801	0	NO_READS_FOUND	no non-trivial read file in rnaseq_reads/ or rnaseq_normalized/
Gloeophyllum_trabeum	0	NO_READS_FOUND	no non-trivial read file in rnaseq_reads/ or rnaseq_normalized/
Gloeoporus_taxicola	0	NO_READS_FOUND	no non-trivial read file in rnaseq_reads/ or rnaseq_normalized/
Glomus_cerebriforme	0	NO_READS_FOUND	no non-trivial read file in rnaseq_reads/ or rnaseq_normalized/
Glonium_stellatum	0	NO_READS_FOUND	no non-trivial read file in rnaseq_reads/ or rnaseq_normalized/
Glucitozyma_multigemmis	0	NO_READS_FOUND	no non-trivial read file in rnaseq_reads/ or rnaseq_normalized/
Glugoides_intestinalis	0	NO_READS_FOUND	no non-trivial read file in rnaseq_reads/ or rnaseq_normalized/
Glutinoglossum_americanum	0	NO_READS_FOUND	no non-trivial read file in rnaseq_reads/ or rnaseq_normalized/
Gnomoniopsis_castaneae	0	NO_READS_FOUND	no non-trivial read file in rnaseq_reads/ or rnaseq_normalized/
Gnomoniopsis_smithogilvyi	0	NO_READS_FOUND	no non-trivial read file in rnaseq_reads/ or rnaseq_normalized/
Gnomoniopsis_sp._IMI_355080	0	NO_READS_FOUND	no non-trivial read file in rnaseq_reads/ or rnaseq_normalized/
Gnomoniopsis_sp._YN0743	0	NO_READS_FOUND	no non-trivial read file in rnaseq_reads/ or rnaseq_normalized/
Gnomoniopsis_sp._YN1632	0	NO_READS_FOUND	no non-trivial read file in rnaseq_reads/ or rnaseq_normalized/
Goffeauzyma_gilvescens	0	NO_READS_FOUND	no non-trivial read file in rnaseq_reads/ or rnaseq_normalized/
Golovinomyces_ambrosiae	0	NO_READS_FOUND	no non-trivial read file in rnaseq_reads/ or rnaseq_normalized/
Golovinomyces_magnicellulatus	0	NO_READS_FOUND	no non-trivial read file in rnaseq_reads/ or rnaseq_normalized/
Golubevia_pallescens	0	NO_READS_FOUND	no non-trivial read file in rnaseq_reads/ or rnaseq_normalized/
Golubevia_sp._BC0812	0	NO_READS_FOUND	no non-trivial read file in rnaseq_reads/ or rnaseq_normalized/
Golubevia_sp._BC0850	0	NO_READS_FOUND	no non-trivial read file in rnaseq_reads/ or rnaseq_normalized/
Golubevia_sp._BC0902	0	NO_READS_FOUND	no non-trivial read file in rnaseq_reads/ or rnaseq_normalized/
Gomphillus_americanus	0	NO_READS_FOUND	no non-trivial read file in rnaseq_reads/ or rnaseq_normalized/
Gomphillus_calycioides	0	NO_READS_FOUND	no non-trivial read file in rnaseq_reads/ or rnaseq_normalized/
Gomphus_bonarii	0	NO_READS_FOUND	no non-trivial read file in rnaseq_reads/ or rnaseq_normalized/
Gomphus_sp._MG54	0	NO_READS_FOUND	no non-trivial read file in rnaseq_reads/ or rnaseq_normalized/
Gonapodya_prolifera	0	NO_READS_FOUND	no non-trivial read file in rnaseq_reads/ or rnaseq_normalized/
Gonapodya_sp._JEL0774	0	NO_READS_FOUND	no non-trivial read file in rnaseq_reads/ or rnaseq_normalized/
Gongronella_sp._w5	0	NO_READS_FOUND	no non-trivial read file in rnaseq_reads/ or rnaseq_normalized/
Gotozyma_botsteinii	0	NO_READS_FOUND	no non-trivial read file in rnaseq_reads/ or rnaseq_normalized/
Gotozyma_montana	0	NO_READS_FOUND	no non-trivial read file in rnaseq_reads/ or rnaseq_normalized/
Gotozyma_siamensis	0	NO_READS_FOUND	no non-trivial read file in rnaseq_reads/ or rnaseq_normalized/
Grammothele_lineata	0	NO_READS_FOUND	no non-trivial read file in rnaseq_reads/ or rnaseq_normalized/
Graphilbum_cf._rectangulosporium	0	NO_READS_FOUND	no non-trivial read file in rnaseq_reads/ or rnaseq_normalized/
Graphilbum_fragrans	0	NO_READS_FOUND	no non-trivial read file in rnaseq_reads/ or rnaseq_normalized/
Graphilbum_ipis-grandicollis	0	NO_READS_FOUND	no non-trivial read file in rnaseq_reads/ or rnaseq_normalized/
Graphiopsis_chlorocephala	0	NO_READS_FOUND	no non-trivial read file in rnaseq_reads/ or rnaseq_normalized/
Graphis_lineola	0	NO_READS_FOUND	no non-trivial read file in rnaseq_reads/ or rnaseq_normalized/
Graphium_basitruncatum	0	NO_READS_FOUND	no non-trivial read file in rnaseq_reads/ or rnaseq_normalized/
Graphium_sp._VPRI43844	0	NO_READS_FOUND	no non-trivial read file in rnaseq_reads/ or rnaseq_normalized/
Gremmenia_infestans	0	NO_READS_FOUND	no non-trivial read file in rnaseq_reads/ or rnaseq_normalized/
Grigorovia_humatica	0	NO_READS_FOUND	no non-trivial read file in rnaseq_reads/ or rnaseq_normalized/
Grigorovia_jiainica	0	NO_READS_FOUND	no non-trivial read file in rnaseq_reads/ or rnaseq_normalized/
Grigorovia_transvaalensis	0	NO_READS_FOUND	no non-trivial read file in rnaseq_reads/ or rnaseq_normalized/
Grigorovia_yakushimaensis	0	NO_READS_FOUND	no non-trivial read file in rnaseq_reads/ or rnaseq_normalized/
Grinbergsozyma_bentonensis	0	NO_READS_FOUND	no non-trivial read file in rnaseq_reads/ or rnaseq_normalized/
Groenewaldozyma_auringiensis	0	NO_READS_FOUND	no non-trivial read file in rnaseq_reads/ or rnaseq_normalized/
Groenewaldozyma_salmanticensis	0	NO_READS_FOUND	no non-trivial read file in rnaseq_reads/ or rnaseq_normalized/
Groenewaldozyma_sp._yHMH443	0	NO_READS_FOUND	no non-trivial read file in rnaseq_reads/ or rnaseq_normalized/
Groenewaldozyma_tartarivorans	0	NO_READS_FOUND	no non-trivial read file in rnaseq_reads/ or rnaseq_normalized/
Grosmannia_huntii	0	NO_READS_FOUND	no non-trivial read file in rnaseq_reads/ or rnaseq_normalized/
Grosmannia_serpens	0	NO_READS_FOUND	no non-trivial read file in rnaseq_reads/ or rnaseq_normalized/
Gryganskiella_cystojenkinii	0	NO_READS_FOUND	no non-trivial read file in rnaseq_reads/ or rnaseq_normalized/
Gurleya_vavrai	0	NO_READS_FOUND	no non-trivial read file in rnaseq_reads/ or rnaseq_normalized/
Guyanaporus_albipodus	0	NO_READS_FOUND	no non-trivial read file in rnaseq_reads/ or rnaseq_normalized/
Gyalecta_farlowii	0	NO_READS_FOUND	no non-trivial read file in rnaseq_reads/ or rnaseq_normalized/
Gyalolechia_ehrenbergii	0	NO_READS_FOUND	no non-trivial read file in rnaseq_reads/ or rnaseq_normalized/
Gyalolechia_fulgens	0	NO_READS_FOUND	no non-trivial read file in rnaseq_reads/ or rnaseq_normalized/
Gyalolechia_gomerana	0	NO_READS_FOUND	no non-trivial read file in rnaseq_reads/ or rnaseq_normalized/
Gyalolechia_marmorata	0	NO_READS_FOUND	no non-trivial read file in rnaseq_reads/ or rnaseq_normalized/
Gyalolechia_sp._1_TL-2023	0	NO_READS_FOUND	no non-trivial read file in rnaseq_reads/ or rnaseq_normalized/
Gyalolechia_sp._2_TL-2023	0	NO_READS_FOUND	no non-trivial read file in rnaseq_reads/ or rnaseq_normalized/
Gymnopilus_dilepis	0	NO_READS_FOUND	no non-trivial read file in rnaseq_reads/ or rnaseq_normalized/
Gymnopilus_luteofolius	0	NO_READS_FOUND	no non-trivial read file in rnaseq_reads/ or rnaseq_normalized/
Gymnopilus_penetrans	0	NO_READS_FOUND	no non-trivial read file in rnaseq_reads/ or rnaseq_normalized/
Gymnopilus_sp._ZRL20210269D	0	NO_READS_FOUND	no non-trivial read file in rnaseq_reads/ or rnaseq_normalized/
Gymnopilus_sp._ZRL20210270E	0	NO_READS_FOUND	no non-trivial read file in rnaseq_reads/ or rnaseq_normalized/
Gymnopilus_sp._ZRL20210594	0	NO_READS_FOUND	no non-trivial read file in rnaseq_reads/ or rnaseq_normalized/
Gymnopilus_sp._ZRL20220779	0	NO_READS_FOUND	no non-trivial read file in rnaseq_reads/ or rnaseq_normalized/
Gyoerffyella_rotula	0	NO_READS_FOUND	no non-trivial read file in rnaseq_reads/ or rnaseq_normalized/
Gypsoplaca_macrophylla	0	NO_READS_FOUND	no non-trivial read file in rnaseq_reads/ or rnaseq_normalized/
Gyrodon_lividus	0	NO_READS_FOUND	no non-trivial read file in rnaseq_reads/ or rnaseq_normalized/
Gyrodon_tennesseensis	0	NO_READS_FOUND	no non-trivial read file in rnaseq_reads/ or rnaseq_normalized/
Gyromitra_antarctica	0	NO_READS_FOUND	no non-trivial read file in rnaseq_reads/ or rnaseq_normalized/
Gyromitra_recurva	0	NO_READS_FOUND	no non-trivial read file in rnaseq_reads/ or rnaseq_normalized/
Gyromitra_sp._13_AD-2024	0	NO_READS_FOUND	no non-trivial read file in rnaseq_reads/ or rnaseq_normalized/
Gyromitra_sp._2_AD-2023	0	NO_READS_FOUND	no non-trivial read file in rnaseq_reads/ or rnaseq_normalized/
Gyromitra_sp._3_AD-2023	0	NO_READS_FOUND	no non-trivial read file in rnaseq_reads/ or rnaseq_normalized/
Gyromitra_sp._4_AD-2023	0	NO_READS_FOUND	no non-trivial read file in rnaseq_reads/ or rnaseq_normalized/
Gyromitra_sp._6_AD-2023	0	NO_READS_FOUND	no non-trivial read file in rnaseq_reads/ or rnaseq_normalized/
Gyromitra_sp._8_AD-2023	0	NO_READS_FOUND	no non-trivial read file in rnaseq_reads/ or rnaseq_normalized/
Gyromitra_sp._9_AD-2023	0	NO_READS_FOUND	no non-trivial read file in rnaseq_reads/ or rnaseq_normalized/
Gyromitra_sp._persicula	0	NO_READS_FOUND	no non-trivial read file in rnaseq_reads/ or rnaseq_normalized/
Gyromitra_splendida	0	NO_READS_FOUND	no non-trivial read file in rnaseq_reads/ or rnaseq_normalized/
Gyromitra_venenata	0	NO_READS_FOUND	no non-trivial read file in rnaseq_reads/ or rnaseq_normalized/
Hagleromyces_aurorensis	0	NO_READS_FOUND	no non-trivial read file in rnaseq_reads/ or rnaseq_normalized/
Haloplaca_sp._1_TL-2023	0	NO_READS_FOUND	no non-trivial read file in rnaseq_reads/ or rnaseq_normalized/
Haloplaca_sp._2_TL-2023	0	NO_READS_FOUND	no non-trivial read file in rnaseq_reads/ or rnaseq_normalized/
Hamigera_avellanea	0	NO_READS_FOUND	no non-trivial read file in rnaseq_reads/ or rnaseq_normalized/
Hamiltosporidium_magnivora	0	NO_READS_FOUND	no non-trivial read file in rnaseq_reads/ or rnaseq_normalized/
Hamiltosporidium_tvaerminnensis	0	NO_READS_FOUND	no non-trivial read file in rnaseq_reads/ or rnaseq_normalized/
Hanseniaspora_clermontiae	0	NO_READS_FOUND	no non-trivial read file in rnaseq_reads/ or rnaseq_normalized/
Hanseniaspora_gamundiae	0	NO_READS_FOUND	no non-trivial read file in rnaseq_reads/ or rnaseq_normalized/
Hanseniaspora_guilliermondii	0	NO_READS_FOUND	no non-trivial read file in rnaseq_reads/ or rnaseq_normalized/
Hanseniaspora_hatyaiensis	0	NO_READS_FOUND	no non-trivial read file in rnaseq_reads/ or rnaseq_normalized/
Hanseniaspora_jakobsenii	0	NO_READS_FOUND	no non-trivial read file in rnaseq_reads/ or rnaseq_normalized/
Hanseniaspora_lachancei	0	NO_READS_FOUND	no non-trivial read file in rnaseq_reads/ or rnaseq_normalized/
Hanseniaspora_lindneri	0	NO_READS_FOUND	no non-trivial read file in rnaseq_reads/ or rnaseq_normalized/
Hanseniaspora_menglaensis	0	NO_READS_FOUND	no non-trivial read file in rnaseq_reads/ or rnaseq_normalized/
Hanseniaspora_meyeri	0	NO_READS_FOUND	no non-trivial read file in rnaseq_reads/ or rnaseq_normalized/
Hanseniaspora_mollemarum	0	NO_READS_FOUND	no non-trivial read file in rnaseq_reads/ or rnaseq_normalized/
Hanseniaspora_occidentalis	0	NO_READS_FOUND	no non-trivial read file in rnaseq_reads/ or rnaseq_normalized/
Hanseniaspora_opuntiae	0	NO_READS_FOUND	no non-trivial read file in rnaseq_reads/ or rnaseq_normalized/
Hanseniaspora_osmophila	0	NO_READS_FOUND	no non-trivial read file in rnaseq_reads/ or rnaseq_normalized/
Hanseniaspora_pseudoguilliermondii	0	NO_READS_FOUND	no non-trivial read file in rnaseq_reads/ or rnaseq_normalized/
Hanseniaspora_singularis	0	NO_READS_FOUND	no non-trivial read file in rnaseq_reads/ or rnaseq_normalized/
Hanseniaspora_sp._CRUB_1602	0	NO_READS_FOUND	no non-trivial read file in rnaseq_reads/ or rnaseq_normalized/
Hanseniaspora_sp._JCM_36741	0	NO_READS_FOUND	no non-trivial read file in rnaseq_reads/ or rnaseq_normalized/
Hanseniaspora_taiwanica	0	NO_READS_FOUND	no non-trivial read file in rnaseq_reads/ or rnaseq_normalized/
Hanseniaspora_thailandica	0	NO_READS_FOUND	no non-trivial read file in rnaseq_reads/ or rnaseq_normalized/
Hansenula_ciferrii	0	NO_READS_FOUND	no non-trivial read file in rnaseq_reads/ or rnaseq_normalized/
Hansenula_lynferdii	0	NO_READS_FOUND	no non-trivial read file in rnaseq_reads/ or rnaseq_normalized/
Hansenula_queroliae	0	NO_READS_FOUND	no non-trivial read file in rnaseq_reads/ or rnaseq_normalized/
Hansenula_silvicultrix	0	NO_READS_FOUND	no non-trivial read file in rnaseq_reads/ or rnaseq_normalized/
Hansenula_sp._DX7706-1	0	NO_READS_FOUND	no non-trivial read file in rnaseq_reads/ or rnaseq_normalized/
Hansenula_sp._PG92-11	0	NO_READS_FOUND	no non-trivial read file in rnaseq_reads/ or rnaseq_normalized/
Hansenula_sp._Y91-04	0	NO_READS_FOUND	no non-trivial read file in rnaseq_reads/ or rnaseq_normalized/
Hansenula_sp._yHMH451	0	NO_READS_FOUND	no non-trivial read file in rnaseq_reads/ or rnaseq_normalized/
Hansenula_subpelliculosa	0	NO_READS_FOUND	no non-trivial read file in rnaseq_reads/ or rnaseq_normalized/
Hansenula_sydowiorum	0	NO_READS_FOUND	no non-trivial read file in rnaseq_reads/ or rnaseq_normalized/
Hansfordia_pulvinata	0	NO_READS_FOUND	no non-trivial read file in rnaseq_reads/ or rnaseq_normalized/
Haplographium_delicatum	0	NO_READS_FOUND	no non-trivial read file in rnaseq_reads/ or rnaseq_normalized/
Haplosporangium_bisporale	0	NO_READS_FOUND	no non-trivial read file in rnaseq_reads/ or rnaseq_normalized/
Haplosporangium_gracile	0	NO_READS_FOUND	no non-trivial read file in rnaseq_reads/ or rnaseq_normalized/
Haplosporangium_sp._Z_11	0	NO_READS_FOUND	no non-trivial read file in rnaseq_reads/ or rnaseq_normalized/
Haplosporangium_sp._Z_27	0	NO_READS_FOUND	no non-trivial read file in rnaseq_reads/ or rnaseq_normalized/
Haplosporangium_sp._Z_767	0	NO_READS_FOUND	no non-trivial read file in rnaseq_reads/ or rnaseq_normalized/
Harringtonia_aguacate	0	NO_READS_FOUND	no non-trivial read file in rnaseq_reads/ or rnaseq_normalized/
Harrya_chromipes	0	NO_READS_FOUND	no non-trivial read file in rnaseq_reads/ or rnaseq_normalized/
Hawksworthiomyces_lignivorus	0	NO_READS_FOUND	no non-trivial read file in rnaseq_reads/ or rnaseq_normalized/
Hazslinszkyomyces_aptrootii	0	NO_READS_FOUND	no non-trivial read file in rnaseq_reads/ or rnaseq_normalized/
Heimioporus_aff._retisporus	0	NO_READS_FOUND	no non-trivial read file in rnaseq_reads/ or rnaseq_normalized/
Heimioporus_punctisporus	0	NO_READS_FOUND	no non-trivial read file in rnaseq_reads/ or rnaseq_normalized/
Heimioporus_retisporus	0	NO_READS_FOUND	no non-trivial read file in rnaseq_reads/ or rnaseq_normalized/
Heimioporus_sp._TRTC157243	0	NO_READS_FOUND	no non-trivial read file in rnaseq_reads/ or rnaseq_normalized/
Helenozyma_melibiosica	0	NO_READS_FOUND	no non-trivial read file in rnaseq_reads/ or rnaseq_normalized/
Helenozyma_rhizophorensis	0	NO_READS_FOUND	no non-trivial read file in rnaseq_reads/ or rnaseq_normalized/
Helicocarpus_griseus	0	NO_READS_FOUND	no non-trivial read file in rnaseq_reads/ or rnaseq_normalized/
Helicoceras_oryzae	0	NO_READS_FOUND	no non-trivial read file in rnaseq_reads/ or rnaseq_normalized/
Helminthosporium_solani	0	NO_READS_FOUND	no non-trivial read file in rnaseq_reads/ or rnaseq_normalized/
Helostroma_bacarum	0	NO_READS_FOUND	no non-trivial read file in rnaseq_reads/ or rnaseq_normalized/
Helotiales_sp._EF0021	0	NO_READS_FOUND	no non-trivial read file in rnaseq_reads/ or rnaseq_normalized/
Helotiales_sp._F229	0	NO_READS_FOUND	no non-trivial read file in rnaseq_reads/ or rnaseq_normalized/
Hemileccinum_hortonii	0	NO_READS_FOUND	no non-trivial read file in rnaseq_reads/ or rnaseq_normalized/
Hemileccinum_impolitum	0	NO_READS_FOUND	no non-trivial read file in rnaseq_reads/ or rnaseq_normalized/
Hemileccinum_rubropunctum	0	NO_READS_FOUND	no non-trivial read file in rnaseq_reads/ or rnaseq_normalized/
Hemileccinum_sp._TRTC168327	0	NO_READS_FOUND	no non-trivial read file in rnaseq_reads/ or rnaseq_normalized/
Hemisphaericaspora_gorwae	0	NO_READS_FOUND	no non-trivial read file in rnaseq_reads/ or rnaseq_normalized/
Hemisphaericaspora_haegerdaliae	0	NO_READS_FOUND	no non-trivial read file in rnaseq_reads/ or rnaseq_normalized/
Hemisphaericaspora_insectamans	0	NO_READS_FOUND	no non-trivial read file in rnaseq_reads/ or rnaseq_normalized/
Hemisphaericaspora_lyxosophila	0	NO_READS_FOUND	no non-trivial read file in rnaseq_reads/ or rnaseq_normalized/
Hemisphaericaspora_nanyangensis	0	NO_READS_FOUND	no non-trivial read file in rnaseq_reads/ or rnaseq_normalized/
Hemisphaericaspora_subhashii	0	NO_READS_FOUND	no non-trivial read file in rnaseq_reads/ or rnaseq_normalized/
Hemisphaericaspora_xylanilytica	0	NO_READS_FOUND	no non-trivial read file in rnaseq_reads/ or rnaseq_normalized/
Hemisphaericaspora_xylofermentans	0	NO_READS_FOUND	no non-trivial read file in rnaseq_reads/ or rnaseq_normalized/
Hepatospora_eriocheir	0	NO_READS_FOUND	no non-trivial read file in rnaseq_reads/ or rnaseq_normalized/
Hericium_alpestre	0	NO_READS_FOUND	no non-trivial read file in rnaseq_reads/ or rnaseq_normalized/
Hericium_rajendrae	0	NO_READS_FOUND	no non-trivial read file in rnaseq_reads/ or rnaseq_normalized/
Hermanozyma_aechmeae	0	NO_READS_FOUND	no non-trivial read file in rnaseq_reads/ or rnaseq_normalized/
Hermanozyma_ubatubensis	0	NO_READS_FOUND	no non-trivial read file in rnaseq_reads/ or rnaseq_normalized/
Herpomyces_periplanetae	0	NO_READS_FOUND	no non-trivial read file in rnaseq_reads/ or rnaseq_normalized/
Herpotrichia_juniperi	0	NO_READS_FOUND	no non-trivial read file in rnaseq_reads/ or rnaseq_normalized/
Herpotrichiellaceae_sp.	0	NO_READS_FOUND	no non-trivial read file in rnaseq_reads/ or rnaseq_normalized/
Herpotrichiellaceae_sp._BF7	0	NO_READS_FOUND	no non-trivial read file in rnaseq_reads/ or rnaseq_normalized/
Herpotrichiellaceae_sp._BF8	0	NO_READS_FOUND	no non-trivial read file in rnaseq_reads/ or rnaseq_normalized/
Herpotrichiellaceae_sp._UM238	0	NO_READS_FOUND	no non-trivial read file in rnaseq_reads/ or rnaseq_normalized/
Heterobasidion_irregulare	0	NO_READS_FOUND	no non-trivial read file in rnaseq_reads/ or rnaseq_normalized/
Heterodermia_aff._obscurata	0	NO_READS_FOUND	no non-trivial read file in rnaseq_reads/ or rnaseq_normalized/
Heterodermia_albicans	0	NO_READS_FOUND	no non-trivial read file in rnaseq_reads/ or rnaseq_normalized/
Heterodermia_echinata	0	NO_READS_FOUND	no non-trivial read file in rnaseq_reads/ or rnaseq_normalized/
Heterodermia_langdoniana	0	NO_READS_FOUND	no non-trivial read file in rnaseq_reads/ or rnaseq_normalized/
Heterodermia_neglecta	0	NO_READS_FOUND	no non-trivial read file in rnaseq_reads/ or rnaseq_normalized/
Heterodermia_sp.	0	NO_READS_FOUND	no non-trivial read file in rnaseq_reads/ or rnaseq_normalized/
Heterodermia_speciosa	0	NO_READS_FOUND	no non-trivial read file in rnaseq_reads/ or rnaseq_normalized/
Heterogastridium_pycnidioideum	0	NO_READS_FOUND	no non-trivial read file in rnaseq_reads/ or rnaseq_normalized/
Hirschioporus_abietinus	0	NO_READS_FOUND	no non-trivial read file in rnaseq_reads/ or rnaseq_normalized/
Hirsutella_minnesotensis	0	NO_READS_FOUND	no non-trivial read file in rnaseq_reads/ or rnaseq_normalized/
Hirsutella_rhossiliensis	0	NO_READS_FOUND	no non-trivial read file in rnaseq_reads/ or rnaseq_normalized/
Hirsutella_thompsonii	0	NO_READS_FOUND	no non-trivial read file in rnaseq_reads/ or rnaseq_normalized/
Histoplasma_mississippiense	0	NO_READS_FOUND	no non-trivial read file in rnaseq_reads/ or rnaseq_normalized/
Hohenbuehelia_grisea	0	NO_READS_FOUND	no non-trivial read file in rnaseq_reads/ or rnaseq_normalized/
Holtermannia_corniformis	0	NO_READS_FOUND	no non-trivial read file in rnaseq_reads/ or rnaseq_normalized/
Holtermanniella_nyarrowii	0	NO_READS_FOUND	no non-trivial read file in rnaseq_reads/ or rnaseq_normalized/
Holtermanniella_sp._CLIB4445	0	NO_READS_FOUND	no non-trivial read file in rnaseq_reads/ or rnaseq_normalized/
Holtermanniella_sp._CLIB4447	0	NO_READS_FOUND	no non-trivial read file in rnaseq_reads/ or rnaseq_normalized/
Holtermanniella_sp._CLIB4448	0	NO_READS_FOUND	no non-trivial read file in rnaseq_reads/ or rnaseq_normalized/
Homolaphlyctis_polyrhiza	0	NO_READS_FOUND	no non-trivial read file in rnaseq_reads/ or rnaseq_normalized/
Hongkongmyces_yunnanensis	0	NO_READS_FOUND	no non-trivial read file in rnaseq_reads/ or rnaseq_normalized/
Hortaea_sp._C3G1500-4	0	NO_READS_FOUND	no non-trivial read file in rnaseq_reads/ or rnaseq_normalized/
Hortiboletus_campestris	0	NO_READS_FOUND	no non-trivial read file in rnaseq_reads/ or rnaseq_normalized/
Hortiboletus_flavorubellus	0	NO_READS_FOUND	no non-trivial read file in rnaseq_reads/ or rnaseq_normalized/
Hortiboletus_rubellus	0	NO_READS_FOUND	no non-trivial read file in rnaseq_reads/ or rnaseq_normalized/
Huiozyma_naganishii	0	NO_READS_FOUND	no non-trivial read file in rnaseq_reads/ or rnaseq_normalized/
Huiozyma_sinensis	0	NO_READS_FOUND	no non-trivial read file in rnaseq_reads/ or rnaseq_normalized/
Humicola_hyalothermophila	0	NO_READS_FOUND	no non-trivial read file in rnaseq_reads/ or rnaseq_normalized/
Humicola_sp._MLY179	0	NO_READS_FOUND	no non-trivial read file in rnaseq_reads/ or rnaseq_normalized/
Humicolopsis_cephalosporioides	0	NO_READS_FOUND	no non-trivial read file in rnaseq_reads/ or rnaseq_normalized/
Huntiella_abstrusa	0	NO_READS_FOUND	no non-trivial read file in rnaseq_reads/ or rnaseq_normalized/
Huntiella_bhutanensis	0	NO_READS_FOUND	no non-trivial read file in rnaseq_reads/ or rnaseq_normalized/
Huntiella_decipiens	0	NO_READS_FOUND	no non-trivial read file in rnaseq_reads/ or rnaseq_normalized/
Huntiella_fecunda	0	NO_READS_FOUND	no non-trivial read file in rnaseq_reads/ or rnaseq_normalized/
Huntiella_moniliformis	0	NO_READS_FOUND	no non-trivial read file in rnaseq_reads/ or rnaseq_normalized/
Huntiella_omanensis	0	NO_READS_FOUND	no non-trivial read file in rnaseq_reads/ or rnaseq_normalized/
Huntiella_savannae	0	NO_READS_FOUND	no non-trivial read file in rnaseq_reads/ or rnaseq_normalized/
Huntiella_tyalla	0	NO_READS_FOUND	no non-trivial read file in rnaseq_reads/ or rnaseq_normalized/
Hyalorbilia_aff._multiguttulata	0	NO_READS_FOUND	no non-trivial read file in rnaseq_reads/ or rnaseq_normalized/
Hyalorbilia_cf._ulicicola	0	NO_READS_FOUND	no non-trivial read file in rnaseq_reads/ or rnaseq_normalized/
Hyalorbilia_oviparasitica	0	NO_READS_FOUND	no non-trivial read file in rnaseq_reads/ or rnaseq_normalized/
Hyalorbilia_sp._HsImV25	0	NO_READS_FOUND	no non-trivial read file in rnaseq_reads/ or rnaseq_normalized/
Hyalorbilia_sp._HsImV27	0	NO_READS_FOUND	no non-trivial read file in rnaseq_reads/ or rnaseq_normalized/
Hyaloscypha_bicolor	0	NO_READS_FOUND	no non-trivial read file in rnaseq_reads/ or rnaseq_normalized/
Hyaloscypha_variabilis	0	NO_READS_FOUND	no non-trivial read file in rnaseq_reads/ or rnaseq_normalized/
Hydnotrya_bailii	0	NO_READS_FOUND	no non-trivial read file in rnaseq_reads/ or rnaseq_normalized/
Hydnotrya_cerebriformis	0	NO_READS_FOUND	no non-trivial read file in rnaseq_reads/ or rnaseq_normalized/
Hydnotrya_cubispora	0	NO_READS_FOUND	no non-trivial read file in rnaseq_reads/ or rnaseq_normalized/
Hydnotrya_sp._1_AD-2023	0	NO_READS_FOUND	no non-trivial read file in rnaseq_reads/ or rnaseq_normalized/
Hydnotrya_sp._2_AD-2023	0	NO_READS_FOUND	no non-trivial read file in rnaseq_reads/ or rnaseq_normalized/
Hydnotrya_sp._3_AD-2023	0	NO_READS_FOUND	no non-trivial read file in rnaseq_reads/ or rnaseq_normalized/
Hydnotrya_tulasnei	0	NO_READS_FOUND	no non-trivial read file in rnaseq_reads/ or rnaseq_normalized/
Hydnotrya_variiformis	0	NO_READS_FOUND	no non-trivial read file in rnaseq_reads/ or rnaseq_normalized/
Hydnum_rufescens	0	NO_READS_FOUND	no non-trivial read file in rnaseq_reads/ or rnaseq_normalized/
Hygrocybe_chlorophana	0	NO_READS_FOUND	no non-trivial read file in rnaseq_reads/ or rnaseq_normalized/
Hygrophorus_pudorinus	0	NO_READS_FOUND	no non-trivial read file in rnaseq_reads/ or rnaseq_normalized/
Hygrophorus_russula	0	NO_READS_FOUND	no non-trivial read file in rnaseq_reads/ or rnaseq_normalized/
Hymenochaete_sp._R1	0	NO_READS_FOUND	no non-trivial read file in rnaseq_reads/ or rnaseq_normalized/
Hymenoscyphus_fructigenus	0	NO_READS_FOUND	no non-trivial read file in rnaseq_reads/ or rnaseq_normalized/
Hymenoscyphus_infarciens	0	NO_READS_FOUND	no non-trivial read file in rnaseq_reads/ or rnaseq_normalized/
Hymenoscyphus_occultus	0	NO_READS_FOUND	no non-trivial read file in rnaseq_reads/ or rnaseq_normalized/
Hymenoscyphus_repandus	0	NO_READS_FOUND	no non-trivial read file in rnaseq_reads/ or rnaseq_normalized/
Hymenoscyphus_salicellus	0	NO_READS_FOUND	no non-trivial read file in rnaseq_reads/ or rnaseq_normalized/
Hymenoscyphus_scutula	0	NO_READS_FOUND	no non-trivial read file in rnaseq_reads/ or rnaseq_normalized/
Hymenoscyphus_sp._LP001	0	NO_READS_FOUND	no non-trivial read file in rnaseq_reads/ or rnaseq_normalized/
Hymenotorrendiella_dingleyae	0	NO_READS_FOUND	no non-trivial read file in rnaseq_reads/ or rnaseq_normalized/
Hyphodiscus_hymeniophilus	0	NO_READS_FOUND	no non-trivial read file in rnaseq_reads/ or rnaseq_normalized/
Hyphodiscus_sp._D1413	0	NO_READS_FOUND	no non-trivial read file in rnaseq_reads/ or rnaseq_normalized/
Hypholoma_sublateritium	0	NO_READS_FOUND	no non-trivial read file in rnaseq_reads/ or rnaseq_normalized/
Hypholoma_subviride	0	NO_READS_FOUND	no non-trivial read file in rnaseq_reads/ or rnaseq_normalized/
Hyphopichia_buzzinii	0	NO_READS_FOUND	no non-trivial read file in rnaseq_reads/ or rnaseq_normalized/
Hyphopichia_fennica	0	NO_READS_FOUND	no non-trivial read file in rnaseq_reads/ or rnaseq_normalized/
Hyphopichia_homilentoma	0	NO_READS_FOUND	no non-trivial read file in rnaseq_reads/ or rnaseq_normalized/
Hyphopichia_khmerensis	0	NO_READS_FOUND	no non-trivial read file in rnaseq_reads/ or rnaseq_normalized/
Hyphopichia_wangnamkhiaoensis	0	NO_READS_FOUND	no non-trivial read file in rnaseq_reads/ or rnaseq_normalized/
Hypocenomyce_scalaris	0	NO_READS_FOUND	no non-trivial read file in rnaseq_reads/ or rnaseq_normalized/
Hypocreaceae_sp.	0	NO_READS_FOUND	no non-trivial read file in rnaseq_reads/ or rnaseq_normalized/
Hypocreales_sp._KLYLS	0	NO_READS_FOUND	no non-trivial read file in rnaseq_reads/ or rnaseq_normalized/
Hypocreales_sp._ML197-S3	0	NO_READS_FOUND	no non-trivial read file in rnaseq_reads/ or rnaseq_normalized/
Hypocreales_sp._Mo6-1	0	NO_READS_FOUND	no non-trivial read file in rnaseq_reads/ or rnaseq_normalized/
Hypocreales_sp._O35	0	NO_READS_FOUND	no non-trivial read file in rnaseq_reads/ or rnaseq_normalized/
Hypocreales_sp._StYLS	0	NO_READS_FOUND	no non-trivial read file in rnaseq_reads/ or rnaseq_normalized/
Hypocrella_siamensis	0	NO_READS_FOUND	no non-trivial read file in rnaseq_reads/ or rnaseq_normalized/
Hypogymnia_physodes	0	NO_READS_FOUND	no non-trivial read file in rnaseq_reads/ or rnaseq_normalized/
Hypogymnia_vittata	0	NO_READS_FOUND	no non-trivial read file in rnaseq_reads/ or rnaseq_normalized/
Hypomyces_aurantius	0	NO_READS_FOUND	no non-trivial read file in rnaseq_reads/ or rnaseq_normalized/
Hypomyces_rosellus	0	NO_READS_FOUND	no non-trivial read file in rnaseq_reads/ or rnaseq_normalized/
Hypotrachyna_appalachensis	0	NO_READS_FOUND	no non-trivial read file in rnaseq_reads/ or rnaseq_normalized/
Hypotrachyna_catawbiensis	0	NO_READS_FOUND	no non-trivial read file in rnaseq_reads/ or rnaseq_normalized/
Hypotrachyna_lividescens	0	NO_READS_FOUND	no non-trivial read file in rnaseq_reads/ or rnaseq_normalized/
Hypotrachyna_osseoalba	0	NO_READS_FOUND	no non-trivial read file in rnaseq_reads/ or rnaseq_normalized/
Hypoxylon_intermedium	0	NO_READS_FOUND	no non-trivial read file in rnaseq_reads/ or rnaseq_normalized/
Hypoxylon_lenormandii	0	NO_READS_FOUND	no non-trivial read file in rnaseq_reads/ or rnaseq_normalized/
Hypoxylon_lienhwacheense	0	NO_READS_FOUND	no non-trivial read file in rnaseq_reads/ or rnaseq_normalized/
Hypoxylon_perforatum	0	NO_READS_FOUND	no non-trivial read file in rnaseq_reads/ or rnaseq_normalized/
Hypoxylon_rickii	0	NO_READS_FOUND	no non-trivial read file in rnaseq_reads/ or rnaseq_normalized/
Hypoxylon_sp._CI-4A	0	NO_READS_FOUND	no non-trivial read file in rnaseq_reads/ or rnaseq_normalized/
Hypoxylon_sp._CO27-5	0	NO_READS_FOUND	no non-trivial read file in rnaseq_reads/ or rnaseq_normalized/
Hypoxylon_sp._E7406B	0	NO_READS_FOUND	no non-trivial read file in rnaseq_reads/ or rnaseq_normalized/
Hypoxylon_sp._EC38	0	NO_READS_FOUND	no non-trivial read file in rnaseq_reads/ or rnaseq_normalized/
Hypoxylon_sp._PDH2405	0	NO_READS_FOUND	no non-trivial read file in rnaseq_reads/ or rnaseq_normalized/
Hypoxylon_subgilvum	0	NO_READS_FOUND	no non-trivial read file in rnaseq_reads/ or rnaseq_normalized/
Hypoxylon_texense	0	NO_READS_FOUND	no non-trivial read file in rnaseq_reads/ or rnaseq_normalized/
Hypsizygus_ulmarius	0	NO_READS_FOUND	no non-trivial read file in rnaseq_reads/ or rnaseq_normalized/
Hysterangium_stoloniferum	0	NO_READS_FOUND	no non-trivial read file in rnaseq_reads/ or rnaseq_normalized/
Hysterium_pulicare	0	NO_READS_FOUND	no non-trivial read file in rnaseq_reads/ or rnaseq_normalized/
Icmadophila_ericetorum	0	NO_READS_FOUND	no non-trivial read file in rnaseq_reads/ or rnaseq_normalized/
Ikaeria_aurantiellina	0	NO_READS_FOUND	no non-trivial read file in rnaseq_reads/ or rnaseq_normalized/
Ilyonectria_capensis	0	NO_READS_FOUND	no non-trivial read file in rnaseq_reads/ or rnaseq_normalized/
Ilyonectria_mors-panacis	0	NO_READS_FOUND	no non-trivial read file in rnaseq_reads/ or rnaseq_normalized/
Immersiporthe_knoxdaviesiana	0	NO_READS_FOUND	no non-trivial read file in rnaseq_reads/ or rnaseq_normalized/
Imshaugia_aleurites	0	NO_READS_FOUND	no non-trivial read file in rnaseq_reads/ or rnaseq_normalized/
Incumbomyces_delicatus	0	NO_READS_FOUND	no non-trivial read file in rnaseq_reads/ or rnaseq_normalized/
Incumbomyces_lentus	0	NO_READS_FOUND	no non-trivial read file in rnaseq_reads/ or rnaseq_normalized/
Inocybe_corydalina	0	NO_READS_FOUND	no non-trivial read file in rnaseq_reads/ or rnaseq_normalized/
Inocybe_dulcamara	0	NO_READS_FOUND	no non-trivial read file in rnaseq_reads/ or rnaseq_normalized/
Inocybe_flocculosa	0	NO_READS_FOUND	no non-trivial read file in rnaseq_reads/ or rnaseq_normalized/
Inocybe_fuscidula	0	NO_READS_FOUND	no non-trivial read file in rnaseq_reads/ or rnaseq_normalized/
Inocybe_geophylla	0	NO_READS_FOUND	no non-trivial read file in rnaseq_reads/ or rnaseq_normalized/
Inocybe_glabripes	0	NO_READS_FOUND	no non-trivial read file in rnaseq_reads/ or rnaseq_normalized/
Inocybe_lanuginosa	0	NO_READS_FOUND	no non-trivial read file in rnaseq_reads/ or rnaseq_normalized/
Inocybe_lilacina	0	NO_READS_FOUND	no non-trivial read file in rnaseq_reads/ or rnaseq_normalized/
Inocybe_nitidiuscula	0	NO_READS_FOUND	no non-trivial read file in rnaseq_reads/ or rnaseq_normalized/
Inocybe_oblectabilis	0	NO_READS_FOUND	no non-trivial read file in rnaseq_reads/ or rnaseq_normalized/
Inocybe_ochroalba	0	NO_READS_FOUND	no non-trivial read file in rnaseq_reads/ or rnaseq_normalized/
Inocybe_suecica	0	NO_READS_FOUND	no non-trivial read file in rnaseq_reads/ or rnaseq_normalized/
Inonotus_vitis	0	NO_READS_FOUND	no non-trivial read file in rnaseq_reads/ or rnaseq_normalized/
Inosperma_bongardii	0	NO_READS_FOUND	no non-trivial read file in rnaseq_reads/ or rnaseq_normalized/
Inosperma_cervicolor	0	NO_READS_FOUND	no non-trivial read file in rnaseq_reads/ or rnaseq_normalized/
Inosperma_erubescens	0	NO_READS_FOUND	no non-trivial read file in rnaseq_reads/ or rnaseq_normalized/
Inosperma_sp._D86	0	NO_READS_FOUND	no non-trivial read file in rnaseq_reads/ or rnaseq_normalized/
Insectozyma_bohioensis	0	NO_READS_FOUND	no non-trivial read file in rnaseq_reads/ or rnaseq_normalized/
Insectozyma_chauliodis	0	NO_READS_FOUND	no non-trivial read file in rnaseq_reads/ or rnaseq_normalized/
Insectozyma_coleopterorum	0	NO_READS_FOUND	no non-trivial read file in rnaseq_reads/ or rnaseq_normalized/
Insectozyma_corydali	0	NO_READS_FOUND	no non-trivial read file in rnaseq_reads/ or rnaseq_normalized/
Insectozyma_morakotiae	0	NO_READS_FOUND	no non-trivial read file in rnaseq_reads/ or rnaseq_normalized/
Insectozyma_parachauliodis	0	NO_READS_FOUND	no non-trivial read file in rnaseq_reads/ or rnaseq_normalized/
Insectozyma_sakaeoensis	0	NO_READS_FOUND	no non-trivial read file in rnaseq_reads/ or rnaseq_normalized/
Insectozyma_verbasci	0	NO_READS_FOUND	no non-trivial read file in rnaseq_reads/ or rnaseq_normalized/
Insectozyma_xiaguanensis	0	NO_READS_FOUND	no non-trivial read file in rnaseq_reads/ or rnaseq_normalized/
Intestinozyma_alai	0	NO_READS_FOUND	no non-trivial read file in rnaseq_reads/ or rnaseq_normalized/
Intubia_oerlemansii	0	NO_READS_FOUND	no non-trivial read file in rnaseq_reads/ or rnaseq_normalized/
Iodosphaeria_phyllophila	0	NO_READS_FOUND	no non-trivial read file in rnaseq_reads/ or rnaseq_normalized/
Ionaspis_alba	0	NO_READS_FOUND	no non-trivial read file in rnaseq_reads/ or rnaseq_normalized/
Ionaspis_lacustris	0	NO_READS_FOUND	no non-trivial read file in rnaseq_reads/ or rnaseq_normalized/
Irineochytrium_annulatum	0	NO_READS_FOUND	no non-trivial read file in rnaseq_reads/ or rnaseq_normalized/
Irpex_sp._M6601	0	NO_READS_FOUND	no non-trivial read file in rnaseq_reads/ or rnaseq_normalized/
Irpex_sp._P115-07	0	NO_READS_FOUND	no non-trivial read file in rnaseq_reads/ or rnaseq_normalized/
Irpex_sp._PG99-01B2	0	NO_READS_FOUND	no non-trivial read file in rnaseq_reads/ or rnaseq_normalized/
Irpex_sp._Y119-03	0	NO_READS_FOUND	no non-trivial read file in rnaseq_reads/ or rnaseq_normalized/
Irpex_subulatus	0	NO_READS_FOUND	no non-trivial read file in rnaseq_reads/ or rnaseq_normalized/
Isabelozyma_gotoi	0	NO_READS_FOUND	no non-trivial read file in rnaseq_reads/ or rnaseq_normalized/
Isabelozyma_heimii	0	NO_READS_FOUND	no non-trivial read file in rnaseq_reads/ or rnaseq_normalized/
Isabelozyma_pseudorhagii	0	NO_READS_FOUND	no non-trivial read file in rnaseq_reads/ or rnaseq_normalized/
Isabelozyma_rhagii	0	NO_READS_FOUND	no non-trivial read file in rnaseq_reads/ or rnaseq_normalized/
Isaria_sinclairii	0	NO_READS_FOUND	no non-trivial read file in rnaseq_reads/ or rnaseq_normalized/
Ischnoderma_resinosum	0	NO_READS_FOUND	no non-trivial read file in rnaseq_reads/ or rnaseq_normalized/
Jaapia_argillacea	0	NO_READS_FOUND	no non-trivial read file in rnaseq_reads/ or rnaseq_normalized/
Jackrogersella_multiformis	0	NO_READS_FOUND	no non-trivial read file in rnaseq_reads/ or rnaseq_normalized/
Jamesozyma_gamospora	0	NO_READS_FOUND	no non-trivial read file in rnaseq_reads/ or rnaseq_normalized/
Jamesozyma_hellenica	0	NO_READS_FOUND	no non-trivial read file in rnaseq_reads/ or rnaseq_normalized/
Jamesozyma_jinghongensis	0	NO_READS_FOUND	no non-trivial read file in rnaseq_reads/ or rnaseq_normalized/
Jamesozyma_lodderae	0	NO_READS_FOUND	no non-trivial read file in rnaseq_reads/ or rnaseq_normalized/
Jamesozyma_piceae	0	NO_READS_FOUND	no non-trivial read file in rnaseq_reads/ or rnaseq_normalized/
Jamesozyma_rosinii	0	NO_READS_FOUND	no non-trivial read file in rnaseq_reads/ or rnaseq_normalized/
Jamesozyma_spencerorum	0	NO_READS_FOUND	no non-trivial read file in rnaseq_reads/ or rnaseq_normalized/
Jimgerdemannia_lactiflua	0	NO_READS_FOUND	no non-trivial read file in rnaseq_reads/ or rnaseq_normalized/
Juglanconis_juglandina	0	NO_READS_FOUND	no non-trivial read file in rnaseq_reads/ or rnaseq_normalized/
Juglanconis_oblonga	0	NO_READS_FOUND	no non-trivial read file in rnaseq_reads/ or rnaseq_normalized/
Juglanconis_sp._DMW523	0	NO_READS_FOUND	no non-trivial read file in rnaseq_reads/ or rnaseq_normalized/
Kaernefeltia_merrillii	0	NO_READS_FOUND	no non-trivial read file in rnaseq_reads/ or rnaseq_normalized/
Kalmusia_sp._IMI_367209	0	NO_READS_FOUND	no non-trivial read file in rnaseq_reads/ or rnaseq_normalized/
Kappamyces_sp._JEL0680	0	NO_READS_FOUND	no non-trivial read file in rnaseq_reads/ or rnaseq_normalized/
Kappamyces_sp._JEL0829	0	NO_READS_FOUND	no non-trivial read file in rnaseq_reads/ or rnaseq_normalized/
Kazachstania_africana	0	NO_READS_FOUND	no non-trivial read file in rnaseq_reads/ or rnaseq_normalized/
Kazachstania_bromeliacearum	0	NO_READS_FOUND	no non-trivial read file in rnaseq_reads/ or rnaseq_normalized/
Kazachstania_kunashirensis	0	NO_READS_FOUND	no non-trivial read file in rnaseq_reads/ or rnaseq_normalized/
Kazachstania_martiniae	0	NO_READS_FOUND	no non-trivial read file in rnaseq_reads/ or rnaseq_normalized/
Kazachstania_psychrophila	0	NO_READS_FOUND	no non-trivial read file in rnaseq_reads/ or rnaseq_normalized/
Kazachstania_sp.	0	NO_READS_FOUND	no non-trivial read file in rnaseq_reads/ or rnaseq_normalized/
Kazachstania_sp._F8220	0	NO_READS_FOUND	no non-trivial read file in rnaseq_reads/ or rnaseq_normalized/
Kazachstania_sp._F8402	0	NO_READS_FOUND	no non-trivial read file in rnaseq_reads/ or rnaseq_normalized/
Kazachstania_sp._M6911	0	NO_READS_FOUND	no non-trivial read file in rnaseq_reads/ or rnaseq_normalized/
Kazachstania_sp._NW717	0	NO_READS_FOUND	no non-trivial read file in rnaseq_reads/ or rnaseq_normalized/
Kazachstania_sp._P8426	0	NO_READS_FOUND	no non-trivial read file in rnaseq_reads/ or rnaseq_normalized/
Kazachstania_sp._PG8210	0	NO_READS_FOUND	no non-trivial read file in rnaseq_reads/ or rnaseq_normalized/
Kazachstania_sp._VP_05	0	NO_READS_FOUND	no non-trivial read file in rnaseq_reads/ or rnaseq_normalized/
Kazachstania_sp._Y4206	0	NO_READS_FOUND	no non-trivial read file in rnaseq_reads/ or rnaseq_normalized/
Kazachstania_taianensis	0	NO_READS_FOUND	no non-trivial read file in rnaseq_reads/ or rnaseq_normalized/
Kazachstania_viticola	0	NO_READS_FOUND	no non-trivial read file in rnaseq_reads/ or rnaseq_normalized/
Kendrickiella_phycomyces	0	NO_READS_FOUND	no non-trivial read file in rnaseq_reads/ or rnaseq_normalized/
Keqinozyma_nonsorbophila	0	NO_READS_FOUND	no non-trivial read file in rnaseq_reads/ or rnaseq_normalized/
Keqinozyma_sinolaborantium	0	NO_READS_FOUND	no non-trivial read file in rnaseq_reads/ or rnaseq_normalized/
Kluyveromyces_aestuarii	0	NO_READS_FOUND	no non-trivial read file in rnaseq_reads/ or rnaseq_normalized/
Kluyveromyces_dobzhanskii	0	NO_READS_FOUND	no non-trivial read file in rnaseq_reads/ or rnaseq_normalized/
Kluyveromyces_nonfermentans	0	NO_READS_FOUND	no non-trivial read file in rnaseq_reads/ or rnaseq_normalized/
Kluyveromyces_siamensis	0	NO_READS_FOUND	no non-trivial read file in rnaseq_reads/ or rnaseq_normalized/
Kluyveromyces_sp._PCH397	0	NO_READS_FOUND	no non-trivial read file in rnaseq_reads/ or rnaseq_normalized/
Kluyveromyces_sp._yHMH660	0	NO_READS_FOUND	no non-trivial read file in rnaseq_reads/ or rnaseq_normalized/
Kluyveromyces_starmeri	0	NO_READS_FOUND	no non-trivial read file in rnaseq_reads/ or rnaseq_normalized/
Kluyveromyces_wickerhamii	0	NO_READS_FOUND	no non-trivial read file in rnaseq_reads/ or rnaseq_normalized/
Knoxdaviesia_capensis	0	NO_READS_FOUND	no non-trivial read file in rnaseq_reads/ or rnaseq_normalized/
Knoxdaviesia_proteae	0	NO_READS_FOUND	no non-trivial read file in rnaseq_reads/ or rnaseq_normalized/
Knufia_fluminis	0	NO_READS_FOUND	no non-trivial read file in rnaseq_reads/ or rnaseq_normalized/
Knufia_obscura	0	NO_READS_FOUND	no non-trivial read file in rnaseq_reads/ or rnaseq_normalized/
Knufia_peltigerae	0	NO_READS_FOUND	no non-trivial read file in rnaseq_reads/ or rnaseq_normalized/
Kockiozyma_suomiensis	0	NO_READS_FOUND	no non-trivial read file in rnaseq_reads/ or rnaseq_normalized/
Kockovaella_fuzhouensis	0	NO_READS_FOUND	no non-trivial read file in rnaseq_reads/ or rnaseq_normalized/
Kodamaea_alishanica	0	NO_READS_FOUND	no non-trivial read file in rnaseq_reads/ or rnaseq_normalized/
Kodamaea_anthophila	0	NO_READS_FOUND	no non-trivial read file in rnaseq_reads/ or rnaseq_normalized/
Kodamaea_arcana	0	NO_READS_FOUND	no non-trivial read file in rnaseq_reads/ or rnaseq_normalized/
Kodamaea_derodonti	0	NO_READS_FOUND	no non-trivial read file in rnaseq_reads/ or rnaseq_normalized/
Kodamaea_fukazawae	0	NO_READS_FOUND	no non-trivial read file in rnaseq_reads/ or rnaseq_normalized/
Kodamaea_fungicola	0	NO_READS_FOUND	no non-trivial read file in rnaseq_reads/ or rnaseq_normalized/
Kodamaea_hsintzibuensis	0	NO_READS_FOUND	no non-trivial read file in rnaseq_reads/ or rnaseq_normalized/
Kodamaea_jinghongensis	0	NO_READS_FOUND	no non-trivial read file in rnaseq_reads/ or rnaseq_normalized/
Kodamaea_kakaduensis	0	NO_READS_FOUND	no non-trivial read file in rnaseq_reads/ or rnaseq_normalized/
Kodamaea_kaohsiungensis	0	NO_READS_FOUND	no non-trivial read file in rnaseq_reads/ or rnaseq_normalized/
Kodamaea_laetipori	0	NO_READS_FOUND	no non-trivial read file in rnaseq_reads/ or rnaseq_normalized/
Kodamaea_leandrae	0	NO_READS_FOUND	no non-trivial read file in rnaseq_reads/ or rnaseq_normalized/
Kodamaea_lidongshanica	0	NO_READS_FOUND	no non-trivial read file in rnaseq_reads/ or rnaseq_normalized/
Kodamaea_neixiangensis	0	NO_READS_FOUND	no non-trivial read file in rnaseq_reads/ or rnaseq_normalized/
Kodamaea_nitidulidarum	0	NO_READS_FOUND	no non-trivial read file in rnaseq_reads/ or rnaseq_normalized/
Kodamaea_ohmeri	0	NO_READS_FOUND	no non-trivial read file in rnaseq_reads/ or rnaseq_normalized/
Kodamaea_plutei	0	NO_READS_FOUND	no non-trivial read file in rnaseq_reads/ or rnaseq_normalized/
Kodamaea_restingae	0	NO_READS_FOUND	no non-trivial read file in rnaseq_reads/ or rnaseq_normalized/
Kodamaea_sagamina	0	NO_READS_FOUND	no non-trivial read file in rnaseq_reads/ or rnaseq_normalized/
Kodamaea_sp._CyC9	0	NO_READS_FOUND	no non-trivial read file in rnaseq_reads/ or rnaseq_normalized/
Kodamaea_sp._yHQL449	0	NO_READS_FOUND	no non-trivial read file in rnaseq_reads/ or rnaseq_normalized/
Kodamaea_sp._yHQL451	0	NO_READS_FOUND	no non-trivial read file in rnaseq_reads/ or rnaseq_normalized/
Kodamaea_suecica	0	NO_READS_FOUND	no non-trivial read file in rnaseq_reads/ or rnaseq_normalized/
Komagataea_norvegica	0	NO_READS_FOUND	no non-trivial read file in rnaseq_reads/ or rnaseq_normalized/
Komagataea_pratensis	0	NO_READS_FOUND	no non-trivial read file in rnaseq_reads/ or rnaseq_normalized/
Komagataea_qinlingensis	0	NO_READS_FOUND	no non-trivial read file in rnaseq_reads/ or rnaseq_normalized/
Komagataea_salicaria	0	NO_READS_FOUND	no non-trivial read file in rnaseq_reads/ or rnaseq_normalized/
Komagataea_sp._AT-2023	0	NO_READS_FOUND	no non-trivial read file in rnaseq_reads/ or rnaseq_normalized/
Komagataea_wickerhamii	0	NO_READS_FOUND	no non-trivial read file in rnaseq_reads/ or rnaseq_normalized/
Komagataella_kurtzmanii	0	NO_READS_FOUND	no non-trivial read file in rnaseq_reads/ or rnaseq_normalized/
Komagataella_mondaviorum	0	NO_READS_FOUND	no non-trivial read file in rnaseq_reads/ or rnaseq_normalized/
Komagataella_populi	0	NO_READS_FOUND	no non-trivial read file in rnaseq_reads/ or rnaseq_normalized/
Komagataella_pseudopastoris	0	NO_READS_FOUND	no non-trivial read file in rnaseq_reads/ or rnaseq_normalized/
Komagataella_ulmi	0	NO_READS_FOUND	no non-trivial read file in rnaseq_reads/ or rnaseq_normalized/
Kondoa_malvinella	0	NO_READS_FOUND	no non-trivial read file in rnaseq_reads/ or rnaseq_normalized/
Kondoa_subrosea	0	NO_READS_FOUND	no non-trivial read file in rnaseq_reads/ or rnaseq_normalized/
Krasilnikovozyma_curviuscula	0	NO_READS_FOUND	no non-trivial read file in rnaseq_reads/ or rnaseq_normalized/
Kregervanrija_delftensis	0	NO_READS_FOUND	no non-trivial read file in rnaseq_reads/ or rnaseq_normalized/
Kregervanrija_fluxuum	0	NO_READS_FOUND	no non-trivial read file in rnaseq_reads/ or rnaseq_normalized/
Kregervanrija_pseudodelftensis	0	NO_READS_FOUND	no non-trivial read file in rnaseq_reads/ or rnaseq_normalized/
Kuettlingeria_erythrocarpa	0	NO_READS_FOUND	no non-trivial read file in rnaseq_reads/ or rnaseq_normalized/
Kuraishia_borneana	0	NO_READS_FOUND	no non-trivial read file in rnaseq_reads/ or rnaseq_normalized/
Kuraishia_cidri	0	NO_READS_FOUND	no non-trivial read file in rnaseq_reads/ or rnaseq_normalized/
Kuraishia_floccosa	0	NO_READS_FOUND	no non-trivial read file in rnaseq_reads/ or rnaseq_normalized/
Kuraishia_hungarica	0	NO_READS_FOUND	no non-trivial read file in rnaseq_reads/ or rnaseq_normalized/
Kuraishia_molischiana	0	NO_READS_FOUND	no non-trivial read file in rnaseq_reads/ or rnaseq_normalized/
Kuraishia_ogatae	0	NO_READS_FOUND	no non-trivial read file in rnaseq_reads/ or rnaseq_normalized/
Kuraishia_piskuri	0	NO_READS_FOUND	no non-trivial read file in rnaseq_reads/ or rnaseq_normalized/
Kurtzmaniella_cleridarum	0	NO_READS_FOUND	no non-trivial read file in rnaseq_reads/ or rnaseq_normalized/
Kurtzmaniella_fragi	0	NO_READS_FOUND	no non-trivial read file in rnaseq_reads/ or rnaseq_normalized/
Kurtzmaniella_natalensis	0	NO_READS_FOUND	no non-trivial read file in rnaseq_reads/ or rnaseq_normalized/
Kurtzmaniella_quercitrusa	0	NO_READS_FOUND	no non-trivial read file in rnaseq_reads/ or rnaseq_normalized/
Kurtzmaniella_quercitrusa_var._comoensis_nom._nud.	0	NO_READS_FOUND	no non-trivial read file in rnaseq_reads/ or rnaseq_normalized/
Kurtzmaniella_quercitrusa_var._filamentosus_nom._nud.	0	NO_READS_FOUND	no non-trivial read file in rnaseq_reads/ or rnaseq_normalized/
Kurtzmaniella_sp._PG3605	0	NO_READS_FOUND	no non-trivial read file in rnaseq_reads/ or rnaseq_normalized/
Kurtzmaniella_sp._R2202	0	NO_READS_FOUND	no non-trivial read file in rnaseq_reads/ or rnaseq_normalized/
Kurtzmanomyces_sp._YL-2025a	0	NO_READS_FOUND	no non-trivial read file in rnaseq_reads/ or rnaseq_normalized/
Kwoniella_bestiolae	0	NO_READS_FOUND	no non-trivial read file in rnaseq_reads/ or rnaseq_normalized/
Kwoniella_botswanensis	0	NO_READS_FOUND	no non-trivial read file in rnaseq_reads/ or rnaseq_normalized/
Kwoniella_dejecticola	0	NO_READS_FOUND	no non-trivial read file in rnaseq_reads/ or rnaseq_normalized/
Kwoniella_dendrophila	0	NO_READS_FOUND	no non-trivial read file in rnaseq_reads/ or rnaseq_normalized/
Kwoniella_europaea	0	NO_READS_FOUND	no non-trivial read file in rnaseq_reads/ or rnaseq_normalized/
Kwoniella_fici	0	NO_READS_FOUND	no non-trivial read file in rnaseq_reads/ or rnaseq_normalized/
Kwoniella_heveanensis	0	NO_READS_FOUND	no non-trivial read file in rnaseq_reads/ or rnaseq_normalized/
Kwoniella_mangrovensis	0	NO_READS_FOUND	no non-trivial read file in rnaseq_reads/ or rnaseq_normalized/
Kwoniella_newhampshirensis	0	NO_READS_FOUND	no non-trivial read file in rnaseq_reads/ or rnaseq_normalized/
Kwoniella_ovata	0	NO_READS_FOUND	no non-trivial read file in rnaseq_reads/ or rnaseq_normalized/
Kwoniella_pini	0	NO_READS_FOUND	no non-trivial read file in rnaseq_reads/ or rnaseq_normalized/
Kwoniella_shandongensis	0	NO_READS_FOUND	no non-trivial read file in rnaseq_reads/ or rnaseq_normalized/
Kwoniella_shivajii	0	NO_READS_FOUND	no non-trivial read file in rnaseq_reads/ or rnaseq_normalized/
Kwoniella_sp._B9012	0	NO_READS_FOUND	no non-trivial read file in rnaseq_reads/ or rnaseq_normalized/
Kwoniella_sp._CBS_6097	0	NO_READS_FOUND	no non-trivial read file in rnaseq_reads/ or rnaseq_normalized/
Kwoniella_sp._CBS_9459	0	NO_READS_FOUND	no non-trivial read file in rnaseq_reads/ or rnaseq_normalized/
Kwoniella_sp._DSM_27419	0	NO_READS_FOUND	no non-trivial read file in rnaseq_reads/ or rnaseq_normalized/
Kwoniella_sp._UNSW_COCOA_04	0	NO_READS_FOUND	no non-trivial read file in rnaseq_reads/ or rnaseq_normalized/
Kwoniella_sp._UNSW_COCOA_06	0	NO_READS_FOUND	no non-trivial read file in rnaseq_reads/ or rnaseq_normalized/
Laburnicola_sp._JP-R-44	0	NO_READS_FOUND	no non-trivial read file in rnaseq_reads/ or rnaseq_normalized/
Laburnicola_sp._JP_R_19	0	NO_READS_FOUND	no non-trivial read file in rnaseq_reads/ or rnaseq_normalized/
Laburnicola_sp._R22_1	0	NO_READS_FOUND	no non-trivial read file in rnaseq_reads/ or rnaseq_normalized/
Laccaria_amethystina	0	NO_READS_FOUND	no non-trivial read file in rnaseq_reads/ or rnaseq_normalized/
Laccaria_bicolor	0	NO_READS_FOUND	no non-trivial read file in rnaseq_reads/ or rnaseq_normalized/
Laccaria_trichodermophora	0	NO_READS_FOUND	no non-trivial read file in rnaseq_reads/ or rnaseq_normalized/
Lachancea_cidri	0	NO_READS_FOUND	no non-trivial read file in rnaseq_reads/ or rnaseq_normalized/
Lachancea_dasiensis	0	NO_READS_FOUND	no non-trivial read file in rnaseq_reads/ or rnaseq_normalized/
Lachancea_lanzarotensis	0	NO_READS_FOUND	no non-trivial read file in rnaseq_reads/ or rnaseq_normalized/
Lachancea_meyersii	0	NO_READS_FOUND	no non-trivial read file in rnaseq_reads/ or rnaseq_normalized/
Lachancea_mirantina	0	NO_READS_FOUND	no non-trivial read file in rnaseq_reads/ or rnaseq_normalized/
Lachancea_nothofagi	0	NO_READS_FOUND	no non-trivial read file in rnaseq_reads/ or rnaseq_normalized/
Lachancea_quebecensis	0	NO_READS_FOUND	no non-trivial read file in rnaseq_reads/ or rnaseq_normalized/
Lachancea_sp._fantastica	0	NO_READS_FOUND	no non-trivial read file in rnaseq_reads/ or rnaseq_normalized/
Lachancea_sp._yHQL494	0	NO_READS_FOUND	no non-trivial read file in rnaseq_reads/ or rnaseq_normalized/
Lachnellula_arida	0	NO_READS_FOUND	no non-trivial read file in rnaseq_reads/ or rnaseq_normalized/
Lachnellula_cervina	0	NO_READS_FOUND	no non-trivial read file in rnaseq_reads/ or rnaseq_normalized/
Lachnellula_hyalina	0	NO_READS_FOUND	no non-trivial read file in rnaseq_reads/ or rnaseq_normalized/
Lachnellula_occidentalis	0	NO_READS_FOUND	no non-trivial read file in rnaseq_reads/ or rnaseq_normalized/
Lachnellula_suecica	0	NO_READS_FOUND	no non-trivial read file in rnaseq_reads/ or rnaseq_normalized/
Lachnellula_willkommii	0	NO_READS_FOUND	no non-trivial read file in rnaseq_reads/ or rnaseq_normalized/
Lachnum_nothofagi	0	NO_READS_FOUND	no non-trivial read file in rnaseq_reads/ or rnaseq_normalized/
Lactarius_sp._MG121	0	NO_READS_FOUND	no non-trivial read file in rnaseq_reads/ or rnaseq_normalized/
Lactarius_sp._MG50	0	NO_READS_FOUND	no non-trivial read file in rnaseq_reads/ or rnaseq_normalized/
Lactarius_trivialis	0	NO_READS_FOUND	no non-trivial read file in rnaseq_reads/ or rnaseq_normalized/
Lactarius_vividus	0	NO_READS_FOUND	no non-trivial read file in rnaseq_reads/ or rnaseq_normalized/
Lactifluus_echinatus	0	NO_READS_FOUND	no non-trivial read file in rnaseq_reads/ or rnaseq_normalized/
Lactifluus_hygrophoroides	0	NO_READS_FOUND	no non-trivial read file in rnaseq_reads/ or rnaseq_normalized/
Lactifluus_pinguis	0	NO_READS_FOUND	no non-trivial read file in rnaseq_reads/ or rnaseq_normalized/
Lactifluus_piperatus	0	NO_READS_FOUND	no non-trivial read file in rnaseq_reads/ or rnaseq_normalized/
Lactifluus_rugatus	0	NO_READS_FOUND	no non-trivial read file in rnaseq_reads/ or rnaseq_normalized/
Laetiporus_cremeiporus	0	NO_READS_FOUND	no non-trivial read file in rnaseq_reads/ or rnaseq_normalized/
Lambiella_insularis	0	NO_READS_FOUND	no non-trivial read file in rnaseq_reads/ or rnaseq_normalized/
Lanmaoa_asiatica	0	NO_READS_FOUND	no non-trivial read file in rnaseq_reads/ or rnaseq_normalized/
Lanmaoa_carminipes	0	NO_READS_FOUND	no non-trivial read file in rnaseq_reads/ or rnaseq_normalized/
Lanmaoa_miniatopallescens	0	NO_READS_FOUND	no non-trivial read file in rnaseq_reads/ or rnaseq_normalized/
Lanmaoa_pseudosensibilis	0	NO_READS_FOUND	no non-trivial read file in rnaseq_reads/ or rnaseq_normalized/
Lanmaoa_rubissima	0	NO_READS_FOUND	no non-trivial read file in rnaseq_reads/ or rnaseq_normalized/
Lanmaoa_sp._TRTC157169	0	NO_READS_FOUND	no non-trivial read file in rnaseq_reads/ or rnaseq_normalized/
Lanzia_echinophila	0	NO_READS_FOUND	no non-trivial read file in rnaseq_reads/ or rnaseq_normalized/
Lapidomyces_sp._CGMCC_3.30117	0	NO_READS_FOUND	no non-trivial read file in rnaseq_reads/ or rnaseq_normalized/
Laricifomes_officinalis	0	NO_READS_FOUND	no non-trivial read file in rnaseq_reads/ or rnaseq_normalized/
Lasallia_papulosa	0	NO_READS_FOUND	no non-trivial read file in rnaseq_reads/ or rnaseq_normalized/
Lasiodiplodia_brasiliensis	0	NO_READS_FOUND	no non-trivial read file in rnaseq_reads/ or rnaseq_normalized/
Lasiodiplodia_citricola	0	NO_READS_FOUND	no non-trivial read file in rnaseq_reads/ or rnaseq_normalized/
Lasiodiplodia_euphorbiaceicola	0	NO_READS_FOUND	no non-trivial read file in rnaseq_reads/ or rnaseq_normalized/
Lasiodiplodia_iranensis	0	NO_READS_FOUND	no non-trivial read file in rnaseq_reads/ or rnaseq_normalized/
Lasiodiplodia_mahajangana	0	NO_READS_FOUND	no non-trivial read file in rnaseq_reads/ or rnaseq_normalized/
Lasiodiplodia_pseudotheobromae	0	NO_READS_FOUND	no non-trivial read file in rnaseq_reads/ or rnaseq_normalized/
Lasiodiplodia_sp._COLG20	0	NO_READS_FOUND	no non-trivial read file in rnaseq_reads/ or rnaseq_normalized/
Lasiodiplodia_sp._COLG96	0	NO_READS_FOUND	no non-trivial read file in rnaseq_reads/ or rnaseq_normalized/
Lasiodiplodia_sp._KE8368	0	NO_READS_FOUND	no non-trivial read file in rnaseq_reads/ or rnaseq_normalized/
Lasiodiplodia_sp._KE8409	0	NO_READS_FOUND	no non-trivial read file in rnaseq_reads/ or rnaseq_normalized/
Lasiosphaeriaceae_sp._G1095	0	NO_READS_FOUND	no non-trivial read file in rnaseq_reads/ or rnaseq_normalized/
Lecanicillium_aphanocladii	0	NO_READS_FOUND	no non-trivial read file in rnaseq_reads/ or rnaseq_normalized/
Lecanicillium_coprophilum	0	NO_READS_FOUND	no non-trivial read file in rnaseq_reads/ or rnaseq_normalized/
Lecanicillium_saksenae	0	NO_READS_FOUND	no non-trivial read file in rnaseq_reads/ or rnaseq_normalized/
Lecanicillium_sp._G3	0	NO_READS_FOUND	no non-trivial read file in rnaseq_reads/ or rnaseq_normalized/
Lecanicillium_sp._LEC01	0	NO_READS_FOUND	no non-trivial read file in rnaseq_reads/ or rnaseq_normalized/
Lecanicillium_sp._MT-2017a	0	NO_READS_FOUND	no non-trivial read file in rnaseq_reads/ or rnaseq_normalized/
Lecanicillium_sp._S3808	0	NO_READS_FOUND	no non-trivial read file in rnaseq_reads/ or rnaseq_normalized/
Lecanora_albella	0	NO_READS_FOUND	no non-trivial read file in rnaseq_reads/ or rnaseq_normalized/
Lecanora_atra	0	NO_READS_FOUND	no non-trivial read file in rnaseq_reads/ or rnaseq_normalized/
Lecanora_helva	0	NO_READS_FOUND	no non-trivial read file in rnaseq_reads/ or rnaseq_normalized/
Lecanora_hybocarpa	0	NO_READS_FOUND	no non-trivial read file in rnaseq_reads/ or rnaseq_normalized/
Lecanora_markjohnstonii	0	NO_READS_FOUND	no non-trivial read file in rnaseq_reads/ or rnaseq_normalized/
Lecanora_masana	0	NO_READS_FOUND	no non-trivial read file in rnaseq_reads/ or rnaseq_normalized/
Lecanora_oreinoides	0	NO_READS_FOUND	no non-trivial read file in rnaseq_reads/ or rnaseq_normalized/
Lecanora_rugosella	0	NO_READS_FOUND	no non-trivial read file in rnaseq_reads/ or rnaseq_normalized/
Lecanora_strobilina	0	NO_READS_FOUND	no non-trivial read file in rnaseq_reads/ or rnaseq_normalized/
Lecanora_subimmergens	0	NO_READS_FOUND	no non-trivial read file in rnaseq_reads/ or rnaseq_normalized/
Lecanorales_sp.	0	NO_READS_FOUND	no non-trivial read file in rnaseq_reads/ or rnaseq_normalized/
Lecanoromycetes_sp.	0	NO_READS_FOUND	no non-trivial read file in rnaseq_reads/ or rnaseq_normalized/
Lecanoromycetidae_sp._Uapishka_2	0	NO_READS_FOUND	no non-trivial read file in rnaseq_reads/ or rnaseq_normalized/
Lecanosticta_acicola	0	NO_READS_FOUND	no non-trivial read file in rnaseq_reads/ or rnaseq_normalized/
Leccinellum_albellum	0	NO_READS_FOUND	no non-trivial read file in rnaseq_reads/ or rnaseq_normalized/
Leccinellum_crocipodium	0	NO_READS_FOUND	no non-trivial read file in rnaseq_reads/ or rnaseq_normalized/
Leccinellum_luteum	0	NO_READS_FOUND	no non-trivial read file in rnaseq_reads/ or rnaseq_normalized/
Leccinellum_rugosiceps	0	NO_READS_FOUND	no non-trivial read file in rnaseq_reads/ or rnaseq_normalized/
Leccinum_ambiguum	0	NO_READS_FOUND	no non-trivial read file in rnaseq_reads/ or rnaseq_normalized/
Leccinum_angustisporum	0	NO_READS_FOUND	no non-trivial read file in rnaseq_reads/ or rnaseq_normalized/
Leccinum_arenicola	0	NO_READS_FOUND	no non-trivial read file in rnaseq_reads/ or rnaseq_normalized/
Leccinum_aurantiacum	0	NO_READS_FOUND	no non-trivial read file in rnaseq_reads/ or rnaseq_normalized/
Leccinum_barrowsii	0	NO_READS_FOUND	no non-trivial read file in rnaseq_reads/ or rnaseq_normalized/
Leccinum_boreale	0	NO_READS_FOUND	no non-trivial read file in rnaseq_reads/ or rnaseq_normalized/
Leccinum_broughii	0	NO_READS_FOUND	no non-trivial read file in rnaseq_reads/ or rnaseq_normalized/
Leccinum_brunneo-olivaceum	0	NO_READS_FOUND	no non-trivial read file in rnaseq_reads/ or rnaseq_normalized/
Leccinum_cinnamomeum	0	NO_READS_FOUND	no non-trivial read file in rnaseq_reads/ or rnaseq_normalized/
Leccinum_clavatum	0	NO_READS_FOUND	no non-trivial read file in rnaseq_reads/ or rnaseq_normalized/
Leccinum_colubrinum	0	NO_READS_FOUND	no non-trivial read file in rnaseq_reads/ or rnaseq_normalized/
Leccinum_disarticulatum	0	NO_READS_FOUND	no non-trivial read file in rnaseq_reads/ or rnaseq_normalized/
Leccinum_discolor	0	NO_READS_FOUND	no non-trivial read file in rnaseq_reads/ or rnaseq_normalized/
Leccinum_fallax	0	NO_READS_FOUND	no non-trivial read file in rnaseq_reads/ or rnaseq_normalized/
Leccinum_fibrillosum	0	NO_READS_FOUND	no non-trivial read file in rnaseq_reads/ or rnaseq_normalized/
Leccinum_fuscescens	0	NO_READS_FOUND	no non-trivial read file in rnaseq_reads/ or rnaseq_normalized/
Leccinum_glutinopallens	0	NO_READS_FOUND	no non-trivial read file in rnaseq_reads/ or rnaseq_normalized/
Leccinum_griseonigrum	0	NO_READS_FOUND	no non-trivial read file in rnaseq_reads/ or rnaseq_normalized/
Leccinum_holopus	0	NO_READS_FOUND	no non-trivial read file in rnaseq_reads/ or rnaseq_normalized/
Leccinum_huronense	0	NO_READS_FOUND	no non-trivial read file in rnaseq_reads/ or rnaseq_normalized/
Leccinum_idahoense	0	NO_READS_FOUND	no non-trivial read file in rnaseq_reads/ or rnaseq_normalized/
Leccinum_imitatum	0	NO_READS_FOUND	no non-trivial read file in rnaseq_reads/ or rnaseq_normalized/
Leccinum_incarnatum	0	NO_READS_FOUND	no non-trivial read file in rnaseq_reads/ or rnaseq_normalized/
Leccinum_insigne	0	NO_READS_FOUND	no non-trivial read file in rnaseq_reads/ or rnaseq_normalized/
Leccinum_insolens	0	NO_READS_FOUND	no non-trivial read file in rnaseq_reads/ or rnaseq_normalized/
Leccinum_laetum	0	NO_READS_FOUND	no non-trivial read file in rnaseq_reads/ or rnaseq_normalized/
Leccinum_longicurvipes	0	NO_READS_FOUND	no non-trivial read file in rnaseq_reads/ or rnaseq_normalized/
Leccinum_obscurum	0	NO_READS_FOUND	no non-trivial read file in rnaseq_reads/ or rnaseq_normalized/
Leccinum_ochraceum	0	NO_READS_FOUND	no non-trivial read file in rnaseq_reads/ or rnaseq_normalized/
Leccinum_olivaceoglutinosum	0	NO_READS_FOUND	no non-trivial read file in rnaseq_reads/ or rnaseq_normalized/
Leccinum_olivaceopallidum	0	NO_READS_FOUND	no non-trivial read file in rnaseq_reads/ or rnaseq_normalized/
Leccinum_pachyderme	0	NO_READS_FOUND	no non-trivial read file in rnaseq_reads/ or rnaseq_normalized/
Leccinum_pallidistipes	0	NO_READS_FOUND	no non-trivial read file in rnaseq_reads/ or rnaseq_normalized/
Leccinum_pellstonianum	0	NO_READS_FOUND	no non-trivial read file in rnaseq_reads/ or rnaseq_normalized/
Leccinum_ponderosum	0	NO_READS_FOUND	no non-trivial read file in rnaseq_reads/ or rnaseq_normalized/
Leccinum_proliferum	0	NO_READS_FOUND	no non-trivial read file in rnaseq_reads/ or rnaseq_normalized/
Leccinum_proximum	0	NO_READS_FOUND	no non-trivial read file in rnaseq_reads/ or rnaseq_normalized/
Leccinum_pseudoinsigne	0	NO_READS_FOUND	no non-trivial read file in rnaseq_reads/ or rnaseq_normalized/
Leccinum_rimulosum	0	NO_READS_FOUND	no non-trivial read file in rnaseq_reads/ or rnaseq_normalized/
Leccinum_snellii	0	NO_READS_FOUND	no non-trivial read file in rnaseq_reads/ or rnaseq_normalized/
Leccinum_solheimii	0	NO_READS_FOUND	no non-trivial read file in rnaseq_reads/ or rnaseq_normalized/
Leccinum_sp._TRTC168399	0	NO_READS_FOUND	no non-trivial read file in rnaseq_reads/ or rnaseq_normalized/
Leccinum_subatratum	0	NO_READS_FOUND	no non-trivial read file in rnaseq_reads/ or rnaseq_normalized/
Leccinum_subfulvum	0	NO_READS_FOUND	no non-trivial read file in rnaseq_reads/ or rnaseq_normalized/
Leccinum_subgranulosum	0	NO_READS_FOUND	no non-trivial read file in rnaseq_reads/ or rnaseq_normalized/
Leccinum_sublutescens	0	NO_READS_FOUND	no non-trivial read file in rnaseq_reads/ or rnaseq_normalized/
Leccinum_subrobustum	0	NO_READS_FOUND	no non-trivial read file in rnaseq_reads/ or rnaseq_normalized/
Leccinum_subspadiceum	0	NO_READS_FOUND	no non-trivial read file in rnaseq_reads/ or rnaseq_normalized/
Leccinum_subtestaceum	0	NO_READS_FOUND	no non-trivial read file in rnaseq_reads/ or rnaseq_normalized/
Leccinum_truebloodii	0	NO_READS_FOUND	no non-trivial read file in rnaseq_reads/ or rnaseq_normalized/
Leccinum_uliginosum	0	NO_READS_FOUND	no non-trivial read file in rnaseq_reads/ or rnaseq_normalized/
Leccinum_variabile	0	NO_READS_FOUND	no non-trivial read file in rnaseq_reads/ or rnaseq_normalized/
Leccinum_variicolor	0	NO_READS_FOUND	no non-trivial read file in rnaseq_reads/ or rnaseq_normalized/
Lecidea_sp._Lendemer_46382_NY-2795264	0	NO_READS_FOUND	no non-trivial read file in rnaseq_reads/ or rnaseq_normalized/
Lecidea_tessellata	0	NO_READS_FOUND	no non-trivial read file in rnaseq_reads/ or rnaseq_normalized/
Lecidella_sp._Lendemer_46226_NY-2606722	0	NO_READS_FOUND	no non-trivial read file in rnaseq_reads/ or rnaseq_normalized/
Lentinula_aff._lateritia	0	NO_READS_FOUND	no non-trivial read file in rnaseq_reads/ or rnaseq_normalized/
Lentinula_detonsa	0	NO_READS_FOUND	no non-trivial read file in rnaseq_reads/ or rnaseq_normalized/
Lentinula_edodes	0	NO_READS_FOUND	no non-trivial read file in rnaseq_reads/ or rnaseq_normalized/
Lentinus_polychrous	0	NO_READS_FOUND	no non-trivial read file in rnaseq_reads/ or rnaseq_normalized/
Lentithecium_fluviatile	0	NO_READS_FOUND	no non-trivial read file in rnaseq_reads/ or rnaseq_normalized/
Leotiomycetes_sp._Styx10C10m-37	0	NO_READS_FOUND	no non-trivial read file in rnaseq_reads/ or rnaseq_normalized/
Lepidopterella_palustris	0	NO_READS_FOUND	no non-trivial read file in rnaseq_reads/ or rnaseq_normalized/
Lepiota_brunneoincarnata	0	NO_READS_FOUND	no non-trivial read file in rnaseq_reads/ or rnaseq_normalized/
Lepiota_subincarnata	0	NO_READS_FOUND	no non-trivial read file in rnaseq_reads/ or rnaseq_normalized/
Lepra_amara	0	NO_READS_FOUND	no non-trivial read file in rnaseq_reads/ or rnaseq_normalized/
Lepraria_leprolomopsis	0	NO_READS_FOUND	no non-trivial read file in rnaseq_reads/ or rnaseq_normalized/
Lepraria_neglecta	0	NO_READS_FOUND	no non-trivial read file in rnaseq_reads/ or rnaseq_normalized/
Lepraria_oxybapha	0	NO_READS_FOUND	no non-trivial read file in rnaseq_reads/ or rnaseq_normalized/
Lepraria_sp.	0	NO_READS_FOUND	no non-trivial read file in rnaseq_reads/ or rnaseq_normalized/
Leprocaulales_sp.	0	NO_READS_FOUND	no non-trivial read file in rnaseq_reads/ or rnaseq_normalized/
Leprocaulon_nicholsiae	0	NO_READS_FOUND	no non-trivial read file in rnaseq_reads/ or rnaseq_normalized/
Leptobacillium_sp._BHL-014-01-1	0	NO_READS_FOUND	no non-trivial read file in rnaseq_reads/ or rnaseq_normalized/
Leptodophora_sp._Broadleaf-Isolate-01	0	NO_READS_FOUND	no non-trivial read file in rnaseq_reads/ or rnaseq_normalized/
Leptogium_austroamericanum	0	NO_READS_FOUND	no non-trivial read file in rnaseq_reads/ or rnaseq_normalized/
Leptogium_chloromelum	0	NO_READS_FOUND	no non-trivial read file in rnaseq_reads/ or rnaseq_normalized/
Leptogium_corticola	0	NO_READS_FOUND	no non-trivial read file in rnaseq_reads/ or rnaseq_normalized/
Leptographium_clavigerum	0	NO_READS_FOUND	no non-trivial read file in rnaseq_reads/ or rnaseq_normalized/
Leptographium_galeiforme	0	NO_READS_FOUND	no non-trivial read file in rnaseq_reads/ or rnaseq_normalized/
Leptographium_lundbergii	0	NO_READS_FOUND	no non-trivial read file in rnaseq_reads/ or rnaseq_normalized/
Leptographium_radiaticola	0	NO_READS_FOUND	no non-trivial read file in rnaseq_reads/ or rnaseq_normalized/
Leptographium_truncatum	0	NO_READS_FOUND	no non-trivial read file in rnaseq_reads/ or rnaseq_normalized/
Leptographium_wageneri	0	NO_READS_FOUND	no non-trivial read file in rnaseq_reads/ or rnaseq_normalized/
Leptographium_wingfieldii	0	NO_READS_FOUND	no non-trivial read file in rnaseq_reads/ or rnaseq_normalized/
Leptosphaerulina_australis	0	NO_READS_FOUND	no non-trivial read file in rnaseq_reads/ or rnaseq_normalized/
Leptosphaerulina_nitida	0	NO_READS_FOUND	no non-trivial read file in rnaseq_reads/ or rnaseq_normalized/
Leptoxyphium_fumago	0	NO_READS_FOUND	no non-trivial read file in rnaseq_reads/ or rnaseq_normalized/
Letharia_columbiana	0	NO_READS_FOUND	no non-trivial read file in rnaseq_reads/ or rnaseq_normalized/
Letharia_lupina	0	NO_READS_FOUND	no non-trivial read file in rnaseq_reads/ or rnaseq_normalized/
Letharia_vulpina	0	NO_READS_FOUND	no non-trivial read file in rnaseq_reads/ or rnaseq_normalized/
Letrouitia_leprolyta	0	NO_READS_FOUND	no non-trivial read file in rnaseq_reads/ or rnaseq_normalized/
Letrouitia_sp._1_TL-2023	0	NO_READS_FOUND	no non-trivial read file in rnaseq_reads/ or rnaseq_normalized/
Letrouitia_subvulpina	0	NO_READS_FOUND	no non-trivial read file in rnaseq_reads/ or rnaseq_normalized/
Letrouitia_transgressa	0	NO_READS_FOUND	no non-trivial read file in rnaseq_reads/ or rnaseq_normalized/
Leucoagaricus_bulbosus	0	NO_READS_FOUND	no non-trivial read file in rnaseq_reads/ or rnaseq_normalized/
Leucoagaricus_sp._ZRL20240545	0	NO_READS_FOUND	no non-trivial read file in rnaseq_reads/ or rnaseq_normalized/
Leucoagaricus_sp._ZRL20241585	0	NO_READS_FOUND	no non-trivial read file in rnaseq_reads/ or rnaseq_normalized/
Leucocoprinus_birnbaumii	0	NO_READS_FOUND	no non-trivial read file in rnaseq_reads/ or rnaseq_normalized/
Leucocoprinus_digitatocystis	0	NO_READS_FOUND	no non-trivial read file in rnaseq_reads/ or rnaseq_normalized/
Leucocoprinus_sp._KB1807203	0	NO_READS_FOUND	no non-trivial read file in rnaseq_reads/ or rnaseq_normalized/
Leucodecton_sp._Tripp_6156_NY-2796959	0	NO_READS_FOUND	no non-trivial read file in rnaseq_reads/ or rnaseq_normalized/
Leucodermia_appalachiensis	0	NO_READS_FOUND	no non-trivial read file in rnaseq_reads/ or rnaseq_normalized/
Leucodermia_leucomelos	0	NO_READS_FOUND	no non-trivial read file in rnaseq_reads/ or rnaseq_normalized/
Leucogyrophana_pinastri	0	NO_READS_FOUND	no non-trivial read file in rnaseq_reads/ or rnaseq_normalized/
Leucosporidium_scottii	0	NO_READS_FOUND	no non-trivial read file in rnaseq_reads/ or rnaseq_normalized/
Leucosporidium_yakuticum	0	NO_READS_FOUND	no non-trivial read file in rnaseq_reads/ or rnaseq_normalized/
Liangdongia_berthetii	0	NO_READS_FOUND	no non-trivial read file in rnaseq_reads/ or rnaseq_normalized/
Liangdongia_dendrica	0	NO_READS_FOUND	no non-trivial read file in rnaseq_reads/ or rnaseq_normalized/
Liangdongia_dryadoides	0	NO_READS_FOUND	no non-trivial read file in rnaseq_reads/ or rnaseq_normalized/
Liangdongia_quercuum	0	NO_READS_FOUND	no non-trivial read file in rnaseq_reads/ or rnaseq_normalized/
Lichenothelia_convexa	0	NO_READS_FOUND	no non-trivial read file in rnaseq_reads/ or rnaseq_normalized/
Lichinales_sp.	0	NO_READS_FOUND	no non-trivial read file in rnaseq_reads/ or rnaseq_normalized/
Lichtheimia_corymbifera	0	NO_READS_FOUND	no non-trivial read file in rnaseq_reads/ or rnaseq_normalized/
Lichtheimia_hyalospora	0	NO_READS_FOUND	no non-trivial read file in rnaseq_reads/ or rnaseq_normalized/
Lichtheimia_ornata	0	NO_READS_FOUND	no non-trivial read file in rnaseq_reads/ or rnaseq_normalized/
Lichtheimia_ramosa	0	NO_READS_FOUND	no non-trivial read file in rnaseq_reads/ or rnaseq_normalized/
Lichtheimia_sp._PT1902	0	NO_READS_FOUND	no non-trivial read file in rnaseq_reads/ or rnaseq_normalized/
Lignoscripta_atroalba	0	NO_READS_FOUND	no non-trivial read file in rnaseq_reads/ or rnaseq_normalized/
Lignosus_rhinocerus	0	NO_READS_FOUND	no non-trivial read file in rnaseq_reads/ or rnaseq_normalized/
Lignosus_tigris	0	NO_READS_FOUND	no non-trivial read file in rnaseq_reads/ or rnaseq_normalized/
Limonomyces_culmigenus	0	NO_READS_FOUND	no non-trivial read file in rnaseq_reads/ or rnaseq_normalized/
Limtongia_smithiae	0	NO_READS_FOUND	no non-trivial read file in rnaseq_reads/ or rnaseq_normalized/
Limtongozyma_cylindracea	0	NO_READS_FOUND	no non-trivial read file in rnaseq_reads/ or rnaseq_normalized/
Linderina_macrospora	0	NO_READS_FOUND	no non-trivial read file in rnaseq_reads/ or rnaseq_normalized/
Linderina_pennispora	0	NO_READS_FOUND	no non-trivial read file in rnaseq_reads/ or rnaseq_normalized/
Linnemannia_exigua	0	NO_READS_FOUND	no non-trivial read file in rnaseq_reads/ or rnaseq_normalized/
Linnemannia_schmuckeri	0	NO_READS_FOUND	no non-trivial read file in rnaseq_reads/ or rnaseq_normalized/
Linnemannia_zychae	0	NO_READS_FOUND	no non-trivial read file in rnaseq_reads/ or rnaseq_normalized/
Lipomyces_arxii	0	NO_READS_FOUND	no non-trivial read file in rnaseq_reads/ or rnaseq_normalized/
Lipomyces_chichibuensis	0	NO_READS_FOUND	no non-trivial read file in rnaseq_reads/ or rnaseq_normalized/
Lipomyces_doorenjongii	0	NO_READS_FOUND	no non-trivial read file in rnaseq_reads/ or rnaseq_normalized/
Lipomyces_japonicus	0	NO_READS_FOUND	no non-trivial read file in rnaseq_reads/ or rnaseq_normalized/
Lipomyces_kockii	0	NO_READS_FOUND	no non-trivial read file in rnaseq_reads/ or rnaseq_normalized/
Lipomyces_kononenkoae	0	NO_READS_FOUND	no non-trivial read file in rnaseq_reads/ or rnaseq_normalized/
Lipomyces_lipofer	0	NO_READS_FOUND	no non-trivial read file in rnaseq_reads/ or rnaseq_normalized/
Lipomyces_mesembrius	0	NO_READS_FOUND	no non-trivial read file in rnaseq_reads/ or rnaseq_normalized/
Lipomyces_oligophaga	0	NO_READS_FOUND	no non-trivial read file in rnaseq_reads/ or rnaseq_normalized/
Lipomyces_orientalis	0	NO_READS_FOUND	no non-trivial read file in rnaseq_reads/ or rnaseq_normalized/
Lipomyces_sp._NRRL_Y-11553	0	NO_READS_FOUND	no non-trivial read file in rnaseq_reads/ or rnaseq_normalized/
Lipomyces_sp._NRRL_Y-27488	0	NO_READS_FOUND	no non-trivial read file in rnaseq_reads/ or rnaseq_normalized/
Lipomyces_spencermartinsiae	0	NO_READS_FOUND	no non-trivial read file in rnaseq_reads/ or rnaseq_normalized/
Lipomyces_yamadae	0	NO_READS_FOUND	no non-trivial read file in rnaseq_reads/ or rnaseq_normalized/
Lipomyces_yamanashiensis	0	NO_READS_FOUND	no non-trivial read file in rnaseq_reads/ or rnaseq_normalized/
Lipomyces_yarrowii	0	NO_READS_FOUND	no non-trivial read file in rnaseq_reads/ or rnaseq_normalized/
Lithohypha_catenulata	0	NO_READS_FOUND	no non-trivial read file in rnaseq_reads/ or rnaseq_normalized/
Lithohypha_guttulata	0	NO_READS_FOUND	no non-trivial read file in rnaseq_reads/ or rnaseq_normalized/
Lizanozyma_gosingica	0	NO_READS_FOUND	no non-trivial read file in rnaseq_reads/ or rnaseq_normalized/
Lizanozyma_spartinae	0	NO_READS_FOUND	no non-trivial read file in rnaseq_reads/ or rnaseq_normalized/
Lizonia_empirigonia	0	NO_READS_FOUND	no non-trivial read file in rnaseq_reads/ or rnaseq_normalized/
Lobaria_immixta	0	NO_READS_FOUND	no non-trivial read file in rnaseq_reads/ or rnaseq_normalized/
Lobulomycetales_sp.	0	NO_READS_FOUND	no non-trivial read file in rnaseq_reads/ or rnaseq_normalized/
Lodderomyces_jiufengensis	0	NO_READS_FOUND	no non-trivial read file in rnaseq_reads/ or rnaseq_normalized/
Lodderomyces_margitis	0	NO_READS_FOUND	no non-trivial read file in rnaseq_reads/ or rnaseq_normalized/
Lodderomyces_metapsilosis	0	NO_READS_FOUND	no non-trivial read file in rnaseq_reads/ or rnaseq_normalized/
Lodderomyces_oxycetoniae	0	NO_READS_FOUND	no non-trivial read file in rnaseq_reads/ or rnaseq_normalized/
Lodderomyces_pseudojiufengensis	0	NO_READS_FOUND	no non-trivial read file in rnaseq_reads/ or rnaseq_normalized/
Lodderomyces_theae	0	NO_READS_FOUND	no non-trivial read file in rnaseq_reads/ or rnaseq_normalized/
Loekoesia_sp._1_TL-2023	0	NO_READS_FOUND	no non-trivial read file in rnaseq_reads/ or rnaseq_normalized/
Lophium_mytilinum	0	NO_READS_FOUND	no non-trivial read file in rnaseq_reads/ or rnaseq_normalized/
Loxospora_cismonica	0	NO_READS_FOUND	no non-trivial read file in rnaseq_reads/ or rnaseq_normalized/
Loxospora_ochrophaea	0	NO_READS_FOUND	no non-trivial read file in rnaseq_reads/ or rnaseq_normalized/
Lycoperdon_sp._ZRL20240027	0	NO_READS_FOUND	no non-trivial read file in rnaseq_reads/ or rnaseq_normalized/
Lycoperdon_sp._ZRL20240084	0	NO_READS_FOUND	no non-trivial read file in rnaseq_reads/ or rnaseq_normalized/
Lyophyllum_semitale	0	NO_READS_FOUND	no non-trivial read file in rnaseq_reads/ or rnaseq_normalized/
Macroconia_leptosphaeriae	0	NO_READS_FOUND	no non-trivial read file in rnaseq_reads/ or rnaseq_normalized/
Macroconia_phlogioides	0	NO_READS_FOUND	no non-trivial read file in rnaseq_reads/ or rnaseq_normalized/
Macrocybe_sp._IBSDJ1	0	NO_READS_FOUND	no non-trivial read file in rnaseq_reads/ or rnaseq_normalized/
Macrocystidia_cucumis	0	NO_READS_FOUND	no non-trivial read file in rnaseq_reads/ or rnaseq_normalized/
Macrolepiota_albuminosa	0	NO_READS_FOUND	no non-trivial read file in rnaseq_reads/ or rnaseq_normalized/
Macrolepiota_dolichaula	0	NO_READS_FOUND	no non-trivial read file in rnaseq_reads/ or rnaseq_normalized/
Macrolepiota_fuliginosa	0	NO_READS_FOUND	no non-trivial read file in rnaseq_reads/ or rnaseq_normalized/
Macronectria_asiatica	0	NO_READS_FOUND	no non-trivial read file in rnaseq_reads/ or rnaseq_normalized/
Macronectria_jungneri	0	NO_READS_FOUND	no non-trivial read file in rnaseq_reads/ or rnaseq_normalized/
Macrophomina_euphorbiicola	0	NO_READS_FOUND	no non-trivial read file in rnaseq_reads/ or rnaseq_normalized/
Macrophomina_pseudophaseolina	0	NO_READS_FOUND	no non-trivial read file in rnaseq_reads/ or rnaseq_normalized/
Macrophomina_sp._242773	0	NO_READS_FOUND	no non-trivial read file in rnaseq_reads/ or rnaseq_normalized/
Macrophomina_sp._BRIP_63780	0	NO_READS_FOUND	no non-trivial read file in rnaseq_reads/ or rnaseq_normalized/
Macrophomina_tecta	0	NO_READS_FOUND	no non-trivial read file in rnaseq_reads/ or rnaseq_normalized/
Macroventuria_anomochaeta	0	NO_READS_FOUND	no non-trivial read file in rnaseq_reads/ or rnaseq_normalized/
Madurella_fahalii	0	NO_READS_FOUND	no non-trivial read file in rnaseq_reads/ or rnaseq_normalized/
Madurella_pseudomycetomatis	0	NO_READS_FOUND	no non-trivial read file in rnaseq_reads/ or rnaseq_normalized/
Magnaporthales_sp._P1609	0	NO_READS_FOUND	no non-trivial read file in rnaseq_reads/ or rnaseq_normalized/
Magnaporthiopsis_poae	0	NO_READS_FOUND	no non-trivial read file in rnaseq_reads/ or rnaseq_normalized/
Magnusiomyces_clavatus	0	NO_READS_FOUND	no non-trivial read file in rnaseq_reads/ or rnaseq_normalized/
Magnusiomyces_ingens	0	NO_READS_FOUND	no non-trivial read file in rnaseq_reads/ or rnaseq_normalized/
Magnusiomyces_magnusii	0	NO_READS_FOUND	no non-trivial read file in rnaseq_reads/ or rnaseq_normalized/
Magnusiomyces_paraingens	0	NO_READS_FOUND	no non-trivial read file in rnaseq_reads/ or rnaseq_normalized/
Magnusiomyces_sp._LA-1	0	NO_READS_FOUND	no non-trivial read file in rnaseq_reads/ or rnaseq_normalized/
Magnusiomyces_starmeri	0	NO_READS_FOUND	no non-trivial read file in rnaseq_reads/ or rnaseq_normalized/
Magnusiomyces_tetraspermus	0	NO_READS_FOUND	no non-trivial read file in rnaseq_reads/ or rnaseq_normalized/
Malassezia_arunalokei	0	NO_READS_FOUND	no non-trivial read file in rnaseq_reads/ or rnaseq_normalized/
Malassezia_brasiliensis	0	NO_READS_FOUND	no non-trivial read file in rnaseq_reads/ or rnaseq_normalized/
Malassezia_caprae	0	NO_READS_FOUND	no non-trivial read file in rnaseq_reads/ or rnaseq_normalized/
Malassezia_cuniculi	0	NO_READS_FOUND	no non-trivial read file in rnaseq_reads/ or rnaseq_normalized/
Malassezia_dermatis	0	NO_READS_FOUND	no non-trivial read file in rnaseq_reads/ or rnaseq_normalized/
Malassezia_equina	0	NO_READS_FOUND	no non-trivial read file in rnaseq_reads/ or rnaseq_normalized/
Malassezia_japonica	0	NO_READS_FOUND	no non-trivial read file in rnaseq_reads/ or rnaseq_normalized/
Malassezia_nana	0	NO_READS_FOUND	no non-trivial read file in rnaseq_reads/ or rnaseq_normalized/
Malassezia_obtusa	0	NO_READS_FOUND	no non-trivial read file in rnaseq_reads/ or rnaseq_normalized/
Malassezia_psittaci	0	NO_READS_FOUND	no non-trivial read file in rnaseq_reads/ or rnaseq_normalized/
Malassezia_slooffiae	0	NO_READS_FOUND	no non-trivial read file in rnaseq_reads/ or rnaseq_normalized/
Malassezia_sp.	0	NO_READS_FOUND	no non-trivial read file in rnaseq_reads/ or rnaseq_normalized/
Malassezia_sp._25MD0131	0	NO_READS_FOUND	no non-trivial read file in rnaseq_reads/ or rnaseq_normalized/
Malassezia_sp._CBS_17886	0	NO_READS_FOUND	no non-trivial read file in rnaseq_reads/ or rnaseq_normalized/
Malassezia_vespertilionis	0	NO_READS_FOUND	no non-trivial read file in rnaseq_reads/ or rnaseq_normalized/
Malassezia_yamatoensis	0	NO_READS_FOUND	no non-trivial read file in rnaseq_reads/ or rnaseq_normalized/
Malasseziomycetes_sp.	0	NO_READS_FOUND	no non-trivial read file in rnaseq_reads/ or rnaseq_normalized/
Malbranchea_cinnamomea	0	NO_READS_FOUND	no non-trivial read file in rnaseq_reads/ or rnaseq_normalized/
Malbranchea_zuffiana	0	NO_READS_FOUND	no non-trivial read file in rnaseq_reads/ or rnaseq_normalized/
Mallocybe_terrigena	0	NO_READS_FOUND	no non-trivial read file in rnaseq_reads/ or rnaseq_normalized/
Marasmius_crinis-equi	0	NO_READS_FOUND	no non-trivial read file in rnaseq_reads/ or rnaseq_normalized/
Marasmius_fiardii	0	NO_READS_FOUND	no non-trivial read file in rnaseq_reads/ or rnaseq_normalized/
Marasmius_sp._AFHP31	0	NO_READS_FOUND	no non-trivial read file in rnaseq_reads/ or rnaseq_normalized/
Marasmius_tenuissimus	0	NO_READS_FOUND	no non-trivial read file in rnaseq_reads/ or rnaseq_normalized/
Marcelleina_donadinii	0	NO_READS_FOUND	no non-trivial read file in rnaseq_reads/ or rnaseq_normalized/
Mariannaea_elegans	0	NO_READS_FOUND	no non-trivial read file in rnaseq_reads/ or rnaseq_normalized/
Marssonina_zanthoxyli	0	NO_READS_FOUND	no non-trivial read file in rnaseq_reads/ or rnaseq_normalized/
Martiniozyma_abietophila	0	NO_READS_FOUND	no non-trivial read file in rnaseq_reads/ or rnaseq_normalized/
Massalongia_carnosa	0	NO_READS_FOUND	no non-trivial read file in rnaseq_reads/ or rnaseq_normalized/
Massospora_cicadina	0	NO_READS_FOUND	no non-trivial read file in rnaseq_reads/ or rnaseq_normalized/
Massospora_platypediae	0	NO_READS_FOUND	no non-trivial read file in rnaseq_reads/ or rnaseq_normalized/
Maublancomyces_accumbens	0	NO_READS_FOUND	no non-trivial read file in rnaseq_reads/ or rnaseq_normalized/
Maublancomyces_americanigigas	0	NO_READS_FOUND	no non-trivial read file in rnaseq_reads/ or rnaseq_normalized/
Maublancomyces_geogenius	0	NO_READS_FOUND	no non-trivial read file in rnaseq_reads/ or rnaseq_normalized/
Maublancomyces_gigas	0	NO_READS_FOUND	no non-trivial read file in rnaseq_reads/ or rnaseq_normalized/
Maublancomyces_korfii	0	NO_READS_FOUND	no non-trivial read file in rnaseq_reads/ or rnaseq_normalized/
Maublancomyces_larryi	0	NO_READS_FOUND	no non-trivial read file in rnaseq_reads/ or rnaseq_normalized/
Maublancomyces_montanus	0	NO_READS_FOUND	no non-trivial read file in rnaseq_reads/ or rnaseq_normalized/
Maudiozyma_barnettii	0	NO_READS_FOUND	no non-trivial read file in rnaseq_reads/ or rnaseq_normalized/
Maudiozyma_exigua	0	NO_READS_FOUND	no non-trivial read file in rnaseq_reads/ or rnaseq_normalized/
Maudiozyma_pseudohumilis	0	NO_READS_FOUND	no non-trivial read file in rnaseq_reads/ or rnaseq_normalized/
Maudiozyma_saulgeensis	0	NO_READS_FOUND	no non-trivial read file in rnaseq_reads/ or rnaseq_normalized/
Maudiozyma_serrabonitensis	0	NO_READS_FOUND	no non-trivial read file in rnaseq_reads/ or rnaseq_normalized/
Maudiozyma_turicensis	0	NO_READS_FOUND	no non-trivial read file in rnaseq_reads/ or rnaseq_normalized/
Megacollybia_marginata	0	NO_READS_FOUND	no non-trivial read file in rnaseq_reads/ or rnaseq_normalized/
Megacollybia_platyphylla	0	NO_READS_FOUND	no non-trivial read file in rnaseq_reads/ or rnaseq_normalized/
Meira_nashicola	0	NO_READS_FOUND	no non-trivial read file in rnaseq_reads/ or rnaseq_normalized/
Melampsora_abietis-canadensis	0	NO_READS_FOUND	no non-trivial read file in rnaseq_reads/ or rnaseq_normalized/
Melampsora_aecidioides	0	NO_READS_FOUND	no non-trivial read file in rnaseq_reads/ or rnaseq_normalized/
Melampsora_allii-populina	0	NO_READS_FOUND	no non-trivial read file in rnaseq_reads/ or rnaseq_normalized/
Melampsora_americana	0	NO_READS_FOUND	no non-trivial read file in rnaseq_reads/ or rnaseq_normalized/
Melampsora_laricis-populina	0	NO_READS_FOUND	no non-trivial read file in rnaseq_reads/ or rnaseq_normalized/
Melampsora_medusae	0	NO_READS_FOUND	no non-trivial read file in rnaseq_reads/ or rnaseq_normalized/
Melampsora_occidentalis	0	NO_READS_FOUND	no non-trivial read file in rnaseq_reads/ or rnaseq_normalized/
Melampsora_pinitorqua	0	NO_READS_FOUND	no non-trivial read file in rnaseq_reads/ or rnaseq_normalized/
Melanelia_culbersonii	0	NO_READS_FOUND	no non-trivial read file in rnaseq_reads/ or rnaseq_normalized/
Melanelia_stygia	0	NO_READS_FOUND	no non-trivial read file in rnaseq_reads/ or rnaseq_normalized/
Melanelixia_glabra	0	NO_READS_FOUND	no non-trivial read file in rnaseq_reads/ or rnaseq_normalized/
Melanina_gundecimermaniae	0	NO_READS_FOUND	no non-trivial read file in rnaseq_reads/ or rnaseq_normalized/
Melanina_sp._BF6	0	NO_READS_FOUND	no non-trivial read file in rnaseq_reads/ or rnaseq_normalized/
Melanodothis_sp._VS_III_C_KN_2	0	NO_READS_FOUND	no non-trivial read file in rnaseq_reads/ or rnaseq_normalized/
Melanogaster_broomeanus	0	NO_READS_FOUND	no non-trivial read file in rnaseq_reads/ or rnaseq_normalized/
Melanohalea_halei	0	NO_READS_FOUND	no non-trivial read file in rnaseq_reads/ or rnaseq_normalized/
Melanomma_pulvis-pyrius	0	NO_READS_FOUND	no non-trivial read file in rnaseq_reads/ or rnaseq_normalized/
Melanopsichium_pennsylvanicum	0	NO_READS_FOUND	no non-trivial read file in rnaseq_reads/ or rnaseq_normalized/
Menegazzia_cincinnata	0	NO_READS_FOUND	no non-trivial read file in rnaseq_reads/ or rnaseq_normalized/
Menisporopsis_sp._LCM1078	0	NO_READS_FOUND	no non-trivial read file in rnaseq_reads/ or rnaseq_normalized/
Meredithblackwellia_eburnea	0	NO_READS_FOUND	no non-trivial read file in rnaseq_reads/ or rnaseq_normalized/
Meredithiella_fracta	0	NO_READS_FOUND	no non-trivial read file in rnaseq_reads/ or rnaseq_normalized/
Meredithiella_norrisii	0	NO_READS_FOUND	no non-trivial read file in rnaseq_reads/ or rnaseq_normalized/
Meripilus_lineatus	0	NO_READS_FOUND	no non-trivial read file in rnaseq_reads/ or rnaseq_normalized/
Meristemomyces_frigidus	0	NO_READS_FOUND	no non-trivial read file in rnaseq_reads/ or rnaseq_normalized/
Meruliopsis_variegata	0	NO_READS_FOUND	no non-trivial read file in rnaseq_reads/ or rnaseq_normalized/
Metahyphopichia_silvanorum	0	NO_READS_FOUND	no non-trivial read file in rnaseq_reads/ or rnaseq_normalized/
Metapochonia_bulbillosa	0	NO_READS_FOUND	no non-trivial read file in rnaseq_reads/ or rnaseq_normalized/
Metarhizium_album	0	NO_READS_FOUND	no non-trivial read file in rnaseq_reads/ or rnaseq_normalized/
Metarhizium_anisopliae	0	NO_READS_FOUND	no non-trivial read file in rnaseq_reads/ or rnaseq_normalized/
Metarhizium_brunneum	0	NO_READS_FOUND	no non-trivial read file in rnaseq_reads/ or rnaseq_normalized/
Metarhizium_flavoviride	0	NO_READS_FOUND	no non-trivial read file in rnaseq_reads/ or rnaseq_normalized/
Metarhizium_guizhouense	0	NO_READS_FOUND	no non-trivial read file in rnaseq_reads/ or rnaseq_normalized/
Metarhizium_humberi	0	NO_READS_FOUND	no non-trivial read file in rnaseq_reads/ or rnaseq_normalized/
Metarhizium_hybridum	0	NO_READS_FOUND	no non-trivial read file in rnaseq_reads/ or rnaseq_normalized/
Metarhizium_koreanum	0	NO_READS_FOUND	no non-trivial read file in rnaseq_reads/ or rnaseq_normalized/
Metarhizium_majus	0	NO_READS_FOUND	no non-trivial read file in rnaseq_reads/ or rnaseq_normalized/
Metarhizium_sp._BCC_4849	0	NO_READS_FOUND	no non-trivial read file in rnaseq_reads/ or rnaseq_normalized/
Metarhizium_sp._ILB167	0	NO_READS_FOUND	no non-trivial read file in rnaseq_reads/ or rnaseq_normalized/
Metarhizium_sp._ILB182	0	NO_READS_FOUND	no non-trivial read file in rnaseq_reads/ or rnaseq_normalized/
Metarhizium_sp._MUC4166	0	NO_READS_FOUND	no non-trivial read file in rnaseq_reads/ or rnaseq_normalized/
Metchnikovella_incurvata	0	NO_READS_FOUND	no non-trivial read file in rnaseq_reads/ or rnaseq_normalized/
Metschnikowia_aberdeeniae	0	NO_READS_FOUND	no non-trivial read file in rnaseq_reads/ or rnaseq_normalized/
Metschnikowia_aff._pulcherrima	0	NO_READS_FOUND	no non-trivial read file in rnaseq_reads/ or rnaseq_normalized/
Metschnikowia_agaves	0	NO_READS_FOUND	no non-trivial read file in rnaseq_reads/ or rnaseq_normalized/
Metschnikowia_ahupensis	0	NO_READS_FOUND	no non-trivial read file in rnaseq_reads/ or rnaseq_normalized/
Metschnikowia_amazonensis	0	NO_READS_FOUND	no non-trivial read file in rnaseq_reads/ or rnaseq_normalized/
Metschnikowia_anglica	0	NO_READS_FOUND	no non-trivial read file in rnaseq_reads/ or rnaseq_normalized/
Metschnikowia_arizonensis	0	NO_READS_FOUND	no non-trivial read file in rnaseq_reads/ or rnaseq_normalized/
Metschnikowia_australis	0	NO_READS_FOUND	no non-trivial read file in rnaseq_reads/ or rnaseq_normalized/
Metschnikowia_baotianmanensis	0	NO_READS_FOUND	no non-trivial read file in rnaseq_reads/ or rnaseq_normalized/
Metschnikowia_borealis	0	NO_READS_FOUND	no non-trivial read file in rnaseq_reads/ or rnaseq_normalized/
Metschnikowia_bowlesiae	0	NO_READS_FOUND	no non-trivial read file in rnaseq_reads/ or rnaseq_normalized/
Metschnikowia_caudata	0	NO_READS_FOUND	no non-trivial read file in rnaseq_reads/ or rnaseq_normalized/
Metschnikowia_cerradonensis	0	NO_READS_FOUND	no non-trivial read file in rnaseq_reads/ or rnaseq_normalized/
Metschnikowia_chrysomelidarum	0	NO_READS_FOUND	no non-trivial read file in rnaseq_reads/ or rnaseq_normalized/
Metschnikowia_chrysoperlae	0	NO_READS_FOUND	no non-trivial read file in rnaseq_reads/ or rnaseq_normalized/
Metschnikowia_colocasiae	0	NO_READS_FOUND	no non-trivial read file in rnaseq_reads/ or rnaseq_normalized/
Metschnikowia_continentalis	0	NO_READS_FOUND	no non-trivial read file in rnaseq_reads/ or rnaseq_normalized/
Metschnikowia_corniflorae	0	NO_READS_FOUND	no non-trivial read file in rnaseq_reads/ or rnaseq_normalized/
Metschnikowia_cubensis	0	NO_READS_FOUND	no non-trivial read file in rnaseq_reads/ or rnaseq_normalized/
Metschnikowia_dekortorum	0	NO_READS_FOUND	no non-trivial read file in rnaseq_reads/ or rnaseq_normalized/
Metschnikowia_drakensbergensis	0	NO_READS_FOUND	no non-trivial read file in rnaseq_reads/ or rnaseq_normalized/
Metschnikowia_drosophilae	0	NO_READS_FOUND	no non-trivial read file in rnaseq_reads/ or rnaseq_normalized/
Metschnikowia_gelsemii	0	NO_READS_FOUND	no non-trivial read file in rnaseq_reads/ or rnaseq_normalized/
Metschnikowia_hamakuensis	0	NO_READS_FOUND	no non-trivial read file in rnaseq_reads/ or rnaseq_normalized/
Metschnikowia_hawaiiana	0	NO_READS_FOUND	no non-trivial read file in rnaseq_reads/ or rnaseq_normalized/
Metschnikowia_hawaiiensis	0	NO_READS_FOUND	no non-trivial read file in rnaseq_reads/ or rnaseq_normalized/
Metschnikowia_henanensis	0	NO_READS_FOUND	no non-trivial read file in rnaseq_reads/ or rnaseq_normalized/
Metschnikowia_hibisci	0	NO_READS_FOUND	no non-trivial read file in rnaseq_reads/ or rnaseq_normalized/
Metschnikowia_kamakouana	0	NO_READS_FOUND	no non-trivial read file in rnaseq_reads/ or rnaseq_normalized/
Metschnikowia_kipukae	0	NO_READS_FOUND	no non-trivial read file in rnaseq_reads/ or rnaseq_normalized/
Metschnikowia_kofuensis	0	NO_READS_FOUND	no non-trivial read file in rnaseq_reads/ or rnaseq_normalized/
Metschnikowia_koreensis	0	NO_READS_FOUND	no non-trivial read file in rnaseq_reads/ or rnaseq_normalized/
Metschnikowia_krissii	0	NO_READS_FOUND	no non-trivial read file in rnaseq_reads/ or rnaseq_normalized/
Metschnikowia_kunwiensis	0	NO_READS_FOUND	no non-trivial read file in rnaseq_reads/ or rnaseq_normalized/
Metschnikowia_lachancei	0	NO_READS_FOUND	no non-trivial read file in rnaseq_reads/ or rnaseq_normalized/
Metschnikowia_lacustris	0	NO_READS_FOUND	no non-trivial read file in rnaseq_reads/ or rnaseq_normalized/
Metschnikowia_laotica	0	NO_READS_FOUND	no non-trivial read file in rnaseq_reads/ or rnaseq_normalized/
Metschnikowia_lochheadii	0	NO_READS_FOUND	no non-trivial read file in rnaseq_reads/ or rnaseq_normalized/
Metschnikowia_lopburiensis	0	NO_READS_FOUND	no non-trivial read file in rnaseq_reads/ or rnaseq_normalized/
Metschnikowia_lunata	0	NO_READS_FOUND	no non-trivial read file in rnaseq_reads/ or rnaseq_normalized/
Metschnikowia_matae	0	NO_READS_FOUND	no non-trivial read file in rnaseq_reads/ or rnaseq_normalized/
Metschnikowia_mauinuiana	0	NO_READS_FOUND	no non-trivial read file in rnaseq_reads/ or rnaseq_normalized/
Metschnikowia_noctiluminum	0	NO_READS_FOUND	no non-trivial read file in rnaseq_reads/ or rnaseq_normalized/
Metschnikowia_orientalis	0	NO_READS_FOUND	no non-trivial read file in rnaseq_reads/ or rnaseq_normalized/
Metschnikowia_peoriensis	0	NO_READS_FOUND	no non-trivial read file in rnaseq_reads/ or rnaseq_normalized/
Metschnikowia_picachoensis	0	NO_READS_FOUND	no non-trivial read file in rnaseq_reads/ or rnaseq_normalized/
Metschnikowia_pimensis	0	NO_READS_FOUND	no non-trivial read file in rnaseq_reads/ or rnaseq_normalized/
Metschnikowia_proteae	0	NO_READS_FOUND	no non-trivial read file in rnaseq_reads/ or rnaseq_normalized/
Metschnikowia_rubicola	0	NO_READS_FOUND	no non-trivial read file in rnaseq_reads/ or rnaseq_normalized/
Metschnikowia_santaceciliae	0	NO_READS_FOUND	no non-trivial read file in rnaseq_reads/ or rnaseq_normalized/
Metschnikowia_shivogae	0	NO_READS_FOUND	no non-trivial read file in rnaseq_reads/ or rnaseq_normalized/
Metschnikowia_similis	0	NO_READS_FOUND	no non-trivial read file in rnaseq_reads/ or rnaseq_normalized/
Metschnikowia_sp._00-154.1	0	NO_READS_FOUND	no non-trivial read file in rnaseq_reads/ or rnaseq_normalized/
Metschnikowia_sp._01-655c1	0	NO_READS_FOUND	no non-trivial read file in rnaseq_reads/ or rnaseq_normalized/
Metschnikowia_sp._03-147.1	0	NO_READS_FOUND	no non-trivial read file in rnaseq_reads/ or rnaseq_normalized/
Metschnikowia_sp._04-218.3	0	NO_READS_FOUND	no non-trivial read file in rnaseq_reads/ or rnaseq_normalized/
Metschnikowia_sp._04-226.1	0	NO_READS_FOUND	no non-trivial read file in rnaseq_reads/ or rnaseq_normalized/
Metschnikowia_sp._13-106.1	0	NO_READS_FOUND	no non-trivial read file in rnaseq_reads/ or rnaseq_normalized/
Metschnikowia_sp._AWRI3582	0	NO_READS_FOUND	no non-trivial read file in rnaseq_reads/ or rnaseq_normalized/
Metschnikowia_sp._DMKU-FF11	0	NO_READS_FOUND	no non-trivial read file in rnaseq_reads/ or rnaseq_normalized/
Metschnikowia_sp._Fae-6	0	NO_READS_FOUND	no non-trivial read file in rnaseq_reads/ or rnaseq_normalized/
Metschnikowia_sp._Fdp-2	0	NO_READS_FOUND	no non-trivial read file in rnaseq_reads/ or rnaseq_normalized/
Metschnikowia_sp._JCM_33374	0	NO_READS_FOUND	no non-trivial read file in rnaseq_reads/ or rnaseq_normalized/
Metschnikowia_sp._M2Y3	0	NO_READS_FOUND	no non-trivial read file in rnaseq_reads/ or rnaseq_normalized/
Metschnikowia_sp._MCC10123	0	NO_READS_FOUND	no non-trivial read file in rnaseq_reads/ or rnaseq_normalized/
Metschnikowia_sp._MW2_04A	0	NO_READS_FOUND	no non-trivial read file in rnaseq_reads/ or rnaseq_normalized/
Metschnikowia_sp._SML2-22	0	NO_READS_FOUND	no non-trivial read file in rnaseq_reads/ or rnaseq_normalized/
Metschnikowia_sp._TS-2026-1	0	NO_READS_FOUND	no non-trivial read file in rnaseq_reads/ or rnaseq_normalized/
Metschnikowia_sp._TS-2026-2	0	NO_READS_FOUND	no non-trivial read file in rnaseq_reads/ or rnaseq_normalized/
Metschnikowia_sp._UFMG-CM-y6306	0	NO_READS_FOUND	no non-trivial read file in rnaseq_reads/ or rnaseq_normalized/
Metschnikowia_sp._UWOPS_03-167b3	0	NO_READS_FOUND	no non-trivial read file in rnaseq_reads/ or rnaseq_normalized/
Metschnikowia_sp._yHKB443	0	NO_READS_FOUND	no non-trivial read file in rnaseq_reads/ or rnaseq_normalized/
Metschnikowia_sp._yHMJ9	0	NO_READS_FOUND	no non-trivial read file in rnaseq_reads/ or rnaseq_normalized/
Metschnikowia_sp._yHQL527	0	NO_READS_FOUND	no non-trivial read file in rnaseq_reads/ or rnaseq_normalized/
Metschnikowia_torresii	0	NO_READS_FOUND	no non-trivial read file in rnaseq_reads/ or rnaseq_normalized/
Metschnikowia_vanudenii	0	NO_READS_FOUND	no non-trivial read file in rnaseq_reads/ or rnaseq_normalized/
Meyerozyma_athensensis	0	NO_READS_FOUND	no non-trivial read file in rnaseq_reads/ or rnaseq_normalized/
Meyerozyma_elateridarum	0	NO_READS_FOUND	no non-trivial read file in rnaseq_reads/ or rnaseq_normalized/
Meyerozyma_smithsonii	0	NO_READS_FOUND	no non-trivial read file in rnaseq_reads/ or rnaseq_normalized/
Meyerozyma_sp._JA9	0	NO_READS_FOUND	no non-trivial read file in rnaseq_reads/ or rnaseq_normalized/
Micareopsis_irriguata	0	NO_READS_FOUND	no non-trivial read file in rnaseq_reads/ or rnaseq_normalized/
Microascus_cirrosus	0	NO_READS_FOUND	no non-trivial read file in rnaseq_reads/ or rnaseq_normalized/
Microascus_stellatus	0	NO_READS_FOUND	no non-trivial read file in rnaseq_reads/ or rnaseq_normalized/
Microbotryomycetes_sp._JL221	0	NO_READS_FOUND	no non-trivial read file in rnaseq_reads/ or rnaseq_normalized/
Microbotryomycetes_sp._NB124-2	0	NO_READS_FOUND	no non-trivial read file in rnaseq_reads/ or rnaseq_normalized/
Microbotryum_lychnidis-dioicae	0	NO_READS_FOUND	no non-trivial read file in rnaseq_reads/ or rnaseq_normalized/
Microbotryum_saponariae	0	NO_READS_FOUND	no non-trivial read file in rnaseq_reads/ or rnaseq_normalized/
Microbotryum_scabiosae	0	NO_READS_FOUND	no non-trivial read file in rnaseq_reads/ or rnaseq_normalized/
Microbotryum_scorzonerae	0	NO_READS_FOUND	no non-trivial read file in rnaseq_reads/ or rnaseq_normalized/
Microbotryum_shykoffianum	0	NO_READS_FOUND	no non-trivial read file in rnaseq_reads/ or rnaseq_normalized/
Microbotryum_silenes-acaulis	0	NO_READS_FOUND	no non-trivial read file in rnaseq_reads/ or rnaseq_normalized/
Microbotryum_silenes-dioicae	0	NO_READS_FOUND	no non-trivial read file in rnaseq_reads/ or rnaseq_normalized/
Microcera_coccophila	0	NO_READS_FOUND	no non-trivial read file in rnaseq_reads/ or rnaseq_normalized/
Microcera_larvarum	0	NO_READS_FOUND	no non-trivial read file in rnaseq_reads/ or rnaseq_normalized/
Microcyclospora_pomicola	0	NO_READS_FOUND	no non-trivial read file in rnaseq_reads/ or rnaseq_normalized/
Microcyclospora_tardicrescens	0	NO_READS_FOUND	no non-trivial read file in rnaseq_reads/ or rnaseq_normalized/
Microcyclosporella_mali	0	NO_READS_FOUND	no non-trivial read file in rnaseq_reads/ or rnaseq_normalized/
Microdochium_majus	0	NO_READS_FOUND	no non-trivial read file in rnaseq_reads/ or rnaseq_normalized/
Microsporidia_sp._MB	0	NO_READS_FOUND	no non-trivial read file in rnaseq_reads/ or rnaseq_normalized/
Microsporum_audouinii	0	NO_READS_FOUND	no non-trivial read file in rnaseq_reads/ or rnaseq_normalized/
Microsporum_ferrugineum	0	NO_READS_FOUND	no non-trivial read file in rnaseq_reads/ or rnaseq_normalized/
Microthyrium_microscopicum	0	NO_READS_FOUND	no non-trivial read file in rnaseq_reads/ or rnaseq_normalized/
Middelhovenomyces_tepae	0	NO_READS_FOUND	no non-trivial read file in rnaseq_reads/ or rnaseq_normalized/
Millerago_ficus	0	NO_READS_FOUND	no non-trivial read file in rnaseq_reads/ or rnaseq_normalized/
Millerago_galiae	0	NO_READS_FOUND	no non-trivial read file in rnaseq_reads/ or rnaseq_normalized/
Millerago_phaffii	0	NO_READS_FOUND	no non-trivial read file in rnaseq_reads/ or rnaseq_normalized/
Millerozyma_acaciae	0	NO_READS_FOUND	no non-trivial read file in rnaseq_reads/ or rnaseq_normalized/
Millerozyma_farinosa	0	NO_READS_FOUND	no non-trivial read file in rnaseq_reads/ or rnaseq_normalized/
Millerozyma_miso	0	NO_READS_FOUND	no non-trivial read file in rnaseq_reads/ or rnaseq_normalized/
Millerozyma_pseudofarinosa	0	NO_READS_FOUND	no non-trivial read file in rnaseq_reads/ or rnaseq_normalized/
Mitosporidium_daphniae	0	NO_READS_FOUND	no non-trivial read file in rnaseq_reads/ or rnaseq_normalized/
Mixia_osmundae	0	NO_READS_FOUND	no non-trivial read file in rnaseq_reads/ or rnaseq_normalized/
Mobergia_calculiformis	0	NO_READS_FOUND	no non-trivial read file in rnaseq_reads/ or rnaseq_normalized/
Modicella_reniformis	0	NO_READS_FOUND	no non-trivial read file in rnaseq_reads/ or rnaseq_normalized/
Moelleriella_libera	0	NO_READS_FOUND	no non-trivial read file in rnaseq_reads/ or rnaseq_normalized/
Moesziomyces_antarcticus	0	NO_READS_FOUND	no non-trivial read file in rnaseq_reads/ or rnaseq_normalized/
Moesziomyces_globuligerus	0	NO_READS_FOUND	no non-trivial read file in rnaseq_reads/ or rnaseq_normalized/
Moesziomyces_parantarcticus	0	NO_READS_FOUND	no non-trivial read file in rnaseq_reads/ or rnaseq_normalized/
Moesziomyces_rugulosus	0	NO_READS_FOUND	no non-trivial read file in rnaseq_reads/ or rnaseq_normalized/
Moesziomyces_sp._F16C1	0	NO_READS_FOUND	no non-trivial read file in rnaseq_reads/ or rnaseq_normalized/
Moesziomyces_sp._F5C1	0	NO_READS_FOUND	no non-trivial read file in rnaseq_reads/ or rnaseq_normalized/
Mollisiaceae_sp._DMI_Dod_QoI	0	NO_READS_FOUND	no non-trivial read file in rnaseq_reads/ or rnaseq_normalized/
Monilia_mumecola	0	NO_READS_FOUND	no non-trivial read file in rnaseq_reads/ or rnaseq_normalized/
Moniliella_sp._wahieum	0	NO_READS_FOUND	no non-trivial read file in rnaseq_reads/ or rnaseq_normalized/
Monilinia_aucupariae	0	NO_READS_FOUND	no non-trivial read file in rnaseq_reads/ or rnaseq_normalized/
Monilinia_polystroma	0	NO_READS_FOUND	no non-trivial read file in rnaseq_reads/ or rnaseq_normalized/
Monilinia_vaccinii-corymbosi	0	NO_READS_FOUND	no non-trivial read file in rnaseq_reads/ or rnaseq_normalized/
Monilinia_yunnanensis	0	NO_READS_FOUND	no non-trivial read file in rnaseq_reads/ or rnaseq_normalized/
Moniliophthora_perniciosa	0	NO_READS_FOUND	no non-trivial read file in rnaseq_reads/ or rnaseq_normalized/
Monosporascus_cannonballus	0	NO_READS_FOUND	no non-trivial read file in rnaseq_reads/ or rnaseq_normalized/
Monosporascus_ibericus	0	NO_READS_FOUND	no non-trivial read file in rnaseq_reads/ or rnaseq_normalized/
Monosporascus_sp._5C6A	0	NO_READS_FOUND	no non-trivial read file in rnaseq_reads/ or rnaseq_normalized/
Monosporascus_sp._CRB-8-3	0	NO_READS_FOUND	no non-trivial read file in rnaseq_reads/ or rnaseq_normalized/
Monosporascus_sp._CRB-9-2	0	NO_READS_FOUND	no non-trivial read file in rnaseq_reads/ or rnaseq_normalized/
Monosporascus_sp._GIB2	0	NO_READS_FOUND	no non-trivial read file in rnaseq_reads/ or rnaseq_normalized/
Monosporascus_sp._MC13-8B	0	NO_READS_FOUND	no non-trivial read file in rnaseq_reads/ or rnaseq_normalized/
Monosporascus_sp._MG133	0	NO_READS_FOUND	no non-trivial read file in rnaseq_reads/ or rnaseq_normalized/
Monosporascus_sp._mg162	0	NO_READS_FOUND	no non-trivial read file in rnaseq_reads/ or rnaseq_normalized/
Monosporozyma_aerobia	0	NO_READS_FOUND	no non-trivial read file in rnaseq_reads/ or rnaseq_normalized/
Monosporozyma_aquatica	0	NO_READS_FOUND	no non-trivial read file in rnaseq_reads/ or rnaseq_normalized/
Monosporozyma_siamensis	0	NO_READS_FOUND	no non-trivial read file in rnaseq_reads/ or rnaseq_normalized/
Monosporozyma_solicola	0	NO_READS_FOUND	no non-trivial read file in rnaseq_reads/ or rnaseq_normalized/
Monosporozyma_yasuniensis	0	NO_READS_FOUND	no non-trivial read file in rnaseq_reads/ or rnaseq_normalized/
Morchella_americana	0	NO_READS_FOUND	no non-trivial read file in rnaseq_reads/ or rnaseq_normalized/
Morchella_anatolica	0	NO_READS_FOUND	no non-trivial read file in rnaseq_reads/ or rnaseq_normalized/
Morchella_dunalii	0	NO_READS_FOUND	no non-trivial read file in rnaseq_reads/ or rnaseq_normalized/
Morchella_populiphila	0	NO_READS_FOUND	no non-trivial read file in rnaseq_reads/ or rnaseq_normalized/
Morchella_sp._2015-Win8	0	NO_READS_FOUND	no non-trivial read file in rnaseq_reads/ or rnaseq_normalized/
Morchella_sp._2015-shanyang	0	NO_READS_FOUND	no non-trivial read file in rnaseq_reads/ or rnaseq_normalized/
Morchella_sp._2016-41	0	NO_READS_FOUND	no non-trivial read file in rnaseq_reads/ or rnaseq_normalized/
Morchella_sp._GAL_PhC_278	0	NO_READS_FOUND	no non-trivial read file in rnaseq_reads/ or rnaseq_normalized/
Morchella_sp._a71	0	NO_READS_FOUND	no non-trivial read file in rnaseq_reads/ or rnaseq_normalized/
Mortierella_antarctica	0	NO_READS_FOUND	no non-trivial read file in rnaseq_reads/ or rnaseq_normalized/
Mortierella_claussenii	0	NO_READS_FOUND	no non-trivial read file in rnaseq_reads/ or rnaseq_normalized/
Mortierella_hygrophila	0	NO_READS_FOUND	no non-trivial read file in rnaseq_reads/ or rnaseq_normalized/
Mortierella_polycephala	0	NO_READS_FOUND	no non-trivial read file in rnaseq_reads/ or rnaseq_normalized/
Mortierella_sp._14UC	0	NO_READS_FOUND	no non-trivial read file in rnaseq_reads/ or rnaseq_normalized/
Mortierella_sp._AD010	0	NO_READS_FOUND	no non-trivial read file in rnaseq_reads/ or rnaseq_normalized/
Mortierella_sp._AD011	0	NO_READS_FOUND	no non-trivial read file in rnaseq_reads/ or rnaseq_normalized/
Mortierella_sp._AD031	0	NO_READS_FOUND	no non-trivial read file in rnaseq_reads/ or rnaseq_normalized/
Mortierella_sp._AD032	0	NO_READS_FOUND	no non-trivial read file in rnaseq_reads/ or rnaseq_normalized/
Mortierella_sp._AD094	0	NO_READS_FOUND	no non-trivial read file in rnaseq_reads/ or rnaseq_normalized/
Mortierella_sp._AM989	0	NO_READS_FOUND	no non-trivial read file in rnaseq_reads/ or rnaseq_normalized/
Mortierella_sp._BCC40632	0	NO_READS_FOUND	no non-trivial read file in rnaseq_reads/ or rnaseq_normalized/
Mortierella_sp._GBA30	0	NO_READS_FOUND	no non-trivial read file in rnaseq_reads/ or rnaseq_normalized/
Mortierella_sp._GBA35	0	NO_READS_FOUND	no non-trivial read file in rnaseq_reads/ or rnaseq_normalized/
Mortierella_sp._GBA39	0	NO_READS_FOUND	no non-trivial read file in rnaseq_reads/ or rnaseq_normalized/
Mortierella_sp._GBA43	0	NO_READS_FOUND	no non-trivial read file in rnaseq_reads/ or rnaseq_normalized/
Mortierella_sp._NVP41	0	NO_READS_FOUND	no non-trivial read file in rnaseq_reads/ or rnaseq_normalized/
Mortierella_sp._NVP85	0	NO_READS_FOUND	no non-trivial read file in rnaseq_reads/ or rnaseq_normalized/
Mrakia_aquatica	0	NO_READS_FOUND	no non-trivial read file in rnaseq_reads/ or rnaseq_normalized/
Mrakia_blollopis	0	NO_READS_FOUND	no non-trivial read file in rnaseq_reads/ or rnaseq_normalized/
Mrakia_gelida	0	NO_READS_FOUND	no non-trivial read file in rnaseq_reads/ or rnaseq_normalized/
Mrakia_hoshinonis	0	NO_READS_FOUND	no non-trivial read file in rnaseq_reads/ or rnaseq_normalized/
Mrakia_robertii	0	NO_READS_FOUND	no non-trivial read file in rnaseq_reads/ or rnaseq_normalized/
Mrakia_stelviica	0	NO_READS_FOUND	no non-trivial read file in rnaseq_reads/ or rnaseq_normalized/
Mrakiaceae_sp._VS_III_B_KN_2	0	NO_READS_FOUND	no non-trivial read file in rnaseq_reads/ or rnaseq_normalized/
Mucor_ambiguus	0	NO_READS_FOUND	no non-trivial read file in rnaseq_reads/ or rnaseq_normalized/
Mucor_ardhlaengiktus	0	NO_READS_FOUND	no non-trivial read file in rnaseq_reads/ or rnaseq_normalized/
Mucor_atramentarius	0	NO_READS_FOUND	no non-trivial read file in rnaseq_reads/ or rnaseq_normalized/
Mucor_bainieri	0	NO_READS_FOUND	no non-trivial read file in rnaseq_reads/ or rnaseq_normalized/
Mucor_fragilis	0	NO_READS_FOUND	no non-trivial read file in rnaseq_reads/ or rnaseq_normalized/
Mucor_griseocyanus	0	NO_READS_FOUND	no non-trivial read file in rnaseq_reads/ or rnaseq_normalized/
Mucor_hiemalis	0	NO_READS_FOUND	no non-trivial read file in rnaseq_reads/ or rnaseq_normalized/
Mucor_indicus	0	NO_READS_FOUND	no non-trivial read file in rnaseq_reads/ or rnaseq_normalized/
Mucor_irregularis	0	NO_READS_FOUND	no non-trivial read file in rnaseq_reads/ or rnaseq_normalized/
Mucor_janssenii	0	NO_READS_FOUND	no non-trivial read file in rnaseq_reads/ or rnaseq_normalized/
Mucor_plumbeus	0	NO_READS_FOUND	no non-trivial read file in rnaseq_reads/ or rnaseq_normalized/
Mucor_racemosus	0	NO_READS_FOUND	no non-trivial read file in rnaseq_reads/ or rnaseq_normalized/
Mucor_saturninus	0	NO_READS_FOUND	no non-trivial read file in rnaseq_reads/ or rnaseq_normalized/
Mucor_sp._M7501	0	NO_READS_FOUND	no non-trivial read file in rnaseq_reads/ or rnaseq_normalized/
Mucor_sp._PG5414	0	NO_READS_FOUND	no non-trivial read file in rnaseq_reads/ or rnaseq_normalized/
Mycena_pura	0	NO_READS_FOUND	no non-trivial read file in rnaseq_reads/ or rnaseq_normalized/
Mycena_purpureofusca	0	NO_READS_FOUND	no non-trivial read file in rnaseq_reads/ or rnaseq_normalized/
Mycena_sp._L02	0	NO_READS_FOUND	no non-trivial read file in rnaseq_reads/ or rnaseq_normalized/
Mycoblastus_sanguinarius	0	NO_READS_FOUND	no non-trivial read file in rnaseq_reads/ or rnaseq_normalized/
Mycocalia_duriaeana	0	NO_READS_FOUND	no non-trivial read file in rnaseq_reads/ or rnaseq_normalized/
Mycocalicium_subtile	0	NO_READS_FOUND	no non-trivial read file in rnaseq_reads/ or rnaseq_normalized/
Mycocentrospora_acerina	0	NO_READS_FOUND	no non-trivial read file in rnaseq_reads/ or rnaseq_normalized/
Mycoemilia_scoparia	0	NO_READS_FOUND	no non-trivial read file in rnaseq_reads/ or rnaseq_normalized/
Mycogone_perniciosa	0	NO_READS_FOUND	no non-trivial read file in rnaseq_reads/ or rnaseq_normalized/
Mycosarcoma_mackinlayi	0	NO_READS_FOUND	no non-trivial read file in rnaseq_reads/ or rnaseq_normalized/
Mycosphaerella_arachidis	0	NO_READS_FOUND	no non-trivial read file in rnaseq_reads/ or rnaseq_normalized/
Mycosphaerella_populi	0	NO_READS_FOUND	no non-trivial read file in rnaseq_reads/ or rnaseq_normalized/
Mycosphaerella_sp._PB-2012b	0	NO_READS_FOUND	no non-trivial read file in rnaseq_reads/ or rnaseq_normalized/
Mycosphaerella_sp._Ston1	0	NO_READS_FOUND	no non-trivial read file in rnaseq_reads/ or rnaseq_normalized/
Mycosphaerellales_sp._BF13	0	NO_READS_FOUND	no non-trivial read file in rnaseq_reads/ or rnaseq_normalized/
Mycosphaerellales_sp._BF15	0	NO_READS_FOUND	no non-trivial read file in rnaseq_reads/ or rnaseq_normalized/
Mycosphaerelloides_madeirae	0	NO_READS_FOUND	no non-trivial read file in rnaseq_reads/ or rnaseq_normalized/
Mycothermus_thermophilus	0	NO_READS_FOUND	no non-trivial read file in rnaseq_reads/ or rnaseq_normalized/
Myochromella_boudieri	0	NO_READS_FOUND	no non-trivial read file in rnaseq_reads/ or rnaseq_normalized/
Myotisia_sp._PD_48	0	NO_READS_FOUND	no non-trivial read file in rnaseq_reads/ or rnaseq_normalized/
Myriangium_duriaei	0	NO_READS_FOUND	no non-trivial read file in rnaseq_reads/ or rnaseq_normalized/
Myriodontium_keratinophilum	0	NO_READS_FOUND	no non-trivial read file in rnaseq_reads/ or rnaseq_normalized/
Myriosclerotinia_curreyana	0	NO_READS_FOUND	no non-trivial read file in rnaseq_reads/ or rnaseq_normalized/
Myriosclerotinia_duriaeana	0	NO_READS_FOUND	no non-trivial read file in rnaseq_reads/ or rnaseq_normalized/
Myriosclerotinia_scirpicola	0	NO_READS_FOUND	no non-trivial read file in rnaseq_reads/ or rnaseq_normalized/
Myrmaecium_sp._VS_I_D_KN_1	0	NO_READS_FOUND	no non-trivial read file in rnaseq_reads/ or rnaseq_normalized/
Myrothecium_sp._GS58	0	NO_READS_FOUND	no non-trivial read file in rnaseq_reads/ or rnaseq_normalized/
Myxozyma_geophila	0	NO_READS_FOUND	no non-trivial read file in rnaseq_reads/ or rnaseq_normalized/
Myxozyma_kluyveri	0	NO_READS_FOUND	no non-trivial read file in rnaseq_reads/ or rnaseq_normalized/
Myxozyma_lipomycoides	0	NO_READS_FOUND	no non-trivial read file in rnaseq_reads/ or rnaseq_normalized/
Myxozyma_monticola	0	NO_READS_FOUND	no non-trivial read file in rnaseq_reads/ or rnaseq_normalized/
Myxozyma_mucilagina	0	NO_READS_FOUND	no non-trivial read file in rnaseq_reads/ or rnaseq_normalized/
Myxozyma_neglecta	0	NO_READS_FOUND	no non-trivial read file in rnaseq_reads/ or rnaseq_normalized/
Myxozyma_neotropica	0	NO_READS_FOUND	no non-trivial read file in rnaseq_reads/ or rnaseq_normalized/
Myxozyma_nipponensis	0	NO_READS_FOUND	no non-trivial read file in rnaseq_reads/ or rnaseq_normalized/
Myxozyma_sirexii	0	NO_READS_FOUND	no non-trivial read file in rnaseq_reads/ or rnaseq_normalized/
Myxozyma_udenii	0	NO_READS_FOUND	no non-trivial read file in rnaseq_reads/ or rnaseq_normalized/
Myxozyma_vanderwaltii	0	NO_READS_FOUND	no non-trivial read file in rnaseq_reads/ or rnaseq_normalized/
Nadsonia_commutata	0	NO_READS_FOUND	no non-trivial read file in rnaseq_reads/ or rnaseq_normalized/
Nadsonia_fulvescens	0	NO_READS_FOUND	no non-trivial read file in rnaseq_reads/ or rnaseq_normalized/
Nadsonia_starkeyi-henricii	0	NO_READS_FOUND	no non-trivial read file in rnaseq_reads/ or rnaseq_normalized/
Nadvornikia_sorediata	0	NO_READS_FOUND	no non-trivial read file in rnaseq_reads/ or rnaseq_normalized/
Naematelia_sinensis	0	NO_READS_FOUND	no non-trivial read file in rnaseq_reads/ or rnaseq_normalized/
Naganishia_adeliensis	0	NO_READS_FOUND	no non-trivial read file in rnaseq_reads/ or rnaseq_normalized/
Naganishia_albida	0	NO_READS_FOUND	no non-trivial read file in rnaseq_reads/ or rnaseq_normalized/
Naganishia_antarctica	0	NO_READS_FOUND	no non-trivial read file in rnaseq_reads/ or rnaseq_normalized/
Naganishia_cerealis	0	NO_READS_FOUND	no non-trivial read file in rnaseq_reads/ or rnaseq_normalized/
Naganishia_diffluens	0	NO_READS_FOUND	no non-trivial read file in rnaseq_reads/ or rnaseq_normalized/
Naganishia_kalamii	0	NO_READS_FOUND	no non-trivial read file in rnaseq_reads/ or rnaseq_normalized/
Naganishia_onofrii	0	NO_READS_FOUND	no non-trivial read file in rnaseq_reads/ or rnaseq_normalized/
Naganishia_randhawae	0	NO_READS_FOUND	no non-trivial read file in rnaseq_reads/ or rnaseq_normalized/
Naganishia_sp._IF7SW-B1	0	NO_READS_FOUND	no non-trivial read file in rnaseq_reads/ or rnaseq_normalized/
Naganishia_sp._PG3902-1	0	NO_READS_FOUND	no non-trivial read file in rnaseq_reads/ or rnaseq_normalized/
Naganishia_sp._PT2105A	0	NO_READS_FOUND	no non-trivial read file in rnaseq_reads/ or rnaseq_normalized/
Naganishia_sp._PT2105A-2	0	NO_READS_FOUND	no non-trivial read file in rnaseq_reads/ or rnaseq_normalized/
Naganishia_uzbekistanensis	0	NO_READS_FOUND	no non-trivial read file in rnaseq_reads/ or rnaseq_normalized/
Naganishia_vaughanmartiniae	0	NO_READS_FOUND	no non-trivial read file in rnaseq_reads/ or rnaseq_normalized/
Naganishia_vishniacii	0	NO_READS_FOUND	no non-trivial read file in rnaseq_reads/ or rnaseq_normalized/
Nakaseomyces_bracarensis	0	NO_READS_FOUND	no non-trivial read file in rnaseq_reads/ or rnaseq_normalized/
Nakaseomyces_delphensis	0	NO_READS_FOUND	no non-trivial read file in rnaseq_reads/ or rnaseq_normalized/
Nakaseomyces_glabratus	0	NO_READS_FOUND	no non-trivial read file in rnaseq_reads/ or rnaseq_normalized/
Nakaseomyces_kungkrabaensis	0	NO_READS_FOUND	no non-trivial read file in rnaseq_reads/ or rnaseq_normalized/
Nakaseomyces_sp._UFMG-CM-Y6046	0	NO_READS_FOUND	no non-trivial read file in rnaseq_reads/ or rnaseq_normalized/
Nakaseomyces_uthaithaninus	0	NO_READS_FOUND	no non-trivial read file in rnaseq_reads/ or rnaseq_normalized/
Nakazawaea_ambrosiae	0	NO_READS_FOUND	no non-trivial read file in rnaseq_reads/ or rnaseq_normalized/
Nakazawaea_anatomiae	0	NO_READS_FOUND	no non-trivial read file in rnaseq_reads/ or rnaseq_normalized/
Nakazawaea_ernobii	0	NO_READS_FOUND	no non-trivial read file in rnaseq_reads/ or rnaseq_normalized/
Nakazawaea_holstii	0	NO_READS_FOUND	no non-trivial read file in rnaseq_reads/ or rnaseq_normalized/
Nakazawaea_ishiwadae	0	NO_READS_FOUND	no non-trivial read file in rnaseq_reads/ or rnaseq_normalized/
Nakazawaea_laoshanensis	0	NO_READS_FOUND	no non-trivial read file in rnaseq_reads/ or rnaseq_normalized/
Nakazawaea_molendinolei	0	NO_READS_FOUND	no non-trivial read file in rnaseq_reads/ or rnaseq_normalized/
Nakazawaea_peltata	0	NO_READS_FOUND	no non-trivial read file in rnaseq_reads/ or rnaseq_normalized/
Nakazawaea_pomicola	0	NO_READS_FOUND	no non-trivial read file in rnaseq_reads/ or rnaseq_normalized/
Nakazawaea_populi	0	NO_READS_FOUND	no non-trivial read file in rnaseq_reads/ or rnaseq_normalized/
Nakazawaea_siamensis	0	NO_READS_FOUND	no non-trivial read file in rnaseq_reads/ or rnaseq_normalized/
Nakazawaea_sp._yHDR128	0	NO_READS_FOUND	no non-trivial read file in rnaseq_reads/ or rnaseq_normalized/
Nakazawaea_sp._yHKS545	0	NO_READS_FOUND	no non-trivial read file in rnaseq_reads/ or rnaseq_normalized/
Nakazawaea_wickerhamii	0	NO_READS_FOUND	no non-trivial read file in rnaseq_reads/ or rnaseq_normalized/
Nakazawaea_wyomingensis	0	NO_READS_FOUND	no non-trivial read file in rnaseq_reads/ or rnaseq_normalized/
Nannizzia_gypsea	0	NO_READS_FOUND	no non-trivial read file in rnaseq_reads/ or rnaseq_normalized/
Nannizziopsis_arthrosporioides	0	NO_READS_FOUND	no non-trivial read file in rnaseq_reads/ or rnaseq_normalized/
Nannizziopsis_barbatae	0	NO_READS_FOUND	no non-trivial read file in rnaseq_reads/ or rnaseq_normalized/
Naumovozyma_baii	0	NO_READS_FOUND	no non-trivial read file in rnaseq_reads/ or rnaseq_normalized/
Naumovozyma_dairenensis	0	NO_READS_FOUND	no non-trivial read file in rnaseq_reads/ or rnaseq_normalized/
Nectriaceae_sp.	0	NO_READS_FOUND	no non-trivial read file in rnaseq_reads/ or rnaseq_normalized/
Nectriaceae_sp._PG4201	0	NO_READS_FOUND	no non-trivial read file in rnaseq_reads/ or rnaseq_normalized/
Nemania_bipapillata	0	NO_READS_FOUND	no non-trivial read file in rnaseq_reads/ or rnaseq_normalized/
Nematocida_ausubeli	0	NO_READS_FOUND	no non-trivial read file in rnaseq_reads/ or rnaseq_normalized/
Nematocida_displodere	0	NO_READS_FOUND	no non-trivial read file in rnaseq_reads/ or rnaseq_normalized/
Nematocida_homosporus	0	NO_READS_FOUND	no non-trivial read file in rnaseq_reads/ or rnaseq_normalized/
Nematocida_ironsii	0	NO_READS_FOUND	no non-trivial read file in rnaseq_reads/ or rnaseq_normalized/
Nematocida_major	0	NO_READS_FOUND	no non-trivial read file in rnaseq_reads/ or rnaseq_normalized/
Nematocida_minor	0	NO_READS_FOUND	no non-trivial read file in rnaseq_reads/ or rnaseq_normalized/
Nematocida_parisii	0	NO_READS_FOUND	no non-trivial read file in rnaseq_reads/ or rnaseq_normalized/
Nematocida_sp._AWRm77	0	NO_READS_FOUND	no non-trivial read file in rnaseq_reads/ or rnaseq_normalized/
Nematocida_sp._AWRm78	0	NO_READS_FOUND	no non-trivial read file in rnaseq_reads/ or rnaseq_normalized/
Nematocida_sp._AWRm79	0	NO_READS_FOUND	no non-trivial read file in rnaseq_reads/ or rnaseq_normalized/
Nematocida_sp._AWRm80	0	NO_READS_FOUND	no non-trivial read file in rnaseq_reads/ or rnaseq_normalized/
Nematocida_sp._LUAm1	0	NO_READS_FOUND	no non-trivial read file in rnaseq_reads/ or rnaseq_normalized/
Nematocida_sp._LUAm2	0	NO_READS_FOUND	no non-trivial read file in rnaseq_reads/ or rnaseq_normalized/
Nematocida_sp._LUAm3	0	NO_READS_FOUND	no non-trivial read file in rnaseq_reads/ or rnaseq_normalized/
Nematodospora_anomalae	0	NO_READS_FOUND	no non-trivial read file in rnaseq_reads/ or rnaseq_normalized/
Nematodospora_valgi	0	NO_READS_FOUND	no non-trivial read file in rnaseq_reads/ or rnaseq_normalized/
Neoaidaea_tothii	0	NO_READS_FOUND	no non-trivial read file in rnaseq_reads/ or rnaseq_normalized/
Neoarthrinium_moseri	0	NO_READS_FOUND	no non-trivial read file in rnaseq_reads/ or rnaseq_normalized/
Neoascochyta_sp._HWLR27	0	NO_READS_FOUND	no non-trivial read file in rnaseq_reads/ or rnaseq_normalized/
Neoboletus_brunneissimus	0	NO_READS_FOUND	no non-trivial read file in rnaseq_reads/ or rnaseq_normalized/
Neoboletus_cf._brunneissimus	0	NO_READS_FOUND	no non-trivial read file in rnaseq_reads/ or rnaseq_normalized/
Neoboletus_magnificus	0	NO_READS_FOUND	no non-trivial read file in rnaseq_reads/ or rnaseq_normalized/
Neoboletus_subvelutipes	0	NO_READS_FOUND	no non-trivial read file in rnaseq_reads/ or rnaseq_normalized/
Neobulgaria_alba	0	NO_READS_FOUND	no non-trivial read file in rnaseq_reads/ or rnaseq_normalized/
Neocamarosporium_betae	0	NO_READS_FOUND	no non-trivial read file in rnaseq_reads/ or rnaseq_normalized/
Neocatenulostroma_microsporum	0	NO_READS_FOUND	no non-trivial read file in rnaseq_reads/ or rnaseq_normalized/
Neoconiothyrium_persooniae	0	NO_READS_FOUND	no non-trivial read file in rnaseq_reads/ or rnaseq_normalized/
Neocosmospora_mangrovei	0	NO_READS_FOUND	no non-trivial read file in rnaseq_reads/ or rnaseq_normalized/
Neocucurbitaria_cava	0	NO_READS_FOUND	no non-trivial read file in rnaseq_reads/ or rnaseq_normalized/
Neocucurbitaria_sp._VM-36	0	NO_READS_FOUND	no non-trivial read file in rnaseq_reads/ or rnaseq_normalized/
Neodevriesia_sp._NU419	0	NO_READS_FOUND	no non-trivial read file in rnaseq_reads/ or rnaseq_normalized/
Neodidymelliopsis_sp._IMI_364377	0	NO_READS_FOUND	no non-trivial read file in rnaseq_reads/ or rnaseq_normalized/
Neodothiora_populina	0	NO_READS_FOUND	no non-trivial read file in rnaseq_reads/ or rnaseq_normalized/
Neodothiora_pruni	0	NO_READS_FOUND	no non-trivial read file in rnaseq_reads/ or rnaseq_normalized/
Neofabraea_malicorticis	0	NO_READS_FOUND	no non-trivial read file in rnaseq_reads/ or rnaseq_normalized/
Neofusicoccum_caryigenum	0	NO_READS_FOUND	no non-trivial read file in rnaseq_reads/ or rnaseq_normalized/
Neofusicoccum_cordaticola	0	NO_READS_FOUND	no non-trivial read file in rnaseq_reads/ or rnaseq_normalized/
Neofusicoccum_kwambonambiense	0	NO_READS_FOUND	no non-trivial read file in rnaseq_reads/ or rnaseq_normalized/
Neofusicoccum_laricinum	0	NO_READS_FOUND	no non-trivial read file in rnaseq_reads/ or rnaseq_normalized/
Neofusicoccum_ribis	0	NO_READS_FOUND	no non-trivial read file in rnaseq_reads/ or rnaseq_normalized/
Neofusicoccum_sp._NPBT67	0	NO_READS_FOUND	no non-trivial read file in rnaseq_reads/ or rnaseq_normalized/
Neofusicoccum_sp._Z2	0	NO_READS_FOUND	no non-trivial read file in rnaseq_reads/ or rnaseq_normalized/
Neofusicoccum_sp._Z40	0	NO_READS_FOUND	no non-trivial read file in rnaseq_reads/ or rnaseq_normalized/
Neofusicoccum_umdonicola	0	NO_READS_FOUND	no non-trivial read file in rnaseq_reads/ or rnaseq_normalized/
Neogyromitra_brunnea	0	NO_READS_FOUND	no non-trivial read file in rnaseq_reads/ or rnaseq_normalized/
Neogyromitra_caroliniana	0	NO_READS_FOUND	no non-trivial read file in rnaseq_reads/ or rnaseq_normalized/
Neogyromitra_grandis	0	NO_READS_FOUND	no non-trivial read file in rnaseq_reads/ or rnaseq_normalized/
Neogyromitra_martinii	0	NO_READS_FOUND	no non-trivial read file in rnaseq_reads/ or rnaseq_normalized/
Neogyromitra_parma	0	NO_READS_FOUND	no non-trivial read file in rnaseq_reads/ or rnaseq_normalized/
Neohyperdermium_piperis	0	NO_READS_FOUND	no non-trivial read file in rnaseq_reads/ or rnaseq_normalized/
Neolecta_irregularis	0	NO_READS_FOUND	no non-trivial read file in rnaseq_reads/ or rnaseq_normalized/
Neonectria_candida	0	NO_READS_FOUND	no non-trivial read file in rnaseq_reads/ or rnaseq_normalized/
Neonectria_coccinea	0	NO_READS_FOUND	no non-trivial read file in rnaseq_reads/ or rnaseq_normalized/
Neonectria_ditissima	0	NO_READS_FOUND	no non-trivial read file in rnaseq_reads/ or rnaseq_normalized/
Neonectria_faginata	0	NO_READS_FOUND	no non-trivial read file in rnaseq_reads/ or rnaseq_normalized/
Neonectria_galligena	0	NO_READS_FOUND	no non-trivial read file in rnaseq_reads/ or rnaseq_normalized/
Neonectria_hederae	0	NO_READS_FOUND	no non-trivial read file in rnaseq_reads/ or rnaseq_normalized/
Neonectria_lugdunensis	0	NO_READS_FOUND	no non-trivial read file in rnaseq_reads/ or rnaseq_normalized/
Neonectria_magnoliae	0	NO_READS_FOUND	no non-trivial read file in rnaseq_reads/ or rnaseq_normalized/
Neonectria_neomacrospora	0	NO_READS_FOUND	no non-trivial read file in rnaseq_reads/ or rnaseq_normalized/
Neonectria_punicea	0	NO_READS_FOUND	no non-trivial read file in rnaseq_reads/ or rnaseq_normalized/
Neonectria_sp._B-13	0	NO_READS_FOUND	no non-trivial read file in rnaseq_reads/ or rnaseq_normalized/
Neonectria_sp._DH2	0	NO_READS_FOUND	no non-trivial read file in rnaseq_reads/ or rnaseq_normalized/
Neonectria_sp._MB3469	0	NO_READS_FOUND	no non-trivial read file in rnaseq_reads/ or rnaseq_normalized/
Neonectria_sp._MB820980	0	NO_READS_FOUND	no non-trivial read file in rnaseq_reads/ or rnaseq_normalized/
Neonothopanus_nambi	0	NO_READS_FOUND	no non-trivial read file in rnaseq_reads/ or rnaseq_normalized/
Neopereziidae_sp._gmOTU28_NHMUK014561543	0	NO_READS_FOUND	no non-trivial read file in rnaseq_reads/ or rnaseq_normalized/
Neopereziidae_sp._gmOTU29_Ox002475	0	NO_READS_FOUND	no non-trivial read file in rnaseq_reads/ or rnaseq_normalized/
Neopestalotiopsis_clavispora	0	NO_READS_FOUND	no non-trivial read file in rnaseq_reads/ or rnaseq_normalized/
Neopestalotiopsis_cubana	0	NO_READS_FOUND	no non-trivial read file in rnaseq_reads/ or rnaseq_normalized/
Neopestalotiopsis_formicidarum	0	NO_READS_FOUND	no non-trivial read file in rnaseq_reads/ or rnaseq_normalized/
Neopestalotiopsis_sp._37M	0	NO_READS_FOUND	no non-trivial read file in rnaseq_reads/ or rnaseq_normalized/
Neopestalotiopsis_sp._HY66	0	NO_READS_FOUND	no non-trivial read file in rnaseq_reads/ or rnaseq_normalized/
Neopestalotiopsis_sp._M2102B	0	NO_READS_FOUND	no non-trivial read file in rnaseq_reads/ or rnaseq_normalized/
Neopestalotiopsis_sp._PM2101	0	NO_READS_FOUND	no non-trivial read file in rnaseq_reads/ or rnaseq_normalized/
Neopestalotiopsis_sp._PM2101E	0	NO_READS_FOUND	no non-trivial read file in rnaseq_reads/ or rnaseq_normalized/
Neophaeococcomyces_aloes	0	NO_READS_FOUND	no non-trivial read file in rnaseq_reads/ or rnaseq_normalized/
Neophaeococcomyces_mojaviensis	0	NO_READS_FOUND	no non-trivial read file in rnaseq_reads/ or rnaseq_normalized/
Neophaeosphaeria_filamentosa	0	NO_READS_FOUND	no non-trivial read file in rnaseq_reads/ or rnaseq_normalized/
Neophaeotheca_triangularis	0	NO_READS_FOUND	no non-trivial read file in rnaseq_reads/ or rnaseq_normalized/
Neoroussoella_solani	0	NO_READS_FOUND	no non-trivial read file in rnaseq_reads/ or rnaseq_normalized/
Neosartorya_sp._G127_14	0	NO_READS_FOUND	no non-trivial read file in rnaseq_reads/ or rnaseq_normalized/
Neosartorya_sp._G130_14	0	NO_READS_FOUND	no non-trivial read file in rnaseq_reads/ or rnaseq_normalized/
Neosartorya_sp._G132_14	0	NO_READS_FOUND	no non-trivial read file in rnaseq_reads/ or rnaseq_normalized/
Neosartorya_sp._G135_14	0	NO_READS_FOUND	no non-trivial read file in rnaseq_reads/ or rnaseq_normalized/
Neosartorya_sp._G150_14	0	NO_READS_FOUND	no non-trivial read file in rnaseq_reads/ or rnaseq_normalized/
Neospermospora_avenae	0	NO_READS_FOUND	no non-trivial read file in rnaseq_reads/ or rnaseq_normalized/
Neotropicomus_parvogracilis	0	NO_READS_FOUND	no non-trivial read file in rnaseq_reads/ or rnaseq_normalized/
Nephroma_helveticum	0	NO_READS_FOUND	no non-trivial read file in rnaseq_reads/ or rnaseq_normalized/
Neuropogon_antarcticus	0	NO_READS_FOUND	no non-trivial read file in rnaseq_reads/ or rnaseq_normalized/
Neurospora_africana	0	NO_READS_FOUND	no non-trivial read file in rnaseq_reads/ or rnaseq_normalized/
Neurospora_cerealis	0	NO_READS_FOUND	no non-trivial read file in rnaseq_reads/ or rnaseq_normalized/
Neurospora_pannonica	0	NO_READS_FOUND	no non-trivial read file in rnaseq_reads/ or rnaseq_normalized/
Neurospora_sp._CHS-2018a	0	NO_READS_FOUND	no non-trivial read file in rnaseq_reads/ or rnaseq_normalized/
Neurospora_sp._CHS-2018b	0	NO_READS_FOUND	no non-trivial read file in rnaseq_reads/ or rnaseq_normalized/
Neurospora_sp._CHS-2018c	0	NO_READS_FOUND	no non-trivial read file in rnaseq_reads/ or rnaseq_normalized/
Neurospora_sp._FGSC_26623	0	NO_READS_FOUND	no non-trivial read file in rnaseq_reads/ or rnaseq_normalized/
Neurospora_sp._FGSC_26624	0	NO_READS_FOUND	no non-trivial read file in rnaseq_reads/ or rnaseq_normalized/
Neurospora_sp._FGSC_26625	0	NO_READS_FOUND	no non-trivial read file in rnaseq_reads/ or rnaseq_normalized/
Neurospora_sp._FGSC_26626	0	NO_READS_FOUND	no non-trivial read file in rnaseq_reads/ or rnaseq_normalized/
Neurospora_sp._FGSC_26627	0	NO_READS_FOUND	no non-trivial read file in rnaseq_reads/ or rnaseq_normalized/
Neurospora_sp._FGSC_26628	0	NO_READS_FOUND	no non-trivial read file in rnaseq_reads/ or rnaseq_normalized/
Neurospora_sp._FGSC_26629	0	NO_READS_FOUND	no non-trivial read file in rnaseq_reads/ or rnaseq_normalized/
Neurospora_sp._FGSC_26630	0	NO_READS_FOUND	no non-trivial read file in rnaseq_reads/ or rnaseq_normalized/
Neurospora_sp._FGSC_26631	0	NO_READS_FOUND	no non-trivial read file in rnaseq_reads/ or rnaseq_normalized/
Neurospora_sp._FGSC_26632	0	NO_READS_FOUND	no non-trivial read file in rnaseq_reads/ or rnaseq_normalized/
Neurospora_sp._FGSC_26633	0	NO_READS_FOUND	no non-trivial read file in rnaseq_reads/ or rnaseq_normalized/
Neurospora_sp._FGSC_26634	0	NO_READS_FOUND	no non-trivial read file in rnaseq_reads/ or rnaseq_normalized/
Neurospora_sp._FGSC_26635	0	NO_READS_FOUND	no non-trivial read file in rnaseq_reads/ or rnaseq_normalized/
Neurospora_sp._FGSC_26636	0	NO_READS_FOUND	no non-trivial read file in rnaseq_reads/ or rnaseq_normalized/
Neurospora_sp._FGSC_26637	0	NO_READS_FOUND	no non-trivial read file in rnaseq_reads/ or rnaseq_normalized/
Neurospora_sp._FGSC_26638	0	NO_READS_FOUND	no non-trivial read file in rnaseq_reads/ or rnaseq_normalized/
Neurospora_sp._FGSC_6877	0	NO_READS_FOUND	no non-trivial read file in rnaseq_reads/ or rnaseq_normalized/
Neurospora_sp._IMI_360204	0	NO_READS_FOUND	no non-trivial read file in rnaseq_reads/ or rnaseq_normalized/
Neurospora_sp._LNF1-1	0	NO_READS_FOUND	no non-trivial read file in rnaseq_reads/ or rnaseq_normalized/
Neurospora_sp._LNF1-2	0	NO_READS_FOUND	no non-trivial read file in rnaseq_reads/ or rnaseq_normalized/
Neurospora_sublineolata	0	NO_READS_FOUND	no non-trivial read file in rnaseq_reads/ or rnaseq_normalized/
Neurospora_terricola	0	NO_READS_FOUND	no non-trivial read file in rnaseq_reads/ or rnaseq_normalized/
Neurospora_tetrasperma	0	NO_READS_FOUND	no non-trivial read file in rnaseq_reads/ or rnaseq_normalized/
Nevesoporus_exiguus	0	NO_READS_FOUND	no non-trivial read file in rnaseq_reads/ or rnaseq_normalized/
Nidula_microcarpa	0	NO_READS_FOUND	no non-trivial read file in rnaseq_reads/ or rnaseq_normalized/
Nidula_niveotomentosa	0	NO_READS_FOUND	no non-trivial read file in rnaseq_reads/ or rnaseq_normalized/
Nidularia_pulvinata	0	NO_READS_FOUND	no non-trivial read file in rnaseq_reads/ or rnaseq_normalized/
Nidularia_sp._FH-822889	0	NO_READS_FOUND	no non-trivial read file in rnaseq_reads/ or rnaseq_normalized/
Niebla_homalea	0	NO_READS_FOUND	no non-trivial read file in rnaseq_reads/ or rnaseq_normalized/
Nigrograna_mackinnonii	0	NO_READS_FOUND	no non-trivial read file in rnaseq_reads/ or rnaseq_normalized/
Nilaparvata_lugens_yeast-like_symbiont	0	NO_READS_FOUND	no non-trivial read file in rnaseq_reads/ or rnaseq_normalized/
Niveomyces_coronatus	0	NO_READS_FOUND	no non-trivial read file in rnaseq_reads/ or rnaseq_normalized/
Niveomyces_insectorum	0	NO_READS_FOUND	no non-trivial read file in rnaseq_reads/ or rnaseq_normalized/
Nosema_astafloridana	0	NO_READS_FOUND	no non-trivial read file in rnaseq_reads/ or rnaseq_normalized/
Nosema_granulosis	0	NO_READS_FOUND	no non-trivial read file in rnaseq_reads/ or rnaseq_normalized/
Nosema_muscidifuracis	0	NO_READS_FOUND	no non-trivial read file in rnaseq_reads/ or rnaseq_normalized/
Nosema_rusticus	0	NO_READS_FOUND	no non-trivial read file in rnaseq_reads/ or rnaseq_normalized/
Nosema_sp._gmOTU18_Ox002557	0	NO_READS_FOUND	no non-trivial read file in rnaseq_reads/ or rnaseq_normalized/
Nosema_sp._gmOTU19_Ox001795	0	NO_READS_FOUND	no non-trivial read file in rnaseq_reads/ or rnaseq_normalized/
Nosema_sp._gmOTU20_Ox002937	0	NO_READS_FOUND	no non-trivial read file in rnaseq_reads/ or rnaseq_normalized/
Nosema_sp._gmOTU21_Ox000576	0	NO_READS_FOUND	no non-trivial read file in rnaseq_reads/ or rnaseq_normalized/
Nosema_sp._gmOTU22_Ox000071	0	NO_READS_FOUND	no non-trivial read file in rnaseq_reads/ or rnaseq_normalized/
Nosema_wisconsonii	0	NO_READS_FOUND	no non-trivial read file in rnaseq_reads/ or rnaseq_normalized/
Nosematidae_sp._gmOTU23_NHMUK014425611	0	NO_READS_FOUND	no non-trivial read file in rnaseq_reads/ or rnaseq_normalized/
Nothofagozyma_chilensis	0	NO_READS_FOUND	no non-trivial read file in rnaseq_reads/ or rnaseq_normalized/
Nothomitra_cinnamomea	0	NO_READS_FOUND	no non-trivial read file in rnaseq_reads/ or rnaseq_normalized/
Nothophaeocryptopus_gaeumannii	0	NO_READS_FOUND	no non-trivial read file in rnaseq_reads/ or rnaseq_normalized/
Nothophoma_quercina	0	NO_READS_FOUND	no non-trivial read file in rnaseq_reads/ or rnaseq_normalized/
Notoparmelia_tenuirima	0	NO_READS_FOUND	no non-trivial read file in rnaseq_reads/ or rnaseq_normalized/
Novakomyces_olei	0	NO_READS_FOUND	no non-trivial read file in rnaseq_reads/ or rnaseq_normalized/
Nowakowskiella_sp._JEL0078	0	NO_READS_FOUND	no non-trivial read file in rnaseq_reads/ or rnaseq_normalized/
Nowakowskiella_sp._JEL0407	0	NO_READS_FOUND	no non-trivial read file in rnaseq_reads/ or rnaseq_normalized/
Nucleospora_cyclopteri	0	NO_READS_FOUND	no non-trivial read file in rnaseq_reads/ or rnaseq_normalized/
Obscuroplaca_camptidia	0	NO_READS_FOUND	no non-trivial read file in rnaseq_reads/ or rnaseq_normalized/
Ochrolechia_arborea	0	NO_READS_FOUND	no non-trivial read file in rnaseq_reads/ or rnaseq_normalized/
Ochrolechia_trochophora	0	NO_READS_FOUND	no non-trivial read file in rnaseq_reads/ or rnaseq_normalized/
Oculimacula_yallundae	0	NO_READS_FOUND	no non-trivial read file in rnaseq_reads/ or rnaseq_normalized/
Ogataea_allantospora	0	NO_READS_FOUND	no non-trivial read file in rnaseq_reads/ or rnaseq_normalized/
Ogataea_angusta	0	NO_READS_FOUND	no non-trivial read file in rnaseq_reads/ or rnaseq_normalized/
Ogataea_arabinofermentans	0	NO_READS_FOUND	no non-trivial read file in rnaseq_reads/ or rnaseq_normalized/
Ogataea_chonburiensis	0	NO_READS_FOUND	no non-trivial read file in rnaseq_reads/ or rnaseq_normalized/
Ogataea_corticis	0	NO_READS_FOUND	no non-trivial read file in rnaseq_reads/ or rnaseq_normalized/
Ogataea_degrootiae	0	NO_READS_FOUND	no non-trivial read file in rnaseq_reads/ or rnaseq_normalized/
Ogataea_dorogensis	0	NO_READS_FOUND	no non-trivial read file in rnaseq_reads/ or rnaseq_normalized/
Ogataea_ganodermae	0	NO_READS_FOUND	no non-trivial read file in rnaseq_reads/ or rnaseq_normalized/
Ogataea_ganodermatis	0	NO_READS_FOUND	no non-trivial read file in rnaseq_reads/ or rnaseq_normalized/
Ogataea_glucozyma	0	NO_READS_FOUND	no non-trivial read file in rnaseq_reads/ or rnaseq_normalized/
Ogataea_henricii	0	NO_READS_FOUND	no non-trivial read file in rnaseq_reads/ or rnaseq_normalized/
Ogataea_kodamae	0	NO_READS_FOUND	no non-trivial read file in rnaseq_reads/ or rnaseq_normalized/
Ogataea_krabiensis	0	NO_READS_FOUND	no non-trivial read file in rnaseq_reads/ or rnaseq_normalized/
Ogataea_maris	0	NO_READS_FOUND	no non-trivial read file in rnaseq_reads/ or rnaseq_normalized/
Ogataea_mattraensis	0	NO_READS_FOUND	no non-trivial read file in rnaseq_reads/ or rnaseq_normalized/
Ogataea_minuta	0	NO_READS_FOUND	no non-trivial read file in rnaseq_reads/ or rnaseq_normalized/
Ogataea_nakhonphanomensis	0	NO_READS_FOUND	no non-trivial read file in rnaseq_reads/ or rnaseq_normalized/
Ogataea_nemodendra	0	NO_READS_FOUND	no non-trivial read file in rnaseq_reads/ or rnaseq_normalized/
Ogataea_neopini	0	NO_READS_FOUND	no non-trivial read file in rnaseq_reads/ or rnaseq_normalized/
Ogataea_nitratoaversa	0	NO_READS_FOUND	no non-trivial read file in rnaseq_reads/ or rnaseq_normalized/
Ogataea_nonfermentans	0	NO_READS_FOUND	no non-trivial read file in rnaseq_reads/ or rnaseq_normalized/
Ogataea_ortonii	0	NO_READS_FOUND	no non-trivial read file in rnaseq_reads/ or rnaseq_normalized/
Ogataea_ovalis	0	NO_READS_FOUND	no non-trivial read file in rnaseq_reads/ or rnaseq_normalized/
Ogataea_paradorogensis	0	NO_READS_FOUND	no non-trivial read file in rnaseq_reads/ or rnaseq_normalized/
Ogataea_paraovalis	0	NO_READS_FOUND	no non-trivial read file in rnaseq_reads/ or rnaseq_normalized/
Ogataea_philodendri	0	NO_READS_FOUND	no non-trivial read file in rnaseq_reads/ or rnaseq_normalized/
Ogataea_piceae	0	NO_READS_FOUND	no non-trivial read file in rnaseq_reads/ or rnaseq_normalized/
Ogataea_pignaliae	0	NO_READS_FOUND	no non-trivial read file in rnaseq_reads/ or rnaseq_normalized/
Ogataea_pilisensis	0	NO_READS_FOUND	no non-trivial read file in rnaseq_reads/ or rnaseq_normalized/
Ogataea_pini	0	NO_READS_FOUND	no non-trivial read file in rnaseq_reads/ or rnaseq_normalized/
Ogataea_pinus	0	NO_READS_FOUND	no non-trivial read file in rnaseq_reads/ or rnaseq_normalized/
Ogataea_polymorpha	0	NO_READS_FOUND	no non-trivial read file in rnaseq_reads/ or rnaseq_normalized/
Ogataea_polymorpha_x_Ogataea_parapolymorpha.composite-parents	0	NO_READS_FOUND	no non-trivial read file in rnaseq_reads/ or rnaseq_normalized/
Ogataea_populi-albae	0	NO_READS_FOUND	no non-trivial read file in rnaseq_reads/ or rnaseq_normalized/
Ogataea_rishiriensis	0	NO_READS_FOUND	no non-trivial read file in rnaseq_reads/ or rnaseq_normalized/
Ogataea_salicorniae	0	NO_READS_FOUND	no non-trivial read file in rnaseq_reads/ or rnaseq_normalized/
Ogataea_saltuana	0	NO_READS_FOUND	no non-trivial read file in rnaseq_reads/ or rnaseq_normalized/
Ogataea_siamensis	0	NO_READS_FOUND	no non-trivial read file in rnaseq_reads/ or rnaseq_normalized/
Ogataea_sithepensis	0	NO_READS_FOUND	no non-trivial read file in rnaseq_reads/ or rnaseq_normalized/
Ogataea_sonorensis	0	NO_READS_FOUND	no non-trivial read file in rnaseq_reads/ or rnaseq_normalized/
Ogataea_sp._yHMJ1	0	NO_READS_FOUND	no non-trivial read file in rnaseq_reads/ or rnaseq_normalized/
Ogataea_thermomethanolica	0	NO_READS_FOUND	no non-trivial read file in rnaseq_reads/ or rnaseq_normalized/
Ogataea_thermophila	0	NO_READS_FOUND	no non-trivial read file in rnaseq_reads/ or rnaseq_normalized/
Ogataea_trehaloabstinens	0	NO_READS_FOUND	no non-trivial read file in rnaseq_reads/ or rnaseq_normalized/
Ogataea_trehalophila	0	NO_READS_FOUND	no non-trivial read file in rnaseq_reads/ or rnaseq_normalized/
Ogataea_wickerhamii	0	NO_READS_FOUND	no non-trivial read file in rnaseq_reads/ or rnaseq_normalized/
Ogataea_xyloterini	0	NO_READS_FOUND	no non-trivial read file in rnaseq_reads/ or rnaseq_normalized/
Ogataea_zsoltii	0	NO_READS_FOUND	no non-trivial read file in rnaseq_reads/ or rnaseq_normalized/
Oleoguttula_mirabilis	0	NO_READS_FOUND	no non-trivial read file in rnaseq_reads/ or rnaseq_normalized/
Oleoguttula_sp._CCFEE_5521	0	NO_READS_FOUND	no non-trivial read file in rnaseq_reads/ or rnaseq_normalized/
Oleoguttula_sp._CCFEE_6159	0	NO_READS_FOUND	no non-trivial read file in rnaseq_reads/ or rnaseq_normalized/
Oligophagozyma_castellii	0	NO_READS_FOUND	no non-trivial read file in rnaseq_reads/ or rnaseq_normalized/
Olpidium_bornovanus	0	NO_READS_FOUND	no non-trivial read file in rnaseq_reads/ or rnaseq_normalized/
Omphalora_arizonica	0	NO_READS_FOUND	no non-trivial read file in rnaseq_reads/ or rnaseq_normalized/
Omphalotus_olearius	0	NO_READS_FOUND	no non-trivial read file in rnaseq_reads/ or rnaseq_normalized/
Onygenales_sp._PD_10	0	NO_READS_FOUND	no non-trivial read file in rnaseq_reads/ or rnaseq_normalized/
Onygenales_sp._PD_12	0	NO_READS_FOUND	no non-trivial read file in rnaseq_reads/ or rnaseq_normalized/
Onygenales_sp._PD_40	0	NO_READS_FOUND	no non-trivial read file in rnaseq_reads/ or rnaseq_normalized/
Opegrapha_moroziana	0	NO_READS_FOUND	no non-trivial read file in rnaseq_reads/ or rnaseq_normalized/
Ophidiomyces_ophidiicola	0	NO_READS_FOUND	no non-trivial read file in rnaseq_reads/ or rnaseq_normalized/
Ophiocordyceps_aphodii	0	NO_READS_FOUND	no non-trivial read file in rnaseq_reads/ or rnaseq_normalized/
Ophiocordyceps_bispora	0	NO_READS_FOUND	no non-trivial read file in rnaseq_reads/ or rnaseq_normalized/
Ophiocordyceps_camponoti-floridani	0	NO_READS_FOUND	no non-trivial read file in rnaseq_reads/ or rnaseq_normalized/
Ophiocordyceps_camponoti-leonardi	0	NO_READS_FOUND	no non-trivial read file in rnaseq_reads/ or rnaseq_normalized/
Ophiocordyceps_camponoti-rufipedis	0	NO_READS_FOUND	no non-trivial read file in rnaseq_reads/ or rnaseq_normalized/
Ophiocordyceps_camponoti-saundersi	0	NO_READS_FOUND	no non-trivial read file in rnaseq_reads/ or rnaseq_normalized/
Ophiocordyceps_polyrhachis-furcata	0	NO_READS_FOUND	no non-trivial read file in rnaseq_reads/ or rnaseq_normalized/
Ophiocordyceps_pseudogibellulae	0	NO_READS_FOUND	no non-trivial read file in rnaseq_reads/ or rnaseq_normalized/
Ophiocordyceps_robertsii	0	NO_READS_FOUND	no non-trivial read file in rnaseq_reads/ or rnaseq_normalized/
Ophiocordycipitaceae_sp.	0	NO_READS_FOUND	no non-trivial read file in rnaseq_reads/ or rnaseq_normalized/
Ophiognomonia_clavigignenti-juglandacearum	0	NO_READS_FOUND	no non-trivial read file in rnaseq_reads/ or rnaseq_normalized/
Ophiosphaerella_herpotricha	0	NO_READS_FOUND	no non-trivial read file in rnaseq_reads/ or rnaseq_normalized/
Ophiosphaerella_korrae	0	NO_READS_FOUND	no non-trivial read file in rnaseq_reads/ or rnaseq_normalized/
Ophiosphaerella_narmari	0	NO_READS_FOUND	no non-trivial read file in rnaseq_reads/ or rnaseq_normalized/
Ophiostoma_angusticollis	0	NO_READS_FOUND	no non-trivial read file in rnaseq_reads/ or rnaseq_normalized/
Ophiostoma_araucariae	0	NO_READS_FOUND	no non-trivial read file in rnaseq_reads/ or rnaseq_normalized/
Ophiostoma_australiae	0	NO_READS_FOUND	no non-trivial read file in rnaseq_reads/ or rnaseq_normalized/
Ophiostoma_cf._undulatum	0	NO_READS_FOUND	no non-trivial read file in rnaseq_reads/ or rnaseq_normalized/
Ophiostoma_fasciatum	0	NO_READS_FOUND	no non-trivial read file in rnaseq_reads/ or rnaseq_normalized/
Ophiostoma_ips	0	NO_READS_FOUND	no non-trivial read file in rnaseq_reads/ or rnaseq_normalized/
Ophiostoma_montium	0	NO_READS_FOUND	no non-trivial read file in rnaseq_reads/ or rnaseq_normalized/
Ophiostoma_novo-ulmi	0	NO_READS_FOUND	no non-trivial read file in rnaseq_reads/ or rnaseq_normalized/
Ophiostoma_pallidulum	0	NO_READS_FOUND	no non-trivial read file in rnaseq_reads/ or rnaseq_normalized/
Ophiostoma_perfectum	0	NO_READS_FOUND	no non-trivial read file in rnaseq_reads/ or rnaseq_normalized/
Ophiostoma_populinum	0	NO_READS_FOUND	no non-trivial read file in rnaseq_reads/ or rnaseq_normalized/
Ophiostoma_pseudominus	0	NO_READS_FOUND	no non-trivial read file in rnaseq_reads/ or rnaseq_normalized/
Ophiostoma_sp._15807	0	NO_READS_FOUND	no non-trivial read file in rnaseq_reads/ or rnaseq_normalized/
Ophiostoma_sp._423A	0	NO_READS_FOUND	no non-trivial read file in rnaseq_reads/ or rnaseq_normalized/
Ophiostoma_sp._CBS_140.51	0	NO_READS_FOUND	no non-trivial read file in rnaseq_reads/ or rnaseq_normalized/
Ophiostoma_tasmaniense	0	NO_READS_FOUND	no non-trivial read file in rnaseq_reads/ or rnaseq_normalized/
Ophiostoma_triangulosporum	0	NO_READS_FOUND	no non-trivial read file in rnaseq_reads/ or rnaseq_normalized/
Orbilia_blumenaviensis	0	NO_READS_FOUND	no non-trivial read file in rnaseq_reads/ or rnaseq_normalized/
Orbilia_brochopaga	0	NO_READS_FOUND	no non-trivial read file in rnaseq_reads/ or rnaseq_normalized/
Orbilia_ellipsospora	0	NO_READS_FOUND	no non-trivial read file in rnaseq_reads/ or rnaseq_normalized/
Orbilia_javanica	0	NO_READS_FOUND	no non-trivial read file in rnaseq_reads/ or rnaseq_normalized/
Orbilia_quercus	0	NO_READS_FOUND	no non-trivial read file in rnaseq_reads/ or rnaseq_normalized/
Ordospora_colligata	0	NO_READS_FOUND	no non-trivial read file in rnaseq_reads/ or rnaseq_normalized/
Ordospora_pajunii	0	NO_READS_FOUND	no non-trivial read file in rnaseq_reads/ or rnaseq_normalized/
Osmozyma_mogii	0	NO_READS_FOUND	no non-trivial read file in rnaseq_reads/ or rnaseq_normalized/
Osmozyma_tolerans	0	NO_READS_FOUND	no non-trivial read file in rnaseq_reads/ or rnaseq_normalized/
Ovulinia_azaleae	0	NO_READS_FOUND	no non-trivial read file in rnaseq_reads/ or rnaseq_normalized/
Oxnerella_safavidiorum	0	NO_READS_FOUND	no non-trivial read file in rnaseq_reads/ or rnaseq_normalized/
Pachysolen_tannophilus	0	NO_READS_FOUND	no non-trivial read file in rnaseq_reads/ or rnaseq_normalized/
Paecilomyces_brunneolus	0	NO_READS_FOUND	no non-trivial read file in rnaseq_reads/ or rnaseq_normalized/
Paecilomyces_dactylethromorphus	0	NO_READS_FOUND	no non-trivial read file in rnaseq_reads/ or rnaseq_normalized/
Paecilomyces_formosus	0	NO_READS_FOUND	no non-trivial read file in rnaseq_reads/ or rnaseq_normalized/
Paecilomyces_fulvus	0	NO_READS_FOUND	no non-trivial read file in rnaseq_reads/ or rnaseq_normalized/
Paecilomyces_lecythidis	0	NO_READS_FOUND	no non-trivial read file in rnaseq_reads/ or rnaseq_normalized/
Paecilomyces_lignorum	0	NO_READS_FOUND	no non-trivial read file in rnaseq_reads/ or rnaseq_normalized/
Paecilomyces_maximus	0	NO_READS_FOUND	no non-trivial read file in rnaseq_reads/ or rnaseq_normalized/
Paecilomyces_niveus	0	NO_READS_FOUND	no non-trivial read file in rnaseq_reads/ or rnaseq_normalized/
Paecilomyces_paravariotii	0	NO_READS_FOUND	no non-trivial read file in rnaseq_reads/ or rnaseq_normalized/
Paecilomyces_sp._COH1141	0	NO_READS_FOUND	no non-trivial read file in rnaseq_reads/ or rnaseq_normalized/
Paecilomyces_sp._M2901	0	NO_READS_FOUND	no non-trivial read file in rnaseq_reads/ or rnaseq_normalized/
Paecilomyces_sp._M2902	0	NO_READS_FOUND	no non-trivial read file in rnaseq_reads/ or rnaseq_normalized/
Paecilomyces_sp._MCCF_150	0	NO_READS_FOUND	no non-trivial read file in rnaseq_reads/ or rnaseq_normalized/
Paecilomyces_sp._PK2413	0	NO_READS_FOUND	no non-trivial read file in rnaseq_reads/ or rnaseq_normalized/
Paecilomyces_sp._PL2402	0	NO_READS_FOUND	no non-trivial read file in rnaseq_reads/ or rnaseq_normalized/
Paecilomyces_sp._PL2405	0	NO_READS_FOUND	no non-trivial read file in rnaseq_reads/ or rnaseq_normalized/
Pallidohirschioporus_biformis	0	NO_READS_FOUND	no non-trivial read file in rnaseq_reads/ or rnaseq_normalized/
Panaeolus_cyanescens	0	NO_READS_FOUND	no non-trivial read file in rnaseq_reads/ or rnaseq_normalized/
Panaeolus_foenisecii	0	NO_READS_FOUND	no non-trivial read file in rnaseq_reads/ or rnaseq_normalized/
Panaeolus_rickenii	0	NO_READS_FOUND	no non-trivial read file in rnaseq_reads/ or rnaseq_normalized/
Panaeolus_semiovatus	0	NO_READS_FOUND	no non-trivial read file in rnaseq_reads/ or rnaseq_normalized/
Panaeolus_sp._B733_7	0	NO_READS_FOUND	no non-trivial read file in rnaseq_reads/ or rnaseq_normalized/
Panaeolus_sp._ZRL20220850	0	NO_READS_FOUND	no non-trivial read file in rnaseq_reads/ or rnaseq_normalized/
Pancytospora_epiphaga	0	NO_READS_FOUND	no non-trivial read file in rnaseq_reads/ or rnaseq_normalized/
Pancytospora_philotis	0	NO_READS_FOUND	no non-trivial read file in rnaseq_reads/ or rnaseq_normalized/
Panellus_pusillus	0	NO_READS_FOUND	no non-trivial read file in rnaseq_reads/ or rnaseq_normalized/
Pannaria_tavaresii	0	NO_READS_FOUND	no non-trivial read file in rnaseq_reads/ or rnaseq_normalized/
Panus_rudis	0	NO_READS_FOUND	no non-trivial read file in rnaseq_reads/ or rnaseq_normalized/
Papiliotrema_aurea	0	NO_READS_FOUND	no non-trivial read file in rnaseq_reads/ or rnaseq_normalized/
Papiliotrema_flavescens	0	NO_READS_FOUND	no non-trivial read file in rnaseq_reads/ or rnaseq_normalized/
Papiliotrema_fonsecae	0	NO_READS_FOUND	no non-trivial read file in rnaseq_reads/ or rnaseq_normalized/
Papiliotrema_nemorosa	0	NO_READS_FOUND	no non-trivial read file in rnaseq_reads/ or rnaseq_normalized/
Papiliotrema_sp._CLIB4450	0	NO_READS_FOUND	no non-trivial read file in rnaseq_reads/ or rnaseq_normalized/
Papiliotrema_sp._F651	0	NO_READS_FOUND	no non-trivial read file in rnaseq_reads/ or rnaseq_normalized/
Paracamarosporium_sp._OC-R06-R3	0	NO_READS_FOUND	no non-trivial read file in rnaseq_reads/ or rnaseq_normalized/
Parachaetomium_inaequale	0	NO_READS_FOUND	no non-trivial read file in rnaseq_reads/ or rnaseq_normalized/
Paracladophialophora_sp._BF16	0	NO_READS_FOUND	no non-trivial read file in rnaseq_reads/ or rnaseq_normalized/
Paracoccidioides_restrepoana	0	NO_READS_FOUND	no non-trivial read file in rnaseq_reads/ or rnaseq_normalized/
Paracoccidioides_sp._IMR-M-Pb_369	0	NO_READS_FOUND	no non-trivial read file in rnaseq_reads/ or rnaseq_normalized/
Paracoccidioides_sp._americana	0	NO_READS_FOUND	no non-trivial read file in rnaseq_reads/ or rnaseq_normalized/
Paracoccidioides_venezuelensis	0	NO_READS_FOUND	no non-trivial read file in rnaseq_reads/ or rnaseq_normalized/
Paraconiothyrium_brasiliense	0	NO_READS_FOUND	no non-trivial read file in rnaseq_reads/ or rnaseq_normalized/
Paraconiothyrium_sp._Pb-2020	0	NO_READS_FOUND	no non-trivial read file in rnaseq_reads/ or rnaseq_normalized/
Paracorniculantispora_psalliotae	0	NO_READS_FOUND	no non-trivial read file in rnaseq_reads/ or rnaseq_normalized/
Paradiscina_melaleuca	0	NO_READS_FOUND	no non-trivial read file in rnaseq_reads/ or rnaseq_normalized/
Parafenestella_ontariensis	0	NO_READS_FOUND	no non-trivial read file in rnaseq_reads/ or rnaseq_normalized/
Paraglomus_occultum	0	NO_READS_FOUND	no non-trivial read file in rnaseq_reads/ or rnaseq_normalized/
Paragyromitra_ambigua	0	NO_READS_FOUND	no non-trivial read file in rnaseq_reads/ or rnaseq_normalized/
Paragyromitra_sichuanensis	0	NO_READS_FOUND	no non-trivial read file in rnaseq_reads/ or rnaseq_normalized/
Paragyromitra_xinjiangensis	0	NO_READS_FOUND	no non-trivial read file in rnaseq_reads/ or rnaseq_normalized/
Parahypoxylon_ruwenzoriense	0	NO_READS_FOUND	no non-trivial read file in rnaseq_reads/ or rnaseq_normalized/
Paraisaria_gracilis	0	NO_READS_FOUND	no non-trivial read file in rnaseq_reads/ or rnaseq_normalized/
Parajaminaea_sp._XY52Y-1	0	NO_READS_FOUND	no non-trivial read file in rnaseq_reads/ or rnaseq_normalized/
Paraleptosphaeria_nitschkei	0	NO_READS_FOUND	no non-trivial read file in rnaseq_reads/ or rnaseq_normalized/
Paraleptosphaeria_praetermissa	0	NO_READS_FOUND	no non-trivial read file in rnaseq_reads/ or rnaseq_normalized/
Paramarasmius_palmivorus	0	NO_READS_FOUND	no non-trivial read file in rnaseq_reads/ or rnaseq_normalized/
Parametarhizium_changbaiense	0	NO_READS_FOUND	no non-trivial read file in rnaseq_reads/ or rnaseq_normalized/
Parametarhizium_hingganense	0	NO_READS_FOUND	no non-trivial read file in rnaseq_reads/ or rnaseq_normalized/
Paramicrosporidium_saccamoebae	0	NO_READS_FOUND	no non-trivial read file in rnaseq_reads/ or rnaseq_normalized/
Paramyrothecium_foliicola	0	NO_READS_FOUND	no non-trivial read file in rnaseq_reads/ or rnaseq_normalized/
Paramyrothecium_roridum	0	NO_READS_FOUND	no non-trivial read file in rnaseq_reads/ or rnaseq_normalized/
Paramyrothecium_sp._XJ0827	0	NO_READS_FOUND	no non-trivial read file in rnaseq_reads/ or rnaseq_normalized/
Paraphoma_sp._B47-9	0	NO_READS_FOUND	no non-trivial read file in rnaseq_reads/ or rnaseq_normalized/
Parasarocladium_wereldwijsianum	0	NO_READS_FOUND	no non-trivial read file in rnaseq_reads/ or rnaseq_normalized/
Parastagonospora_avenae	0	NO_READS_FOUND	no non-trivial read file in rnaseq_reads/ or rnaseq_normalized/
Parathielavia_appendiculata	0	NO_READS_FOUND	no non-trivial read file in rnaseq_reads/ or rnaseq_normalized/
Parathielavia_hyrcaniae	0	NO_READS_FOUND	no non-trivial read file in rnaseq_reads/ or rnaseq_normalized/
Parengyodontium_torokii	0	NO_READS_FOUND	no non-trivial read file in rnaseq_reads/ or rnaseq_normalized/
Parmelia_sp._050094	0	NO_READS_FOUND	no non-trivial read file in rnaseq_reads/ or rnaseq_normalized/
Parmelia_squarrosa	0	NO_READS_FOUND	no non-trivial read file in rnaseq_reads/ or rnaseq_normalized/
Parmeliaceae_sp.	0	NO_READS_FOUND	no non-trivial read file in rnaseq_reads/ or rnaseq_normalized/
Parmelina_tiliacea	0	NO_READS_FOUND	no non-trivial read file in rnaseq_reads/ or rnaseq_normalized/
Parmeliopsis_ambigua	0	NO_READS_FOUND	no non-trivial read file in rnaseq_reads/ or rnaseq_normalized/
Parmotrema_austrosinense	0	NO_READS_FOUND	no non-trivial read file in rnaseq_reads/ or rnaseq_normalized/
Parmotrema_cetratum	0	NO_READS_FOUND	no non-trivial read file in rnaseq_reads/ or rnaseq_normalized/
Parmotrema_diffractaicum	0	NO_READS_FOUND	no non-trivial read file in rnaseq_reads/ or rnaseq_normalized/
Parmotrema_hypotropum	0	NO_READS_FOUND	no non-trivial read file in rnaseq_reads/ or rnaseq_normalized/
Parmotrema_internexum	0	NO_READS_FOUND	no non-trivial read file in rnaseq_reads/ or rnaseq_normalized/
Parmotrema_mellissii	0	NO_READS_FOUND	no non-trivial read file in rnaseq_reads/ or rnaseq_normalized/
Parmotrema_neotropicum	0	NO_READS_FOUND	no non-trivial read file in rnaseq_reads/ or rnaseq_normalized/
Parmotrema_perlatum	0	NO_READS_FOUND	no non-trivial read file in rnaseq_reads/ or rnaseq_normalized/
Parmotrema_rampoddense	0	NO_READS_FOUND	no non-trivial read file in rnaseq_reads/ or rnaseq_normalized/
Parmotrema_reticulatum	0	NO_READS_FOUND	no non-trivial read file in rnaseq_reads/ or rnaseq_normalized/
Parmotrema_stuppeum	0	NO_READS_FOUND	no non-trivial read file in rnaseq_reads/ or rnaseq_normalized/
Parmotrema_submarginale	0	NO_READS_FOUND	no non-trivial read file in rnaseq_reads/ or rnaseq_normalized/
Parmotrema_tinctorum	0	NO_READS_FOUND	no non-trivial read file in rnaseq_reads/ or rnaseq_normalized/
Parmotrema_ultralucens	0	NO_READS_FOUND	no non-trivial read file in rnaseq_reads/ or rnaseq_normalized/
Parmotrema_xanthinum	0	NO_READS_FOUND	no non-trivial read file in rnaseq_reads/ or rnaseq_normalized/
Pasadenomyces_melaninifex	0	NO_READS_FOUND	no non-trivial read file in rnaseq_reads/ or rnaseq_normalized/
Pascua_sp._M117-10A	0	NO_READS_FOUND	no non-trivial read file in rnaseq_reads/ or rnaseq_normalized/
Pascua_sp._PH3313A	0	NO_READS_FOUND	no non-trivial read file in rnaseq_reads/ or rnaseq_normalized/
Pascua_sp._PH3615	0	NO_READS_FOUND	no non-trivial read file in rnaseq_reads/ or rnaseq_normalized/
Pascua_sp._PH4015B	0	NO_READS_FOUND	no non-trivial read file in rnaseq_reads/ or rnaseq_normalized/
Pascua_sp._PK3308B-1	0	NO_READS_FOUND	no non-trivial read file in rnaseq_reads/ or rnaseq_normalized/
Pascua_sp._PL2904B	0	NO_READS_FOUND	no non-trivial read file in rnaseq_reads/ or rnaseq_normalized/
Patellaria_atrata	0	NO_READS_FOUND	no non-trivial read file in rnaseq_reads/ or rnaseq_normalized/
Paxillus_involutus	0	NO_READS_FOUND	no non-trivial read file in rnaseq_reads/ or rnaseq_normalized/
Paxillus_rubicundulus	0	NO_READS_FOUND	no non-trivial read file in rnaseq_reads/ or rnaseq_normalized/
Pectenia_cyanoloma	0	NO_READS_FOUND	no non-trivial read file in rnaseq_reads/ or rnaseq_normalized/
Pectenia_plumbea	0	NO_READS_FOUND	no non-trivial read file in rnaseq_reads/ or rnaseq_normalized/
Peltigera_aphthosa	0	NO_READS_FOUND	no non-trivial read file in rnaseq_reads/ or rnaseq_normalized/
Peltigera_dolichorrhiza	0	NO_READS_FOUND	no non-trivial read file in rnaseq_reads/ or rnaseq_normalized/
Peltigera_evansiana	0	NO_READS_FOUND	no non-trivial read file in rnaseq_reads/ or rnaseq_normalized/
Peltigera_extenuata	0	NO_READS_FOUND	no non-trivial read file in rnaseq_reads/ or rnaseq_normalized/
Peltigera_hydrothyria	0	NO_READS_FOUND	no non-trivial read file in rnaseq_reads/ or rnaseq_normalized/
Peltigera_leucophlebia	0	NO_READS_FOUND	no non-trivial read file in rnaseq_reads/ or rnaseq_normalized/
Peltigera_phyllidiosa	0	NO_READS_FOUND	no non-trivial read file in rnaseq_reads/ or rnaseq_normalized/
Peltula_cylindrica	0	NO_READS_FOUND	no non-trivial read file in rnaseq_reads/ or rnaseq_normalized/
Peltula_sp._TS41687	0	NO_READS_FOUND	no non-trivial read file in rnaseq_reads/ or rnaseq_normalized/
Penicilliopsis_zonata	0	NO_READS_FOUND	no non-trivial read file in rnaseq_reads/ or rnaseq_normalized/
Penicillium_adametzioides	0	NO_READS_FOUND	no non-trivial read file in rnaseq_reads/ or rnaseq_normalized/
Penicillium_alfredii	0	NO_READS_FOUND	no non-trivial read file in rnaseq_reads/ or rnaseq_normalized/
Penicillium_angulare	0	NO_READS_FOUND	no non-trivial read file in rnaseq_reads/ or rnaseq_normalized/
Penicillium_argentinense	0	NO_READS_FOUND	no non-trivial read file in rnaseq_reads/ or rnaseq_normalized/
Penicillium_arizonense	0	NO_READS_FOUND	no non-trivial read file in rnaseq_reads/ or rnaseq_normalized/
Penicillium_aurantiogriseum	0	NO_READS_FOUND	no non-trivial read file in rnaseq_reads/ or rnaseq_normalized/
Penicillium_bialowiezense	0	NO_READS_FOUND	no non-trivial read file in rnaseq_reads/ or rnaseq_normalized/
Penicillium_bovifimosum	0	NO_READS_FOUND	no non-trivial read file in rnaseq_reads/ or rnaseq_normalized/
Penicillium_brefeldianum	0	NO_READS_FOUND	no non-trivial read file in rnaseq_reads/ or rnaseq_normalized/
Penicillium_camemberti	0	NO_READS_FOUND	no non-trivial read file in rnaseq_reads/ or rnaseq_normalized/
Penicillium_canariense	0	NO_READS_FOUND	no non-trivial read file in rnaseq_reads/ or rnaseq_normalized/
Penicillium_carneum	0	NO_READS_FOUND	no non-trivial read file in rnaseq_reads/ or rnaseq_normalized/
Penicillium_caseifulvum	0	NO_READS_FOUND	no non-trivial read file in rnaseq_reads/ or rnaseq_normalized/
Penicillium_cataractarum	0	NO_READS_FOUND	no non-trivial read file in rnaseq_reads/ or rnaseq_normalized/
Penicillium_cf._chrysogenum	0	NO_READS_FOUND	no non-trivial read file in rnaseq_reads/ or rnaseq_normalized/
Penicillium_cf._griseofulvum	0	NO_READS_FOUND	no non-trivial read file in rnaseq_reads/ or rnaseq_normalized/
Penicillium_cf._viridicatum	0	NO_READS_FOUND	no non-trivial read file in rnaseq_reads/ or rnaseq_normalized/
Penicillium_chermesinum	0	NO_READS_FOUND	no non-trivial read file in rnaseq_reads/ or rnaseq_normalized/
Penicillium_cinerascens	0	NO_READS_FOUND	no non-trivial read file in rnaseq_reads/ or rnaseq_normalized/
Penicillium_coffeae	0	NO_READS_FOUND	no non-trivial read file in rnaseq_reads/ or rnaseq_normalized/
Penicillium_commune	0	NO_READS_FOUND	no non-trivial read file in rnaseq_reads/ or rnaseq_normalized/
Penicillium_concentricum	0	NO_READS_FOUND	no non-trivial read file in rnaseq_reads/ or rnaseq_normalized/
Penicillium_corylophilum	0	NO_READS_FOUND	no non-trivial read file in rnaseq_reads/ or rnaseq_normalized/
Penicillium_cosmopolitanum	0	NO_READS_FOUND	no non-trivial read file in rnaseq_reads/ or rnaseq_normalized/
Penicillium_crystallinum	0	NO_READS_FOUND	no non-trivial read file in rnaseq_reads/ or rnaseq_normalized/
Penicillium_daleae	0	NO_READS_FOUND	no non-trivial read file in rnaseq_reads/ or rnaseq_normalized/
Penicillium_desertorum	0	NO_READS_FOUND	no non-trivial read file in rnaseq_reads/ or rnaseq_normalized/
Penicillium_diatomitis	0	NO_READS_FOUND	no non-trivial read file in rnaseq_reads/ or rnaseq_normalized/
Penicillium_dipodomyicola	0	NO_READS_FOUND	no non-trivial read file in rnaseq_reads/ or rnaseq_normalized/
Penicillium_egyptiacum	0	NO_READS_FOUND	no non-trivial read file in rnaseq_reads/ or rnaseq_normalized/
Penicillium_fimorum	0	NO_READS_FOUND	no non-trivial read file in rnaseq_reads/ or rnaseq_normalized/
Penicillium_freii	0	NO_READS_FOUND	no non-trivial read file in rnaseq_reads/ or rnaseq_normalized/
Penicillium_frequentans	0	NO_READS_FOUND	no non-trivial read file in rnaseq_reads/ or rnaseq_normalized/
Penicillium_fructuariae-cellae	0	NO_READS_FOUND	no non-trivial read file in rnaseq_reads/ or rnaseq_normalized/
Penicillium_fuscoglaucum	0	NO_READS_FOUND	no non-trivial read file in rnaseq_reads/ or rnaseq_normalized/
Penicillium_glandicola	0	NO_READS_FOUND	no non-trivial read file in rnaseq_reads/ or rnaseq_normalized/
Penicillium_glycyrrhizacola	0	NO_READS_FOUND	no non-trivial read file in rnaseq_reads/ or rnaseq_normalized/
Penicillium_goetzii	0	NO_READS_FOUND	no non-trivial read file in rnaseq_reads/ or rnaseq_normalized/
Penicillium_griseofulvum	0	NO_READS_FOUND	no non-trivial read file in rnaseq_reads/ or rnaseq_normalized/
Penicillium_griseoroseum	0	NO_READS_FOUND	no non-trivial read file in rnaseq_reads/ or rnaseq_normalized/
Penicillium_hetheringtonii	0	NO_READS_FOUND	no non-trivial read file in rnaseq_reads/ or rnaseq_normalized/
Penicillium_hispanicum	0	NO_READS_FOUND	no non-trivial read file in rnaseq_reads/ or rnaseq_normalized/
Penicillium_hordei	0	NO_READS_FOUND	no non-trivial read file in rnaseq_reads/ or rnaseq_normalized/
Penicillium_italicum	0	NO_READS_FOUND	no non-trivial read file in rnaseq_reads/ or rnaseq_normalized/
Penicillium_javanicum	0	NO_READS_FOUND	no non-trivial read file in rnaseq_reads/ or rnaseq_normalized/
Penicillium_koreense	0	NO_READS_FOUND	no non-trivial read file in rnaseq_reads/ or rnaseq_normalized/
Penicillium_lagena	0	NO_READS_FOUND	no non-trivial read file in rnaseq_reads/ or rnaseq_normalized/
Penicillium_lividum	0	NO_READS_FOUND	no non-trivial read file in rnaseq_reads/ or rnaseq_normalized/
Penicillium_longicatenatum	0	NO_READS_FOUND	no non-trivial read file in rnaseq_reads/ or rnaseq_normalized/
Penicillium_maclennaniae	0	NO_READS_FOUND	no non-trivial read file in rnaseq_reads/ or rnaseq_normalized/
Penicillium_macrosclerotiorum	0	NO_READS_FOUND	no non-trivial read file in rnaseq_reads/ or rnaseq_normalized/
Penicillium_majusculum	0	NO_READS_FOUND	no non-trivial read file in rnaseq_reads/ or rnaseq_normalized/
Penicillium_malachiteum	0	NO_READS_FOUND	no non-trivial read file in rnaseq_reads/ or rnaseq_normalized/
Penicillium_manginii	0	NO_READS_FOUND	no non-trivial read file in rnaseq_reads/ or rnaseq_normalized/
Penicillium_mexicanum	0	NO_READS_FOUND	no non-trivial read file in rnaseq_reads/ or rnaseq_normalized/
Penicillium_mononematosum	0	NO_READS_FOUND	no non-trivial read file in rnaseq_reads/ or rnaseq_normalized/
Penicillium_nordicum	0	NO_READS_FOUND	no non-trivial read file in rnaseq_reads/ or rnaseq_normalized/
Penicillium_novae-zeelandiae	0	NO_READS_FOUND	no non-trivial read file in rnaseq_reads/ or rnaseq_normalized/
Penicillium_nucicola	0	NO_READS_FOUND	no non-trivial read file in rnaseq_reads/ or rnaseq_normalized/
Penicillium_occitanis	0	NO_READS_FOUND	no non-trivial read file in rnaseq_reads/ or rnaseq_normalized/
Penicillium_ochrochloron	0	NO_READS_FOUND	no non-trivial read file in rnaseq_reads/ or rnaseq_normalized/
Penicillium_odoratum	0	NO_READS_FOUND	no non-trivial read file in rnaseq_reads/ or rnaseq_normalized/
Penicillium_palitans	0	NO_READS_FOUND	no non-trivial read file in rnaseq_reads/ or rnaseq_normalized/
Penicillium_pancosmium	0	NO_READS_FOUND	no non-trivial read file in rnaseq_reads/ or rnaseq_normalized/
Penicillium_paneum	0	NO_READS_FOUND	no non-trivial read file in rnaseq_reads/ or rnaseq_normalized/
Penicillium_paradoxum	0	NO_READS_FOUND	no non-trivial read file in rnaseq_reads/ or rnaseq_normalized/
Penicillium_parvum	0	NO_READS_FOUND	no non-trivial read file in rnaseq_reads/ or rnaseq_normalized/
Penicillium_paxilli	0	NO_READS_FOUND	no non-trivial read file in rnaseq_reads/ or rnaseq_normalized/
Penicillium_psychrofluorescens	0	NO_READS_FOUND	no non-trivial read file in rnaseq_reads/ or rnaseq_normalized/
Penicillium_psychrosexuale	0	NO_READS_FOUND	no non-trivial read file in rnaseq_reads/ or rnaseq_normalized/
Penicillium_pulvis	0	NO_READS_FOUND	no non-trivial read file in rnaseq_reads/ or rnaseq_normalized/
Penicillium_raperi	0	NO_READS_FOUND	no non-trivial read file in rnaseq_reads/ or rnaseq_normalized/
Penicillium_riverlandense	0	NO_READS_FOUND	no non-trivial read file in rnaseq_reads/ or rnaseq_normalized/
Penicillium_robsamsonii	0	NO_READS_FOUND	no non-trivial read file in rnaseq_reads/ or rnaseq_normalized/
Penicillium_rolfsii	0	NO_READS_FOUND	no non-trivial read file in rnaseq_reads/ or rnaseq_normalized/
Penicillium_roqueforti	0	NO_READS_FOUND	no non-trivial read file in rnaseq_reads/ or rnaseq_normalized/
Penicillium_salamii	0	NO_READS_FOUND	no non-trivial read file in rnaseq_reads/ or rnaseq_normalized/
Penicillium_samsonianum	0	NO_READS_FOUND	no non-trivial read file in rnaseq_reads/ or rnaseq_normalized/
Penicillium_sclerotigenum	0	NO_READS_FOUND	no non-trivial read file in rnaseq_reads/ or rnaseq_normalized/
Penicillium_sclerotiorum	0	NO_READS_FOUND	no non-trivial read file in rnaseq_reads/ or rnaseq_normalized/
Penicillium_silybi	0	NO_READS_FOUND	no non-trivial read file in rnaseq_reads/ or rnaseq_normalized/
Penicillium_simplicissimum	0	NO_READS_FOUND	no non-trivial read file in rnaseq_reads/ or rnaseq_normalized/
Penicillium_soppii	0	NO_READS_FOUND	no non-trivial read file in rnaseq_reads/ or rnaseq_normalized/
Penicillium_sp.	0	NO_READS_FOUND	no non-trivial read file in rnaseq_reads/ or rnaseq_normalized/
Penicillium_sp._121J	0	NO_READS_FOUND	no non-trivial read file in rnaseq_reads/ or rnaseq_normalized/
Penicillium_sp._32_TS-2023	0	NO_READS_FOUND	no non-trivial read file in rnaseq_reads/ or rnaseq_normalized/
Penicillium_sp._91_TS-2023	0	NO_READS_FOUND	no non-trivial read file in rnaseq_reads/ or rnaseq_normalized/
Penicillium_sp._B98-03	0	NO_READS_FOUND	no non-trivial read file in rnaseq_reads/ or rnaseq_normalized/
Penicillium_sp._BH-15	0	NO_READS_FOUND	no non-trivial read file in rnaseq_reads/ or rnaseq_normalized/
Penicillium_sp._BM32	0	NO_READS_FOUND	no non-trivial read file in rnaseq_reads/ or rnaseq_normalized/
Penicillium_sp._BW_12	0	NO_READS_FOUND	no non-trivial read file in rnaseq_reads/ or rnaseq_normalized/
Penicillium_sp._BW_162_3FA	0	NO_READS_FOUND	no non-trivial read file in rnaseq_reads/ or rnaseq_normalized/
Penicillium_sp._BW_MB	0	NO_READS_FOUND	no non-trivial read file in rnaseq_reads/ or rnaseq_normalized/
Penicillium_sp._CF01	0	NO_READS_FOUND	no non-trivial read file in rnaseq_reads/ or rnaseq_normalized/
Penicillium_sp._CF05	0	NO_READS_FOUND	no non-trivial read file in rnaseq_reads/ or rnaseq_normalized/
Penicillium_sp._CMV-2018d	0	NO_READS_FOUND	no non-trivial read file in rnaseq_reads/ or rnaseq_normalized/
Penicillium_sp._D2Mb	0	NO_READS_FOUND	no non-trivial read file in rnaseq_reads/ or rnaseq_normalized/
Penicillium_sp._D9	0	NO_READS_FOUND	no non-trivial read file in rnaseq_reads/ or rnaseq_normalized/
Penicillium_sp._DSF059	0	NO_READS_FOUND	no non-trivial read file in rnaseq_reads/ or rnaseq_normalized/
Penicillium_sp._DT28	0	NO_READS_FOUND	no non-trivial read file in rnaseq_reads/ or rnaseq_normalized/
Penicillium_sp._DV-2018c	0	NO_READS_FOUND	no non-trivial read file in rnaseq_reads/ or rnaseq_normalized/
Penicillium_sp._E22	0	NO_READS_FOUND	no non-trivial read file in rnaseq_reads/ or rnaseq_normalized/
Penicillium_sp._G339	0	NO_READS_FOUND	no non-trivial read file in rnaseq_reads/ or rnaseq_normalized/
Penicillium_sp._G342	0	NO_READS_FOUND	no non-trivial read file in rnaseq_reads/ or rnaseq_normalized/
Penicillium_sp._GS218	0	NO_READS_FOUND	no non-trivial read file in rnaseq_reads/ or rnaseq_normalized/
Penicillium_sp._HKF2	0	NO_READS_FOUND	no non-trivial read file in rnaseq_reads/ or rnaseq_normalized/
Penicillium_sp._IBT_16267x	0	NO_READS_FOUND	no non-trivial read file in rnaseq_reads/ or rnaseq_normalized/
Penicillium_sp._IBT_18751x	0	NO_READS_FOUND	no non-trivial read file in rnaseq_reads/ or rnaseq_normalized/
Penicillium_sp._IBT_31633x	0	NO_READS_FOUND	no non-trivial read file in rnaseq_reads/ or rnaseq_normalized/
Penicillium_sp._IBT_35674x	0	NO_READS_FOUND	no non-trivial read file in rnaseq_reads/ or rnaseq_normalized/
Penicillium_sp._INA_01369	0	NO_READS_FOUND	no non-trivial read file in rnaseq_reads/ or rnaseq_normalized/
Penicillium_sp._JL76001	0	NO_READS_FOUND	no non-trivial read file in rnaseq_reads/ or rnaseq_normalized/
Penicillium_sp._M121-12C	0	NO_READS_FOUND	no non-trivial read file in rnaseq_reads/ or rnaseq_normalized/
Penicillium_sp._M1327	0	NO_READS_FOUND	no non-trivial read file in rnaseq_reads/ or rnaseq_normalized/
Penicillium_sp._MA_6036	0	NO_READS_FOUND	no non-trivial read file in rnaseq_reads/ or rnaseq_normalized/
Penicillium_sp._MA_6040	0	NO_READS_FOUND	no non-trivial read file in rnaseq_reads/ or rnaseq_normalized/
Penicillium_sp._MBC_424	0	NO_READS_FOUND	no non-trivial read file in rnaseq_reads/ or rnaseq_normalized/
Penicillium_sp._MBC_428	0	NO_READS_FOUND	no non-trivial read file in rnaseq_reads/ or rnaseq_normalized/
Penicillium_sp._MT2_MMC-2018	0	NO_READS_FOUND	no non-trivial read file in rnaseq_reads/ or rnaseq_normalized/
Penicillium_sp._MT45	0	NO_READS_FOUND	no non-trivial read file in rnaseq_reads/ or rnaseq_normalized/
Penicillium_sp._MYA5	0	NO_READS_FOUND	no non-trivial read file in rnaseq_reads/ or rnaseq_normalized/
Penicillium_sp._OUCMDZ-019	0	NO_READS_FOUND	no non-trivial read file in rnaseq_reads/ or rnaseq_normalized/
Penicillium_sp._PF1803	0	NO_READS_FOUND	no non-trivial read file in rnaseq_reads/ or rnaseq_normalized/
Penicillium_sp._PF2412A	0	NO_READS_FOUND	no non-trivial read file in rnaseq_reads/ or rnaseq_normalized/
Penicillium_sp._PG106-07D	0	NO_READS_FOUND	no non-trivial read file in rnaseq_reads/ or rnaseq_normalized/
Penicillium_sp._PG113-03A	0	NO_READS_FOUND	no non-trivial read file in rnaseq_reads/ or rnaseq_normalized/
Penicillium_sp._PG115-01	0	NO_READS_FOUND	no non-trivial read file in rnaseq_reads/ or rnaseq_normalized/
Penicillium_sp._PH3801	0	NO_READS_FOUND	no non-trivial read file in rnaseq_reads/ or rnaseq_normalized/
Penicillium_sp._PQxj3	0	NO_READS_FOUND	no non-trivial read file in rnaseq_reads/ or rnaseq_normalized/
Penicillium_sp._PT4103	0	NO_READS_FOUND	no non-trivial read file in rnaseq_reads/ or rnaseq_normalized/
Penicillium_sp._R1202D	0	NO_READS_FOUND	no non-trivial read file in rnaseq_reads/ or rnaseq_normalized/
Penicillium_sp._S103-07	0	NO_READS_FOUND	no non-trivial read file in rnaseq_reads/ or rnaseq_normalized/
Penicillium_sp._S1126A	0	NO_READS_FOUND	no non-trivial read file in rnaseq_reads/ or rnaseq_normalized/
Penicillium_sp._S1316	0	NO_READS_FOUND	no non-trivial read file in rnaseq_reads/ or rnaseq_normalized/
Penicillium_sp._S1602	0	NO_READS_FOUND	no non-trivial read file in rnaseq_reads/ or rnaseq_normalized/
Penicillium_sp._S1701	0	NO_READS_FOUND	no non-trivial read file in rnaseq_reads/ or rnaseq_normalized/
Penicillium_sp._SPG-F1	0	NO_READS_FOUND	no non-trivial read file in rnaseq_reads/ or rnaseq_normalized/
Penicillium_sp._SPG-F15	0	NO_READS_FOUND	no non-trivial read file in rnaseq_reads/ or rnaseq_normalized/
Penicillium_sp._VS_AB_III_KN	0	NO_READS_FOUND	no non-trivial read file in rnaseq_reads/ or rnaseq_normalized/
Penicillium_sp._VS_AB_III_KN_1	0	NO_READS_FOUND	no non-trivial read file in rnaseq_reads/ or rnaseq_normalized/
Penicillium_sp._VS_I_D_KN	0	NO_READS_FOUND	no non-trivial read file in rnaseq_reads/ or rnaseq_normalized/
Penicillium_sp._VS_I_D_KN_3	0	NO_READS_FOUND	no non-trivial read file in rnaseq_reads/ or rnaseq_normalized/
Penicillium_sp._W3_MMC-2018	0	NO_READS_FOUND	no non-trivial read file in rnaseq_reads/ or rnaseq_normalized/
Penicillium_sp._WT45	0	NO_READS_FOUND	no non-trivial read file in rnaseq_reads/ or rnaseq_normalized/
Penicillium_sp._str._#12	0	NO_READS_FOUND	no non-trivial read file in rnaseq_reads/ or rnaseq_normalized/
Penicillium_sp._str._12	0	NO_READS_FOUND	no non-trivial read file in rnaseq_reads/ or rnaseq_normalized/
Penicillium_sumatraense	0	NO_READS_FOUND	no non-trivial read file in rnaseq_reads/ or rnaseq_normalized/
Penicillium_tannophilum	0	NO_READS_FOUND	no non-trivial read file in rnaseq_reads/ or rnaseq_normalized/
Penicillium_taxi	0	NO_READS_FOUND	no non-trivial read file in rnaseq_reads/ or rnaseq_normalized/
Penicillium_thymicola	0	NO_READS_FOUND	no non-trivial read file in rnaseq_reads/ or rnaseq_normalized/
Penicillium_turbatum	0	NO_READS_FOUND	no non-trivial read file in rnaseq_reads/ or rnaseq_normalized/
Penicillium_ucsense	0	NO_READS_FOUND	no non-trivial read file in rnaseq_reads/ or rnaseq_normalized/
Penicillium_verhagenii	0	NO_READS_FOUND	no non-trivial read file in rnaseq_reads/ or rnaseq_normalized/
Penicillium_viridicatum	0	NO_READS_FOUND	no non-trivial read file in rnaseq_reads/ or rnaseq_normalized/
Penicillium_vulpinum	0	NO_READS_FOUND	no non-trivial read file in rnaseq_reads/ or rnaseq_normalized/
Penicillium_waksmanii	0	NO_READS_FOUND	no non-trivial read file in rnaseq_reads/ or rnaseq_normalized/
Peniophora_incarnata	0	NO_READS_FOUND	no non-trivial read file in rnaseq_reads/ or rnaseq_normalized/
Peniophora_sp._CBMAI_1063	0	NO_READS_FOUND	no non-trivial read file in rnaseq_reads/ or rnaseq_normalized/
Peniophora_sp._CONT	0	NO_READS_FOUND	no non-trivial read file in rnaseq_reads/ or rnaseq_normalized/
Peribolospora_baueri	0	NO_READS_FOUND	no non-trivial read file in rnaseq_reads/ or rnaseq_normalized/
Peribolospora_kevripleyi	0	NO_READS_FOUND	no non-trivial read file in rnaseq_reads/ or rnaseq_normalized/
Periconia_belmontensis	0	NO_READS_FOUND	no non-trivial read file in rnaseq_reads/ or rnaseq_normalized/
Periconia_sp._R9002	0	NO_READS_FOUND	no non-trivial read file in rnaseq_reads/ or rnaseq_normalized/
Periconia_sp._TS-2	0	NO_READS_FOUND	no non-trivial read file in rnaseq_reads/ or rnaseq_normalized/
Periconia_sp._VP-2025a	0	NO_READS_FOUND	no non-trivial read file in rnaseq_reads/ or rnaseq_normalized/
Periglandula_clandestina	0	NO_READS_FOUND	no non-trivial read file in rnaseq_reads/ or rnaseq_normalized/
Periglandula_ipomoeae	0	NO_READS_FOUND	no non-trivial read file in rnaseq_reads/ or rnaseq_normalized/
Peroneutypa_diatrypoides	0	NO_READS_FOUND	no non-trivial read file in rnaseq_reads/ or rnaseq_normalized/
Peroneutypa_scoparia	0	NO_READS_FOUND	no non-trivial read file in rnaseq_reads/ or rnaseq_normalized/
Peroneutypa_sp._2_Styx25C100m-44	0	NO_READS_FOUND	no non-trivial read file in rnaseq_reads/ or rnaseq_normalized/
Pertusaria_andersoniae	0	NO_READS_FOUND	no non-trivial read file in rnaseq_reads/ or rnaseq_normalized/
Pertusaria_epixantha	0	NO_READS_FOUND	no non-trivial read file in rnaseq_reads/ or rnaseq_normalized/
Pertusaria_obruta	0	NO_READS_FOUND	no non-trivial read file in rnaseq_reads/ or rnaseq_normalized/
Pertusaria_ostiolata	0	NO_READS_FOUND	no non-trivial read file in rnaseq_reads/ or rnaseq_normalized/
Pertusaria_plittiana	0	NO_READS_FOUND	no non-trivial read file in rnaseq_reads/ or rnaseq_normalized/
Pertusaria_propinqua	0	NO_READS_FOUND	no non-trivial read file in rnaseq_reads/ or rnaseq_normalized/
Pertusariales_sp.	0	NO_READS_FOUND	no non-trivial read file in rnaseq_reads/ or rnaseq_normalized/
Pestalotiopsis_disseminata	0	NO_READS_FOUND	no non-trivial read file in rnaseq_reads/ or rnaseq_normalized/
Pestalotiopsis_microspora	0	NO_READS_FOUND	no non-trivial read file in rnaseq_reads/ or rnaseq_normalized/
Pestalotiopsis_sp._CR013	0	NO_READS_FOUND	no non-trivial read file in rnaseq_reads/ or rnaseq_normalized/
Pestalotiopsis_sp._DP-2020a	0	NO_READS_FOUND	no non-trivial read file in rnaseq_reads/ or rnaseq_normalized/
Pestalotiopsis_sp._IQ-011	0	NO_READS_FOUND	no non-trivial read file in rnaseq_reads/ or rnaseq_normalized/
Pestalotiopsis_sp._JCM_9685	0	NO_READS_FOUND	no non-trivial read file in rnaseq_reads/ or rnaseq_normalized/
Pestalotiopsis_sp._LF_19_12	0	NO_READS_FOUND	no non-trivial read file in rnaseq_reads/ or rnaseq_normalized/
Pestalotiopsis_sp._MUOB_440515	0	NO_READS_FOUND	no non-trivial read file in rnaseq_reads/ or rnaseq_normalized/
Petasospora_adriatica	0	NO_READS_FOUND	no non-trivial read file in rnaseq_reads/ or rnaseq_normalized/
Petasospora_amylophila	0	NO_READS_FOUND	no non-trivial read file in rnaseq_reads/ or rnaseq_normalized/
Petasospora_bimundalis	0	NO_READS_FOUND	no non-trivial read file in rnaseq_reads/ or rnaseq_normalized/
Petasospora_easanensis	0	NO_READS_FOUND	no non-trivial read file in rnaseq_reads/ or rnaseq_normalized/
Petasospora_euphorbiae	0	NO_READS_FOUND	no non-trivial read file in rnaseq_reads/ or rnaseq_normalized/
Petasospora_euphorbiiphila	0	NO_READS_FOUND	no non-trivial read file in rnaseq_reads/ or rnaseq_normalized/
Petasospora_fabianii	0	NO_READS_FOUND	no non-trivial read file in rnaseq_reads/ or rnaseq_normalized/
Petasospora_hungchunana	0	NO_READS_FOUND	no non-trivial read file in rnaseq_reads/ or rnaseq_normalized/
Petasospora_japonica	0	NO_READS_FOUND	no non-trivial read file in rnaseq_reads/ or rnaseq_normalized/
Petasospora_maesae	0	NO_READS_FOUND	no non-trivial read file in rnaseq_reads/ or rnaseq_normalized/
Petasospora_maritima	0	NO_READS_FOUND	no non-trivial read file in rnaseq_reads/ or rnaseq_normalized/
Petasospora_meyerae	0	NO_READS_FOUND	no non-trivial read file in rnaseq_reads/ or rnaseq_normalized/
Petasospora_mississippiensis	0	NO_READS_FOUND	no non-trivial read file in rnaseq_reads/ or rnaseq_normalized/
Petasospora_mycetangii	0	NO_READS_FOUND	no non-trivial read file in rnaseq_reads/ or rnaseq_normalized/
Petasospora_nakhonratchasimensis	0	NO_READS_FOUND	no non-trivial read file in rnaseq_reads/ or rnaseq_normalized/
Petasospora_petersonii	0	NO_READS_FOUND	no non-trivial read file in rnaseq_reads/ or rnaseq_normalized/
Petasospora_rhodanensis	0	NO_READS_FOUND	no non-trivial read file in rnaseq_reads/ or rnaseq_normalized/
Petasospora_stauntonica	0	NO_READS_FOUND	no non-trivial read file in rnaseq_reads/ or rnaseq_normalized/
Petasospora_sylvatica	0	NO_READS_FOUND	no non-trivial read file in rnaseq_reads/ or rnaseq_normalized/
Petasospora_taoyuanica	0	NO_READS_FOUND	no non-trivial read file in rnaseq_reads/ or rnaseq_normalized/
Petasospora_veronae	0	NO_READS_FOUND	no non-trivial read file in rnaseq_reads/ or rnaseq_normalized/
Petasospora_xishuangbannaensis	0	NO_READS_FOUND	no non-trivial read file in rnaseq_reads/ or rnaseq_normalized/
Petasospora_xylosilytica	0	NO_READS_FOUND	no non-trivial read file in rnaseq_reads/ or rnaseq_normalized/
Peterozyma_toletana	0	NO_READS_FOUND	no non-trivial read file in rnaseq_reads/ or rnaseq_normalized/
Peterozyma_xylosa	0	NO_READS_FOUND	no non-trivial read file in rnaseq_reads/ or rnaseq_normalized/
Pewenomyces_kalosus	0	NO_READS_FOUND	no non-trivial read file in rnaseq_reads/ or rnaseq_normalized/
Pewenomyces_kutranfy	0	NO_READS_FOUND	no non-trivial read file in rnaseq_reads/ or rnaseq_normalized/
Pewenomyces_lalenivora	0	NO_READS_FOUND	no non-trivial read file in rnaseq_reads/ or rnaseq_normalized/
Pewenomyces_tapulicola	0	NO_READS_FOUND	no non-trivial read file in rnaseq_reads/ or rnaseq_normalized/
Pezicula_carpinea	0	NO_READS_FOUND	no non-trivial read file in rnaseq_reads/ or rnaseq_normalized/
Pezicula_neosporulosa	0	NO_READS_FOUND	no non-trivial read file in rnaseq_reads/ or rnaseq_normalized/
Pezicula_radicicola	0	NO_READS_FOUND	no non-trivial read file in rnaseq_reads/ or rnaseq_normalized/
Pezicula_rhizophila	0	NO_READS_FOUND	no non-trivial read file in rnaseq_reads/ or rnaseq_normalized/
Pezicula_sp._G233_23	0	NO_READS_FOUND	no non-trivial read file in rnaseq_reads/ or rnaseq_normalized/
Pezicula_sp._G255_23	0	NO_READS_FOUND	no non-trivial read file in rnaseq_reads/ or rnaseq_normalized/
Pezicula_sp._G284_23	0	NO_READS_FOUND	no non-trivial read file in rnaseq_reads/ or rnaseq_normalized/
Pezicula_sp._G799_22	0	NO_READS_FOUND	no non-trivial read file in rnaseq_reads/ or rnaseq_normalized/
Pezizomycotina_sp._ARF18	0	NO_READS_FOUND	no non-trivial read file in rnaseq_reads/ or rnaseq_normalized/
Pezizomycotina_sp._MK-2025a	0	NO_READS_FOUND	no non-trivial read file in rnaseq_reads/ or rnaseq_normalized/
Phaeoacremonium_minimum	0	NO_READS_FOUND	no non-trivial read file in rnaseq_reads/ or rnaseq_normalized/
Phaeococcomyces_sp._EXF-18165	0	NO_READS_FOUND	no non-trivial read file in rnaseq_reads/ or rnaseq_normalized/
Phaeoisaria_parallela	0	NO_READS_FOUND	no non-trivial read file in rnaseq_reads/ or rnaseq_normalized/
Phaeolepiota_aurea	0	NO_READS_FOUND	no non-trivial read file in rnaseq_reads/ or rnaseq_normalized/
Phaeomoniella_chlamydospora	0	NO_READS_FOUND	no non-trivial read file in rnaseq_reads/ or rnaseq_normalized/
Phaeophleospora_eucalypticola	0	NO_READS_FOUND	no non-trivial read file in rnaseq_reads/ or rnaseq_normalized/
Phaeophyscia_hispidula	0	NO_READS_FOUND	no non-trivial read file in rnaseq_reads/ or rnaseq_normalized/
Phaeophyscia_rubropulchra	0	NO_READS_FOUND	no non-trivial read file in rnaseq_reads/ or rnaseq_normalized/
Phaeophyscia_squarrosa	0	NO_READS_FOUND	no non-trivial read file in rnaseq_reads/ or rnaseq_normalized/
Phaeosphaeria_sp._A1_3.1a	0	NO_READS_FOUND	no non-trivial read file in rnaseq_reads/ or rnaseq_normalized/
Phaeosphaeria_sp._H6.2b	0	NO_READS_FOUND	no non-trivial read file in rnaseq_reads/ or rnaseq_normalized/
Phaeosphaeriaceae_sp.	0	NO_READS_FOUND	no non-trivial read file in rnaseq_reads/ or rnaseq_normalized/
Phaeosphaeriaceae_sp._UM_1110	0	NO_READS_FOUND	no non-trivial read file in rnaseq_reads/ or rnaseq_normalized/
Phaeotremella_fagi	0	NO_READS_FOUND	no non-trivial read file in rnaseq_reads/ or rnaseq_normalized/
Phaeotremella_pseudofoliacea	0	NO_READS_FOUND	no non-trivial read file in rnaseq_reads/ or rnaseq_normalized/
Phaeotremella_skinneri	0	NO_READS_FOUND	no non-trivial read file in rnaseq_reads/ or rnaseq_normalized/
Phaffia_australis	0	NO_READS_FOUND	no non-trivial read file in rnaseq_reads/ or rnaseq_normalized/
Phaffia_tasmanica	0	NO_READS_FOUND	no non-trivial read file in rnaseq_reads/ or rnaseq_normalized/
Phaffomyces_antillensis	0	NO_READS_FOUND	no non-trivial read file in rnaseq_reads/ or rnaseq_normalized/
Phaffomyces_coquimbonensis	0	NO_READS_FOUND	no non-trivial read file in rnaseq_reads/ or rnaseq_normalized/
Phaffomyces_opuntiae	0	NO_READS_FOUND	no non-trivial read file in rnaseq_reads/ or rnaseq_normalized/
Phaffomyces_orbus	0	NO_READS_FOUND	no non-trivial read file in rnaseq_reads/ or rnaseq_normalized/
Phaffomyces_thermotolerans	0	NO_READS_FOUND	no non-trivial read file in rnaseq_reads/ or rnaseq_normalized/
Phaffomycetaceae_sp._UCD2329	0	NO_READS_FOUND	no non-trivial read file in rnaseq_reads/ or rnaseq_normalized/
Phallus_impudicus	0	NO_READS_FOUND	no non-trivial read file in rnaseq_reads/ or rnaseq_normalized/
Phanerochaete_carnosa	0	NO_READS_FOUND	no non-trivial read file in rnaseq_reads/ or rnaseq_normalized/
Phascolomyces_articulosus	0	NO_READS_FOUND	no non-trivial read file in rnaseq_reads/ or rnaseq_normalized/
Phellinidium_pouzarii	0	NO_READS_FOUND	no non-trivial read file in rnaseq_reads/ or rnaseq_normalized/
Phenoliferia_glacialis	0	NO_READS_FOUND	no non-trivial read file in rnaseq_reads/ or rnaseq_normalized/
Phenoliferia_psychrophenolica	0	NO_READS_FOUND	no non-trivial read file in rnaseq_reads/ or rnaseq_normalized/
Phenoliferia_sp._Uapishka_3	0	NO_READS_FOUND	no non-trivial read file in rnaseq_reads/ or rnaseq_normalized/
Phialemoniopsis_sp._UDSM-2020	0	NO_READS_FOUND	no non-trivial read file in rnaseq_reads/ or rnaseq_normalized/
Phialemonium_atrogriseum	0	NO_READS_FOUND	no non-trivial read file in rnaseq_reads/ or rnaseq_normalized/
Phialemonium_inflatum	0	NO_READS_FOUND	no non-trivial read file in rnaseq_reads/ or rnaseq_normalized/
Phialemonium_thermophilum	0	NO_READS_FOUND	no non-trivial read file in rnaseq_reads/ or rnaseq_normalized/
Phialocephala_sp._D728	0	NO_READS_FOUND	no non-trivial read file in rnaseq_reads/ or rnaseq_normalized/
Phialocephala_subalpina	0	NO_READS_FOUND	no non-trivial read file in rnaseq_reads/ or rnaseq_normalized/
Phialophora_chinensis	0	NO_READS_FOUND	no non-trivial read file in rnaseq_reads/ or rnaseq_normalized/
Phialophora_expanda	0	NO_READS_FOUND	no non-trivial read file in rnaseq_reads/ or rnaseq_normalized/
Phialophora_macrospora	0	NO_READS_FOUND	no non-trivial read file in rnaseq_reads/ or rnaseq_normalized/
Phialophora_tarda	0	NO_READS_FOUND	no non-trivial read file in rnaseq_reads/ or rnaseq_normalized/
Phialophora_verrucosa	0	NO_READS_FOUND	no non-trivial read file in rnaseq_reads/ or rnaseq_normalized/
Phialophoropsis_hubbardii	0	NO_READS_FOUND	no non-trivial read file in rnaseq_reads/ or rnaseq_normalized/
Phlebia_brevispora	0	NO_READS_FOUND	no non-trivial read file in rnaseq_reads/ or rnaseq_normalized/
Phlebia_sp._UPVMICC-23-009	0	NO_READS_FOUND	no non-trivial read file in rnaseq_reads/ or rnaseq_normalized/
Phlebia_tremellosa	0	NO_READS_FOUND	no non-trivial read file in rnaseq_reads/ or rnaseq_normalized/
Phlebicolorata_brevispora	0	NO_READS_FOUND	no non-trivial read file in rnaseq_reads/ or rnaseq_normalized/
Phlebiopsis_flavidoalba	0	NO_READS_FOUND	no non-trivial read file in rnaseq_reads/ or rnaseq_normalized/
Phlebiopsis_gigantea	0	NO_READS_FOUND	no non-trivial read file in rnaseq_reads/ or rnaseq_normalized/
Phlebiopsis_sp._L20-19	0	NO_READS_FOUND	no non-trivial read file in rnaseq_reads/ or rnaseq_normalized/
Phlyctis_boliviensis	0	NO_READS_FOUND	no non-trivial read file in rnaseq_reads/ or rnaseq_normalized/
Phlyctis_petraea	0	NO_READS_FOUND	no non-trivial read file in rnaseq_reads/ or rnaseq_normalized/
Phlyctis_speirea	0	NO_READS_FOUND	no non-trivial read file in rnaseq_reads/ or rnaseq_normalized/
Phlyctochytrium_bullatum	0	NO_READS_FOUND	no non-trivial read file in rnaseq_reads/ or rnaseq_normalized/
Phlyctochytrium_planicorne	0	NO_READS_FOUND	no non-trivial read file in rnaseq_reads/ or rnaseq_normalized/
Pholiota_adiposa	0	NO_READS_FOUND	no non-trivial read file in rnaseq_reads/ or rnaseq_normalized/
Pholiota_aurivella	0	NO_READS_FOUND	no non-trivial read file in rnaseq_reads/ or rnaseq_normalized/
Pholiota_microspora	0	NO_READS_FOUND	no non-trivial read file in rnaseq_reads/ or rnaseq_normalized/
Pholiota_multicingulata	0	NO_READS_FOUND	no non-trivial read file in rnaseq_reads/ or rnaseq_normalized/
Pholiota_sp._ZRL20210377A	0	NO_READS_FOUND	no non-trivial read file in rnaseq_reads/ or rnaseq_normalized/
Pholiota_sp._ZRL20221364	0	NO_READS_FOUND	no non-trivial read file in rnaseq_reads/ or rnaseq_normalized/
Pholiota_spumosa	0	NO_READS_FOUND	no non-trivial read file in rnaseq_reads/ or rnaseq_normalized/
Pholiotina_rufidispora	0	NO_READS_FOUND	no non-trivial read file in rnaseq_reads/ or rnaseq_normalized/
Phoma_herbarum	0	NO_READS_FOUND	no non-trivial read file in rnaseq_reads/ or rnaseq_normalized/
Phoma_sp._ATCC_74077	0	NO_READS_FOUND	no non-trivial read file in rnaseq_reads/ or rnaseq_normalized/
Phoma_sp._RAV-16-625	0	NO_READS_FOUND	no non-trivial read file in rnaseq_reads/ or rnaseq_normalized/
Phoma_sp._XZ068	0	NO_READS_FOUND	no non-trivial read file in rnaseq_reads/ or rnaseq_normalized/
Phyllactinia_moricola	0	NO_READS_FOUND	no non-trivial read file in rnaseq_reads/ or rnaseq_normalized/
Phylliscum_demangeonii	0	NO_READS_FOUND	no non-trivial read file in rnaseq_reads/ or rnaseq_normalized/
Phylloboletellus_chloephorus	0	NO_READS_FOUND	no non-trivial read file in rnaseq_reads/ or rnaseq_normalized/
Phylloporus_aff._rhodophaeus	0	NO_READS_FOUND	no non-trivial read file in rnaseq_reads/ or rnaseq_normalized/
Phylloporus_arenicola	0	NO_READS_FOUND	no non-trivial read file in rnaseq_reads/ or rnaseq_normalized/
Phylloporus_cf._gajari	0	NO_READS_FOUND	no non-trivial read file in rnaseq_reads/ or rnaseq_normalized/
Phylloporus_cf._nigrescens	0	NO_READS_FOUND	no non-trivial read file in rnaseq_reads/ or rnaseq_normalized/
Phylloporus_cf._tubipes	0	NO_READS_FOUND	no non-trivial read file in rnaseq_reads/ or rnaseq_normalized/
Phylloporus_gajari	0	NO_READS_FOUND	no non-trivial read file in rnaseq_reads/ or rnaseq_normalized/
Phylloporus_pelletieri	0	NO_READS_FOUND	no non-trivial read file in rnaseq_reads/ or rnaseq_normalized/
Phylloporus_rhodoxanthus	0	NO_READS_FOUND	no non-trivial read file in rnaseq_reads/ or rnaseq_normalized/
Phylloporus_scabripes	0	NO_READS_FOUND	no non-trivial read file in rnaseq_reads/ or rnaseq_normalized/
Phylloporus_sp._KM206838	0	NO_READS_FOUND	no non-trivial read file in rnaseq_reads/ or rnaseq_normalized/
Phylloporus_sp._TRTC163509	0	NO_READS_FOUND	no non-trivial read file in rnaseq_reads/ or rnaseq_normalized/
Phylloporus_sp._TRTC168436	0	NO_READS_FOUND	no non-trivial read file in rnaseq_reads/ or rnaseq_normalized/
Phylloporus_sp._TRTC168454	0	NO_READS_FOUND	no non-trivial read file in rnaseq_reads/ or rnaseq_normalized/
Phylloporus_sp._TRTC168483	0	NO_READS_FOUND	no non-trivial read file in rnaseq_reads/ or rnaseq_normalized/
Phylloporus_sp._TRTC168546	0	NO_READS_FOUND	no non-trivial read file in rnaseq_reads/ or rnaseq_normalized/
Phylloporus_sp._UT-M0000405	0	NO_READS_FOUND	no non-trivial read file in rnaseq_reads/ or rnaseq_normalized/
Phylloporus_sp._UT-M0000442	0	NO_READS_FOUND	no non-trivial read file in rnaseq_reads/ or rnaseq_normalized/
Phyllopsora_corallina	0	NO_READS_FOUND	no non-trivial read file in rnaseq_reads/ or rnaseq_normalized/
Phyllopsora_parvifolia	0	NO_READS_FOUND	no non-trivial read file in rnaseq_reads/ or rnaseq_normalized/
Phyllosticta_ampelicida	0	NO_READS_FOUND	no non-trivial read file in rnaseq_reads/ or rnaseq_normalized/
Phyllozyma_linderae	0	NO_READS_FOUND	no non-trivial read file in rnaseq_reads/ or rnaseq_normalized/
Physcia_biziana	0	NO_READS_FOUND	no non-trivial read file in rnaseq_reads/ or rnaseq_normalized/
Physcia_sp.	0	NO_READS_FOUND	no non-trivial read file in rnaseq_reads/ or rnaseq_normalized/
Physcia_stellaris	0	NO_READS_FOUND	no non-trivial read file in rnaseq_reads/ or rnaseq_normalized/
Physciaceae_sp.	0	NO_READS_FOUND	no non-trivial read file in rnaseq_reads/ or rnaseq_normalized/
Physciella_chloantha	0	NO_READS_FOUND	no non-trivial read file in rnaseq_reads/ or rnaseq_normalized/
Physocladia_obscura	0	NO_READS_FOUND	no non-trivial read file in rnaseq_reads/ or rnaseq_normalized/
Piccolia_ochrophora	0	NO_READS_FOUND	no non-trivial read file in rnaseq_reads/ or rnaseq_normalized/
Pichia_awuae	0	NO_READS_FOUND	no non-trivial read file in rnaseq_reads/ or rnaseq_normalized/
Pichia_cabralensis	0	NO_READS_FOUND	no non-trivial read file in rnaseq_reads/ or rnaseq_normalized/
Pichia_cactophila	0	NO_READS_FOUND	no non-trivial read file in rnaseq_reads/ or rnaseq_normalized/
Pichia_californica	0	NO_READS_FOUND	no non-trivial read file in rnaseq_reads/ or rnaseq_normalized/
Pichia_cephalocereana	0	NO_READS_FOUND	no non-trivial read file in rnaseq_reads/ or rnaseq_normalized/
Pichia_deserticola	0	NO_READS_FOUND	no non-trivial read file in rnaseq_reads/ or rnaseq_normalized/
Pichia_eremophila	0	NO_READS_FOUND	no non-trivial read file in rnaseq_reads/ or rnaseq_normalized/
Pichia_ethanolica	0	NO_READS_FOUND	no non-trivial read file in rnaseq_reads/ or rnaseq_normalized/
Pichia_exigua	0	NO_READS_FOUND	no non-trivial read file in rnaseq_reads/ or rnaseq_normalized/
Pichia_gijzeniarum	0	NO_READS_FOUND	no non-trivial read file in rnaseq_reads/ or rnaseq_normalized/
Pichia_heedii	0	NO_READS_FOUND	no non-trivial read file in rnaseq_reads/ or rnaseq_normalized/
Pichia_inconspicua	0	NO_READS_FOUND	no non-trivial read file in rnaseq_reads/ or rnaseq_normalized/
Pichia_insulana	0	NO_READS_FOUND	no non-trivial read file in rnaseq_reads/ or rnaseq_normalized/
Pichia_manshurica	0	NO_READS_FOUND	no non-trivial read file in rnaseq_reads/ or rnaseq_normalized/
Pichia_nakasei	0	NO_READS_FOUND	no non-trivial read file in rnaseq_reads/ or rnaseq_normalized/
Pichia_nanzhaoensis	0	NO_READS_FOUND	no non-trivial read file in rnaseq_reads/ or rnaseq_normalized/
Pichia_norvegensis	0	NO_READS_FOUND	no non-trivial read file in rnaseq_reads/ or rnaseq_normalized/
Pichia_occidentalis	0	NO_READS_FOUND	no non-trivial read file in rnaseq_reads/ or rnaseq_normalized/
Pichia_paraexigua	0	NO_READS_FOUND	no non-trivial read file in rnaseq_reads/ or rnaseq_normalized/
Pichia_phayaonensis	0	NO_READS_FOUND	no non-trivial read file in rnaseq_reads/ or rnaseq_normalized/
Pichia_pseudocactophila	0	NO_READS_FOUND	no non-trivial read file in rnaseq_reads/ or rnaseq_normalized/
Pichia_pseudolambica	0	NO_READS_FOUND	no non-trivial read file in rnaseq_reads/ or rnaseq_normalized/
Pichia_rugopelliculosa	0	NO_READS_FOUND	no non-trivial read file in rnaseq_reads/ or rnaseq_normalized/
Pichia_scutulata	0	NO_READS_FOUND	no non-trivial read file in rnaseq_reads/ or rnaseq_normalized/
Pichia_senei	0	NO_READS_FOUND	no non-trivial read file in rnaseq_reads/ or rnaseq_normalized/
Pichia_sp._F1605B	0	NO_READS_FOUND	no non-trivial read file in rnaseq_reads/ or rnaseq_normalized/
Pichia_sp._KDB-2024a	0	NO_READS_FOUND	no non-trivial read file in rnaseq_reads/ or rnaseq_normalized/
Pichia_sp._NRRL_Y-12824	0	NO_READS_FOUND	no non-trivial read file in rnaseq_reads/ or rnaseq_normalized/
Pichia_sp._NRRL_Y-12827	0	NO_READS_FOUND	no non-trivial read file in rnaseq_reads/ or rnaseq_normalized/
Pichia_sp._NRRL_Y-12830	0	NO_READS_FOUND	no non-trivial read file in rnaseq_reads/ or rnaseq_normalized/
Pichia_sp._NRRL_Y-27259	0	NO_READS_FOUND	no non-trivial read file in rnaseq_reads/ or rnaseq_normalized/
Pichia_sp._NRRL_Y-27261	0	NO_READS_FOUND	no non-trivial read file in rnaseq_reads/ or rnaseq_normalized/
Pichia_sp._NRRL_YB-4149	0	NO_READS_FOUND	no non-trivial read file in rnaseq_reads/ or rnaseq_normalized/
Pichia_sp._P1605	0	NO_READS_FOUND	no non-trivial read file in rnaseq_reads/ or rnaseq_normalized/
Pichia_sp._P7020A	0	NO_READS_FOUND	no non-trivial read file in rnaseq_reads/ or rnaseq_normalized/
Pichia_sp._PB3310	0	NO_READS_FOUND	no non-trivial read file in rnaseq_reads/ or rnaseq_normalized/
Pichia_sp._PH4023	0	NO_READS_FOUND	no non-trivial read file in rnaseq_reads/ or rnaseq_normalized/
Pichia_sp._PX1907B	0	NO_READS_FOUND	no non-trivial read file in rnaseq_reads/ or rnaseq_normalized/
Pichia_sp._VM-2024a	0	NO_READS_FOUND	no non-trivial read file in rnaseq_reads/ or rnaseq_normalized/
Pichia_sp._yHKS168	0	NO_READS_FOUND	no non-trivial read file in rnaseq_reads/ or rnaseq_normalized/
Pichia_sp._yHMH446	0	NO_READS_FOUND	no non-trivial read file in rnaseq_reads/ or rnaseq_normalized/
Pichia_sporocuriosa	0	NO_READS_FOUND	no non-trivial read file in rnaseq_reads/ or rnaseq_normalized/
Pichia_thaimueangensis	0	NO_READS_FOUND	no non-trivial read file in rnaseq_reads/ or rnaseq_normalized/
Pichiaceae_sp.	0	NO_READS_FOUND	no non-trivial read file in rnaseq_reads/ or rnaseq_normalized/
Picoa_sp._TKM-2024a	0	NO_READS_FOUND	no non-trivial read file in rnaseq_reads/ or rnaseq_normalized/
Pilobolus_umbonatus	0	NO_READS_FOUND	no non-trivial read file in rnaseq_reads/ or rnaseq_normalized/
Piloderma_croceum	0	NO_READS_FOUND	no non-trivial read file in rnaseq_reads/ or rnaseq_normalized/
Pilophorus_fibula	0	NO_READS_FOUND	no non-trivial read file in rnaseq_reads/ or rnaseq_normalized/
Piptocephalis_tieghemiana	0	NO_READS_FOUND	no non-trivial read file in rnaseq_reads/ or rnaseq_normalized/
Piromyces_sp.	0	NO_READS_FOUND	no non-trivial read file in rnaseq_reads/ or rnaseq_normalized/
Piromyces_sp._E2	0	NO_READS_FOUND	no non-trivial read file in rnaseq_reads/ or rnaseq_normalized/
Piscidiscina_leucoxantha	0	NO_READS_FOUND	no non-trivial read file in rnaseq_reads/ or rnaseq_normalized/
Piskurozyma_capsuligena	0	NO_READS_FOUND	no non-trivial read file in rnaseq_reads/ or rnaseq_normalized/
Placynthium_petersii	0	NO_READS_FOUND	no non-trivial read file in rnaseq_reads/ or rnaseq_normalized/
Platismatia_tuckermanii	0	NO_READS_FOUND	no non-trivial read file in rnaseq_reads/ or rnaseq_normalized/
Plectosphaerella_plurivora	0	NO_READS_FOUND	no non-trivial read file in rnaseq_reads/ or rnaseq_normalized/
Plectosphaerella_sp._C1P1	0	NO_READS_FOUND	no non-trivial read file in rnaseq_reads/ or rnaseq_normalized/
Plectosphaerella_sp._P0831	0	NO_READS_FOUND	no non-trivial read file in rnaseq_reads/ or rnaseq_normalized/
Pleiochaeta_setosa	0	NO_READS_FOUND	no non-trivial read file in rnaseq_reads/ or rnaseq_normalized/
Plenodomus_libanotidis	0	NO_READS_FOUND	no non-trivial read file in rnaseq_reads/ or rnaseq_normalized/
Plenodomus_tracheiphilus	0	NO_READS_FOUND	no non-trivial read file in rnaseq_reads/ or rnaseq_normalized/
Pleoardoris_graminearum	0	NO_READS_FOUND	no non-trivial read file in rnaseq_reads/ or rnaseq_normalized/
Pleochaeta_shiraiana	0	NO_READS_FOUND	no non-trivial read file in rnaseq_reads/ or rnaseq_normalized/
Pleomassaria_siparia	0	NO_READS_FOUND	no non-trivial read file in rnaseq_reads/ or rnaseq_normalized/
Pleopsidium_flavum	0	NO_READS_FOUND	no non-trivial read file in rnaseq_reads/ or rnaseq_normalized/
Pleosporales_sp._538A	0	NO_READS_FOUND	no non-trivial read file in rnaseq_reads/ or rnaseq_normalized/
Pleosporales_sp._CAS-2024a	0	NO_READS_FOUND	no non-trivial read file in rnaseq_reads/ or rnaseq_normalized/
Pleosporales_sp._CS-2015	0	NO_READS_FOUND	no non-trivial read file in rnaseq_reads/ or rnaseq_normalized/
Pleurotheciella_sp._MK-2025a	0	NO_READS_FOUND	no non-trivial read file in rnaseq_reads/ or rnaseq_normalized/
Pleurotus_cystidiosus	0	NO_READS_FOUND	no non-trivial read file in rnaseq_reads/ or rnaseq_normalized/
Pleurotus_floridanus	0	NO_READS_FOUND	no non-trivial read file in rnaseq_reads/ or rnaseq_normalized/
Pleurotus_ostreatoroseus	0	NO_READS_FOUND	no non-trivial read file in rnaseq_reads/ or rnaseq_normalized/
Pleurotus_ostreatus_Saccharomyces_cerevisiae_fusant	0	NO_READS_FOUND	no non-trivial read file in rnaseq_reads/ or rnaseq_normalized/
Pleurotus_placentodes	0	NO_READS_FOUND	no non-trivial read file in rnaseq_reads/ or rnaseq_normalized/
Pleurotus_platypus	0	NO_READS_FOUND	no non-trivial read file in rnaseq_reads/ or rnaseq_normalized/
Plicatura_crispa	0	NO_READS_FOUND	no non-trivial read file in rnaseq_reads/ or rnaseq_normalized/
Ploettnerulaceae_sp._D365	0	NO_READS_FOUND	no non-trivial read file in rnaseq_reads/ or rnaseq_normalized/
Pneumocystis_canis	0	NO_READS_FOUND	no non-trivial read file in rnaseq_reads/ or rnaseq_normalized/
Pneumocystis_carinii	0	NO_READS_FOUND	no non-trivial read file in rnaseq_reads/ or rnaseq_normalized/
Pneumocystis_murina	0	NO_READS_FOUND	no non-trivial read file in rnaseq_reads/ or rnaseq_normalized/
Pneumocystis_oryctolagi	0	NO_READS_FOUND	no non-trivial read file in rnaseq_reads/ or rnaseq_normalized/
Pochonia_sp._DSM_885	0	NO_READS_FOUND	no non-trivial read file in rnaseq_reads/ or rnaseq_normalized/
Podaxis_africana	0	NO_READS_FOUND	no non-trivial read file in rnaseq_reads/ or rnaseq_normalized/
Podaxis_carcinomalis	0	NO_READS_FOUND	no non-trivial read file in rnaseq_reads/ or rnaseq_normalized/
Podaxis_mareebaensis	0	NO_READS_FOUND	no non-trivial read file in rnaseq_reads/ or rnaseq_normalized/
Podaxis_pistillaris	0	NO_READS_FOUND	no non-trivial read file in rnaseq_reads/ or rnaseq_normalized/
Podaxis_rugospora	0	NO_READS_FOUND	no non-trivial read file in rnaseq_reads/ or rnaseq_normalized/
Podaxis_sp._AQ795752	0	NO_READS_FOUND	no non-trivial read file in rnaseq_reads/ or rnaseq_normalized/
Podaxis_sp._AQ799166	0	NO_READS_FOUND	no non-trivial read file in rnaseq_reads/ or rnaseq_normalized/
Podaxis_sp._C-F-101400	0	NO_READS_FOUND	no non-trivial read file in rnaseq_reads/ or rnaseq_normalized/
Podaxis_sp._C-F-101401	0	NO_READS_FOUND	no non-trivial read file in rnaseq_reads/ or rnaseq_normalized/
Podaxis_sp._C-F-92630	0	NO_READS_FOUND	no non-trivial read file in rnaseq_reads/ or rnaseq_normalized/
Podaxis_sp._MADm22	0	NO_READS_FOUND	no non-trivial read file in rnaseq_reads/ or rnaseq_normalized/
Podila_clonocystis	0	NO_READS_FOUND	no non-trivial read file in rnaseq_reads/ or rnaseq_normalized/
Podila_epicladia	0	NO_READS_FOUND	no non-trivial read file in rnaseq_reads/ or rnaseq_normalized/
Podila_epigama	0	NO_READS_FOUND	no non-trivial read file in rnaseq_reads/ or rnaseq_normalized/
Podila_horticola	0	NO_READS_FOUND	no non-trivial read file in rnaseq_reads/ or rnaseq_normalized/
Podila_verticillata	0	NO_READS_FOUND	no non-trivial read file in rnaseq_reads/ or rnaseq_normalized/
Podochytrium_sp._JEL0797	0	NO_READS_FOUND	no non-trivial read file in rnaseq_reads/ or rnaseq_normalized/
Podosphaera_cerasi	0	NO_READS_FOUND	no non-trivial read file in rnaseq_reads/ or rnaseq_normalized/
Podosphaera_fusca	0	NO_READS_FOUND	no non-trivial read file in rnaseq_reads/ or rnaseq_normalized/
Podosphaera_leucotricha	0	NO_READS_FOUND	no non-trivial read file in rnaseq_reads/ or rnaseq_normalized/
Podospora_aff._communis_PSN243	0	NO_READS_FOUND	no non-trivial read file in rnaseq_reads/ or rnaseq_normalized/
Podospora_australis	0	NO_READS_FOUND	no non-trivial read file in rnaseq_reads/ or rnaseq_normalized/
Podospora_bellae-mahoneyi	0	NO_READS_FOUND	no non-trivial read file in rnaseq_reads/ or rnaseq_normalized/
Podospora_conica	0	NO_READS_FOUND	no non-trivial read file in rnaseq_reads/ or rnaseq_normalized/
Podospora_fimiseda	0	NO_READS_FOUND	no non-trivial read file in rnaseq_reads/ or rnaseq_normalized/
Podospora_pseudoanserina	0	NO_READS_FOUND	no non-trivial read file in rnaseq_reads/ or rnaseq_normalized/
Podospora_pseudocomata	0	NO_READS_FOUND	no non-trivial read file in rnaseq_reads/ or rnaseq_normalized/
Podospora_pseudopauciseta	0	NO_READS_FOUND	no non-trivial read file in rnaseq_reads/ or rnaseq_normalized/
Podospora_tetraspora	0	NO_READS_FOUND	no non-trivial read file in rnaseq_reads/ or rnaseq_normalized/
Polyblastidium_hypoleucum	0	NO_READS_FOUND	no non-trivial read file in rnaseq_reads/ or rnaseq_normalized/
Polyblastidium_squamulosum	0	NO_READS_FOUND	no non-trivial read file in rnaseq_reads/ or rnaseq_normalized/
Polycauliona_sp._1_TL-2023	0	NO_READS_FOUND	no non-trivial read file in rnaseq_reads/ or rnaseq_normalized/
Polycauliona_sp._2_TL-2023	0	NO_READS_FOUND	no non-trivial read file in rnaseq_reads/ or rnaseq_normalized/
Polycephalomyces_sp._MK1201	0	NO_READS_FOUND	no non-trivial read file in rnaseq_reads/ or rnaseq_normalized/
Polychaeton_citri	0	NO_READS_FOUND	no non-trivial read file in rnaseq_reads/ or rnaseq_normalized/
Polyporus_arcularius	0	NO_READS_FOUND	no non-trivial read file in rnaseq_reads/ or rnaseq_normalized/
Polyrhizophydium_stewartii	0	NO_READS_FOUND	no non-trivial read file in rnaseq_reads/ or rnaseq_normalized/
Polystigma_amygdalinum	0	NO_READS_FOUND	no non-trivial read file in rnaseq_reads/ or rnaseq_normalized/
Polytolypa_hystricis	0	NO_READS_FOUND	no non-trivial read file in rnaseq_reads/ or rnaseq_normalized/
Porina_heterospora	0	NO_READS_FOUND	no non-trivial read file in rnaseq_reads/ or rnaseq_normalized/
Porodaedalea_mongolica	0	NO_READS_FOUND	no non-trivial read file in rnaseq_reads/ or rnaseq_normalized/
Porodaedalea_schrenkianae	0	NO_READS_FOUND	no non-trivial read file in rnaseq_reads/ or rnaseq_normalized/
Porogramme_epimiltina	0	NO_READS_FOUND	no non-trivial read file in rnaseq_reads/ or rnaseq_normalized/
Porphyrellus_aff._niger	0	NO_READS_FOUND	no non-trivial read file in rnaseq_reads/ or rnaseq_normalized/
Porphyrellus_cyaneotinctus	0	NO_READS_FOUND	no non-trivial read file in rnaseq_reads/ or rnaseq_normalized/
Porphyrellus_sp._KM206675	0	NO_READS_FOUND	no non-trivial read file in rnaseq_reads/ or rnaseq_normalized/
Porphyrellus_sp._TRTC161176	0	NO_READS_FOUND	no non-trivial read file in rnaseq_reads/ or rnaseq_normalized/
Porphyrellus_sp._aff._excedens_UT-M0000382	0	NO_READS_FOUND	no non-trivial read file in rnaseq_reads/ or rnaseq_normalized/
Porpidia_albocaerulescens	0	NO_READS_FOUND	no non-trivial read file in rnaseq_reads/ or rnaseq_normalized/
Porpidia_contraponenda	0	NO_READS_FOUND	no non-trivial read file in rnaseq_reads/ or rnaseq_normalized/
Porpidia_crustulata	0	NO_READS_FOUND	no non-trivial read file in rnaseq_reads/ or rnaseq_normalized/
Porpidia_macrocarpa	0	NO_READS_FOUND	no non-trivial read file in rnaseq_reads/ or rnaseq_normalized/
Porpidia_subsimplex	0	NO_READS_FOUND	no non-trivial read file in rnaseq_reads/ or rnaseq_normalized/
Priceomyces_castillae	0	NO_READS_FOUND	no non-trivial read file in rnaseq_reads/ or rnaseq_normalized/
Priceomyces_fermenticarens	0	NO_READS_FOUND	no non-trivial read file in rnaseq_reads/ or rnaseq_normalized/
Priceomyces_haplophilus	0	NO_READS_FOUND	no non-trivial read file in rnaseq_reads/ or rnaseq_normalized/
Priceomyces_medius	0	NO_READS_FOUND	no non-trivial read file in rnaseq_reads/ or rnaseq_normalized/
Priceomyces_melissophilus	0	NO_READS_FOUND	no non-trivial read file in rnaseq_reads/ or rnaseq_normalized/
Prillingera_fragicola	0	NO_READS_FOUND	no non-trivial read file in rnaseq_reads/ or rnaseq_normalized/
Proliferodiscus_dingleyae	0	NO_READS_FOUND	no non-trivial read file in rnaseq_reads/ or rnaseq_normalized/
Protoblastenia_rupestris	0	NO_READS_FOUND	no non-trivial read file in rnaseq_reads/ or rnaseq_normalized/
Protomyces_arabidopsidicola	0	NO_READS_FOUND	no non-trivial read file in rnaseq_reads/ or rnaseq_normalized/
Protomyces_gravidus	0	NO_READS_FOUND	no non-trivial read file in rnaseq_reads/ or rnaseq_normalized/
Protomyces_inouyei	0	NO_READS_FOUND	no non-trivial read file in rnaseq_reads/ or rnaseq_normalized/
Protomyces_inundatus	0	NO_READS_FOUND	no non-trivial read file in rnaseq_reads/ or rnaseq_normalized/
Protomyces_macrosporus	0	NO_READS_FOUND	no non-trivial read file in rnaseq_reads/ or rnaseq_normalized/
Protomyces_pachydermus	0	NO_READS_FOUND	no non-trivial read file in rnaseq_reads/ or rnaseq_normalized/
Protostropharia_sp._ZRL20200861	0	NO_READS_FOUND	no non-trivial read file in rnaseq_reads/ or rnaseq_normalized/
Psathyrella_hymenocephala	0	NO_READS_FOUND	no non-trivial read file in rnaseq_reads/ or rnaseq_normalized/
Psathyrella_sp._B2010_1	0	NO_READS_FOUND	no non-trivial read file in rnaseq_reads/ or rnaseq_normalized/
Pseudephebe_minuscula	0	NO_READS_FOUND	no non-trivial read file in rnaseq_reads/ or rnaseq_normalized/
Pseudephebe_pubescens	0	NO_READS_FOUND	no non-trivial read file in rnaseq_reads/ or rnaseq_normalized/
Pseudevernia_cladonia	0	NO_READS_FOUND	no non-trivial read file in rnaseq_reads/ or rnaseq_normalized/
Pseudevernia_consocians	0	NO_READS_FOUND	no non-trivial read file in rnaseq_reads/ or rnaseq_normalized/
Pseudevernia_furfuracea	0	NO_READS_FOUND	no non-trivial read file in rnaseq_reads/ or rnaseq_normalized/
Pseudoaustroboletus_sp._TRTC168467	0	NO_READS_FOUND	no non-trivial read file in rnaseq_reads/ or rnaseq_normalized/
Pseudoaustroboletus_valens	0	NO_READS_FOUND	no non-trivial read file in rnaseq_reads/ or rnaseq_normalized/
Pseudocercospora_abelmoschi	0	NO_READS_FOUND	no non-trivial read file in rnaseq_reads/ or rnaseq_normalized/
Pseudocercospora_cruenta	0	NO_READS_FOUND	no non-trivial read file in rnaseq_reads/ or rnaseq_normalized/
Pseudocercospora_crystallina	0	NO_READS_FOUND	no non-trivial read file in rnaseq_reads/ or rnaseq_normalized/
Pseudocercospora_fijiensis	0	NO_READS_FOUND	no non-trivial read file in rnaseq_reads/ or rnaseq_normalized/
Pseudocercospora_fuligena	0	NO_READS_FOUND	no non-trivial read file in rnaseq_reads/ or rnaseq_normalized/
Pseudocercospora_macadamiae	0	NO_READS_FOUND	no non-trivial read file in rnaseq_reads/ or rnaseq_normalized/
Pseudocercospora_pini-densiflorae	0	NO_READS_FOUND	no non-trivial read file in rnaseq_reads/ or rnaseq_normalized/
Pseudocercospora_vitis	0	NO_READS_FOUND	no non-trivial read file in rnaseq_reads/ or rnaseq_normalized/
Pseudocyphellaria_aurata	0	NO_READS_FOUND	no non-trivial read file in rnaseq_reads/ or rnaseq_normalized/
Pseudodiscina_melaleucoides	0	NO_READS_FOUND	no non-trivial read file in rnaseq_reads/ or rnaseq_normalized/
Pseudofusicolla_belgica	0	NO_READS_FOUND	no non-trivial read file in rnaseq_reads/ or rnaseq_normalized/
Pseudogymnoascus_australis	0	NO_READS_FOUND	no non-trivial read file in rnaseq_reads/ or rnaseq_normalized/
Pseudogymnoascus_griseus	0	NO_READS_FOUND	no non-trivial read file in rnaseq_reads/ or rnaseq_normalized/
Pseudogymnoascus_irelandiae	0	NO_READS_FOUND	no non-trivial read file in rnaseq_reads/ or rnaseq_normalized/
Pseudogymnoascus_pannorum	0	NO_READS_FOUND	no non-trivial read file in rnaseq_reads/ or rnaseq_normalized/
Pseudogymnoascus_ramosus	0	NO_READS_FOUND	no non-trivial read file in rnaseq_reads/ or rnaseq_normalized/
Pseudogymnoascus_russus	0	NO_READS_FOUND	no non-trivial read file in rnaseq_reads/ or rnaseq_normalized/
Pseudogymnoascus_sp._03VT05	0	NO_READS_FOUND	no non-trivial read file in rnaseq_reads/ or rnaseq_normalized/
Pseudogymnoascus_sp._04NY16	0	NO_READS_FOUND	no non-trivial read file in rnaseq_reads/ or rnaseq_normalized/
Pseudogymnoascus_sp._05NY08	0	NO_READS_FOUND	no non-trivial read file in rnaseq_reads/ or rnaseq_normalized/
Pseudogymnoascus_sp._23342-1-I1	0	NO_READS_FOUND	no non-trivial read file in rnaseq_reads/ or rnaseq_normalized/
Pseudogymnoascus_sp._24MN13	0	NO_READS_FOUND	no non-trivial read file in rnaseq_reads/ or rnaseq_normalized/
Pseudogymnoascus_sp._BL308	0	NO_READS_FOUND	no non-trivial read file in rnaseq_reads/ or rnaseq_normalized/
Pseudogymnoascus_sp._BL549	0	NO_READS_FOUND	no non-trivial read file in rnaseq_reads/ or rnaseq_normalized/
Pseudogymnoascus_sp._HDN153126	0	NO_READS_FOUND	no non-trivial read file in rnaseq_reads/ or rnaseq_normalized/
Pseudogymnoascus_sp._HDN17-895	0	NO_READS_FOUND	no non-trivial read file in rnaseq_reads/ or rnaseq_normalized/
Pseudogymnoascus_sp._SDFLT0511	0	NO_READS_FOUND	no non-trivial read file in rnaseq_reads/ or rnaseq_normalized/
Pseudogymnoascus_sp._VKM_F-103	0	NO_READS_FOUND	no non-trivial read file in rnaseq_reads/ or rnaseq_normalized/
Pseudogymnoascus_sp._VKM_F-3557	0	NO_READS_FOUND	no non-trivial read file in rnaseq_reads/ or rnaseq_normalized/
Pseudogymnoascus_sp._VKM_F-3775	0	NO_READS_FOUND	no non-trivial read file in rnaseq_reads/ or rnaseq_normalized/
Pseudogymnoascus_sp._VKM_F-3808	0	NO_READS_FOUND	no non-trivial read file in rnaseq_reads/ or rnaseq_normalized/
Pseudogymnoascus_sp._VKM_F-4246	0	NO_READS_FOUND	no non-trivial read file in rnaseq_reads/ or rnaseq_normalized/
Pseudogymnoascus_sp._VKM_F-4281_FW-2241	0	NO_READS_FOUND	no non-trivial read file in rnaseq_reads/ or rnaseq_normalized/
Pseudogymnoascus_sp._VKM_F-4513_FW-928	0	NO_READS_FOUND	no non-trivial read file in rnaseq_reads/ or rnaseq_normalized/
Pseudogymnoascus_sp._VKM_F-4514_FW-929	0	NO_READS_FOUND	no non-trivial read file in rnaseq_reads/ or rnaseq_normalized/
Pseudogymnoascus_sp._VKM_F-4515_FW-2607	0	NO_READS_FOUND	no non-trivial read file in rnaseq_reads/ or rnaseq_normalized/
Pseudogymnoascus_sp._VKM_F-4516_FW-969	0	NO_READS_FOUND	no non-trivial read file in rnaseq_reads/ or rnaseq_normalized/
Pseudogymnoascus_sp._VKM_F-4517_FW-2822	0	NO_READS_FOUND	no non-trivial read file in rnaseq_reads/ or rnaseq_normalized/
Pseudogymnoascus_sp._VKM_F-4518_FW-2643	0	NO_READS_FOUND	no non-trivial read file in rnaseq_reads/ or rnaseq_normalized/
Pseudogymnoascus_sp._VKM_F-4519_FW-2642	0	NO_READS_FOUND	no non-trivial read file in rnaseq_reads/ or rnaseq_normalized/
Pseudogymnoascus_sp._VKM_F-4520_FW-2644	0	NO_READS_FOUND	no non-trivial read file in rnaseq_reads/ or rnaseq_normalized/
Pseudogymnoascus_sp._WSF_3629	0	NO_READS_FOUND	no non-trivial read file in rnaseq_reads/ or rnaseq_normalized/
Pseudogymnoascus_verrucosus	0	NO_READS_FOUND	no non-trivial read file in rnaseq_reads/ or rnaseq_normalized/
Pseudohumicola_pulvericola	0	NO_READS_FOUND	no non-trivial read file in rnaseq_reads/ or rnaseq_normalized/
Pseudohyphozyma_bogoriensis	0	NO_READS_FOUND	no non-trivial read file in rnaseq_reads/ or rnaseq_normalized/
Pseudometarhizium_lepidopterorum	0	NO_READS_FOUND	no non-trivial read file in rnaseq_reads/ or rnaseq_normalized/
Pseudomicrostroma_phylloplanum	0	NO_READS_FOUND	no non-trivial read file in rnaseq_reads/ or rnaseq_normalized/
Pseudomonodictys_pantanalensis	0	NO_READS_FOUND	no non-trivial read file in rnaseq_reads/ or rnaseq_normalized/
Pseudonectria_buxi	0	NO_READS_FOUND	no non-trivial read file in rnaseq_reads/ or rnaseq_normalized/
Pseudonectria_foliicola	0	NO_READS_FOUND	no non-trivial read file in rnaseq_reads/ or rnaseq_normalized/
Pseudoneurospora_amorphoporcata	0	NO_READS_FOUND	no non-trivial read file in rnaseq_reads/ or rnaseq_normalized/
Pseudopestalotiopsis_chinensis	0	NO_READS_FOUND	no non-trivial read file in rnaseq_reads/ or rnaseq_normalized/
Pseudopestalotiopsis_theae	0	NO_READS_FOUND	no non-trivial read file in rnaseq_reads/ or rnaseq_normalized/
Pseudophaeomoniella_oleicola	0	NO_READS_FOUND	no non-trivial read file in rnaseq_reads/ or rnaseq_normalized/
Pseudopithomyces_chartarum	0	NO_READS_FOUND	no non-trivial read file in rnaseq_reads/ or rnaseq_normalized/
Pseudopithomyces_maydicus	0	NO_READS_FOUND	no non-trivial read file in rnaseq_reads/ or rnaseq_normalized/
Pseudopithomyces_palmicola	0	NO_READS_FOUND	no non-trivial read file in rnaseq_reads/ or rnaseq_normalized/
Pseudopithomyces_sp._VINSTROM-728	0	NO_READS_FOUND	no non-trivial read file in rnaseq_reads/ or rnaseq_normalized/
Pseudopithomyces_toxicarius	0	NO_READS_FOUND	no non-trivial read file in rnaseq_reads/ or rnaseq_normalized/
Pseudopyrenochaeta_lycopersici	0	NO_READS_FOUND	no non-trivial read file in rnaseq_reads/ or rnaseq_normalized/
Pseudopyrenochaeta_terrestris	0	NO_READS_FOUND	no non-trivial read file in rnaseq_reads/ or rnaseq_normalized/
Pseudopyrenochaetaceae_sp._BF11	0	NO_READS_FOUND	no non-trivial read file in rnaseq_reads/ or rnaseq_normalized/
Pseudopyricularia_cyperi	0	NO_READS_FOUND	no non-trivial read file in rnaseq_reads/ or rnaseq_normalized/
Pseudopyricularia_javanii	0	NO_READS_FOUND	no non-trivial read file in rnaseq_reads/ or rnaseq_normalized/
Pseudorhizina_californica	0	NO_READS_FOUND	no non-trivial read file in rnaseq_reads/ or rnaseq_normalized/
Pseudorhizina_sphaerospora	0	NO_READS_FOUND	no non-trivial read file in rnaseq_reads/ or rnaseq_normalized/
Pseudosagedia_cestrensis	0	NO_READS_FOUND	no non-trivial read file in rnaseq_reads/ or rnaseq_normalized/
Pseudosagedia_isidiata	0	NO_READS_FOUND	no non-trivial read file in rnaseq_reads/ or rnaseq_normalized/
Pseudosagedia_sp.	0	NO_READS_FOUND	no non-trivial read file in rnaseq_reads/ or rnaseq_normalized/
Pseudosperma_bulbosissimum	0	NO_READS_FOUND	no non-trivial read file in rnaseq_reads/ or rnaseq_normalized/
Pseudosperma_rimosum	0	NO_READS_FOUND	no non-trivial read file in rnaseq_reads/ or rnaseq_normalized/
Pseudotremella_sp._YL-2025a	0	NO_READS_FOUND	no non-trivial read file in rnaseq_reads/ or rnaseq_normalized/
Pseudotulostoma_volvatum	0	NO_READS_FOUND	no non-trivial read file in rnaseq_reads/ or rnaseq_normalized/
Pseudoverpa_anthracobia	0	NO_READS_FOUND	no non-trivial read file in rnaseq_reads/ or rnaseq_normalized/
Pseudozyma_flocculosa	0	NO_READS_FOUND	no non-trivial read file in rnaseq_reads/ or rnaseq_normalized/
Pseudozyma_pruni	0	NO_READS_FOUND	no non-trivial read file in rnaseq_reads/ or rnaseq_normalized/
Pseudozyma_sp._F8B2	0	NO_READS_FOUND	no non-trivial read file in rnaseq_reads/ or rnaseq_normalized/
Pseudozyma_sp._M118-08B	0	NO_READS_FOUND	no non-trivial read file in rnaseq_reads/ or rnaseq_normalized/
Pseudozyma_thailandica	0	NO_READS_FOUND	no non-trivial read file in rnaseq_reads/ or rnaseq_normalized/
Pseudozyma_tsukubaensis	0	NO_READS_FOUND	no non-trivial read file in rnaseq_reads/ or rnaseq_normalized/
Psilocybe_allenii	0	NO_READS_FOUND	no non-trivial read file in rnaseq_reads/ or rnaseq_normalized/
Psilocybe_azurescens	0	NO_READS_FOUND	no non-trivial read file in rnaseq_reads/ or rnaseq_normalized/
Psilocybe_caeruleorhiza	0	NO_READS_FOUND	no non-trivial read file in rnaseq_reads/ or rnaseq_normalized/
Psilocybe_cubensis	0	NO_READS_FOUND	no non-trivial read file in rnaseq_reads/ or rnaseq_normalized/
Psilocybe_cyanescens	0	NO_READS_FOUND	no non-trivial read file in rnaseq_reads/ or rnaseq_normalized/
Psilocybe_keralensis	0	NO_READS_FOUND	no non-trivial read file in rnaseq_reads/ or rnaseq_normalized/
Psilocybe_maluti	0	NO_READS_FOUND	no non-trivial read file in rnaseq_reads/ or rnaseq_normalized/
Psilocybe_samuiensis	0	NO_READS_FOUND	no non-trivial read file in rnaseq_reads/ or rnaseq_normalized/
Psilocybe_semilanceata	0	NO_READS_FOUND	no non-trivial read file in rnaseq_reads/ or rnaseq_normalized/
Psilocybe_stuntzii	0	NO_READS_FOUND	no non-trivial read file in rnaseq_reads/ or rnaseq_normalized/
Psilocybe_subaeruginosa	0	NO_READS_FOUND	no non-trivial read file in rnaseq_reads/ or rnaseq_normalized/
Psilocybe_tampanensis	0	NO_READS_FOUND	no non-trivial read file in rnaseq_reads/ or rnaseq_normalized/
Psilocybe_zapotecorum	0	NO_READS_FOUND	no non-trivial read file in rnaseq_reads/ or rnaseq_normalized/
Psora_crenata	0	NO_READS_FOUND	no non-trivial read file in rnaseq_reads/ or rnaseq_normalized/
Psora_testacea	0	NO_READS_FOUND	no non-trivial read file in rnaseq_reads/ or rnaseq_normalized/
Pterula_multifida	0	NO_READS_FOUND	no non-trivial read file in rnaseq_reads/ or rnaseq_normalized/
Ptychographa_xylographoides	0	NO_READS_FOUND	no non-trivial read file in rnaseq_reads/ or rnaseq_normalized/
Puccinia_arachidis	0	NO_READS_FOUND	no non-trivial read file in rnaseq_reads/ or rnaseq_normalized/
Puccinia_brachypodii	0	NO_READS_FOUND	no non-trivial read file in rnaseq_reads/ or rnaseq_normalized/
Puccinia_horiana	0	NO_READS_FOUND	no non-trivial read file in rnaseq_reads/ or rnaseq_normalized/
Puccinia_novopanici	0	NO_READS_FOUND	no non-trivial read file in rnaseq_reads/ or rnaseq_normalized/
Puccinia_silphii	0	NO_READS_FOUND	no non-trivial read file in rnaseq_reads/ or rnaseq_normalized/
Pucciniomycotina_sp._clade_gs25	0	NO_READS_FOUND	no non-trivial read file in rnaseq_reads/ or rnaseq_normalized/
Pulchroboletus_neoregius	0	NO_READS_FOUND	no non-trivial read file in rnaseq_reads/ or rnaseq_normalized/
Pulveroboletus_aff._annulatus	0	NO_READS_FOUND	no non-trivial read file in rnaseq_reads/ or rnaseq_normalized/
Pulveroboletus_aff._carminiporus	0	NO_READS_FOUND	no non-trivial read file in rnaseq_reads/ or rnaseq_normalized/
Pulveroboletus_aff._ridleyi	0	NO_READS_FOUND	no non-trivial read file in rnaseq_reads/ or rnaseq_normalized/
Pulveroboletus_aff._viridisquamosus	0	NO_READS_FOUND	no non-trivial read file in rnaseq_reads/ or rnaseq_normalized/
Pulveroboletus_cf._aberrans	0	NO_READS_FOUND	no non-trivial read file in rnaseq_reads/ or rnaseq_normalized/
Pulveroboletus_cf._rosaemariae	0	NO_READS_FOUND	no non-trivial read file in rnaseq_reads/ or rnaseq_normalized/
Pulveroboletus_cf._viridisquamosus	0	NO_READS_FOUND	no non-trivial read file in rnaseq_reads/ or rnaseq_normalized/
Pulveroboletus_frians	0	NO_READS_FOUND	no non-trivial read file in rnaseq_reads/ or rnaseq_normalized/
Pulveroboletus_ravenelii	0	NO_READS_FOUND	no non-trivial read file in rnaseq_reads/ or rnaseq_normalized/
Pulveroboletus_ridleyi	0	NO_READS_FOUND	no non-trivial read file in rnaseq_reads/ or rnaseq_normalized/
Pulveroboletus_sp._KM172995	0	NO_READS_FOUND	no non-trivial read file in rnaseq_reads/ or rnaseq_normalized/
Pulveroboletus_sp._KM173101	0	NO_READS_FOUND	no non-trivial read file in rnaseq_reads/ or rnaseq_normalized/
Pulveroboletus_sp._TRTC175156	0	NO_READS_FOUND	no non-trivial read file in rnaseq_reads/ or rnaseq_normalized/
Punctelia_appalachensis	0	NO_READS_FOUND	no non-trivial read file in rnaseq_reads/ or rnaseq_normalized/
Punctelia_caseana	0	NO_READS_FOUND	no non-trivial read file in rnaseq_reads/ or rnaseq_normalized/
Purpureocillium_sp._XYC-2025d	0	NO_READS_FOUND	no non-trivial read file in rnaseq_reads/ or rnaseq_normalized/
Puttea_exsequens	0	NO_READS_FOUND	no non-trivial read file in rnaseq_reads/ or rnaseq_normalized/
Pycnora_praestabilis	0	NO_READS_FOUND	no non-trivial read file in rnaseq_reads/ or rnaseq_normalized/
Pyrenochaeta_sp._MPI-SDFR-AT-0127	0	NO_READS_FOUND	no non-trivial read file in rnaseq_reads/ or rnaseq_normalized/
Pyrenochaeta_sp._UM_256	0	NO_READS_FOUND	no non-trivial read file in rnaseq_reads/ or rnaseq_normalized/
Pyrenodesmia_sp._2_TL-2023	0	NO_READS_FOUND	no non-trivial read file in rnaseq_reads/ or rnaseq_normalized/
Pyrenodesmia_sp._3_TL-2023	0	NO_READS_FOUND	no non-trivial read file in rnaseq_reads/ or rnaseq_normalized/
Pyrenopeziza_brassicae	0	NO_READS_FOUND	no non-trivial read file in rnaseq_reads/ or rnaseq_normalized/
Pyrenophora_graminea	0	NO_READS_FOUND	no non-trivial read file in rnaseq_reads/ or rnaseq_normalized/
Pyrenophora_seminiperda	0	NO_READS_FOUND	no non-trivial read file in rnaseq_reads/ or rnaseq_normalized/
Pyrenopolyporus_hunteri	0	NO_READS_FOUND	no non-trivial read file in rnaseq_reads/ or rnaseq_normalized/
Pyrenula_aspistea	0	NO_READS_FOUND	no non-trivial read file in rnaseq_reads/ or rnaseq_normalized/
Pyrenula_massariospora	0	NO_READS_FOUND	no non-trivial read file in rnaseq_reads/ or rnaseq_normalized/
Pyrenula_ochraceoflavens	0	NO_READS_FOUND	no non-trivial read file in rnaseq_reads/ or rnaseq_normalized/
Pyrenula_pseudobufonia	0	NO_READS_FOUND	no non-trivial read file in rnaseq_reads/ or rnaseq_normalized/
Pyrenula_sp._1_TL-2023	0	NO_READS_FOUND	no non-trivial read file in rnaseq_reads/ or rnaseq_normalized/
Pyricularia_oryzae	0	NO_READS_FOUND	no non-trivial read file in rnaseq_reads/ or rnaseq_normalized/
Pyricularia_penniseti	0	NO_READS_FOUND	no non-trivial read file in rnaseq_reads/ or rnaseq_normalized/
Pyricularia_pennisetigena	0	NO_READS_FOUND	no non-trivial read file in rnaseq_reads/ or rnaseq_normalized/
Pyricularia_sp._18-2	0	NO_READS_FOUND	no non-trivial read file in rnaseq_reads/ or rnaseq_normalized/
Pyricularia_sp._CBS_133598	0	NO_READS_FOUND	no non-trivial read file in rnaseq_reads/ or rnaseq_normalized/
Pyricularia_sp._CD86	0	NO_READS_FOUND	no non-trivial read file in rnaseq_reads/ or rnaseq_normalized/
Pyricularia_sp._MG03	0	NO_READS_FOUND	no non-trivial read file in rnaseq_reads/ or rnaseq_normalized/
Pyricularia_sp._MG05	0	NO_READS_FOUND	no non-trivial read file in rnaseq_reads/ or rnaseq_normalized/
Pyricularia_sp._MG07	0	NO_READS_FOUND	no non-trivial read file in rnaseq_reads/ or rnaseq_normalized/
Pyricularia_sp._MG08	0	NO_READS_FOUND	no non-trivial read file in rnaseq_reads/ or rnaseq_normalized/
Pyricularia_sp._MG12	0	NO_READS_FOUND	no non-trivial read file in rnaseq_reads/ or rnaseq_normalized/
Pyricularia_sp._RZ-2025a	0	NO_READS_FOUND	no non-trivial read file in rnaseq_reads/ or rnaseq_normalized/
Pyricularia_urashimae	0	NO_READS_FOUND	no non-trivial read file in rnaseq_reads/ or rnaseq_normalized/
Pyrrhospora_varians	0	NO_READS_FOUND	no non-trivial read file in rnaseq_reads/ or rnaseq_normalized/
Pyxine_sorediata	0	NO_READS_FOUND	no non-trivial read file in rnaseq_reads/ or rnaseq_normalized/
Quaeritorhiza_haematococci	0	NO_READS_FOUND	no non-trivial read file in rnaseq_reads/ or rnaseq_normalized/
Quambalaria_eucalypti	0	NO_READS_FOUND	no non-trivial read file in rnaseq_reads/ or rnaseq_normalized/
Querciphoma_carteri	0	NO_READS_FOUND	no non-trivial read file in rnaseq_reads/ or rnaseq_normalized/
Rachicladosporium_monterosium	0	NO_READS_FOUND	no non-trivial read file in rnaseq_reads/ or rnaseq_normalized/
Rachicladosporium_sp._CCFEE_5018	0	NO_READS_FOUND	no non-trivial read file in rnaseq_reads/ or rnaseq_normalized/
Rachicladosporium_sp._CGMCC_3.30118	0	NO_READS_FOUND	no non-trivial read file in rnaseq_reads/ or rnaseq_normalized/
Racocetra_fulgida	0	NO_READS_FOUND	no non-trivial read file in rnaseq_reads/ or rnaseq_normalized/
Racocetra_persica	0	NO_READS_FOUND	no non-trivial read file in rnaseq_reads/ or rnaseq_normalized/
Raffaelea_deltoideospora	0	NO_READS_FOUND	no non-trivial read file in rnaseq_reads/ or rnaseq_normalized/
Ramalina_americana	0	NO_READS_FOUND	no non-trivial read file in rnaseq_reads/ or rnaseq_normalized/
Ramalina_culbersoniorum	0	NO_READS_FOUND	no non-trivial read file in rnaseq_reads/ or rnaseq_normalized/
Ramalina_farinacea	0	NO_READS_FOUND	no non-trivial read file in rnaseq_reads/ or rnaseq_normalized/
Ramalina_petrina	0	NO_READS_FOUND	no non-trivial read file in rnaseq_reads/ or rnaseq_normalized/
Ramalina_thrausta	0	NO_READS_FOUND	no non-trivial read file in rnaseq_reads/ or rnaseq_normalized/
Ramalinaceae_sp.	0	NO_READS_FOUND	no non-trivial read file in rnaseq_reads/ or rnaseq_normalized/
Ramaria_cf._rubripermanens	0	NO_READS_FOUND	no non-trivial read file in rnaseq_reads/ or rnaseq_normalized/
Ramaria_rubella	0	NO_READS_FOUND	no non-trivial read file in rnaseq_reads/ or rnaseq_normalized/
Ramaria_sp._MG151	0	NO_READS_FOUND	no non-trivial read file in rnaseq_reads/ or rnaseq_normalized/
Ramularia_coccinea	0	NO_READS_FOUND	no non-trivial read file in rnaseq_reads/ or rnaseq_normalized/
Ramularia_endophylla	0	NO_READS_FOUND	no non-trivial read file in rnaseq_reads/ or rnaseq_normalized/
Ramulariopsis_gossypii	0	NO_READS_FOUND	no non-trivial read file in rnaseq_reads/ or rnaseq_normalized/
Ramulariopsis_pseudoglycines	0	NO_READS_FOUND	no non-trivial read file in rnaseq_reads/ or rnaseq_normalized/
Ramulispora_sorghi	0	NO_READS_FOUND	no non-trivial read file in rnaseq_reads/ or rnaseq_normalized/
Rasamsonia_byssochlamydoides	0	NO_READS_FOUND	no non-trivial read file in rnaseq_reads/ or rnaseq_normalized/
Rasamsonia_emersonii	0	NO_READS_FOUND	no non-trivial read file in rnaseq_reads/ or rnaseq_normalized/
Recurvomyces_mirabilis	0	NO_READS_FOUND	no non-trivial read file in rnaseq_reads/ or rnaseq_normalized/
Remersonia_thermophila	0	NO_READS_FOUND	no non-trivial read file in rnaseq_reads/ or rnaseq_normalized/
Reniforma_strues	0	NO_READS_FOUND	no non-trivial read file in rnaseq_reads/ or rnaseq_normalized/
Retiboletus_flavoniger	0	NO_READS_FOUND	no non-trivial read file in rnaseq_reads/ or rnaseq_normalized/
Retiboletus_fuscus	0	NO_READS_FOUND	no non-trivial read file in rnaseq_reads/ or rnaseq_normalized/
Retiboletus_ornatipes	0	NO_READS_FOUND	no non-trivial read file in rnaseq_reads/ or rnaseq_normalized/
Rhamphoriopsis_cuprea	0	NO_READS_FOUND	no non-trivial read file in rnaseq_reads/ or rnaseq_normalized/
Rhamphoriopsis_denticulata	0	NO_READS_FOUND	no non-trivial read file in rnaseq_reads/ or rnaseq_normalized/
Rhinocladiella_mackenziei	0	NO_READS_FOUND	no non-trivial read file in rnaseq_reads/ or rnaseq_normalized/
Rhizocarpon_geographicum	0	NO_READS_FOUND	no non-trivial read file in rnaseq_reads/ or rnaseq_normalized/
Rhizocarpon_subgeminatum	0	NO_READS_FOUND	no non-trivial read file in rnaseq_reads/ or rnaseq_normalized/
Rhizoclosmatium_hyalinum	0	NO_READS_FOUND	no non-trivial read file in rnaseq_reads/ or rnaseq_normalized/
Rhizoclosmatium_sp._JEL0117	0	NO_READS_FOUND	no non-trivial read file in rnaseq_reads/ or rnaseq_normalized/
Rhizodiscina_lignyota	0	NO_READS_FOUND	no non-trivial read file in rnaseq_reads/ or rnaseq_normalized/
Rhizomucor_miehei	0	NO_READS_FOUND	no non-trivial read file in rnaseq_reads/ or rnaseq_normalized/
Rhizomucor_pusillus	0	NO_READS_FOUND	no non-trivial read file in rnaseq_reads/ or rnaseq_normalized/
Rhizophagus_prolifer	0	NO_READS_FOUND	no non-trivial read file in rnaseq_reads/ or rnaseq_normalized/
Rhizophagus_sp._LPA8_1_AMF	0	NO_READS_FOUND	no non-trivial read file in rnaseq_reads/ or rnaseq_normalized/
Rhizophagus_sp._LPA8_3_AMF	0	NO_READS_FOUND	no non-trivial read file in rnaseq_reads/ or rnaseq_normalized/
Rhizophagus_sp._LPA8_4_AMF	0	NO_READS_FOUND	no non-trivial read file in rnaseq_reads/ or rnaseq_normalized/
Rhizophagus_sp._MUCL_43196	0	NO_READS_FOUND	no non-trivial read file in rnaseq_reads/ or rnaseq_normalized/
Rhizophlyctis_rosea	0	NO_READS_FOUND	no non-trivial read file in rnaseq_reads/ or rnaseq_normalized/
Rhizopogon_fuscorubens	0	NO_READS_FOUND	no non-trivial read file in rnaseq_reads/ or rnaseq_normalized/
Rhizopogon_hawkerae	0	NO_READS_FOUND	no non-trivial read file in rnaseq_reads/ or rnaseq_normalized/
Rhizopogon_parksii	0	NO_READS_FOUND	no non-trivial read file in rnaseq_reads/ or rnaseq_normalized/
Rhizopogon_roseolus	0	NO_READS_FOUND	no non-trivial read file in rnaseq_reads/ or rnaseq_normalized/
Rhizopogon_rudus	0	NO_READS_FOUND	no non-trivial read file in rnaseq_reads/ or rnaseq_normalized/
Rhizopogon_salebrosus	0	NO_READS_FOUND	no non-trivial read file in rnaseq_reads/ or rnaseq_normalized/
Rhizopogon_sp._AM-2018a	0	NO_READS_FOUND	no non-trivial read file in rnaseq_reads/ or rnaseq_normalized/
Rhizopogon_vesiculosus	0	NO_READS_FOUND	no non-trivial read file in rnaseq_reads/ or rnaseq_normalized/
Rhizopogon_villosulus	0	NO_READS_FOUND	no non-trivial read file in rnaseq_reads/ or rnaseq_normalized/
Rhizopogon_vinicolor	0	NO_READS_FOUND	no non-trivial read file in rnaseq_reads/ or rnaseq_normalized/
Rhizopus_azygosporus	0	NO_READS_FOUND	no non-trivial read file in rnaseq_reads/ or rnaseq_normalized/
Rhizopus_sp._FBL578	0	NO_READS_FOUND	no non-trivial read file in rnaseq_reads/ or rnaseq_normalized/
Rhizopus_sp._PT2906	0	NO_READS_FOUND	no non-trivial read file in rnaseq_reads/ or rnaseq_normalized/
Rhizopus_sp._TYR1	0	NO_READS_FOUND	no non-trivial read file in rnaseq_reads/ or rnaseq_normalized/
Rhodonia_placenta	0	NO_READS_FOUND	no non-trivial read file in rnaseq_reads/ or rnaseq_normalized/
Rhodosporidiobolus_azoricus	0	NO_READS_FOUND	no non-trivial read file in rnaseq_reads/ or rnaseq_normalized/
Rhodosporidiobolus_lusitaniae	0	NO_READS_FOUND	no non-trivial read file in rnaseq_reads/ or rnaseq_normalized/
Rhodosporidiobolus_microsporus	0	NO_READS_FOUND	no non-trivial read file in rnaseq_reads/ or rnaseq_normalized/
Rhodosporidiobolus_nylandii	0	NO_READS_FOUND	no non-trivial read file in rnaseq_reads/ or rnaseq_normalized/
Rhodosporidiobolus_poonsookiae	0	NO_READS_FOUND	no non-trivial read file in rnaseq_reads/ or rnaseq_normalized/
Rhodosporidiobolus_ruineniae	0	NO_READS_FOUND	no non-trivial read file in rnaseq_reads/ or rnaseq_normalized/
Rhodosporidiobolus_sp._CHSS18-2	0	NO_READS_FOUND	no non-trivial read file in rnaseq_reads/ or rnaseq_normalized/
Rhodosporidiobolus_sp._SP3-3_4	0	NO_READS_FOUND	no non-trivial read file in rnaseq_reads/ or rnaseq_normalized/
Rhodotorula_araucariae	0	NO_READS_FOUND	no non-trivial read file in rnaseq_reads/ or rnaseq_normalized/
Rhodotorula_dairenensis	0	NO_READS_FOUND	no non-trivial read file in rnaseq_reads/ or rnaseq_normalized/
Rhodotorula_diobovata	0	NO_READS_FOUND	no non-trivial read file in rnaseq_reads/ or rnaseq_normalized/
Rhodotorula_graminis	0	NO_READS_FOUND	no non-trivial read file in rnaseq_reads/ or rnaseq_normalized/
Rhodotorula_pacifica	0	NO_READS_FOUND	no non-trivial read file in rnaseq_reads/ or rnaseq_normalized/
Rhodotorula_sp._BUB8	0	NO_READS_FOUND	no non-trivial read file in rnaseq_reads/ or rnaseq_normalized/
Rhodotorula_sp._CC01	0	NO_READS_FOUND	no non-trivial read file in rnaseq_reads/ or rnaseq_normalized/
Rhodotorula_sp._CCFEE_5036	0	NO_READS_FOUND	no non-trivial read file in rnaseq_reads/ or rnaseq_normalized/
Rhodotorula_sp._CP72-2	0	NO_READS_FOUND	no non-trivial read file in rnaseq_reads/ or rnaseq_normalized/
Rhodotorula_sp._FNED7-22	0	NO_READS_FOUND	no non-trivial read file in rnaseq_reads/ or rnaseq_normalized/
Rhodotorula_sp._HGY1	0	NO_READS_FOUND	no non-trivial read file in rnaseq_reads/ or rnaseq_normalized/
Rhodotorula_sp._HGY2	0	NO_READS_FOUND	no non-trivial read file in rnaseq_reads/ or rnaseq_normalized/
Rhodotorula_sp._JG-1b	0	NO_READS_FOUND	no non-trivial read file in rnaseq_reads/ or rnaseq_normalized/
Rhodotorula_sp._M30-05A-2	0	NO_READS_FOUND	no non-trivial read file in rnaseq_reads/ or rnaseq_normalized/
Rhodotorula_sp._PL61-2	0	NO_READS_FOUND	no non-trivial read file in rnaseq_reads/ or rnaseq_normalized/
Rhodotorula_sp._S30-09	0	NO_READS_FOUND	no non-trivial read file in rnaseq_reads/ or rnaseq_normalized/
Rhodotorula_sp._VS67	0	NO_READS_FOUND	no non-trivial read file in rnaseq_reads/ or rnaseq_normalized/
Rhodotorula_sp._ZM1	0	NO_READS_FOUND	no non-trivial read file in rnaseq_reads/ or rnaseq_normalized/
Rhodotorula_sphaerocarpa	0	NO_READS_FOUND	no non-trivial read file in rnaseq_reads/ or rnaseq_normalized/
Rhodotorula_taiwanensis	0	NO_READS_FOUND	no non-trivial read file in rnaseq_reads/ or rnaseq_normalized/
Rhodotorula_toruloides	0	NO_READS_FOUND	no non-trivial read file in rnaseq_reads/ or rnaseq_normalized/
Rhynchosporium_agropyri	0	NO_READS_FOUND	no non-trivial read file in rnaseq_reads/ or rnaseq_normalized/
Rhynchosporium_secalis	0	NO_READS_FOUND	no non-trivial read file in rnaseq_reads/ or rnaseq_normalized/
Rhytidhysteron_rufulum	0	NO_READS_FOUND	no non-trivial read file in rnaseq_reads/ or rnaseq_normalized/
Rigidonotus_glomeratus	0	NO_READS_FOUND	no non-trivial read file in rnaseq_reads/ or rnaseq_normalized/
Rinodina_dolichospora	0	NO_READS_FOUND	no non-trivial read file in rnaseq_reads/ or rnaseq_normalized/
Rinodina_sp.	0	NO_READS_FOUND	no non-trivial read file in rnaseq_reads/ or rnaseq_normalized/
Rinodina_tephraspis	0	NO_READS_FOUND	no non-trivial read file in rnaseq_reads/ or rnaseq_normalized/
Rossbeevera_mucosa	0	NO_READS_FOUND	no non-trivial read file in rnaseq_reads/ or rnaseq_normalized/
Rossbeevera_pachydermis	0	NO_READS_FOUND	no non-trivial read file in rnaseq_reads/ or rnaseq_normalized/
Royoungia_palumana	0	NO_READS_FOUND	no non-trivial read file in rnaseq_reads/ or rnaseq_normalized/
Rozella_allomycis	0	NO_READS_FOUND	no non-trivial read file in rnaseq_reads/ or rnaseq_normalized/
Rubinoboletus_rubinus	0	NO_READS_FOUND	no non-trivial read file in rnaseq_reads/ or rnaseq_normalized/
Rubroboletus_pulcherrimus	0	NO_READS_FOUND	no non-trivial read file in rnaseq_reads/ or rnaseq_normalized/
Rubroboletus_rhodosanguineus	0	NO_READS_FOUND	no non-trivial read file in rnaseq_reads/ or rnaseq_normalized/
Rubroboletus_satanas	0	NO_READS_FOUND	no non-trivial read file in rnaseq_reads/ or rnaseq_normalized/
Rubroboletus_sp._TRTC157201	0	NO_READS_FOUND	no non-trivial read file in rnaseq_reads/ or rnaseq_normalized/
Rugiboletus_extremiorientalis	0	NO_READS_FOUND	no non-trivial read file in rnaseq_reads/ or rnaseq_normalized/
Rugonectria_neobalansae	0	NO_READS_FOUND	no non-trivial read file in rnaseq_reads/ or rnaseq_normalized/
Rugonectria_rugulosa	0	NO_READS_FOUND	no non-trivial read file in rnaseq_reads/ or rnaseq_normalized/
Rugosomyces_carneus	0	NO_READS_FOUND	no non-trivial read file in rnaseq_reads/ or rnaseq_normalized/
Russula_abietina	0	NO_READS_FOUND	no non-trivial read file in rnaseq_reads/ or rnaseq_normalized/
Russula_aff._compacta	0	NO_READS_FOUND	no non-trivial read file in rnaseq_reads/ or rnaseq_normalized/
Russula_decolorans	0	NO_READS_FOUND	no non-trivial read file in rnaseq_reads/ or rnaseq_normalized/
Russula_foetens	0	NO_READS_FOUND	no non-trivial read file in rnaseq_reads/ or rnaseq_normalized/
Russula_griseocarnosa	0	NO_READS_FOUND	no non-trivial read file in rnaseq_reads/ or rnaseq_normalized/
Russula_lepida	0	NO_READS_FOUND	no non-trivial read file in rnaseq_reads/ or rnaseq_normalized/
Russula_sp._MG48	0	NO_READS_FOUND	no non-trivial read file in rnaseq_reads/ or rnaseq_normalized/
Russula_virescens	0	NO_READS_FOUND	no non-trivial read file in rnaseq_reads/ or rnaseq_normalized/
Rutstroemia_sp._NJR-2017a_BBW	0	NO_READS_FOUND	no non-trivial read file in rnaseq_reads/ or rnaseq_normalized/
Rutstroemia_sp._NJR-2017a_BVV2	0	NO_READS_FOUND	no non-trivial read file in rnaseq_reads/ or rnaseq_normalized/
Rutstroemia_sp._NJR-2017a_WRK4	0	NO_READS_FOUND	no non-trivial read file in rnaseq_reads/ or rnaseq_normalized/
Rutstroemia_sydowiana	0	NO_READS_FOUND	no non-trivial read file in rnaseq_reads/ or rnaseq_normalized/
Ruyongia_chambardii	0	NO_READS_FOUND	no non-trivial read file in rnaseq_reads/ or rnaseq_normalized/
Ruyongia_namnaoensis	0	NO_READS_FOUND	no non-trivial read file in rnaseq_reads/ or rnaseq_normalized/
Ruyongia_ponderosae	0	NO_READS_FOUND	no non-trivial read file in rnaseq_reads/ or rnaseq_normalized/
Ruyongia_tratensis	0	NO_READS_FOUND	no non-trivial read file in rnaseq_reads/ or rnaseq_normalized/
Sabuloglossum_arenarium	0	NO_READS_FOUND	no non-trivial read file in rnaseq_reads/ or rnaseq_normalized/
Saccharata_proteae	0	NO_READS_FOUND	no non-trivial read file in rnaseq_reads/ or rnaseq_normalized/
Saccharomyces_cariocanus	0	NO_READS_FOUND	no non-trivial read file in rnaseq_reads/ or rnaseq_normalized/
Saccharomyces_cerevisiae_x_Saccharomyces_eubayanus.composite-parents	0	NO_READS_FOUND	no non-trivial read file in rnaseq_reads/ or rnaseq_normalized/
Saccharomyces_cerevisiae_x_Saccharomyces_eubayanus_x_Saccharomyces_kudriavzevii_x_Saccharomyces_uvarum.composite-parents	0	NO_READS_FOUND	no non-trivial read file in rnaseq_reads/ or rnaseq_normalized/
Saccharomyces_cerevisiae_x_Saccharomyces_eubayanus_x_Saccharomyces_uvarum.composite-parents	0	NO_READS_FOUND	no non-trivial read file in rnaseq_reads/ or rnaseq_normalized/
Saccharomyces_cerevisiae_x_Saccharomyces_kudriavzevii.composite-parents	0	NO_READS_FOUND	no non-trivial read file in rnaseq_reads/ or rnaseq_normalized/
Saccharomyces_cerevisiae_x_Saccharomyces_kudriavzevii_x_Saccharomyces_eubayanus.composite-parents	0	NO_READS_FOUND	no non-trivial read file in rnaseq_reads/ or rnaseq_normalized/
Saccharomyces_cerevisiae_x_Saccharomyces_kudriavzevii_x_Saccharomyces_uvarum.composite-parents	0	NO_READS_FOUND	no non-trivial read file in rnaseq_reads/ or rnaseq_normalized/
Saccharomyces_cerevisiae_x_Saccharomyces_uvarum.composite-parents	0	NO_READS_FOUND	no non-trivial read file in rnaseq_reads/ or rnaseq_normalized/
Saccharomyces_eubayanus_x_Saccharomyces_uvarum.composite-parents	0	NO_READS_FOUND	no non-trivial read file in rnaseq_reads/ or rnaseq_normalized/
Saccharomyces_sp._FC-2024a	0	NO_READS_FOUND	no non-trivial read file in rnaseq_reads/ or rnaseq_normalized/
Saccharomyces_sp._M14	0	NO_READS_FOUND	no non-trivial read file in rnaseq_reads/ or rnaseq_normalized/
Saccharomyces_x_bayanus.composite-parents	0	NO_READS_FOUND	no non-trivial read file in rnaseq_reads/ or rnaseq_normalized/
Saccharomycetaceae_sp.	0	NO_READS_FOUND	no non-trivial read file in rnaseq_reads/ or rnaseq_normalized/
Saccharomycetales_sp.	0	NO_READS_FOUND	no non-trivial read file in rnaseq_reads/ or rnaseq_normalized/
Saccharomycetes_sp.	0	NO_READS_FOUND	no non-trivial read file in rnaseq_reads/ or rnaseq_normalized/
Saccharomycodes_ludwigii	0	NO_READS_FOUND	no non-trivial read file in rnaseq_reads/ or rnaseq_normalized/
Saccharomycodes_sp._B7079-1	0	NO_READS_FOUND	no non-trivial read file in rnaseq_reads/ or rnaseq_normalized/
Saccharomycopsidaceae_sp.	0	NO_READS_FOUND	no non-trivial read file in rnaseq_reads/ or rnaseq_normalized/
Saccharomycopsis_amapae	0	NO_READS_FOUND	no non-trivial read file in rnaseq_reads/ or rnaseq_normalized/
Saccharomycopsis_babjevae	0	NO_READS_FOUND	no non-trivial read file in rnaseq_reads/ or rnaseq_normalized/
Saccharomycopsis_capsularis	0	NO_READS_FOUND	no non-trivial read file in rnaseq_reads/ or rnaseq_normalized/
Saccharomycopsis_fibuligera_x_Saccharomycopsis_cf._fibuligera.composite-parents	0	NO_READS_FOUND	no non-trivial read file in rnaseq_reads/ or rnaseq_normalized/
Saccharomycopsis_fodiens	0	NO_READS_FOUND	no non-trivial read file in rnaseq_reads/ or rnaseq_normalized/
Saccharomycopsis_guyanensis	0	NO_READS_FOUND	no non-trivial read file in rnaseq_reads/ or rnaseq_normalized/
Saccharomycopsis_javanensis	0	NO_READS_FOUND	no non-trivial read file in rnaseq_reads/ or rnaseq_normalized/
Saccharomycopsis_lassenensis	0	NO_READS_FOUND	no non-trivial read file in rnaseq_reads/ or rnaseq_normalized/
Saccharomycopsis_malanga	0	NO_READS_FOUND	no non-trivial read file in rnaseq_reads/ or rnaseq_normalized/
Saccharomycopsis_microspora	0	NO_READS_FOUND	no non-trivial read file in rnaseq_reads/ or rnaseq_normalized/
Saccharomycopsis_olivae	0	NO_READS_FOUND	no non-trivial read file in rnaseq_reads/ or rnaseq_normalized/
Saccharomycopsis_oosterbeekiorum	0	NO_READS_FOUND	no non-trivial read file in rnaseq_reads/ or rnaseq_normalized/
Saccharomycopsis_phalli	0	NO_READS_FOUND	no non-trivial read file in rnaseq_reads/ or rnaseq_normalized/
Saccharomycopsis_phalluae	0	NO_READS_FOUND	no non-trivial read file in rnaseq_reads/ or rnaseq_normalized/
Saccharomycopsis_selenospora	0	NO_READS_FOUND	no non-trivial read file in rnaseq_reads/ or rnaseq_normalized/
Saccharomycopsis_sp._FM-2023a	0	NO_READS_FOUND	no non-trivial read file in rnaseq_reads/ or rnaseq_normalized/
Saccharomycopsis_sp._HYP105-1	0	NO_READS_FOUND	no non-trivial read file in rnaseq_reads/ or rnaseq_normalized/
Saccharomycopsis_sp._HYY145-3	0	NO_READS_FOUND	no non-trivial read file in rnaseq_reads/ or rnaseq_normalized/
Saccharomycopsis_sp._KB-2023a	0	NO_READS_FOUND	no non-trivial read file in rnaseq_reads/ or rnaseq_normalized/
Saccharomycopsis_sp._NRRL_Y-5750	0	NO_READS_FOUND	no non-trivial read file in rnaseq_reads/ or rnaseq_normalized/
Saccharomycopsis_sp._UWO_PS_91-127.1	0	NO_READS_FOUND	no non-trivial read file in rnaseq_reads/ or rnaseq_normalized/
Saccharomycopsis_sp._yHQL182	0	NO_READS_FOUND	no non-trivial read file in rnaseq_reads/ or rnaseq_normalized/
Saccharomycopsis_synnaedendra	0	NO_READS_FOUND	no non-trivial read file in rnaseq_reads/ or rnaseq_normalized/
Saccharomycopsis_vini	0	NO_READS_FOUND	no non-trivial read file in rnaseq_reads/ or rnaseq_normalized/
Saccharomycotina_sp._CBS_16003	0	NO_READS_FOUND	no non-trivial read file in rnaseq_reads/ or rnaseq_normalized/
Saccharomycotina_sp._YJ-2025a	0	NO_READS_FOUND	no non-trivial read file in rnaseq_reads/ or rnaseq_normalized/
Saccharomycotina_sp._YJ-2025b	0	NO_READS_FOUND	no non-trivial read file in rnaseq_reads/ or rnaseq_normalized/
Saitoella_coloradoensis	0	NO_READS_FOUND	no non-trivial read file in rnaseq_reads/ or rnaseq_normalized/
Saitoella_complicata	0	NO_READS_FOUND	no non-trivial read file in rnaseq_reads/ or rnaseq_normalized/
Saitozyma_sp._JCM_24511	0	NO_READS_FOUND	no non-trivial read file in rnaseq_reads/ or rnaseq_normalized/
Saitozyma_sp._SH1	0	NO_READS_FOUND	no non-trivial read file in rnaseq_reads/ or rnaseq_normalized/
Saksenaea_oblongispora	0	NO_READS_FOUND	no non-trivial read file in rnaseq_reads/ or rnaseq_normalized/
Saksenaea_vasiformis	0	NO_READS_FOUND	no non-trivial read file in rnaseq_reads/ or rnaseq_normalized/
Salinomyces_thailandicus	0	NO_READS_FOUND	no non-trivial read file in rnaseq_reads/ or rnaseq_normalized/
Sanchytrium_tribonematis	0	NO_READS_FOUND	no non-trivial read file in rnaseq_reads/ or rnaseq_normalized/
Sanghuangporus_baumii	0	NO_READS_FOUND	no non-trivial read file in rnaseq_reads/ or rnaseq_normalized/
Sanghuangporus_mongolicus	0	NO_READS_FOUND	no non-trivial read file in rnaseq_reads/ or rnaseq_normalized/
Sanghuangporus_weigelae	0	NO_READS_FOUND	no non-trivial read file in rnaseq_reads/ or rnaseq_normalized/
Sanguinoderma_infundibulare	0	NO_READS_FOUND	no non-trivial read file in rnaseq_reads/ or rnaseq_normalized/
Sanguinoderma_rugosum	0	NO_READS_FOUND	no non-trivial read file in rnaseq_reads/ or rnaseq_normalized/
Sarcodon_aspratus	0	NO_READS_FOUND	no non-trivial read file in rnaseq_reads/ or rnaseq_normalized/
Sarcodon_sp._MG97	0	NO_READS_FOUND	no non-trivial read file in rnaseq_reads/ or rnaseq_normalized/
Sarcoleotia_globosa	0	NO_READS_FOUND	no non-trivial read file in rnaseq_reads/ or rnaseq_normalized/
Sarcopodium_sp._QM3-1	0	NO_READS_FOUND	no non-trivial read file in rnaseq_reads/ or rnaseq_normalized/
Sarcosagium_campestre	0	NO_READS_FOUND	no non-trivial read file in rnaseq_reads/ or rnaseq_normalized/
Sarea_resinae	0	NO_READS_FOUND	no non-trivial read file in rnaseq_reads/ or rnaseq_normalized/
Sarocladiaceae_sp._CBMAI_1973	0	NO_READS_FOUND	no non-trivial read file in rnaseq_reads/ or rnaseq_normalized/
Sarocladiaceae_sp._R1802	0	NO_READS_FOUND	no non-trivial read file in rnaseq_reads/ or rnaseq_normalized/
Sarocladium_attenuatum	0	NO_READS_FOUND	no non-trivial read file in rnaseq_reads/ or rnaseq_normalized/
Sarocladium_implicatum	0	NO_READS_FOUND	no non-trivial read file in rnaseq_reads/ or rnaseq_normalized/
Sarocladium_kiliense	0	NO_READS_FOUND	no non-trivial read file in rnaseq_reads/ or rnaseq_normalized/
Sarocladium_oryzae	0	NO_READS_FOUND	no non-trivial read file in rnaseq_reads/ or rnaseq_normalized/
Sarocladium_sp._G77	0	NO_READS_FOUND	no non-trivial read file in rnaseq_reads/ or rnaseq_normalized/
Sarocladium_sp._G79	0	NO_READS_FOUND	no non-trivial read file in rnaseq_reads/ or rnaseq_normalized/
Sarocladium_sp._Y-1	0	NO_READS_FOUND	no non-trivial read file in rnaseq_reads/ or rnaseq_normalized/
Sarocladium_sparsum	0	NO_READS_FOUND	no non-trivial read file in rnaseq_reads/ or rnaseq_normalized/
Sarocladium_terricola	0	NO_READS_FOUND	no non-trivial read file in rnaseq_reads/ or rnaseq_normalized/
Sarocladium_zeae	0	NO_READS_FOUND	no non-trivial read file in rnaseq_reads/ or rnaseq_normalized/
Saturnispora_ahearnii	0	NO_READS_FOUND	no non-trivial read file in rnaseq_reads/ or rnaseq_normalized/
Saturnispora_besseyi	0	NO_READS_FOUND	no non-trivial read file in rnaseq_reads/ or rnaseq_normalized/
Saturnispora_bothae	0	NO_READS_FOUND	no non-trivial read file in rnaseq_reads/ or rnaseq_normalized/
Saturnispora_diversa	0	NO_READS_FOUND	no non-trivial read file in rnaseq_reads/ or rnaseq_normalized/
Saturnispora_galanensis	0	NO_READS_FOUND	no non-trivial read file in rnaseq_reads/ or rnaseq_normalized/
Saturnispora_gosingensis	0	NO_READS_FOUND	no non-trivial read file in rnaseq_reads/ or rnaseq_normalized/
Saturnispora_halmiae	0	NO_READS_FOUND	no non-trivial read file in rnaseq_reads/ or rnaseq_normalized/
Saturnispora_kantuleensis	0	NO_READS_FOUND	no non-trivial read file in rnaseq_reads/ or rnaseq_normalized/
Saturnispora_quitensis	0	NO_READS_FOUND	no non-trivial read file in rnaseq_reads/ or rnaseq_normalized/
Saturnispora_saitoi	0	NO_READS_FOUND	no non-trivial read file in rnaseq_reads/ or rnaseq_normalized/
Saturnispora_sanitii	0	NO_READS_FOUND	no non-trivial read file in rnaseq_reads/ or rnaseq_normalized/
Saturnispora_sekii	0	NO_READS_FOUND	no non-trivial read file in rnaseq_reads/ or rnaseq_normalized/
Saturnispora_serradocipensis	0	NO_READS_FOUND	no non-trivial read file in rnaseq_reads/ or rnaseq_normalized/
Saturnispora_zaruensis	0	NO_READS_FOUND	no non-trivial read file in rnaseq_reads/ or rnaseq_normalized/
Saxispiralis_lemnorum	0	NO_READS_FOUND	no non-trivial read file in rnaseq_reads/ or rnaseq_normalized/
Saxophila_tyrrhenica	0	NO_READS_FOUND	no non-trivial read file in rnaseq_reads/ or rnaseq_normalized/
Scedosporium_boydii	0	NO_READS_FOUND	no non-trivial read file in rnaseq_reads/ or rnaseq_normalized/
Scedosporium_dehoogii	0	NO_READS_FOUND	no non-trivial read file in rnaseq_reads/ or rnaseq_normalized/
Scedosporium_minutisporum	0	NO_READS_FOUND	no non-trivial read file in rnaseq_reads/ or rnaseq_normalized/
Scedosporium_sp._IMV_00882	0	NO_READS_FOUND	no non-trivial read file in rnaseq_reads/ or rnaseq_normalized/
Schaereria_dolodes	0	NO_READS_FOUND	no non-trivial read file in rnaseq_reads/ or rnaseq_normalized/
Scheffersomyces_broadrunensis	0	NO_READS_FOUND	no non-trivial read file in rnaseq_reads/ or rnaseq_normalized/
Scheffersomyces_cryptocercus	0	NO_READS_FOUND	no non-trivial read file in rnaseq_reads/ or rnaseq_normalized/
Scheffersomyces_ergatensis	0	NO_READS_FOUND	no non-trivial read file in rnaseq_reads/ or rnaseq_normalized/
Scheffersomyces_illinoinensis	0	NO_READS_FOUND	no non-trivial read file in rnaseq_reads/ or rnaseq_normalized/
Scheffersomyces_insectosa	0	NO_READS_FOUND	no non-trivial read file in rnaseq_reads/ or rnaseq_normalized/
Scheffersomyces_lignicola	0	NO_READS_FOUND	no non-trivial read file in rnaseq_reads/ or rnaseq_normalized/
Scheffersomyces_lignosus	0	NO_READS_FOUND	no non-trivial read file in rnaseq_reads/ or rnaseq_normalized/
Scheffersomyces_parashehatae	0	NO_READS_FOUND	no non-trivial read file in rnaseq_reads/ or rnaseq_normalized/
Scheffersomyces_quercinus	0	NO_READS_FOUND	no non-trivial read file in rnaseq_reads/ or rnaseq_normalized/
Scheffersomyces_shehatae	0	NO_READS_FOUND	no non-trivial read file in rnaseq_reads/ or rnaseq_normalized/
Scheffersomyces_stambukii	0	NO_READS_FOUND	no non-trivial read file in rnaseq_reads/ or rnaseq_normalized/
Scheffersomyces_titani	0	NO_READS_FOUND	no non-trivial read file in rnaseq_reads/ or rnaseq_normalized/
Scheffersomyces_virginianus	0	NO_READS_FOUND	no non-trivial read file in rnaseq_reads/ or rnaseq_normalized/
Schizophyllum_fasciatum	0	NO_READS_FOUND	no non-trivial read file in rnaseq_reads/ or rnaseq_normalized/
Schizosaccharomyces_lindneri	0	NO_READS_FOUND	no non-trivial read file in rnaseq_reads/ or rnaseq_normalized/
Schizosaccharomyces_octosporus	0	NO_READS_FOUND	no non-trivial read file in rnaseq_reads/ or rnaseq_normalized/
Schizosaccharomyces_versatilis	0	NO_READS_FOUND	no non-trivial read file in rnaseq_reads/ or rnaseq_normalized/
Schizothecium_sp._GE-2024a	0	NO_READS_FOUND	no non-trivial read file in rnaseq_reads/ or rnaseq_normalized/
Schizothecium_sp._GE-2024b	0	NO_READS_FOUND	no non-trivial read file in rnaseq_reads/ or rnaseq_normalized/
Schizothecium_sp._GE-2024c	0	NO_READS_FOUND	no non-trivial read file in rnaseq_reads/ or rnaseq_normalized/
Schizothecium_sp._GE-2024d	0	NO_READS_FOUND	no non-trivial read file in rnaseq_reads/ or rnaseq_normalized/
Schizothecium_sp._GE-2024e	0	NO_READS_FOUND	no non-trivial read file in rnaseq_reads/ or rnaseq_normalized/
Schizothecium_sp._GE-2024f	0	NO_READS_FOUND	no non-trivial read file in rnaseq_reads/ or rnaseq_normalized/
Schizothecium_sp._GE-2024g	0	NO_READS_FOUND	no non-trivial read file in rnaseq_reads/ or rnaseq_normalized/
Schizothecium_sp._GE-2024h	0	NO_READS_FOUND	no non-trivial read file in rnaseq_reads/ or rnaseq_normalized/
Schizothecium_sp._GE-2024i	0	NO_READS_FOUND	no non-trivial read file in rnaseq_reads/ or rnaseq_normalized/
Schizothecium_sp._GE-2024j	0	NO_READS_FOUND	no non-trivial read file in rnaseq_reads/ or rnaseq_normalized/
Schizothecium_sp._GE-2024k	0	NO_READS_FOUND	no non-trivial read file in rnaseq_reads/ or rnaseq_normalized/
Schizothecium_sp._GE-2024l	0	NO_READS_FOUND	no non-trivial read file in rnaseq_reads/ or rnaseq_normalized/
Schizothecium_sp._GE-2024m	0	NO_READS_FOUND	no non-trivial read file in rnaseq_reads/ or rnaseq_normalized/
Schizothecium_sp._GE-2024n	0	NO_READS_FOUND	no non-trivial read file in rnaseq_reads/ or rnaseq_normalized/
Schizothecium_sp._GE-2024o	0	NO_READS_FOUND	no non-trivial read file in rnaseq_reads/ or rnaseq_normalized/
Schizothecium_sp._GE-2024p	0	NO_READS_FOUND	no non-trivial read file in rnaseq_reads/ or rnaseq_normalized/
Schizothecium_sp._GE-2024q	0	NO_READS_FOUND	no non-trivial read file in rnaseq_reads/ or rnaseq_normalized/
Schizothecium_sp._PSN970-sp1	0	NO_READS_FOUND	no non-trivial read file in rnaseq_reads/ or rnaseq_normalized/
Schizothecium_sp._PSN970-sp2	0	NO_READS_FOUND	no non-trivial read file in rnaseq_reads/ or rnaseq_normalized/
Schizothecium_sp._PSN970A-sp1	0	NO_READS_FOUND	no non-trivial read file in rnaseq_reads/ or rnaseq_normalized/
Schizothecium_sp._PSN970A-sp2	0	NO_READS_FOUND	no non-trivial read file in rnaseq_reads/ or rnaseq_normalized/
Schizothecium_sp._PSN986-sp1	0	NO_READS_FOUND	no non-trivial read file in rnaseq_reads/ or rnaseq_normalized/
Schizothecium_sp._PSN986-sp2	0	NO_READS_FOUND	no non-trivial read file in rnaseq_reads/ or rnaseq_normalized/
Schizothecium_sp._PSN986B-spE	0	NO_READS_FOUND	no non-trivial read file in rnaseq_reads/ or rnaseq_normalized/
Schizothecium_sp._PSN986B-spa	0	NO_READS_FOUND	no non-trivial read file in rnaseq_reads/ or rnaseq_normalized/
Schizothecium_sp._R5324	0	NO_READS_FOUND	no non-trivial read file in rnaseq_reads/ or rnaseq_normalized/
Schwanniomyces_capriottii	0	NO_READS_FOUND	no non-trivial read file in rnaseq_reads/ or rnaseq_normalized/
Schwanniomyces_etchellsii	0	NO_READS_FOUND	no non-trivial read file in rnaseq_reads/ or rnaseq_normalized/
Schwanniomyces_occidentalis	0	NO_READS_FOUND	no non-trivial read file in rnaseq_reads/ or rnaseq_normalized/
Schwanniomyces_polymorphus	0	NO_READS_FOUND	no non-trivial read file in rnaseq_reads/ or rnaseq_normalized/
Schwanniomyces_pseudopolymorphus	0	NO_READS_FOUND	no non-trivial read file in rnaseq_reads/ or rnaseq_normalized/
Schwanniomyces_sp._yHRVM31	0	NO_READS_FOUND	no non-trivial read file in rnaseq_reads/ or rnaseq_normalized/
Schwanniomyces_vanrijiae	0	NO_READS_FOUND	no non-trivial read file in rnaseq_reads/ or rnaseq_normalized/
Schwanniomyces_yamadae	0	NO_READS_FOUND	no non-trivial read file in rnaseq_reads/ or rnaseq_normalized/
Scleroderma_bovista	0	NO_READS_FOUND	no non-trivial read file in rnaseq_reads/ or rnaseq_normalized/
Scleroderma_yunnanense	0	NO_READS_FOUND	no non-trivial read file in rnaseq_reads/ or rnaseq_normalized/
Scleromitrula_shiraiana	0	NO_READS_FOUND	no non-trivial read file in rnaseq_reads/ or rnaseq_normalized/
Sclerophora_amabilis	0	NO_READS_FOUND	no non-trivial read file in rnaseq_reads/ or rnaseq_normalized/
Sclerotinia_borealis	0	NO_READS_FOUND	no non-trivial read file in rnaseq_reads/ or rnaseq_normalized/
Sclerotinia_glacialis	0	NO_READS_FOUND	no non-trivial read file in rnaseq_reads/ or rnaseq_normalized/
Sclerotinia_minor	0	NO_READS_FOUND	no non-trivial read file in rnaseq_reads/ or rnaseq_normalized/
Sclerotinia_sativa	0	NO_READS_FOUND	no non-trivial read file in rnaseq_reads/ or rnaseq_normalized/
Sclerotinia_spermophila	0	NO_READS_FOUND	no non-trivial read file in rnaseq_reads/ or rnaseq_normalized/
Sclerotinia_subarctica	0	NO_READS_FOUND	no non-trivial read file in rnaseq_reads/ or rnaseq_normalized/
Sclerotinia_sulcata	0	NO_READS_FOUND	no non-trivial read file in rnaseq_reads/ or rnaseq_normalized/
Sclerotiophoma_versabilis	0	NO_READS_FOUND	no non-trivial read file in rnaseq_reads/ or rnaseq_normalized/
Scolecobasidium_constrictum	0	NO_READS_FOUND	no non-trivial read file in rnaseq_reads/ or rnaseq_normalized/
Scopulariopsis_alboflavescens	0	NO_READS_FOUND	no non-trivial read file in rnaseq_reads/ or rnaseq_normalized/
Scopulariopsis_brevicaulis	0	NO_READS_FOUND	no non-trivial read file in rnaseq_reads/ or rnaseq_normalized/
Scopulariopsis_sp.	0	NO_READS_FOUND	no non-trivial read file in rnaseq_reads/ or rnaseq_normalized/
Scorias_spongiosa	0	NO_READS_FOUND	no non-trivial read file in rnaseq_reads/ or rnaseq_normalized/
Scortechinia_acanthostroma	0	NO_READS_FOUND	no non-trivial read file in rnaseq_reads/ or rnaseq_normalized/
Scytalidium_lignicola	0	NO_READS_FOUND	no non-trivial read file in rnaseq_reads/ or rnaseq_normalized/
Scytalidium_sp._3C	0	NO_READS_FOUND	no non-trivial read file in rnaseq_reads/ or rnaseq_normalized/
Secondus_fungus	0	NO_READS_FOUND	no non-trivial read file in rnaseq_reads/ or rnaseq_normalized/
Seiridium_cardinale	0	NO_READS_FOUND	no non-trivial read file in rnaseq_reads/ or rnaseq_normalized/
Seiridium_cupressi	0	NO_READS_FOUND	no non-trivial read file in rnaseq_reads/ or rnaseq_normalized/
Seiridium_kartense	0	NO_READS_FOUND	no non-trivial read file in rnaseq_reads/ or rnaseq_normalized/
Seiridium_mearnsii	0	NO_READS_FOUND	no non-trivial read file in rnaseq_reads/ or rnaseq_normalized/
Seiridium_rouxiae	0	NO_READS_FOUND	no non-trivial read file in rnaseq_reads/ or rnaseq_normalized/
Seiridium_sp._T77207-1	0	NO_READS_FOUND	no non-trivial read file in rnaseq_reads/ or rnaseq_normalized/
Seiridium_unicorne	0	NO_READS_FOUND	no non-trivial read file in rnaseq_reads/ or rnaseq_normalized/
Seirophora_lacunosa	0	NO_READS_FOUND	no non-trivial read file in rnaseq_reads/ or rnaseq_normalized/
Seirophora_scorigena	0	NO_READS_FOUND	no non-trivial read file in rnaseq_reads/ or rnaseq_normalized/
Seirophora_villosa	0	NO_READS_FOUND	no non-trivial read file in rnaseq_reads/ or rnaseq_normalized/
Septoria_astericola	0	NO_READS_FOUND	no non-trivial read file in rnaseq_reads/ or rnaseq_normalized/
Septoria_glycines	0	NO_READS_FOUND	no non-trivial read file in rnaseq_reads/ or rnaseq_normalized/
Septoria_linicola	0	NO_READS_FOUND	no non-trivial read file in rnaseq_reads/ or rnaseq_normalized/
Septoria_lycopersici	0	NO_READS_FOUND	no non-trivial read file in rnaseq_reads/ or rnaseq_normalized/
Septoria_petroselini	0	NO_READS_FOUND	no non-trivial read file in rnaseq_reads/ or rnaseq_normalized/
Septoriella_neoarundinis	0	NO_READS_FOUND	no non-trivial read file in rnaseq_reads/ or rnaseq_normalized/
Serendipita_indica	0	NO_READS_FOUND	no non-trivial read file in rnaseq_reads/ or rnaseq_normalized/
Serendipita_sp._396	0	NO_READS_FOUND	no non-trivial read file in rnaseq_reads/ or rnaseq_normalized/
Serendipita_sp._397	0	NO_READS_FOUND	no non-trivial read file in rnaseq_reads/ or rnaseq_normalized/
Serendipita_sp._398	0	NO_READS_FOUND	no non-trivial read file in rnaseq_reads/ or rnaseq_normalized/
Serendipita_sp._399	0	NO_READS_FOUND	no non-trivial read file in rnaseq_reads/ or rnaseq_normalized/
Serendipita_sp._401	0	NO_READS_FOUND	no non-trivial read file in rnaseq_reads/ or rnaseq_normalized/
Serendipita_vermifera	0	NO_READS_FOUND	no non-trivial read file in rnaseq_reads/ or rnaseq_normalized/
Serpula_lacrymans	0	NO_READS_FOUND	no non-trivial read file in rnaseq_reads/ or rnaseq_normalized/
Sertulicium_niveocremeum	0	NO_READS_FOUND	no non-trivial read file in rnaseq_reads/ or rnaseq_normalized/
Setomelanomma_holmii	0	NO_READS_FOUND	no non-trivial read file in rnaseq_reads/ or rnaseq_normalized/
Shiraia_sp._slf14	0	NO_READS_FOUND	no non-trivial read file in rnaseq_reads/ or rnaseq_normalized/
Simplicillium_lanosoniveum	0	NO_READS_FOUND	no non-trivial read file in rnaseq_reads/ or rnaseq_normalized/
Simplicillium_sp._C3G150-2	0	NO_READS_FOUND	no non-trivial read file in rnaseq_reads/ or rnaseq_normalized/
Simplicillium_subtropicum	0	NO_READS_FOUND	no non-trivial read file in rnaseq_reads/ or rnaseq_normalized/
Singerocomus_inundabilis	0	NO_READS_FOUND	no non-trivial read file in rnaseq_reads/ or rnaseq_normalized/
Singerocomus_rubriflavus	0	NO_READS_FOUND	no non-trivial read file in rnaseq_reads/ or rnaseq_normalized/
Siphonaria_sp._JEL0065	0	NO_READS_FOUND	no non-trivial read file in rnaseq_reads/ or rnaseq_normalized/
Sistotremastrum_suecicum	0	NO_READS_FOUND	no non-trivial read file in rnaseq_reads/ or rnaseq_normalized/
Smittium_angustum	0	NO_READS_FOUND	no non-trivial read file in rnaseq_reads/ or rnaseq_normalized/
Smittium_culicis	0	NO_READS_FOUND	no non-trivial read file in rnaseq_reads/ or rnaseq_normalized/
Smittium_megazygosporum	0	NO_READS_FOUND	no non-trivial read file in rnaseq_reads/ or rnaseq_normalized/
Smittium_mucronatum	0	NO_READS_FOUND	no non-trivial read file in rnaseq_reads/ or rnaseq_normalized/
Smittium_simulii	0	NO_READS_FOUND	no non-trivial read file in rnaseq_reads/ or rnaseq_normalized/
Sodiomyces_alcalophilus	0	NO_READS_FOUND	no non-trivial read file in rnaseq_reads/ or rnaseq_normalized/
Sodiomyces_alkalinus	0	NO_READS_FOUND	no non-trivial read file in rnaseq_reads/ or rnaseq_normalized/
Solicoccozyma_phenolica	0	NO_READS_FOUND	no non-trivial read file in rnaseq_reads/ or rnaseq_normalized/
Solioccasus_polychromus	0	NO_READS_FOUND	no non-trivial read file in rnaseq_reads/ or rnaseq_normalized/
Solorina_crocea	0	NO_READS_FOUND	no non-trivial read file in rnaseq_reads/ or rnaseq_normalized/
Sordaria_macrospora	0	NO_READS_FOUND	no non-trivial read file in rnaseq_reads/ or rnaseq_normalized/
Sordariomycetes_sp.	0	NO_READS_FOUND	no non-trivial read file in rnaseq_reads/ or rnaseq_normalized/
Sordariomycetes_sp._B11D1	0	NO_READS_FOUND	no non-trivial read file in rnaseq_reads/ or rnaseq_normalized/
Sordariomycetes_sp._M70-01Q	0	NO_READS_FOUND	no non-trivial read file in rnaseq_reads/ or rnaseq_normalized/
Sordariomycetes_sp._QZ-2024a	0	NO_READS_FOUND	no non-trivial read file in rnaseq_reads/ or rnaseq_normalized/
Sordariomycetes_sp._R4601	0	NO_READS_FOUND	no non-trivial read file in rnaseq_reads/ or rnaseq_normalized/
Sordariomycetes_sp._S4602	0	NO_READS_FOUND	no non-trivial read file in rnaseq_reads/ or rnaseq_normalized/
Sordariomycetes_sp._S80-01Y	0	NO_READS_FOUND	no non-trivial read file in rnaseq_reads/ or rnaseq_normalized/
Sordariomycetidae_sp.	0	NO_READS_FOUND	no non-trivial read file in rnaseq_reads/ or rnaseq_normalized/
Sorochytrium_milnesiophthora	0	NO_READS_FOUND	no non-trivial read file in rnaseq_reads/ or rnaseq_normalized/
Soucietia_sequanensis	0	NO_READS_FOUND	no non-trivial read file in rnaseq_reads/ or rnaseq_normalized/
Sparassis_crispa	0	NO_READS_FOUND	no non-trivial read file in rnaseq_reads/ or rnaseq_normalized/
Spathaspora_arborariae	0	NO_READS_FOUND	no non-trivial read file in rnaseq_reads/ or rnaseq_normalized/
Spathaspora_girioi	0	NO_READS_FOUND	no non-trivial read file in rnaseq_reads/ or rnaseq_normalized/
Spathaspora_jeffriesii	0	NO_READS_FOUND	no non-trivial read file in rnaseq_reads/ or rnaseq_normalized/
Spathaspora_sp._JA1	0	NO_READS_FOUND	no non-trivial read file in rnaseq_reads/ or rnaseq_normalized/
Spathaspora_sp._P7602	0	NO_READS_FOUND	no non-trivial read file in rnaseq_reads/ or rnaseq_normalized/
Spathaspora_sp._UFMG-CM-Y285	0	NO_READS_FOUND	no non-trivial read file in rnaseq_reads/ or rnaseq_normalized/
Spencermartinsiella_cellulosicola	0	NO_READS_FOUND	no non-trivial read file in rnaseq_reads/ or rnaseq_normalized/
Spencermartinsiella_europaea	0	NO_READS_FOUND	no non-trivial read file in rnaseq_reads/ or rnaseq_normalized/
Spencermartinsiella_ligniputridi	0	NO_READS_FOUND	no non-trivial read file in rnaseq_reads/ or rnaseq_normalized/
Spencermartinsiella_sp._UFMG-CM-Y3197	0	NO_READS_FOUND	no non-trivial read file in rnaseq_reads/ or rnaseq_normalized/
Sphaceloma_murrayae	0	NO_READS_FOUND	no non-trivial read file in rnaseq_reads/ or rnaseq_normalized/
Sphaerellopsis_filum	0	NO_READS_FOUND	no non-trivial read file in rnaseq_reads/ or rnaseq_normalized/
Sphaerobolus_stellatus	0	NO_READS_FOUND	no non-trivial read file in rnaseq_reads/ or rnaseq_normalized/
Sphaerostilbella_broomeana	0	NO_READS_FOUND	no non-trivial read file in rnaseq_reads/ or rnaseq_normalized/
Sphaerulina_populicola	0	NO_READS_FOUND	no non-trivial read file in rnaseq_reads/ or rnaseq_normalized/
Sphaerulina_vaccinii	0	NO_READS_FOUND	no non-trivial read file in rnaseq_reads/ or rnaseq_normalized/
Sphagnurus_paluster	0	NO_READS_FOUND	no non-trivial read file in rnaseq_reads/ or rnaseq_normalized/
Spiromastix_sp._SCSIO_F190	0	NO_READS_FOUND	no non-trivial read file in rnaseq_reads/ or rnaseq_normalized/
Spiromyces_aspiralis	0	NO_READS_FOUND	no non-trivial read file in rnaseq_reads/ or rnaseq_normalized/
Spizellomyces_punctatus	0	NO_READS_FOUND	no non-trivial read file in rnaseq_reads/ or rnaseq_normalized/
Spizellomyces_sp._palustris	0	NO_READS_FOUND	no non-trivial read file in rnaseq_reads/ or rnaseq_normalized/
Spongiforma_cf._squarepantsii	0	NO_READS_FOUND	no non-trivial read file in rnaseq_reads/ or rnaseq_normalized/
Spongispora_temasekensis	0	NO_READS_FOUND	no non-trivial read file in rnaseq_reads/ or rnaseq_normalized/
Sporendonema_sp.	0	NO_READS_FOUND	no non-trivial read file in rnaseq_reads/ or rnaseq_normalized/
Sporidiobolaceae_sp.	0	NO_READS_FOUND	no non-trivial read file in rnaseq_reads/ or rnaseq_normalized/
Sporisorium_exsertum	0	NO_READS_FOUND	no non-trivial read file in rnaseq_reads/ or rnaseq_normalized/
Sporisorium_iseilematis-ciliati	0	NO_READS_FOUND	no non-trivial read file in rnaseq_reads/ or rnaseq_normalized/
Sporisorium_reilianum	0	NO_READS_FOUND	no non-trivial read file in rnaseq_reads/ or rnaseq_normalized/
Sporisorium_sorghi	0	NO_READS_FOUND	no non-trivial read file in rnaseq_reads/ or rnaseq_normalized/
Sporobolomyces_blumeae	0	NO_READS_FOUND	no non-trivial read file in rnaseq_reads/ or rnaseq_normalized/
Sporobolomyces_carnicolor	0	NO_READS_FOUND	no non-trivial read file in rnaseq_reads/ or rnaseq_normalized/
Sporobolomyces_johnsonii	0	NO_READS_FOUND	no non-trivial read file in rnaseq_reads/ or rnaseq_normalized/
Sporobolomyces_koalae	0	NO_READS_FOUND	no non-trivial read file in rnaseq_reads/ or rnaseq_normalized/
Sporobolomyces_phaffii	0	NO_READS_FOUND	no non-trivial read file in rnaseq_reads/ or rnaseq_normalized/
Sporobolomyces_ruberrimus	0	NO_READS_FOUND	no non-trivial read file in rnaseq_reads/ or rnaseq_normalized/
Sporobolomyces_salmoneus	0	NO_READS_FOUND	no non-trivial read file in rnaseq_reads/ or rnaseq_normalized/
Sporobolomyces_salmonicolor	0	NO_READS_FOUND	no non-trivial read file in rnaseq_reads/ or rnaseq_normalized/
Sporopachydermia_cereana	0	NO_READS_FOUND	no non-trivial read file in rnaseq_reads/ or rnaseq_normalized/
Sporopachydermia_quercuum	0	NO_READS_FOUND	no non-trivial read file in rnaseq_reads/ or rnaseq_normalized/
Sporothrix_bragantina	0	NO_READS_FOUND	no non-trivial read file in rnaseq_reads/ or rnaseq_normalized/
Sporothrix_brasiliensis	0	NO_READS_FOUND	no non-trivial read file in rnaseq_reads/ or rnaseq_normalized/
Sporothrix_brunneoviolacea	0	NO_READS_FOUND	no non-trivial read file in rnaseq_reads/ or rnaseq_normalized/
Sporothrix_cf._nigrograna	0	NO_READS_FOUND	no non-trivial read file in rnaseq_reads/ or rnaseq_normalized/
Sporothrix_curviconia	0	NO_READS_FOUND	no non-trivial read file in rnaseq_reads/ or rnaseq_normalized/
Sporothrix_dimorphospora	0	NO_READS_FOUND	no non-trivial read file in rnaseq_reads/ or rnaseq_normalized/
Sporothrix_epigloea	0	NO_READS_FOUND	no non-trivial read file in rnaseq_reads/ or rnaseq_normalized/
Sporothrix_eucalyptigena	0	NO_READS_FOUND	no non-trivial read file in rnaseq_reads/ or rnaseq_normalized/
Sporothrix_euskadiensis	0	NO_READS_FOUND	no non-trivial read file in rnaseq_reads/ or rnaseq_normalized/
Sporothrix_humicola	0	NO_READS_FOUND	no non-trivial read file in rnaseq_reads/ or rnaseq_normalized/
Sporothrix_inflata	0	NO_READS_FOUND	no non-trivial read file in rnaseq_reads/ or rnaseq_normalized/
Sporothrix_luriei	0	NO_READS_FOUND	no non-trivial read file in rnaseq_reads/ or rnaseq_normalized/
Sporothrix_mexicana	0	NO_READS_FOUND	no non-trivial read file in rnaseq_reads/ or rnaseq_normalized/
Sporothrix_pallida	0	NO_READS_FOUND	no non-trivial read file in rnaseq_reads/ or rnaseq_normalized/
Sporothrix_phasma	0	NO_READS_FOUND	no non-trivial read file in rnaseq_reads/ or rnaseq_normalized/
Sporothrix_protearum	0	NO_READS_FOUND	no non-trivial read file in rnaseq_reads/ or rnaseq_normalized/
Sporothrix_pseudoabietina	0	NO_READS_FOUND	no non-trivial read file in rnaseq_reads/ or rnaseq_normalized/
Sporothrix_sp._FH-2023a	0	NO_READS_FOUND	no non-trivial read file in rnaseq_reads/ or rnaseq_normalized/
Sporothrix_stenoceras	0	NO_READS_FOUND	no non-trivial read file in rnaseq_reads/ or rnaseq_normalized/
Sporothrix_thermara	0	NO_READS_FOUND	no non-trivial read file in rnaseq_reads/ or rnaseq_normalized/
Sporothrix_variecibatus	0	NO_READS_FOUND	no non-trivial read file in rnaseq_reads/ or rnaseq_normalized/
Squamulea_sp._1_TL-2023	0	NO_READS_FOUND	no non-trivial read file in rnaseq_reads/ or rnaseq_normalized/
Squamulea_squamosa	0	NO_READS_FOUND	no non-trivial read file in rnaseq_reads/ or rnaseq_normalized/
Stachybotrys_chartarum	0	NO_READS_FOUND	no non-trivial read file in rnaseq_reads/ or rnaseq_normalized/
Stachybotrys_chlorohalonatus	0	NO_READS_FOUND	no non-trivial read file in rnaseq_reads/ or rnaseq_normalized/
Stachybotrys_echinatus	0	NO_READS_FOUND	no non-trivial read file in rnaseq_reads/ or rnaseq_normalized/
Stachybotrys_microspora	0	NO_READS_FOUND	no non-trivial read file in rnaseq_reads/ or rnaseq_normalized/
Stagonosporopsis_chrysanthemi	0	NO_READS_FOUND	no non-trivial read file in rnaseq_reads/ or rnaseq_normalized/
Stagonosporopsis_tanaceti	0	NO_READS_FOUND	no non-trivial read file in rnaseq_reads/ or rnaseq_normalized/
Stagonosporopsis_vannaccii	0	NO_READS_FOUND	no non-trivial read file in rnaseq_reads/ or rnaseq_normalized/
Staphylotrichum_longicolle	0	NO_READS_FOUND	no non-trivial read file in rnaseq_reads/ or rnaseq_normalized/
Staphylotrichum_tortipilum	0	NO_READS_FOUND	no non-trivial read file in rnaseq_reads/ or rnaseq_normalized/
Starmera_amethionina	0	NO_READS_FOUND	no non-trivial read file in rnaseq_reads/ or rnaseq_normalized/
Starmera_caribaea	0	NO_READS_FOUND	no non-trivial read file in rnaseq_reads/ or rnaseq_normalized/
Starmera_pachycereana	0	NO_READS_FOUND	no non-trivial read file in rnaseq_reads/ or rnaseq_normalized/
Starmera_stellimalicola	0	NO_READS_FOUND	no non-trivial read file in rnaseq_reads/ or rnaseq_normalized/
Starmerella_asiatica	0	NO_READS_FOUND	no non-trivial read file in rnaseq_reads/ or rnaseq_normalized/
Starmerella_batistae	0	NO_READS_FOUND	no non-trivial read file in rnaseq_reads/ or rnaseq_normalized/
Starmerella_bombi	0	NO_READS_FOUND	no non-trivial read file in rnaseq_reads/ or rnaseq_normalized/
Starmerella_cellae	0	NO_READS_FOUND	no non-trivial read file in rnaseq_reads/ or rnaseq_normalized/
Starmerella_davenportii	0	NO_READS_FOUND	no non-trivial read file in rnaseq_reads/ or rnaseq_normalized/
Starmerella_floris	0	NO_READS_FOUND	no non-trivial read file in rnaseq_reads/ or rnaseq_normalized/
Starmerella_khaoyaiensis	0	NO_READS_FOUND	no non-trivial read file in rnaseq_reads/ or rnaseq_normalized/
Starmerella_kuoi	0	NO_READS_FOUND	no non-trivial read file in rnaseq_reads/ or rnaseq_normalized/
Starmerella_lactis-condensi	0	NO_READS_FOUND	no non-trivial read file in rnaseq_reads/ or rnaseq_normalized/
Starmerella_powellii	0	NO_READS_FOUND	no non-trivial read file in rnaseq_reads/ or rnaseq_normalized/
Starmerella_ratchasimensis	0	NO_READS_FOUND	no non-trivial read file in rnaseq_reads/ or rnaseq_normalized/
Starmerella_riodocensis	0	NO_READS_FOUND	no non-trivial read file in rnaseq_reads/ or rnaseq_normalized/
Starmerella_roubikii	0	NO_READS_FOUND	no non-trivial read file in rnaseq_reads/ or rnaseq_normalized/
Starmerella_scarabaei	0	NO_READS_FOUND	no non-trivial read file in rnaseq_reads/ or rnaseq_normalized/
Starmerella_sirachaensis	0	NO_READS_FOUND	no non-trivial read file in rnaseq_reads/ or rnaseq_normalized/
Starmerella_stellata	0	NO_READS_FOUND	no non-trivial read file in rnaseq_reads/ or rnaseq_normalized/
Starmerella_stigmatis	0	NO_READS_FOUND	no non-trivial read file in rnaseq_reads/ or rnaseq_normalized/
Starmerella_vitae	0	NO_READS_FOUND	no non-trivial read file in rnaseq_reads/ or rnaseq_normalized/
Steccherinum_ochraceum	0	NO_READS_FOUND	no non-trivial read file in rnaseq_reads/ or rnaseq_normalized/
Stemphylium_beticola	0	NO_READS_FOUND	no non-trivial read file in rnaseq_reads/ or rnaseq_normalized/
Stemphylium_sp._Aa22	0	NO_READS_FOUND	no non-trivial read file in rnaseq_reads/ or rnaseq_normalized/
Stereocaulon_alpinum	0	NO_READS_FOUND	no non-trivial read file in rnaseq_reads/ or rnaseq_normalized/
Stereocaulon_dactylophyllum	0	NO_READS_FOUND	no non-trivial read file in rnaseq_reads/ or rnaseq_normalized/
Stereum_hirsutum	0	NO_READS_FOUND	no non-trivial read file in rnaseq_reads/ or rnaseq_normalized/
Sterigmatomyces_hyphaenes	0	NO_READS_FOUND	no non-trivial read file in rnaseq_reads/ or rnaseq_normalized/
Sticta_canariensis	0	NO_READS_FOUND	no non-trivial read file in rnaseq_reads/ or rnaseq_normalized/
Sticta_sp._Lendemer_47364_NY-2795562	0	NO_READS_FOUND	no non-trivial read file in rnaseq_reads/ or rnaseq_normalized/
Stictis_urceolata	0	NO_READS_FOUND	no non-trivial read file in rnaseq_reads/ or rnaseq_normalized/
Strobilomyces_confusus	0	NO_READS_FOUND	no non-trivial read file in rnaseq_reads/ or rnaseq_normalized/
Strobilomyces_dryophilus	0	NO_READS_FOUND	no non-trivial read file in rnaseq_reads/ or rnaseq_normalized/
Strobilomyces_echinocephalus	0	NO_READS_FOUND	no non-trivial read file in rnaseq_reads/ or rnaseq_normalized/
Strobilomyces_sp._TRTC157183	0	NO_READS_FOUND	no non-trivial read file in rnaseq_reads/ or rnaseq_normalized/
Strobilurus_luchuensis	0	NO_READS_FOUND	no non-trivial read file in rnaseq_reads/ or rnaseq_normalized/
Strobilurus_orientalis	0	NO_READS_FOUND	no non-trivial read file in rnaseq_reads/ or rnaseq_normalized/
Strobilurus_pachycystidiatus	0	NO_READS_FOUND	no non-trivial read file in rnaseq_reads/ or rnaseq_normalized/
Strobilurus_stephanocystis	0	NO_READS_FOUND	no non-trivial read file in rnaseq_reads/ or rnaseq_normalized/
Stropharia_atroferruginea	0	NO_READS_FOUND	no non-trivial read file in rnaseq_reads/ or rnaseq_normalized/
Stropharia_lignicola	0	NO_READS_FOUND	no non-trivial read file in rnaseq_reads/ or rnaseq_normalized/
Stygiomarasmius_scandens	0	NO_READS_FOUND	no non-trivial read file in rnaseq_reads/ or rnaseq_normalized/
Stylonectria_norvegica	0	NO_READS_FOUND	no non-trivial read file in rnaseq_reads/ or rnaseq_normalized/
Stylopage_hadra	0	NO_READS_FOUND	no non-trivial read file in rnaseq_reads/ or rnaseq_normalized/
Sugiyamaella_boreocaroliniensis	0	NO_READS_FOUND	no non-trivial read file in rnaseq_reads/ or rnaseq_normalized/
Sugiyamaella_casensis	0	NO_READS_FOUND	no non-trivial read file in rnaseq_reads/ or rnaseq_normalized/
Sugiyamaella_castrensis	0	NO_READS_FOUND	no non-trivial read file in rnaseq_reads/ or rnaseq_normalized/
Sugiyamaella_chiloensis	0	NO_READS_FOUND	no non-trivial read file in rnaseq_reads/ or rnaseq_normalized/
Sugiyamaella_floridensis	0	NO_READS_FOUND	no non-trivial read file in rnaseq_reads/ or rnaseq_normalized/
Sugiyamaella_grinbergsii	0	NO_READS_FOUND	no non-trivial read file in rnaseq_reads/ or rnaseq_normalized/
Sugiyamaella_japonica	0	NO_READS_FOUND	no non-trivial read file in rnaseq_reads/ or rnaseq_normalized/
Sugiyamaella_lignohabitans	0	NO_READS_FOUND	no non-trivial read file in rnaseq_reads/ or rnaseq_normalized/
Sugiyamaella_marilandica	0	NO_READS_FOUND	no non-trivial read file in rnaseq_reads/ or rnaseq_normalized/
Sugiyamaella_marionensis	0	NO_READS_FOUND	no non-trivial read file in rnaseq_reads/ or rnaseq_normalized/
Sugiyamaella_mastotermitis	0	NO_READS_FOUND	no non-trivial read file in rnaseq_reads/ or rnaseq_normalized/
Sugiyamaella_neomexicana	0	NO_READS_FOUND	no non-trivial read file in rnaseq_reads/ or rnaseq_normalized/
Sugiyamaella_novakii	0	NO_READS_FOUND	no non-trivial read file in rnaseq_reads/ or rnaseq_normalized/
Sugiyamaella_paludigena	0	NO_READS_FOUND	no non-trivial read file in rnaseq_reads/ or rnaseq_normalized/
Sugiyamaella_pinicola	0	NO_READS_FOUND	no non-trivial read file in rnaseq_reads/ or rnaseq_normalized/
Sugiyamaella_qingdaonensis	0	NO_READS_FOUND	no non-trivial read file in rnaseq_reads/ or rnaseq_normalized/
Sugiyamaella_smithiae	0	NO_READS_FOUND	no non-trivial read file in rnaseq_reads/ or rnaseq_normalized/
Sugiyamaella_sp._LJX2-8	0	NO_READS_FOUND	no non-trivial read file in rnaseq_reads/ or rnaseq_normalized/
Sugiyamaella_sp._yHKS617	0	NO_READS_FOUND	no non-trivial read file in rnaseq_reads/ or rnaseq_normalized/
Sugiyamaella_valdiviana	0	NO_READS_FOUND	no non-trivial read file in rnaseq_reads/ or rnaseq_normalized/
Sugiyamaella_xylanicola	0	NO_READS_FOUND	no non-trivial read file in rnaseq_reads/ or rnaseq_normalized/
Suhomyces_ambrosiae	0	NO_READS_FOUND	no non-trivial read file in rnaseq_reads/ or rnaseq_normalized/
Suhomyces_anneliseae	0	NO_READS_FOUND	no non-trivial read file in rnaseq_reads/ or rnaseq_normalized/
Suhomyces_atakaporum	0	NO_READS_FOUND	no non-trivial read file in rnaseq_reads/ or rnaseq_normalized/
Suhomyces_bokatorum	0	NO_READS_FOUND	no non-trivial read file in rnaseq_reads/ or rnaseq_normalized/
Suhomyces_bolitotheri	0	NO_READS_FOUND	no non-trivial read file in rnaseq_reads/ or rnaseq_normalized/
Suhomyces_bribrorum	0	NO_READS_FOUND	no non-trivial read file in rnaseq_reads/ or rnaseq_normalized/
Suhomyces_canberraensis	0	NO_READS_FOUND	no non-trivial read file in rnaseq_reads/ or rnaseq_normalized/
Suhomyces_caryicola	0	NO_READS_FOUND	no non-trivial read file in rnaseq_reads/ or rnaseq_normalized/
Suhomyces_chickasaworum	0	NO_READS_FOUND	no non-trivial read file in rnaseq_reads/ or rnaseq_normalized/
Suhomyces_choctaworum	0	NO_READS_FOUND	no non-trivial read file in rnaseq_reads/ or rnaseq_normalized/
Suhomyces_coccinellae	0	NO_READS_FOUND	no non-trivial read file in rnaseq_reads/ or rnaseq_normalized/
Suhomyces_emberorum	0	NO_READS_FOUND	no non-trivial read file in rnaseq_reads/ or rnaseq_normalized/
Suhomyces_faveliae	0	NO_READS_FOUND	no non-trivial read file in rnaseq_reads/ or rnaseq_normalized/
Suhomyces_guaymorum	0	NO_READS_FOUND	no non-trivial read file in rnaseq_reads/ or rnaseq_normalized/
Suhomyces_kilbournensis	0	NO_READS_FOUND	no non-trivial read file in rnaseq_reads/ or rnaseq_normalized/
Suhomyces_kunorum	0	NO_READS_FOUND	no non-trivial read file in rnaseq_reads/ or rnaseq_normalized/
Suhomyces_maxii	0	NO_READS_FOUND	no non-trivial read file in rnaseq_reads/ or rnaseq_normalized/
Suhomyces_panamericanus	0	NO_READS_FOUND	no non-trivial read file in rnaseq_reads/ or rnaseq_normalized/
Suhomyces_prunicola	0	NO_READS_FOUND	no non-trivial read file in rnaseq_reads/ or rnaseq_normalized/
Suhomyces_pyralidae	0	NO_READS_FOUND	no non-trivial read file in rnaseq_reads/ or rnaseq_normalized/
Suhomyces_sp._yHKS641	0	NO_READS_FOUND	no non-trivial read file in rnaseq_reads/ or rnaseq_normalized/
Suhomyces_sp._yHMH580	0	NO_READS_FOUND	no non-trivial read file in rnaseq_reads/ or rnaseq_normalized/
Suhomyces_sp._yHQL142	0	NO_READS_FOUND	no non-trivial read file in rnaseq_reads/ or rnaseq_normalized/
Suhomyces_taliae	0	NO_READS_FOUND	no non-trivial read file in rnaseq_reads/ or rnaseq_normalized/
Suhomyces_tanzawaensis	0	NO_READS_FOUND	no non-trivial read file in rnaseq_reads/ or rnaseq_normalized/
Suhomyces_terraborum	0	NO_READS_FOUND	no non-trivial read file in rnaseq_reads/ or rnaseq_normalized/
Suhomyces_tibetensis	0	NO_READS_FOUND	no non-trivial read file in rnaseq_reads/ or rnaseq_normalized/
Suhomyces_vadensis	0	NO_READS_FOUND	no non-trivial read file in rnaseq_reads/ or rnaseq_normalized/
Suhomyces_wounanorum	0	NO_READS_FOUND	no non-trivial read file in rnaseq_reads/ or rnaseq_normalized/
Suhomyces_xylopsoci	0	NO_READS_FOUND	no non-trivial read file in rnaseq_reads/ or rnaseq_normalized/
Suhomyces_yuchorum	0	NO_READS_FOUND	no non-trivial read file in rnaseq_reads/ or rnaseq_normalized/
Suillus_alpinus	0	NO_READS_FOUND	no non-trivial read file in rnaseq_reads/ or rnaseq_normalized/
Suillus_luteus	0	NO_READS_FOUND	no non-trivial read file in rnaseq_reads/ or rnaseq_normalized/
Suillus_sp._MG131	0	NO_READS_FOUND	no non-trivial read file in rnaseq_reads/ or rnaseq_normalized/
Sulcaria_badia	0	NO_READS_FOUND	no non-trivial read file in rnaseq_reads/ or rnaseq_normalized/
Sungouiella_berkhoutiae	0	NO_READS_FOUND	no non-trivial read file in rnaseq_reads/ or rnaseq_normalized/
Sungouiella_blattae	0	NO_READS_FOUND	no non-trivial read file in rnaseq_reads/ or rnaseq_normalized/
Sungouiella_dosseyi	0	NO_READS_FOUND	no non-trivial read file in rnaseq_reads/ or rnaseq_normalized/
Sungouiella_ecuadorensis	0	NO_READS_FOUND	no non-trivial read file in rnaseq_reads/ or rnaseq_normalized/
Sungouiella_ezoensis	0	NO_READS_FOUND	no non-trivial read file in rnaseq_reads/ or rnaseq_normalized/
Sungouiella_flosculorum	0	NO_READS_FOUND	no non-trivial read file in rnaseq_reads/ or rnaseq_normalized/
Sungouiella_inulinophila	0	NO_READS_FOUND	no non-trivial read file in rnaseq_reads/ or rnaseq_normalized/
Sungouiella_middelhoveniana	0	NO_READS_FOUND	no non-trivial read file in rnaseq_reads/ or rnaseq_normalized/
Sungouiella_pseudoflosculorum	0	NO_READS_FOUND	no non-trivial read file in rnaseq_reads/ or rnaseq_normalized/
Sungouiella_pseudointermedia	0	NO_READS_FOUND	no non-trivial read file in rnaseq_reads/ or rnaseq_normalized/
Sungouiella_sharkensis	0	NO_READS_FOUND	no non-trivial read file in rnaseq_reads/ or rnaseq_normalized/
Sungouiella_suratensis	0	NO_READS_FOUND	no non-trivial read file in rnaseq_reads/ or rnaseq_normalized/
Sungouiella_thailandica	0	NO_READS_FOUND	no non-trivial read file in rnaseq_reads/ or rnaseq_normalized/
Sungouiella_tsuchiyae	0	NO_READS_FOUND	no non-trivial read file in rnaseq_reads/ or rnaseq_normalized/
Sungouiella_xylosa	0	NO_READS_FOUND	no non-trivial read file in rnaseq_reads/ or rnaseq_normalized/
Sungouiozyma_ichnusensis	0	NO_READS_FOUND	no non-trivial read file in rnaseq_reads/ or rnaseq_normalized/
Sungouiozyma_intestinalis	0	NO_READS_FOUND	no non-trivial read file in rnaseq_reads/ or rnaseq_normalized/
Sutorius_aff._eximius	0	NO_READS_FOUND	no non-trivial read file in rnaseq_reads/ or rnaseq_normalized/
Sutorius_australiensis	0	NO_READS_FOUND	no non-trivial read file in rnaseq_reads/ or rnaseq_normalized/
Sutorius_eximius	0	NO_READS_FOUND	no non-trivial read file in rnaseq_reads/ or rnaseq_normalized/
Sutorius_sp._TRTC168204	0	NO_READS_FOUND	no non-trivial read file in rnaseq_reads/ or rnaseq_normalized/
Suzukiozyma_candida	0	NO_READS_FOUND	no non-trivial read file in rnaseq_reads/ or rnaseq_normalized/
Suzukiozyma_fluviatilis	0	NO_READS_FOUND	no non-trivial read file in rnaseq_reads/ or rnaseq_normalized/
Suzukiozyma_glaebosa	0	NO_READS_FOUND	no non-trivial read file in rnaseq_reads/ or rnaseq_normalized/
Suzukiozyma_manassasensis	0	NO_READS_FOUND	no non-trivial read file in rnaseq_reads/ or rnaseq_normalized/
Suzukiozyma_palmioleophila	0	NO_READS_FOUND	no non-trivial read file in rnaseq_reads/ or rnaseq_normalized/
Suzukiozyma_pseudoglaebosa	0	NO_READS_FOUND	no non-trivial read file in rnaseq_reads/ or rnaseq_normalized/
Suzukiozyma_sphagnicola	0	NO_READS_FOUND	no non-trivial read file in rnaseq_reads/ or rnaseq_normalized/
Symbiotaphrina_buchneri	0	NO_READS_FOUND	no non-trivial read file in rnaseq_reads/ or rnaseq_normalized/
Symmetrospora_coprosmae	0	NO_READS_FOUND	no non-trivial read file in rnaseq_reads/ or rnaseq_normalized/
Symmetrospora_sp._CLIB4444	0	NO_READS_FOUND	no non-trivial read file in rnaseq_reads/ or rnaseq_normalized/
Sympodiomycopsis_paphiopedili	0	NO_READS_FOUND	no non-trivial read file in rnaseq_reads/ or rnaseq_normalized/
Syncephalastrum_contaminatum	0	NO_READS_FOUND	no non-trivial read file in rnaseq_reads/ or rnaseq_normalized/
Syncephalastrum_monosporum	0	NO_READS_FOUND	no non-trivial read file in rnaseq_reads/ or rnaseq_normalized/
Syncephalastrum_sp._PYS2702	0	NO_READS_FOUND	no non-trivial read file in rnaseq_reads/ or rnaseq_normalized/
Syncephalastrum_sp._PYS2703	0	NO_READS_FOUND	no non-trivial read file in rnaseq_reads/ or rnaseq_normalized/
Syncephalis_fuscata	0	NO_READS_FOUND	no non-trivial read file in rnaseq_reads/ or rnaseq_normalized/
Syncephalis_pseudoplumigaleata	0	NO_READS_FOUND	no non-trivial read file in rnaseq_reads/ or rnaseq_normalized/
Synchytrium_microbalum	0	NO_READS_FOUND	no non-trivial read file in rnaseq_reads/ or rnaseq_normalized/
Taiozyma_bovis	0	NO_READS_FOUND	no non-trivial read file in rnaseq_reads/ or rnaseq_normalized/
Taiozyma_dajiaensis	0	NO_READS_FOUND	no non-trivial read file in rnaseq_reads/ or rnaseq_normalized/
Taiozyma_odintsovae	0	NO_READS_FOUND	no non-trivial read file in rnaseq_reads/ or rnaseq_normalized/
Taiozyma_onychis	0	NO_READS_FOUND	no non-trivial read file in rnaseq_reads/ or rnaseq_normalized/
Taiozyma_peoriensis	0	NO_READS_FOUND	no non-trivial read file in rnaseq_reads/ or rnaseq_normalized/
Taiozyma_rabaulensis	0	NO_READS_FOUND	no non-trivial read file in rnaseq_reads/ or rnaseq_normalized/
Taiozyma_sp._M8010	0	NO_READS_FOUND	no non-trivial read file in rnaseq_reads/ or rnaseq_normalized/
Taiozyma_sp._PG4208	0	NO_READS_FOUND	no non-trivial read file in rnaseq_reads/ or rnaseq_normalized/
Taiozyma_sp._yHQL14	0	NO_READS_FOUND	no non-trivial read file in rnaseq_reads/ or rnaseq_normalized/
Taiozyma_yuanshanica	0	NO_READS_FOUND	no non-trivial read file in rnaseq_reads/ or rnaseq_normalized/
Taiwanofungus_sp._T-1	0	NO_READS_FOUND	no non-trivial read file in rnaseq_reads/ or rnaseq_normalized/
Takashimella_koratensis	0	NO_READS_FOUND	no non-trivial read file in rnaseq_reads/ or rnaseq_normalized/
Takashimella_tepidaria	0	NO_READS_FOUND	no non-trivial read file in rnaseq_reads/ or rnaseq_normalized/
Talaromyces_adpressus	0	NO_READS_FOUND	no non-trivial read file in rnaseq_reads/ or rnaseq_normalized/
Talaromyces_albobiverticillius	0	NO_READS_FOUND	no non-trivial read file in rnaseq_reads/ or rnaseq_normalized/
Talaromyces_amestolkiae	0	NO_READS_FOUND	no non-trivial read file in rnaseq_reads/ or rnaseq_normalized/
Talaromyces_atroroseus	0	NO_READS_FOUND	no non-trivial read file in rnaseq_reads/ or rnaseq_normalized/
Talaromyces_barcinensis	0	NO_READS_FOUND	no non-trivial read file in rnaseq_reads/ or rnaseq_normalized/
Talaromyces_funiculosus	0	NO_READS_FOUND	no non-trivial read file in rnaseq_reads/ or rnaseq_normalized/
Talaromyces_liani	0	NO_READS_FOUND	no non-trivial read file in rnaseq_reads/ or rnaseq_normalized/
Talaromyces_piceae	0	NO_READS_FOUND	no non-trivial read file in rnaseq_reads/ or rnaseq_normalized/
Talaromyces_ruber	0	NO_READS_FOUND	no non-trivial read file in rnaseq_reads/ or rnaseq_normalized/
Talaromyces_rugulosus	0	NO_READS_FOUND	no non-trivial read file in rnaseq_reads/ or rnaseq_normalized/
Talaromyces_sp._ASM_115	0	NO_READS_FOUND	no non-trivial read file in rnaseq_reads/ or rnaseq_normalized/
Talaromyces_sp._B14P1	0	NO_READS_FOUND	no non-trivial read file in rnaseq_reads/ or rnaseq_normalized/
Talaromyces_sp._DC2	0	NO_READS_FOUND	no non-trivial read file in rnaseq_reads/ or rnaseq_normalized/
Talaromyces_sp._DSF149	0	NO_READS_FOUND	no non-trivial read file in rnaseq_reads/ or rnaseq_normalized/
Talaromyces_sp._F3606	0	NO_READS_FOUND	no non-trivial read file in rnaseq_reads/ or rnaseq_normalized/
Talaromyces_sp._LRS-407	0	NO_READS_FOUND	no non-trivial read file in rnaseq_reads/ or rnaseq_normalized/
Talaromyces_sp._P118-02	0	NO_READS_FOUND	no non-trivial read file in rnaseq_reads/ or rnaseq_normalized/
Talaromyces_sp._P2101	0	NO_READS_FOUND	no non-trivial read file in rnaseq_reads/ or rnaseq_normalized/
Talaromyces_sp._PB3601	0	NO_READS_FOUND	no non-trivial read file in rnaseq_reads/ or rnaseq_normalized/
Talaromyces_sp._PB3603	0	NO_READS_FOUND	no non-trivial read file in rnaseq_reads/ or rnaseq_normalized/
Talaromyces_sp._PF2101	0	NO_READS_FOUND	no non-trivial read file in rnaseq_reads/ or rnaseq_normalized/
Talaromyces_sp._PF30-10	0	NO_READS_FOUND	no non-trivial read file in rnaseq_reads/ or rnaseq_normalized/
Talaromyces_sp._PF30-1C	0	NO_READS_FOUND	no non-trivial read file in rnaseq_reads/ or rnaseq_normalized/
Talaromyces_sp._PF30-1D	0	NO_READS_FOUND	no non-trivial read file in rnaseq_reads/ or rnaseq_normalized/
Talaromyces_sp._PF30-5	0	NO_READS_FOUND	no non-trivial read file in rnaseq_reads/ or rnaseq_normalized/
Talaromyces_sp._PF3502	0	NO_READS_FOUND	no non-trivial read file in rnaseq_reads/ or rnaseq_normalized/
Talaromyces_sp._PG4302	0	NO_READS_FOUND	no non-trivial read file in rnaseq_reads/ or rnaseq_normalized/
Talaromyces_sp._PH2104	0	NO_READS_FOUND	no non-trivial read file in rnaseq_reads/ or rnaseq_normalized/
Talaromyces_sp._PL2406	0	NO_READS_FOUND	no non-trivial read file in rnaseq_reads/ or rnaseq_normalized/
Talaromyces_sp._PM2405	0	NO_READS_FOUND	no non-trivial read file in rnaseq_reads/ or rnaseq_normalized/
Talaromyces_sp._PT2101	0	NO_READS_FOUND	no non-trivial read file in rnaseq_reads/ or rnaseq_normalized/
Talaromyces_sp._PT3601	0	NO_READS_FOUND	no non-trivial read file in rnaseq_reads/ or rnaseq_normalized/
Talaromyces_sp._PX1902	0	NO_READS_FOUND	no non-trivial read file in rnaseq_reads/ or rnaseq_normalized/
Talaromyces_sp._PX2406	0	NO_READS_FOUND	no non-trivial read file in rnaseq_reads/ or rnaseq_normalized/
Talaromyces_sp._PX2802	0	NO_READS_FOUND	no non-trivial read file in rnaseq_reads/ or rnaseq_normalized/
Talaromyces_sp._PYS2103	0	NO_READS_FOUND	no non-trivial read file in rnaseq_reads/ or rnaseq_normalized/
Talaromyces_sp._PYS2902	0	NO_READS_FOUND	no non-trivial read file in rnaseq_reads/ or rnaseq_normalized/
Talaromyces_sp._R2405	0	NO_READS_FOUND	no non-trivial read file in rnaseq_reads/ or rnaseq_normalized/
Talaromyces_sp._R2412	0	NO_READS_FOUND	no non-trivial read file in rnaseq_reads/ or rnaseq_normalized/
Talaromyces_sp._UPCC_4333	0	NO_READS_FOUND	no non-trivial read file in rnaseq_reads/ or rnaseq_normalized/
Talaromyces_sp._X2403	0	NO_READS_FOUND	no non-trivial read file in rnaseq_reads/ or rnaseq_normalized/
Talaromyces_stipitatus	0	NO_READS_FOUND	no non-trivial read file in rnaseq_reads/ or rnaseq_normalized/
Talaromyces_stollii	0	NO_READS_FOUND	no non-trivial read file in rnaseq_reads/ or rnaseq_normalized/
Talaromyces_thailandensis	0	NO_READS_FOUND	no non-trivial read file in rnaseq_reads/ or rnaseq_normalized/
Talaromyces_trachyspermus	0	NO_READS_FOUND	no non-trivial read file in rnaseq_reads/ or rnaseq_normalized/
Talaromyces_variabilis	0	NO_READS_FOUND	no non-trivial read file in rnaseq_reads/ or rnaseq_normalized/
Tanozyma_kutaoensis	0	NO_READS_FOUND	no non-trivial read file in rnaseq_reads/ or rnaseq_normalized/
Taphrina_betulina	0	NO_READS_FOUND	no non-trivial read file in rnaseq_reads/ or rnaseq_normalized/
Taphrina_communis	0	NO_READS_FOUND	no non-trivial read file in rnaseq_reads/ or rnaseq_normalized/
Taphrina_confusa	0	NO_READS_FOUND	no non-trivial read file in rnaseq_reads/ or rnaseq_normalized/
Taphrina_flavorubra	0	NO_READS_FOUND	no non-trivial read file in rnaseq_reads/ or rnaseq_normalized/
Taphrina_populina	0	NO_READS_FOUND	no non-trivial read file in rnaseq_reads/ or rnaseq_normalized/
Taphrina_pruni	0	NO_READS_FOUND	no non-trivial read file in rnaseq_reads/ or rnaseq_normalized/
Taphrina_sp._SM11	0	NO_READS_FOUND	no non-trivial read file in rnaseq_reads/ or rnaseq_normalized/
Taphrina_wiesneri	0	NO_READS_FOUND	no non-trivial read file in rnaseq_reads/ or rnaseq_normalized/
Tardiomyces_blankii	0	NO_READS_FOUND	no non-trivial read file in rnaseq_reads/ or rnaseq_normalized/
Tardiomyces_depauwii	0	NO_READS_FOUND	no non-trivial read file in rnaseq_reads/ or rnaseq_normalized/
Tardiomyces_digboiensis	0	NO_READS_FOUND	no non-trivial read file in rnaseq_reads/ or rnaseq_normalized/
Tarzettaceae_sp._PLDXAR	0	NO_READS_FOUND	no non-trivial read file in rnaseq_reads/ or rnaseq_normalized/
Tausonia_pamirica	0	NO_READS_FOUND	no non-trivial read file in rnaseq_reads/ or rnaseq_normalized/
Taxawa_tesnikishii_nom._ined.	0	NO_READS_FOUND	no non-trivial read file in rnaseq_reads/ or rnaseq_normalized/
Teloschistales_sp.	0	NO_READS_FOUND	no non-trivial read file in rnaseq_reads/ or rnaseq_normalized/
Teloschistes_cf._exilis	0	NO_READS_FOUND	no non-trivial read file in rnaseq_reads/ or rnaseq_normalized/
Teloschistes_chrysophthalmus	0	NO_READS_FOUND	no non-trivial read file in rnaseq_reads/ or rnaseq_normalized/
Teloschistes_exilis	0	NO_READS_FOUND	no non-trivial read file in rnaseq_reads/ or rnaseq_normalized/
Teloschistes_flavicans	0	NO_READS_FOUND	no non-trivial read file in rnaseq_reads/ or rnaseq_normalized/
Teloschistes_hypoglaucus	0	NO_READS_FOUND	no non-trivial read file in rnaseq_reads/ or rnaseq_normalized/
Teloschistes_peruensis	0	NO_READS_FOUND	no non-trivial read file in rnaseq_reads/ or rnaseq_normalized/
Tephrocybe_rancida	0	NO_READS_FOUND	no non-trivial read file in rnaseq_reads/ or rnaseq_normalized/
Tephrocybe_sp._10521TJB	0	NO_READS_FOUND	no non-trivial read file in rnaseq_reads/ or rnaseq_normalized/
Tephrocybe_sp._9174TJB	0	NO_READS_FOUND	no non-trivial read file in rnaseq_reads/ or rnaseq_normalized/
Tephrocybe_sp._9980TJB	0	NO_READS_FOUND	no non-trivial read file in rnaseq_reads/ or rnaseq_normalized/
Tephrocybe_sp._NHM501043	0	NO_READS_FOUND	no non-trivial read file in rnaseq_reads/ or rnaseq_normalized/
Terana_coerulea	0	NO_READS_FOUND	no non-trivial read file in rnaseq_reads/ or rnaseq_normalized/
Teratoramularia_rumicicola	0	NO_READS_FOUND	no non-trivial read file in rnaseq_reads/ or rnaseq_normalized/
Teratosphaeria_destructans	0	NO_READS_FOUND	no non-trivial read file in rnaseq_reads/ or rnaseq_normalized/
Teratosphaeria_epicoccoides	0	NO_READS_FOUND	no non-trivial read file in rnaseq_reads/ or rnaseq_normalized/
Teratosphaeria_eucalypti	0	NO_READS_FOUND	no non-trivial read file in rnaseq_reads/ or rnaseq_normalized/
Teratosphaeria_gauchensis	0	NO_READS_FOUND	no non-trivial read file in rnaseq_reads/ or rnaseq_normalized/
Teratosphaeria_pseudoeucalypti	0	NO_READS_FOUND	no non-trivial read file in rnaseq_reads/ or rnaseq_normalized/
Teratosphaeria_viscida	0	NO_READS_FOUND	no non-trivial read file in rnaseq_reads/ or rnaseq_normalized/
Teratosphaeria_zuluensis	0	NO_READS_FOUND	no non-trivial read file in rnaseq_reads/ or rnaseq_normalized/
Teratosphaeriaceae_sp._BF9	0	NO_READS_FOUND	no non-trivial read file in rnaseq_reads/ or rnaseq_normalized/
Teratosphaeriaceae_sp._CCFEE_6253	0	NO_READS_FOUND	no non-trivial read file in rnaseq_reads/ or rnaseq_normalized/
Termitomyces_bulborhizus	0	NO_READS_FOUND	no non-trivial read file in rnaseq_reads/ or rnaseq_normalized/
Termitomyces_eurrhizus	0	NO_READS_FOUND	no non-trivial read file in rnaseq_reads/ or rnaseq_normalized/
Termitomyces_heimii	0	NO_READS_FOUND	no non-trivial read file in rnaseq_reads/ or rnaseq_normalized/
Termitomyces_sp._ANC-D	0	NO_READS_FOUND	no non-trivial read file in rnaseq_reads/ or rnaseq_normalized/
Termitomyces_sp._ANC-H	0	NO_READS_FOUND	no non-trivial read file in rnaseq_reads/ or rnaseq_normalized/
Termitomyces_sp._ANC-I	0	NO_READS_FOUND	no non-trivial read file in rnaseq_reads/ or rnaseq_normalized/
Termitomyces_sp._DKA19	0	NO_READS_FOUND	no non-trivial read file in rnaseq_reads/ or rnaseq_normalized/
Termitomyces_sp._DKA64	0	NO_READS_FOUND	no non-trivial read file in rnaseq_reads/ or rnaseq_normalized/
Termitomyces_sp._IC0001	0	NO_READS_FOUND	no non-trivial read file in rnaseq_reads/ or rnaseq_normalized/
Termitomyces_sp._IC0010	0	NO_READS_FOUND	no non-trivial read file in rnaseq_reads/ or rnaseq_normalized/
Termitomyces_sp._IC0019	0	NO_READS_FOUND	no non-trivial read file in rnaseq_reads/ or rnaseq_normalized/
Termitomyces_sp._IC0020	0	NO_READS_FOUND	no non-trivial read file in rnaseq_reads/ or rnaseq_normalized/
Termitomyces_sp._IC0024	0	NO_READS_FOUND	no non-trivial read file in rnaseq_reads/ or rnaseq_normalized/
Termitomyces_sp._IC0026	0	NO_READS_FOUND	no non-trivial read file in rnaseq_reads/ or rnaseq_normalized/
Termitomyces_sp._IC0027	0	NO_READS_FOUND	no non-trivial read file in rnaseq_reads/ or rnaseq_normalized/
Termitomyces_sp._IC0032	0	NO_READS_FOUND	no non-trivial read file in rnaseq_reads/ or rnaseq_normalized/
Termitomyces_sp._IC0033	0	NO_READS_FOUND	no non-trivial read file in rnaseq_reads/ or rnaseq_normalized/
Termitomyces_sp._IC0034	0	NO_READS_FOUND	no non-trivial read file in rnaseq_reads/ or rnaseq_normalized/
Termitomyces_sp._IC0035-1	0	NO_READS_FOUND	no non-trivial read file in rnaseq_reads/ or rnaseq_normalized/
Termitomyces_sp._IC0038	0	NO_READS_FOUND	no non-trivial read file in rnaseq_reads/ or rnaseq_normalized/
Termitomyces_sp._J132	0	NO_READS_FOUND	no non-trivial read file in rnaseq_reads/ or rnaseq_normalized/
Termitomyces_sp._JCM_13351	0	NO_READS_FOUND	no non-trivial read file in rnaseq_reads/ or rnaseq_normalized/
Termitomyces_sp._K1Aa	0	NO_READS_FOUND	no non-trivial read file in rnaseq_reads/ or rnaseq_normalized/
Termitomyces_sp._K1Ac	0	NO_READS_FOUND	no non-trivial read file in rnaseq_reads/ or rnaseq_normalized/
Termitomyces_sp._K1Ag	0	NO_READS_FOUND	no non-trivial read file in rnaseq_reads/ or rnaseq_normalized/
Termitomyces_sp._MG145	0	NO_READS_FOUND	no non-trivial read file in rnaseq_reads/ or rnaseq_normalized/
Termitomyces_sp._MG148	0	NO_READS_FOUND	no non-trivial read file in rnaseq_reads/ or rnaseq_normalized/
Termitomyces_sp._MG16	0	NO_READS_FOUND	no non-trivial read file in rnaseq_reads/ or rnaseq_normalized/
Termitomyces_sp._Mi166#008	0	NO_READS_FOUND	no non-trivial read file in rnaseq_reads/ or rnaseq_normalized/
Termitomyces_sp._Mi166-008	0	NO_READS_FOUND	no non-trivial read file in rnaseq_reads/ or rnaseq_normalized/
Termitomyces_sp._Micro	0	NO_READS_FOUND	no non-trivial read file in rnaseq_reads/ or rnaseq_normalized/
Termitomyces_sp._Mn162	0	NO_READS_FOUND	no non-trivial read file in rnaseq_reads/ or rnaseq_normalized/
Termitomyces_sp._PseudaA	0	NO_READS_FOUND	no non-trivial read file in rnaseq_reads/ or rnaseq_normalized/
Termitomyces_sp._T108	0	NO_READS_FOUND	no non-trivial read file in rnaseq_reads/ or rnaseq_normalized/
Termitomyces_sp._T112	0	NO_READS_FOUND	no non-trivial read file in rnaseq_reads/ or rnaseq_normalized/
Termitomyces_sp._T123_Mx157	0	NO_READS_FOUND	no non-trivial read file in rnaseq_reads/ or rnaseq_normalized/
Termitomyces_sp._T153	0	NO_READS_FOUND	no non-trivial read file in rnaseq_reads/ or rnaseq_normalized/
Termitomyces_sp._T159_Od127	0	NO_READS_FOUND	no non-trivial read file in rnaseq_reads/ or rnaseq_normalized/
Termitomyces_sp._T27	0	NO_READS_FOUND	no non-trivial read file in rnaseq_reads/ or rnaseq_normalized/
Termitomyces_sp._T32_za158	0	NO_READS_FOUND	no non-trivial read file in rnaseq_reads/ or rnaseq_normalized/
Termitomyces_sp._T69sscA	0	NO_READS_FOUND	no non-trivial read file in rnaseq_reads/ or rnaseq_normalized/
Termitomyces_sp._T70a	0	NO_READS_FOUND	no non-trivial read file in rnaseq_reads/ or rnaseq_normalized/
Termitomyces_sp._T73sscA	0	NO_READS_FOUND	no non-trivial read file in rnaseq_reads/ or rnaseq_normalized/
Termitomyces_titanicus	0	NO_READS_FOUND	no non-trivial read file in rnaseq_reads/ or rnaseq_normalized/
Terramyces_sp._JEL0728	0	NO_READS_FOUND	no non-trivial read file in rnaseq_reads/ or rnaseq_normalized/
Testus_fungus	0	NO_READS_FOUND	no non-trivial read file in rnaseq_reads/ or rnaseq_normalized/
Tetracladium_marchalianum	0	NO_READS_FOUND	no non-trivial read file in rnaseq_reads/ or rnaseq_normalized/
Tetracladium_maxilliforme	0	NO_READS_FOUND	no non-trivial read file in rnaseq_reads/ or rnaseq_normalized/
Tetracladium_setigerum	0	NO_READS_FOUND	no non-trivial read file in rnaseq_reads/ or rnaseq_normalized/
Tetracladium_sp._T11_2_10C	0	NO_READS_FOUND	no non-trivial read file in rnaseq_reads/ or rnaseq_normalized/
Tetrapisispora_arboricola	0	NO_READS_FOUND	no non-trivial read file in rnaseq_reads/ or rnaseq_normalized/
Tetrapisispora_fleetii	0	NO_READS_FOUND	no non-trivial read file in rnaseq_reads/ or rnaseq_normalized/
Tetrapisispora_iriomotensis	0	NO_READS_FOUND	no non-trivial read file in rnaseq_reads/ or rnaseq_normalized/
Tetrapisispora_namnaoensis	0	NO_READS_FOUND	no non-trivial read file in rnaseq_reads/ or rnaseq_normalized/
Tetrapisispora_nanseiensis	0	NO_READS_FOUND	no non-trivial read file in rnaseq_reads/ or rnaseq_normalized/
Tetrapisispora_phaffii	0	NO_READS_FOUND	no non-trivial read file in rnaseq_reads/ or rnaseq_normalized/
Tetrapisispora_pingtungensis	0	NO_READS_FOUND	no non-trivial read file in rnaseq_reads/ or rnaseq_normalized/
Tetrapisispora_taiwanensis	0	NO_READS_FOUND	no non-trivial read file in rnaseq_reads/ or rnaseq_normalized/
Teunia_sp._JHT-P17	0	NO_READS_FOUND	no non-trivial read file in rnaseq_reads/ or rnaseq_normalized/
Teunomyces_aglyptinius	0	NO_READS_FOUND	no non-trivial read file in rnaseq_reads/ or rnaseq_normalized/
Teunomyces_atbi	0	NO_READS_FOUND	no non-trivial read file in rnaseq_reads/ or rnaseq_normalized/
Teunomyces_barrocoloradensis	0	NO_READS_FOUND	no non-trivial read file in rnaseq_reads/ or rnaseq_normalized/
Teunomyces_cretensis	0	NO_READS_FOUND	no non-trivial read file in rnaseq_reads/ or rnaseq_normalized/
Teunomyces_funiuensis	0	NO_READS_FOUND	no non-trivial read file in rnaseq_reads/ or rnaseq_normalized/
Teunomyces_gatunensis	0	NO_READS_FOUND	no non-trivial read file in rnaseq_reads/ or rnaseq_normalized/
Teunomyces_kruisii	0	NO_READS_FOUND	no non-trivial read file in rnaseq_reads/ or rnaseq_normalized/
Teunomyces_lycoperdinae	0	NO_READS_FOUND	no non-trivial read file in rnaseq_reads/ or rnaseq_normalized/
Teunomyces_pallodes	0	NO_READS_FOUND	no non-trivial read file in rnaseq_reads/ or rnaseq_normalized/
Teunomyces_panamensis	0	NO_READS_FOUND	no non-trivial read file in rnaseq_reads/ or rnaseq_normalized/
Teunomyces_stri	0	NO_READS_FOUND	no non-trivial read file in rnaseq_reads/ or rnaseq_normalized/
Teunomyces_tritomae	0	NO_READS_FOUND	no non-trivial read file in rnaseq_reads/ or rnaseq_normalized/
Thamnocephalis_sphaerospora	0	NO_READS_FOUND	no non-trivial read file in rnaseq_reads/ or rnaseq_normalized/
Thelephora_aurantiotincta	0	NO_READS_FOUND	no non-trivial read file in rnaseq_reads/ or rnaseq_normalized/
Thelocarpon_impressellum	0	NO_READS_FOUND	no non-trivial read file in rnaseq_reads/ or rnaseq_normalized/
Thelocarpon_superellum	0	NO_READS_FOUND	no non-trivial read file in rnaseq_reads/ or rnaseq_normalized/
Thelonectria_applanata	0	NO_READS_FOUND	no non-trivial read file in rnaseq_reads/ or rnaseq_normalized/
Thelonectria_blattea	0	NO_READS_FOUND	no non-trivial read file in rnaseq_reads/ or rnaseq_normalized/
Thelonectria_discophora	0	NO_READS_FOUND	no non-trivial read file in rnaseq_reads/ or rnaseq_normalized/
Thelonectria_rubi	0	NO_READS_FOUND	no non-trivial read file in rnaseq_reads/ or rnaseq_normalized/
Thelotrema_defectum	0	NO_READS_FOUND	no non-trivial read file in rnaseq_reads/ or rnaseq_normalized/
Thelotrema_lepadinum	0	NO_READS_FOUND	no non-trivial read file in rnaseq_reads/ or rnaseq_normalized/
Thelotrema_subtile	0	NO_READS_FOUND	no non-trivial read file in rnaseq_reads/ or rnaseq_normalized/
Thermoascus_crustaceus	0	NO_READS_FOUND	no non-trivial read file in rnaseq_reads/ or rnaseq_normalized/
Thermoascus_thermophilus	0	NO_READS_FOUND	no non-trivial read file in rnaseq_reads/ or rnaseq_normalized/
Thermocarpiscus_australiensis	0	NO_READS_FOUND	no non-trivial read file in rnaseq_reads/ or rnaseq_normalized/
Thermochaetoides_dissita	0	NO_READS_FOUND	no non-trivial read file in rnaseq_reads/ or rnaseq_normalized/
Thermochaetoides_thermophila	0	NO_READS_FOUND	no non-trivial read file in rnaseq_reads/ or rnaseq_normalized/
Thermomucor_indicae-seudaticae	0	NO_READS_FOUND	no non-trivial read file in rnaseq_reads/ or rnaseq_normalized/
Thermothelomyces_fergusii	0	NO_READS_FOUND	no non-trivial read file in rnaseq_reads/ or rnaseq_normalized/
Thermothelomyces_heterothallicus	0	NO_READS_FOUND	no non-trivial read file in rnaseq_reads/ or rnaseq_normalized/
Thermothelomyces_hinnuleus	0	NO_READS_FOUND	no non-trivial read file in rnaseq_reads/ or rnaseq_normalized/
Thermothelomyces_myriococcoides	0	NO_READS_FOUND	no non-trivial read file in rnaseq_reads/ or rnaseq_normalized/
Thermothielavioides_terrestris	0	NO_READS_FOUND	no non-trivial read file in rnaseq_reads/ or rnaseq_normalized/
Thielaviopsis_cerberus	0	NO_READS_FOUND	no non-trivial read file in rnaseq_reads/ or rnaseq_normalized/
Thielaviopsis_euricoi	0	NO_READS_FOUND	no non-trivial read file in rnaseq_reads/ or rnaseq_normalized/
Thielaviopsis_musarum	0	NO_READS_FOUND	no non-trivial read file in rnaseq_reads/ or rnaseq_normalized/
Thielaviopsis_populi	0	NO_READS_FOUND	no non-trivial read file in rnaseq_reads/ or rnaseq_normalized/
Thielaviopsis_punctulata	0	NO_READS_FOUND	no non-trivial read file in rnaseq_reads/ or rnaseq_normalized/
Thoreauomyces_humboldtii	0	NO_READS_FOUND	no non-trivial read file in rnaseq_reads/ or rnaseq_normalized/
Thyridium_curvatum	0	NO_READS_FOUND	no non-trivial read file in rnaseq_reads/ or rnaseq_normalized/
Tieghemiomyces_parasiticus	0	NO_READS_FOUND	no non-trivial read file in rnaseq_reads/ or rnaseq_normalized/
Tilletia_bromi	0	NO_READS_FOUND	no non-trivial read file in rnaseq_reads/ or rnaseq_normalized/
Tilletia_fusca	0	NO_READS_FOUND	no non-trivial read file in rnaseq_reads/ or rnaseq_normalized/
Tilletia_goloskokovii	0	NO_READS_FOUND	no non-trivial read file in rnaseq_reads/ or rnaseq_normalized/
Tilletia_rugispora	0	NO_READS_FOUND	no non-trivial read file in rnaseq_reads/ or rnaseq_normalized/
Tilletia_setariae	0	NO_READS_FOUND	no non-trivial read file in rnaseq_reads/ or rnaseq_normalized/
Toensbergia_leucococca	0	NO_READS_FOUND	no non-trivial read file in rnaseq_reads/ or rnaseq_normalized/
Tolypocladium_album	0	NO_READS_FOUND	no non-trivial read file in rnaseq_reads/ or rnaseq_normalized/
Tolypocladium_amazonense	0	NO_READS_FOUND	no non-trivial read file in rnaseq_reads/ or rnaseq_normalized/
Tolypocladium_capitatum	0	NO_READS_FOUND	no non-trivial read file in rnaseq_reads/ or rnaseq_normalized/
Tolypocladium_cylindrosporum	0	NO_READS_FOUND	no non-trivial read file in rnaseq_reads/ or rnaseq_normalized/
Tolypocladium_endophyticum	0	NO_READS_FOUND	no non-trivial read file in rnaseq_reads/ or rnaseq_normalized/
Tolypocladium_geodes	0	NO_READS_FOUND	no non-trivial read file in rnaseq_reads/ or rnaseq_normalized/
Tolypocladium_guangdongense	0	NO_READS_FOUND	no non-trivial read file in rnaseq_reads/ or rnaseq_normalized/
Tolypocladium_nubicola	0	NO_READS_FOUND	no non-trivial read file in rnaseq_reads/ or rnaseq_normalized/
Tolypocladium_ophioglossoides	0	NO_READS_FOUND	no non-trivial read file in rnaseq_reads/ or rnaseq_normalized/
Tolypocladium_ovalisporum	0	NO_READS_FOUND	no non-trivial read file in rnaseq_reads/ or rnaseq_normalized/
Tolypocladium_paradoxum	0	NO_READS_FOUND	no non-trivial read file in rnaseq_reads/ or rnaseq_normalized/
Tolypocladium_pustulatum	0	NO_READS_FOUND	no non-trivial read file in rnaseq_reads/ or rnaseq_normalized/
Tolypocladium_sp._Salcha_MEA-2	0	NO_READS_FOUND	no non-trivial read file in rnaseq_reads/ or rnaseq_normalized/
Tolypocladium_sp._Sup5_PDA-1	0	NO_READS_FOUND	no non-trivial read file in rnaseq_reads/ or rnaseq_normalized/
Tolypocladium_tropicale	0	NO_READS_FOUND	no non-trivial read file in rnaseq_reads/ or rnaseq_normalized/
Tolypocladium_tundrense	0	NO_READS_FOUND	no non-trivial read file in rnaseq_reads/ or rnaseq_normalized/
Toniniopsis_dissimilis	0	NO_READS_FOUND	no non-trivial read file in rnaseq_reads/ or rnaseq_normalized/
Torrubiella_hemipterigena	0	NO_READS_FOUND	no non-trivial read file in rnaseq_reads/ or rnaseq_normalized/
Torrubiellomyces_zombiae	0	NO_READS_FOUND	no non-trivial read file in rnaseq_reads/ or rnaseq_normalized/
Tortispora_agaves	0	NO_READS_FOUND	no non-trivial read file in rnaseq_reads/ or rnaseq_normalized/
Tortispora_caseinolytica	0	NO_READS_FOUND	no non-trivial read file in rnaseq_reads/ or rnaseq_normalized/
Tortispora_ganteri	0	NO_READS_FOUND	no non-trivial read file in rnaseq_reads/ or rnaseq_normalized/
Tortispora_mauiana	0	NO_READS_FOUND	no non-trivial read file in rnaseq_reads/ or rnaseq_normalized/
Tortispora_phaffii	0	NO_READS_FOUND	no non-trivial read file in rnaseq_reads/ or rnaseq_normalized/
Tortispora_sangerardonensis	0	NO_READS_FOUND	no non-trivial read file in rnaseq_reads/ or rnaseq_normalized/
Tortispora_starmeri	0	NO_READS_FOUND	no non-trivial read file in rnaseq_reads/ or rnaseq_normalized/
Torulaspora_asahi	0	NO_READS_FOUND	no non-trivial read file in rnaseq_reads/ or rnaseq_normalized/
Torulaspora_cukson	0	NO_READS_FOUND	no non-trivial read file in rnaseq_reads/ or rnaseq_normalized/
Torulaspora_floroides	0	NO_READS_FOUND	no non-trivial read file in rnaseq_reads/ or rnaseq_normalized/
Torulaspora_franciscae	0	NO_READS_FOUND	no non-trivial read file in rnaseq_reads/ or rnaseq_normalized/
Torulaspora_gathmanii	0	NO_READS_FOUND	no non-trivial read file in rnaseq_reads/ or rnaseq_normalized/
Torulaspora_globosa	0	NO_READS_FOUND	no non-trivial read file in rnaseq_reads/ or rnaseq_normalized/
Torulaspora_incommunis	0	NO_READS_FOUND	no non-trivial read file in rnaseq_reads/ or rnaseq_normalized/
Torulaspora_indica	0	NO_READS_FOUND	no non-trivial read file in rnaseq_reads/ or rnaseq_normalized/
Torulaspora_kanakia	0	NO_READS_FOUND	no non-trivial read file in rnaseq_reads/ or rnaseq_normalized/
Torulaspora_maleeae	0	NO_READS_FOUND	no non-trivial read file in rnaseq_reads/ or rnaseq_normalized/
Torulaspora_mapucheana	0	NO_READS_FOUND	no non-trivial read file in rnaseq_reads/ or rnaseq_normalized/
Torulaspora_markjohnstonii	0	NO_READS_FOUND	no non-trivial read file in rnaseq_reads/ or rnaseq_normalized/
Torulaspora_nezacadeziae	0	NO_READS_FOUND	no non-trivial read file in rnaseq_reads/ or rnaseq_normalized/
Torulaspora_obscura	0	NO_READS_FOUND	no non-trivial read file in rnaseq_reads/ or rnaseq_normalized/
Torulaspora_pahokee	0	NO_READS_FOUND	no non-trivial read file in rnaseq_reads/ or rnaseq_normalized/
Torulaspora_pretoriensis	0	NO_READS_FOUND	no non-trivial read file in rnaseq_reads/ or rnaseq_normalized/
Torulaspora_quercuum	0	NO_READS_FOUND	no non-trivial read file in rnaseq_reads/ or rnaseq_normalized/
Torulaspora_sp._2017_36-1	0	NO_READS_FOUND	no non-trivial read file in rnaseq_reads/ or rnaseq_normalized/
Torulaspora_sp._2017_38-3	0	NO_READS_FOUND	no non-trivial read file in rnaseq_reads/ or rnaseq_normalized/
Torulaspora_ventriculi	0	NO_READS_FOUND	no non-trivial read file in rnaseq_reads/ or rnaseq_normalized/
Toshionella_taiwanensis	0	NO_READS_FOUND	no non-trivial read file in rnaseq_reads/ or rnaseq_normalized/
Tothia_fuscella	0	NO_READS_FOUND	no non-trivial read file in rnaseq_reads/ or rnaseq_normalized/
Toxicocladosporium_irritans	0	NO_READS_FOUND	no non-trivial read file in rnaseq_reads/ or rnaseq_normalized/
Trametes_cubensis	0	NO_READS_FOUND	no non-trivial read file in rnaseq_reads/ or rnaseq_normalized/
Trametes_sp._AH28-2	0	NO_READS_FOUND	no non-trivial read file in rnaseq_reads/ or rnaseq_normalized/
Trametes_sp._D_JY-2026	0	NO_READS_FOUND	no non-trivial read file in rnaseq_reads/ or rnaseq_normalized/
Trametes_villosa	0	NO_READS_FOUND	no non-trivial read file in rnaseq_reads/ or rnaseq_normalized/
Tranzscheliella_williamsii	0	NO_READS_FOUND	no non-trivial read file in rnaseq_reads/ or rnaseq_normalized/
Trapelia_coarctata	0	NO_READS_FOUND	no non-trivial read file in rnaseq_reads/ or rnaseq_normalized/
Trapeliopsis_flexuosa	0	NO_READS_FOUND	no non-trivial read file in rnaseq_reads/ or rnaseq_normalized/
Trematosphaeria_pertusa	0	NO_READS_FOUND	no non-trivial read file in rnaseq_reads/ or rnaseq_normalized/
Tremella_mesenterica	0	NO_READS_FOUND	no non-trivial read file in rnaseq_reads/ or rnaseq_normalized/
Tremella_sp._sinensis	0	NO_READS_FOUND	no non-trivial read file in rnaseq_reads/ or rnaseq_normalized/
Tremella_yokohamensis	0	NO_READS_FOUND	no non-trivial read file in rnaseq_reads/ or rnaseq_normalized/
Tremellales_sp.	0	NO_READS_FOUND	no non-trivial read file in rnaseq_reads/ or rnaseq_normalized/
Tremellales_sp._FJII-L8-SW-PAB2	0	NO_READS_FOUND	no non-trivial read file in rnaseq_reads/ or rnaseq_normalized/
Tremellales_sp._Tagirdzhanova-0007	0	NO_READS_FOUND	no non-trivial read file in rnaseq_reads/ or rnaseq_normalized/
Tremellales_sp._Uapishka_1	0	NO_READS_FOUND	no non-trivial read file in rnaseq_reads/ or rnaseq_normalized/
Triangularia_setosa	0	NO_READS_FOUND	no non-trivial read file in rnaseq_reads/ or rnaseq_normalized/
Triangularia_verruculosa	0	NO_READS_FOUND	no non-trivial read file in rnaseq_reads/ or rnaseq_normalized/
Trichaptum_abietinum	0	NO_READS_FOUND	no non-trivial read file in rnaseq_reads/ or rnaseq_normalized/
Trichaptum_fuscoviolaceum	0	NO_READS_FOUND	no non-trivial read file in rnaseq_reads/ or rnaseq_normalized/
Trichocladium_antarcticum	0	NO_READS_FOUND	no non-trivial read file in rnaseq_reads/ or rnaseq_normalized/
Trichocomaceae_sp._PYS4502	0	NO_READS_FOUND	no non-trivial read file in rnaseq_reads/ or rnaseq_normalized/
Trichoderma_aethiopicum	0	NO_READS_FOUND	no non-trivial read file in rnaseq_reads/ or rnaseq_normalized/
Trichoderma_afarasin	0	NO_READS_FOUND	no non-trivial read file in rnaseq_reads/ or rnaseq_normalized/
Trichoderma_aggressivum	0	NO_READS_FOUND	no non-trivial read file in rnaseq_reads/ or rnaseq_normalized/
Trichoderma_arundinaceum	0	NO_READS_FOUND	no non-trivial read file in rnaseq_reads/ or rnaseq_normalized/
Trichoderma_asperellum	0	NO_READS_FOUND	no non-trivial read file in rnaseq_reads/ or rnaseq_normalized/
Trichoderma_atrobrunneum	0	NO_READS_FOUND	no non-trivial read file in rnaseq_reads/ or rnaseq_normalized/
Trichoderma_austrokoningii	0	NO_READS_FOUND	no non-trivial read file in rnaseq_reads/ or rnaseq_normalized/
Trichoderma_barbatum	0	NO_READS_FOUND	no non-trivial read file in rnaseq_reads/ or rnaseq_normalized/
Trichoderma_breve	0	NO_READS_FOUND	no non-trivial read file in rnaseq_reads/ or rnaseq_normalized/
Trichoderma_brevicrassum	0	NO_READS_FOUND	no non-trivial read file in rnaseq_reads/ or rnaseq_normalized/
Trichoderma_camerunense	0	NO_READS_FOUND	no non-trivial read file in rnaseq_reads/ or rnaseq_normalized/
Trichoderma_carraovejensis	0	NO_READS_FOUND	no non-trivial read file in rnaseq_reads/ or rnaseq_normalized/
Trichoderma_ceciliae	0	NO_READS_FOUND	no non-trivial read file in rnaseq_reads/ or rnaseq_normalized/
Trichoderma_cf._simile_WF8	0	NO_READS_FOUND	no non-trivial read file in rnaseq_reads/ or rnaseq_normalized/
Trichoderma_chlorosporum	0	NO_READS_FOUND	no non-trivial read file in rnaseq_reads/ or rnaseq_normalized/
Trichoderma_compactum	0	NO_READS_FOUND	no non-trivial read file in rnaseq_reads/ or rnaseq_normalized/
Trichoderma_cornu-damae	0	NO_READS_FOUND	no non-trivial read file in rnaseq_reads/ or rnaseq_normalized/
Trichoderma_deliquescens	0	NO_READS_FOUND	no non-trivial read file in rnaseq_reads/ or rnaseq_normalized/
Trichoderma_ghanense	0	NO_READS_FOUND	no non-trivial read file in rnaseq_reads/ or rnaseq_normalized/
Trichoderma_gracile	0	NO_READS_FOUND	no non-trivial read file in rnaseq_reads/ or rnaseq_normalized/
Trichoderma_hamatum	0	NO_READS_FOUND	no non-trivial read file in rnaseq_reads/ or rnaseq_normalized/
Trichoderma_koningii	0	NO_READS_FOUND	no non-trivial read file in rnaseq_reads/ or rnaseq_normalized/
Trichoderma_lentiforme	0	NO_READS_FOUND	no non-trivial read file in rnaseq_reads/ or rnaseq_normalized/
Trichoderma_lixii	0	NO_READS_FOUND	no non-trivial read file in rnaseq_reads/ or rnaseq_normalized/
Trichoderma_novae-zelandiae	0	NO_READS_FOUND	no non-trivial read file in rnaseq_reads/ or rnaseq_normalized/
Trichoderma_oligosporum	0	NO_READS_FOUND	no non-trivial read file in rnaseq_reads/ or rnaseq_normalized/
Trichoderma_orchidacearum	0	NO_READS_FOUND	no non-trivial read file in rnaseq_reads/ or rnaseq_normalized/
Trichoderma_parareesei	0	NO_READS_FOUND	no non-trivial read file in rnaseq_reads/ or rnaseq_normalized/
Trichoderma_pleuroticola	0	NO_READS_FOUND	no non-trivial read file in rnaseq_reads/ or rnaseq_normalized/
Trichoderma_polysporum	0	NO_READS_FOUND	no non-trivial read file in rnaseq_reads/ or rnaseq_normalized/
Trichoderma_semiorbis	0	NO_READS_FOUND	no non-trivial read file in rnaseq_reads/ or rnaseq_normalized/
Trichoderma_sp._2475	0	NO_READS_FOUND	no non-trivial read file in rnaseq_reads/ or rnaseq_normalized/
Trichoderma_sp._444A	0	NO_READS_FOUND	no non-trivial read file in rnaseq_reads/ or rnaseq_normalized/
Trichoderma_sp._446A	0	NO_READS_FOUND	no non-trivial read file in rnaseq_reads/ or rnaseq_normalized/
Trichoderma_sp._5c.a.2	0	NO_READS_FOUND	no non-trivial read file in rnaseq_reads/ or rnaseq_normalized/
Trichoderma_sp._AM6	0	NO_READS_FOUND	no non-trivial read file in rnaseq_reads/ or rnaseq_normalized/
Trichoderma_sp._ARE_21-36	0	NO_READS_FOUND	no non-trivial read file in rnaseq_reads/ or rnaseq_normalized/
Trichoderma_sp._ARE_7.A.2	0	NO_READS_FOUND	no non-trivial read file in rnaseq_reads/ or rnaseq_normalized/
Trichoderma_sp._Al-21	0	NO_READS_FOUND	no non-trivial read file in rnaseq_reads/ or rnaseq_normalized/
Trichoderma_sp._Al-29	0	NO_READS_FOUND	no non-trivial read file in rnaseq_reads/ or rnaseq_normalized/
Trichoderma_sp._BMH-0061	0	NO_READS_FOUND	no non-trivial read file in rnaseq_reads/ or rnaseq_normalized/
Trichoderma_sp._CAU-M14	0	NO_READS_FOUND	no non-trivial read file in rnaseq_reads/ or rnaseq_normalized/
Trichoderma_sp._CBMAI-0020	0	NO_READS_FOUND	no non-trivial read file in rnaseq_reads/ or rnaseq_normalized/
Trichoderma_sp._CBMAI-0179	0	NO_READS_FOUND	no non-trivial read file in rnaseq_reads/ or rnaseq_normalized/
Trichoderma_sp._CBMAI-0711	0	NO_READS_FOUND	no non-trivial read file in rnaseq_reads/ or rnaseq_normalized/
Trichoderma_sp._IMV_00454	0	NO_READS_FOUND	no non-trivial read file in rnaseq_reads/ or rnaseq_normalized/
Trichoderma_sp._JS-6	0	NO_READS_FOUND	no non-trivial read file in rnaseq_reads/ or rnaseq_normalized/
Trichoderma_sp._MLT1J1	0	NO_READS_FOUND	no non-trivial read file in rnaseq_reads/ or rnaseq_normalized/
Trichoderma_sp._MP4_LABAP	0	NO_READS_FOUND	no non-trivial read file in rnaseq_reads/ or rnaseq_normalized/
Trichoderma_sp._PF4103	0	NO_READS_FOUND	no non-trivial read file in rnaseq_reads/ or rnaseq_normalized/
Trichoderma_sp._PKRF1	0	NO_READS_FOUND	no non-trivial read file in rnaseq_reads/ or rnaseq_normalized/
Trichoderma_sp._SK1-7	0	NO_READS_FOUND	no non-trivial read file in rnaseq_reads/ or rnaseq_normalized/
Trichoderma_sp._SZMC_28012	0	NO_READS_FOUND	no non-trivial read file in rnaseq_reads/ or rnaseq_normalized/
Trichoderma_sp._SZMC_28015	0	NO_READS_FOUND	no non-trivial read file in rnaseq_reads/ or rnaseq_normalized/
Trichoderma_sp._T77	0	NO_READS_FOUND	no non-trivial read file in rnaseq_reads/ or rnaseq_normalized/
Trichoderma_sp._TW21990_1	0	NO_READS_FOUND	no non-trivial read file in rnaseq_reads/ or rnaseq_normalized/
Trichoderma_taxi	0	NO_READS_FOUND	no non-trivial read file in rnaseq_reads/ or rnaseq_normalized/
Trichoderma_viridescens	0	NO_READS_FOUND	no non-trivial read file in rnaseq_reads/ or rnaseq_normalized/
Trichoderma_virilente	0	NO_READS_FOUND	no non-trivial read file in rnaseq_reads/ or rnaseq_normalized/
Trichoderma_yunnanense	0	NO_READS_FOUND	no non-trivial read file in rnaseq_reads/ or rnaseq_normalized/
Trichoglossum_hirsutum	0	NO_READS_FOUND	no non-trivial read file in rnaseq_reads/ or rnaseq_normalized/
Tricholoma_bakamatsutake	0	NO_READS_FOUND	no non-trivial read file in rnaseq_reads/ or rnaseq_normalized/
Tricholoma_flavovirens	0	NO_READS_FOUND	no non-trivial read file in rnaseq_reads/ or rnaseq_normalized/
Tricholoma_furcatifolium	0	NO_READS_FOUND	no non-trivial read file in rnaseq_reads/ or rnaseq_normalized/
Tricholoma_saponaceum	0	NO_READS_FOUND	no non-trivial read file in rnaseq_reads/ or rnaseq_normalized/
Tricholoma_sp._MG77	0	NO_READS_FOUND	no non-trivial read file in rnaseq_reads/ or rnaseq_normalized/
Tricholoma_sp._MG99	0	NO_READS_FOUND	no non-trivial read file in rnaseq_reads/ or rnaseq_normalized/
Trichomonascaceae_sp._B5901	0	NO_READS_FOUND	no non-trivial read file in rnaseq_reads/ or rnaseq_normalized/
Trichomonascaceae_sp._UFMG-CM-Y2876	0	NO_READS_FOUND	no non-trivial read file in rnaseq_reads/ or rnaseq_normalized/
Trichomonascaceae_sp._VP_10	0	NO_READS_FOUND	no non-trivial read file in rnaseq_reads/ or rnaseq_normalized/
Trichomonascaceae_sp._Y4102	0	NO_READS_FOUND	no non-trivial read file in rnaseq_reads/ or rnaseq_normalized/
Trichophyton_benhamiae	0	NO_READS_FOUND	no non-trivial read file in rnaseq_reads/ or rnaseq_normalized/
Trichophyton_concentricum	0	NO_READS_FOUND	no non-trivial read file in rnaseq_reads/ or rnaseq_normalized/
Trichophyton_equinum	0	NO_READS_FOUND	no non-trivial read file in rnaseq_reads/ or rnaseq_normalized/
Trichophyton_indotineae	0	NO_READS_FOUND	no non-trivial read file in rnaseq_reads/ or rnaseq_normalized/
Trichophyton_kuryangei	0	NO_READS_FOUND	no non-trivial read file in rnaseq_reads/ or rnaseq_normalized/
Trichophyton_simii	0	NO_READS_FOUND	no non-trivial read file in rnaseq_reads/ or rnaseq_normalized/
Trichophyton_soudanense	0	NO_READS_FOUND	no non-trivial read file in rnaseq_reads/ or rnaseq_normalized/
Trichophyton_verrucosum	0	NO_READS_FOUND	no non-trivial read file in rnaseq_reads/ or rnaseq_normalized/
Trichophyton_violaceum	0	NO_READS_FOUND	no non-trivial read file in rnaseq_reads/ or rnaseq_normalized/
Trichophyton_yaoundei	0	NO_READS_FOUND	no non-trivial read file in rnaseq_reads/ or rnaseq_normalized/
Trichosporon_austroamericanum	0	NO_READS_FOUND	no non-trivial read file in rnaseq_reads/ or rnaseq_normalized/
Trichosporon_sp._DN520	0	NO_READS_FOUND	no non-trivial read file in rnaseq_reads/ or rnaseq_normalized/
Trichosporon_sp._LN7006B	0	NO_READS_FOUND	no non-trivial read file in rnaseq_reads/ or rnaseq_normalized/
Trichosporon_sp._P6006	0	NO_READS_FOUND	no non-trivial read file in rnaseq_reads/ or rnaseq_normalized/
Trichosporon_sp._PB005A	0	NO_READS_FOUND	no non-trivial read file in rnaseq_reads/ or rnaseq_normalized/
Trichosporon_sp._PG3703	0	NO_READS_FOUND	no non-trivial read file in rnaseq_reads/ or rnaseq_normalized/
Trichosporon_sp._YK15P-1	0	NO_READS_FOUND	no non-trivial read file in rnaseq_reads/ or rnaseq_normalized/
Trichosporon_sp._YKP15-1	0	NO_READS_FOUND	no non-trivial read file in rnaseq_reads/ or rnaseq_normalized/
Trichothecium_ovalisporum	0	NO_READS_FOUND	no non-trivial read file in rnaseq_reads/ or rnaseq_normalized/
Trichothecium_sympodiale	0	NO_READS_FOUND	no non-trivial read file in rnaseq_reads/ or rnaseq_normalized/
Trigonopsis_californica	0	NO_READS_FOUND	no non-trivial read file in rnaseq_reads/ or rnaseq_normalized/
Trigonopsis_cantarellii	0	NO_READS_FOUND	no non-trivial read file in rnaseq_reads/ or rnaseq_normalized/
Trigonopsis_variabilis	0	NO_READS_FOUND	no non-trivial read file in rnaseq_reads/ or rnaseq_normalized/
Trigonopsis_vinaria	0	NO_READS_FOUND	no non-trivial read file in rnaseq_reads/ or rnaseq_normalized/
Trigonosporomyces_sp._YL-2025a	0	NO_READS_FOUND	no non-trivial read file in rnaseq_reads/ or rnaseq_normalized/
Trimorphomyces_papilionaceus	0	NO_READS_FOUND	no non-trivial read file in rnaseq_reads/ or rnaseq_normalized/
Tritirachium_sp._CBS_265.96	0	NO_READS_FOUND	no non-trivial read file in rnaseq_reads/ or rnaseq_normalized/
Trizodia_sp._TS-e1964	0	NO_READS_FOUND	no non-trivial read file in rnaseq_reads/ or rnaseq_normalized/
Tropicoporus_texanus	0	NO_READS_FOUND	no non-trivial read file in rnaseq_reads/ or rnaseq_normalized/
Trypethelium_eluteriae	0	NO_READS_FOUND	no non-trivial read file in rnaseq_reads/ or rnaseq_normalized/
Trypethelium_subeluteriae	0	NO_READS_FOUND	no non-trivial read file in rnaseq_reads/ or rnaseq_normalized/
Tubaria_furfuracea	0	NO_READS_FOUND	no non-trivial read file in rnaseq_reads/ or rnaseq_normalized/
Tuber_aestivum	0	NO_READS_FOUND	no non-trivial read file in rnaseq_reads/ or rnaseq_normalized/
Tuber_calosporum	0	NO_READS_FOUND	no non-trivial read file in rnaseq_reads/ or rnaseq_normalized/
Tuber_melanosporum	0	NO_READS_FOUND	no non-trivial read file in rnaseq_reads/ or rnaseq_normalized/
Tuber_microsphaerosporum	0	NO_READS_FOUND	no non-trivial read file in rnaseq_reads/ or rnaseq_normalized/
Tuber_umbilicatum	0	NO_READS_FOUND	no non-trivial read file in rnaseq_reads/ or rnaseq_normalized/
Tubeufia_hainanensis	0	NO_READS_FOUND	no non-trivial read file in rnaseq_reads/ or rnaseq_normalized/
Tubosaeta_aff._alveolata	0	NO_READS_FOUND	no non-trivial read file in rnaseq_reads/ or rnaseq_normalized/
Tubosaeta_aff._heterosetosa	0	NO_READS_FOUND	no non-trivial read file in rnaseq_reads/ or rnaseq_normalized/
Tubosaeta_brunneosetosa	0	NO_READS_FOUND	no non-trivial read file in rnaseq_reads/ or rnaseq_normalized/
Tubosaeta_sp._UT-M0002040	0	NO_READS_FOUND	no non-trivial read file in rnaseq_reads/ or rnaseq_normalized/
Tubulinosema_ratisbonensis	0	NO_READS_FOUND	no non-trivial read file in rnaseq_reads/ or rnaseq_normalized/
Tuckermannopsis_ciliaris	0	NO_READS_FOUND	no non-trivial read file in rnaseq_reads/ or rnaseq_normalized/
Tulasnella_calospora	0	NO_READS_FOUND	no non-trivial read file in rnaseq_reads/ or rnaseq_normalized/
Tulasnella_sp._330	0	NO_READS_FOUND	no non-trivial read file in rnaseq_reads/ or rnaseq_normalized/
Tulasnella_sp._331	0	NO_READS_FOUND	no non-trivial read file in rnaseq_reads/ or rnaseq_normalized/
Tulasnella_sp._332	0	NO_READS_FOUND	no non-trivial read file in rnaseq_reads/ or rnaseq_normalized/
Tulasnella_sp._403	0	NO_READS_FOUND	no non-trivial read file in rnaseq_reads/ or rnaseq_normalized/
Tulasnella_sp._408	0	NO_READS_FOUND	no non-trivial read file in rnaseq_reads/ or rnaseq_normalized/
Tulasnella_sp._417	0	NO_READS_FOUND	no non-trivial read file in rnaseq_reads/ or rnaseq_normalized/
Tulasnella_sp._418	0	NO_READS_FOUND	no non-trivial read file in rnaseq_reads/ or rnaseq_normalized/
Tulasnella_sp._424	0	NO_READS_FOUND	no non-trivial read file in rnaseq_reads/ or rnaseq_normalized/
Tulasnella_sp._UAMH_9824	0	NO_READS_FOUND	no non-trivial read file in rnaseq_reads/ or rnaseq_normalized/
Tumenectria_laetidisca	0	NO_READS_FOUND	no non-trivial read file in rnaseq_reads/ or rnaseq_normalized/
Tylopilus_aff._balloui	0	NO_READS_FOUND	no non-trivial read file in rnaseq_reads/ or rnaseq_normalized/
Tylopilus_aff._beelii	0	NO_READS_FOUND	no non-trivial read file in rnaseq_reads/ or rnaseq_normalized/
Tylopilus_aff._callainus	0	NO_READS_FOUND	no non-trivial read file in rnaseq_reads/ or rnaseq_normalized/
Tylopilus_aff._striatulus	0	NO_READS_FOUND	no non-trivial read file in rnaseq_reads/ or rnaseq_normalized/
Tylopilus_alboater	0	NO_READS_FOUND	no non-trivial read file in rnaseq_reads/ or rnaseq_normalized/
Tylopilus_balloui	0	NO_READS_FOUND	no non-trivial read file in rnaseq_reads/ or rnaseq_normalized/
Tylopilus_cervinicoccineus	0	NO_READS_FOUND	no non-trivial read file in rnaseq_reads/ or rnaseq_normalized/
Tylopilus_cf._leucomycelinus	0	NO_READS_FOUND	no non-trivial read file in rnaseq_reads/ or rnaseq_normalized/
Tylopilus_cf._pallidocervicolor	0	NO_READS_FOUND	no non-trivial read file in rnaseq_reads/ or rnaseq_normalized/
Tylopilus_cf._pernanus	0	NO_READS_FOUND	no non-trivial read file in rnaseq_reads/ or rnaseq_normalized/
Tylopilus_felleus	0	NO_READS_FOUND	no non-trivial read file in rnaseq_reads/ or rnaseq_normalized/
Tylopilus_intermedius	0	NO_READS_FOUND	no non-trivial read file in rnaseq_reads/ or rnaseq_normalized/
Tylopilus_microsporus	0	NO_READS_FOUND	no non-trivial read file in rnaseq_reads/ or rnaseq_normalized/
Tylopilus_orsonianus	0	NO_READS_FOUND	no non-trivial read file in rnaseq_reads/ or rnaseq_normalized/
Tylopilus_plumbeoviolaceoides	0	NO_READS_FOUND	no non-trivial read file in rnaseq_reads/ or rnaseq_normalized/
Tylopilus_rubrobrunneus	0	NO_READS_FOUND	no non-trivial read file in rnaseq_reads/ or rnaseq_normalized/
Tylopilus_sp._KM206722	0	NO_READS_FOUND	no non-trivial read file in rnaseq_reads/ or rnaseq_normalized/
Tylopilus_sp._TRTC175187	0	NO_READS_FOUND	no non-trivial read file in rnaseq_reads/ or rnaseq_normalized/
Tylopilus_sp._UT-M0000018	0	NO_READS_FOUND	no non-trivial read file in rnaseq_reads/ or rnaseq_normalized/
Tylopilus_sp._UT-M0000054	0	NO_READS_FOUND	no non-trivial read file in rnaseq_reads/ or rnaseq_normalized/
Tylopilus_sp._UT-M0000335	0	NO_READS_FOUND	no non-trivial read file in rnaseq_reads/ or rnaseq_normalized/
Tylopilus_sp._UT-M0000375	0	NO_READS_FOUND	no non-trivial read file in rnaseq_reads/ or rnaseq_normalized/
Tylopilus_sp._UT-M0002033	0	NO_READS_FOUND	no non-trivial read file in rnaseq_reads/ or rnaseq_normalized/
Tylopilus_subfusipes	0	NO_READS_FOUND	no non-trivial read file in rnaseq_reads/ or rnaseq_normalized/
Tylopilus_vinaceipallidus	0	NO_READS_FOUND	no non-trivial read file in rnaseq_reads/ or rnaseq_normalized/
Tympanopsis_confertula	0	NO_READS_FOUND	no non-trivial read file in rnaseq_reads/ or rnaseq_normalized/
Udeniomyces_megalosporus	0	NO_READS_FOUND	no non-trivial read file in rnaseq_reads/ or rnaseq_normalized/
Udeniomyces_pyricola	0	NO_READS_FOUND	no non-trivial read file in rnaseq_reads/ or rnaseq_normalized/
Umbelopsis_nana	0	NO_READS_FOUND	no non-trivial read file in rnaseq_reads/ or rnaseq_normalized/
Umbelopsis_sp._M5902	0	NO_READS_FOUND	no non-trivial read file in rnaseq_reads/ or rnaseq_normalized/
Umbelopsis_sp._WA50703	0	NO_READS_FOUND	no non-trivial read file in rnaseq_reads/ or rnaseq_normalized/
Umbelopsis_vinacea	0	NO_READS_FOUND	no non-trivial read file in rnaseq_reads/ or rnaseq_normalized/
Umbilicaria_americana	0	NO_READS_FOUND	no non-trivial read file in rnaseq_reads/ or rnaseq_normalized/
Umbilicaria_crustulosa	0	NO_READS_FOUND	no non-trivial read file in rnaseq_reads/ or rnaseq_normalized/
Umbilicaria_deusta	0	NO_READS_FOUND	no non-trivial read file in rnaseq_reads/ or rnaseq_normalized/
Umbilicaria_freyi	0	NO_READS_FOUND	no non-trivial read file in rnaseq_reads/ or rnaseq_normalized/
Umbilicaria_grisea	0	NO_READS_FOUND	no non-trivial read file in rnaseq_reads/ or rnaseq_normalized/
Umbilicaria_hispanica	0	NO_READS_FOUND	no non-trivial read file in rnaseq_reads/ or rnaseq_normalized/
Umbilicaria_iberica	0	NO_READS_FOUND	no non-trivial read file in rnaseq_reads/ or rnaseq_normalized/
Umbilicaria_mammulata	0	NO_READS_FOUND	no non-trivial read file in rnaseq_reads/ or rnaseq_normalized/
Umbilicaria_nylanderiana	0	NO_READS_FOUND	no non-trivial read file in rnaseq_reads/ or rnaseq_normalized/
Umbilicaria_phaea	0	NO_READS_FOUND	no non-trivial read file in rnaseq_reads/ or rnaseq_normalized/
Umbilicaria_polyphylla	0	NO_READS_FOUND	no non-trivial read file in rnaseq_reads/ or rnaseq_normalized/
Umbilicaria_spodochroa	0	NO_READS_FOUND	no non-trivial read file in rnaseq_reads/ or rnaseq_normalized/
Umbilicaria_subpolyphylla	0	NO_READS_FOUND	no non-trivial read file in rnaseq_reads/ or rnaseq_normalized/
Umbilicaria_vellea	0	NO_READS_FOUND	no non-trivial read file in rnaseq_reads/ or rnaseq_normalized/
Uncinocarpus_reesii	0	NO_READS_FOUND	no non-trivial read file in rnaseq_reads/ or rnaseq_normalized/
Uromyces_transversalis	0	NO_READS_FOUND	no non-trivial read file in rnaseq_reads/ or rnaseq_normalized/
Uromyces_viciae-fabae	0	NO_READS_FOUND	no non-trivial read file in rnaseq_reads/ or rnaseq_normalized/
Usnea_aurantiacoatra	0	NO_READS_FOUND	no non-trivial read file in rnaseq_reads/ or rnaseq_normalized/
Usnea_cavernosa	0	NO_READS_FOUND	no non-trivial read file in rnaseq_reads/ or rnaseq_normalized/
Usnea_ceratina	0	NO_READS_FOUND	no non-trivial read file in rnaseq_reads/ or rnaseq_normalized/
Usnea_cornuta	0	NO_READS_FOUND	no non-trivial read file in rnaseq_reads/ or rnaseq_normalized/
Usnea_halei	0	NO_READS_FOUND	no non-trivial read file in rnaseq_reads/ or rnaseq_normalized/
Usnea_merrillii	0	NO_READS_FOUND	no non-trivial read file in rnaseq_reads/ or rnaseq_normalized/
Usnea_mutabilis	0	NO_READS_FOUND	no non-trivial read file in rnaseq_reads/ or rnaseq_normalized/
Usnea_strigosa	0	NO_READS_FOUND	no non-trivial read file in rnaseq_reads/ or rnaseq_normalized/
Usnea_subfusca	0	NO_READS_FOUND	no non-trivial read file in rnaseq_reads/ or rnaseq_normalized/
Usnea_subgracilis	0	NO_READS_FOUND	no non-trivial read file in rnaseq_reads/ or rnaseq_normalized/
Usnea_subscabrosa	0	NO_READS_FOUND	no non-trivial read file in rnaseq_reads/ or rnaseq_normalized/
Usnocetraria_oakesiana	0	NO_READS_FOUND	no non-trivial read file in rnaseq_reads/ or rnaseq_normalized/
Usnochroma_carphineum	0	NO_READS_FOUND	no non-trivial read file in rnaseq_reads/ or rnaseq_normalized/
Ustilaginoidea_albicans	0	NO_READS_FOUND	no non-trivial read file in rnaseq_reads/ or rnaseq_normalized/
Ustilago_coicis	0	NO_READS_FOUND	no non-trivial read file in rnaseq_reads/ or rnaseq_normalized/
Ustilago_crameri	0	NO_READS_FOUND	no non-trivial read file in rnaseq_reads/ or rnaseq_normalized/
Ustilago_curta	0	NO_READS_FOUND	no non-trivial read file in rnaseq_reads/ or rnaseq_normalized/
Ustilago_cynodontis	0	NO_READS_FOUND	no non-trivial read file in rnaseq_reads/ or rnaseq_normalized/
Ustilago_lituana	0	NO_READS_FOUND	no non-trivial read file in rnaseq_reads/ or rnaseq_normalized/
Ustilago_loliicola	0	NO_READS_FOUND	no non-trivial read file in rnaseq_reads/ or rnaseq_normalized/
Ustilago_nuda	0	NO_READS_FOUND	no non-trivial read file in rnaseq_reads/ or rnaseq_normalized/
Ustilago_shanxiensis	0	NO_READS_FOUND	no non-trivial read file in rnaseq_reads/ or rnaseq_normalized/
Ustilago_sp._UG-2017a	0	NO_READS_FOUND	no non-trivial read file in rnaseq_reads/ or rnaseq_normalized/
Ustilago_sp._UG-2017b	0	NO_READS_FOUND	no non-trivial read file in rnaseq_reads/ or rnaseq_normalized/
Ustilago_trichophora	0	NO_READS_FOUND	no non-trivial read file in rnaseq_reads/ or rnaseq_normalized/
Ustilago_tritici	0	NO_READS_FOUND	no non-trivial read file in rnaseq_reads/ or rnaseq_normalized/
Ustilago_vetiveriae	0	NO_READS_FOUND	no non-trivial read file in rnaseq_reads/ or rnaseq_normalized/
Ustilago_xerochloae	0	NO_READS_FOUND	no non-trivial read file in rnaseq_reads/ or rnaseq_normalized/
Vairimorpha_apis	0	NO_READS_FOUND	no non-trivial read file in rnaseq_reads/ or rnaseq_normalized/
Vairimorpha_bombi	0	NO_READS_FOUND	no non-trivial read file in rnaseq_reads/ or rnaseq_normalized/
Vairimorpha_sp._gmOTU11_Ox002490	0	NO_READS_FOUND	no non-trivial read file in rnaseq_reads/ or rnaseq_normalized/
Vairimorpha_sp._gmOTU12_Ox000033	0	NO_READS_FOUND	no non-trivial read file in rnaseq_reads/ or rnaseq_normalized/
Vairimorpha_sp._gmOTU13_SAN23001243	0	NO_READS_FOUND	no non-trivial read file in rnaseq_reads/ or rnaseq_normalized/
Vairimorpha_sp._gmOTU14_Ox002408	0	NO_READS_FOUND	no non-trivial read file in rnaseq_reads/ or rnaseq_normalized/
Vairimorpha_sp._gmOTU15_SAN0000875	0	NO_READS_FOUND	no non-trivial read file in rnaseq_reads/ or rnaseq_normalized/
Vairimorpha_sp._gmOTU16_NHMUK010884576	0	NO_READS_FOUND	no non-trivial read file in rnaseq_reads/ or rnaseq_normalized/
Vairimorpha_sp._gmOTU17_SAN00002588	0	NO_READS_FOUND	no non-trivial read file in rnaseq_reads/ or rnaseq_normalized/
Vairimorpha_sp._gmOTU4_NHMUK014451568	0	NO_READS_FOUND	no non-trivial read file in rnaseq_reads/ or rnaseq_normalized/
Vairimorpha_sp._gmOTU4_NHMUK015059427	0	NO_READS_FOUND	no non-trivial read file in rnaseq_reads/ or rnaseq_normalized/
Vairimorpha_sp._gmOTU4_Ox003106	0	NO_READS_FOUND	no non-trivial read file in rnaseq_reads/ or rnaseq_normalized/
Vairimorpha_sp._gmOTU5_NHMUK014536986	0	NO_READS_FOUND	no non-trivial read file in rnaseq_reads/ or rnaseq_normalized/
Vairimorpha_sp._gmOTU5_Ox002256	0	NO_READS_FOUND	no non-trivial read file in rnaseq_reads/ or rnaseq_normalized/
Vanderwaltozyma_osmotolerans	0	NO_READS_FOUND	no non-trivial read file in rnaseq_reads/ or rnaseq_normalized/
Vanderwaltozyma_polyspora	0	NO_READS_FOUND	no non-trivial read file in rnaseq_reads/ or rnaseq_normalized/
Vanderwaltozyma_sp._UFMG-CM-Y7006	0	NO_READS_FOUND	no non-trivial read file in rnaseq_reads/ or rnaseq_normalized/
Vanderwaltozyma_tropicalis	0	NO_READS_FOUND	no non-trivial read file in rnaseq_reads/ or rnaseq_normalized/
Vanderwaltozyma_verrucispora	0	NO_READS_FOUND	no non-trivial read file in rnaseq_reads/ or rnaseq_normalized/
Vanderwaltozyma_yarrowii	0	NO_READS_FOUND	no non-trivial read file in rnaseq_reads/ or rnaseq_normalized/
Vanrija_albida	0	NO_READS_FOUND	no non-trivial read file in rnaseq_reads/ or rnaseq_normalized/
Vanrija_pseudolonga	0	NO_READS_FOUND	no non-trivial read file in rnaseq_reads/ or rnaseq_normalized/
Vanrija_sp._CR7	0	NO_READS_FOUND	no non-trivial read file in rnaseq_reads/ or rnaseq_normalized/
Vanrija_sp._TS_01	0	NO_READS_FOUND	no non-trivial read file in rnaseq_reads/ or rnaseq_normalized/
Vararia_minispora	0	NO_READS_FOUND	no non-trivial read file in rnaseq_reads/ or rnaseq_normalized/
Varicellaria_rhodocarpa	0	NO_READS_FOUND	no non-trivial read file in rnaseq_reads/ or rnaseq_normalized/
Variospora_aurantia	0	NO_READS_FOUND	no non-trivial read file in rnaseq_reads/ or rnaseq_normalized/
Variospora_cf._flavescens	0	NO_READS_FOUND	no non-trivial read file in rnaseq_reads/ or rnaseq_normalized/
Variospora_fuerteventurae	0	NO_READS_FOUND	no non-trivial read file in rnaseq_reads/ or rnaseq_normalized/
Variospora_sp._1_TL-2023	0	NO_READS_FOUND	no non-trivial read file in rnaseq_reads/ or rnaseq_normalized/
Variospora_velana	0	NO_READS_FOUND	no non-trivial read file in rnaseq_reads/ or rnaseq_normalized/
Vavraia_culicis	0	NO_READS_FOUND	no non-trivial read file in rnaseq_reads/ or rnaseq_normalized/
Veloboletus_limbatus	0	NO_READS_FOUND	no non-trivial read file in rnaseq_reads/ or rnaseq_normalized/
Veloporphyrellus_conicus	0	NO_READS_FOUND	no non-trivial read file in rnaseq_reads/ or rnaseq_normalized/
Venturia_asperata	0	NO_READS_FOUND	no non-trivial read file in rnaseq_reads/ or rnaseq_normalized/
Venturia_aucupariae	0	NO_READS_FOUND	no non-trivial read file in rnaseq_reads/ or rnaseq_normalized/
Venturia_carpophila	0	NO_READS_FOUND	no non-trivial read file in rnaseq_reads/ or rnaseq_normalized/
Venturia_effusa	0	NO_READS_FOUND	no non-trivial read file in rnaseq_reads/ or rnaseq_normalized/
Venturia_oleaginea	0	NO_READS_FOUND	no non-trivial read file in rnaseq_reads/ or rnaseq_normalized/
Venturia_pyrina	0	NO_READS_FOUND	no non-trivial read file in rnaseq_reads/ or rnaseq_normalized/
Venturiaceae_sp._KMAF11	0	NO_READS_FOUND	no non-trivial read file in rnaseq_reads/ or rnaseq_normalized/
Venustampulla_echinocandica	0	NO_READS_FOUND	no non-trivial read file in rnaseq_reads/ or rnaseq_normalized/
Vermiconidia_calcicola	0	NO_READS_FOUND	no non-trivial read file in rnaseq_reads/ or rnaseq_normalized/
Verrucariales_sp.	0	NO_READS_FOUND	no non-trivial read file in rnaseq_reads/ or rnaseq_normalized/
Verruconis_sp.	0	NO_READS_FOUND	no non-trivial read file in rnaseq_reads/ or rnaseq_normalized/
Verticillium_albo-atrum	0	NO_READS_FOUND	no non-trivial read file in rnaseq_reads/ or rnaseq_normalized/
Verticillium_alfalfae	0	NO_READS_FOUND	no non-trivial read file in rnaseq_reads/ or rnaseq_normalized/
Verticillium_isaacii	0	NO_READS_FOUND	no non-trivial read file in rnaseq_reads/ or rnaseq_normalized/
Verticillium_klebahnii	0	NO_READS_FOUND	no non-trivial read file in rnaseq_reads/ or rnaseq_normalized/
Verticillium_nubilum	0	NO_READS_FOUND	no non-trivial read file in rnaseq_reads/ or rnaseq_normalized/
Verticillium_zaregamsianum	0	NO_READS_FOUND	no non-trivial read file in rnaseq_reads/ or rnaseq_normalized/
Vezdaea_acicularis	0	NO_READS_FOUND	no non-trivial read file in rnaseq_reads/ or rnaseq_normalized/
Vezdaea_aestivalis	0	NO_READS_FOUND	no non-trivial read file in rnaseq_reads/ or rnaseq_normalized/
Villophora_microphyllina	0	NO_READS_FOUND	no non-trivial read file in rnaseq_reads/ or rnaseq_normalized/
Viridothelium_virens	0	NO_READS_FOUND	no non-trivial read file in rnaseq_reads/ or rnaseq_normalized/
Vishniacozyma_dimennae	0	NO_READS_FOUND	no non-trivial read file in rnaseq_reads/ or rnaseq_normalized/
Vishniacozyma_sp._CLIB4441	0	NO_READS_FOUND	no non-trivial read file in rnaseq_reads/ or rnaseq_normalized/
Vishniacozyma_sp._CLIB4442	0	NO_READS_FOUND	no non-trivial read file in rnaseq_reads/ or rnaseq_normalized/
Vishniacozyma_sp._CLIB4443	0	NO_READS_FOUND	no non-trivial read file in rnaseq_reads/ or rnaseq_normalized/
Vishniacozyma_sp._CLIB4449	0	NO_READS_FOUND	no non-trivial read file in rnaseq_reads/ or rnaseq_normalized/
Vishniacozyma_victoriae	0	NO_READS_FOUND	no non-trivial read file in rnaseq_reads/ or rnaseq_normalized/
Vittaforma_corneae	0	NO_READS_FOUND	no non-trivial read file in rnaseq_reads/ or rnaseq_normalized/
Volutella_ciliata	0	NO_READS_FOUND	no non-trivial read file in rnaseq_reads/ or rnaseq_normalized/
Volutella_citrinella	0	NO_READS_FOUND	no non-trivial read file in rnaseq_reads/ or rnaseq_normalized/
Volvariella_volvacea	0	NO_READS_FOUND	no non-trivial read file in rnaseq_reads/ or rnaseq_normalized/
Vulpicida_juniperinus	0	NO_READS_FOUND	no non-trivial read file in rnaseq_reads/ or rnaseq_normalized/
Waitea_zeae	0	NO_READS_FOUND	no non-trivial read file in rnaseq_reads/ or rnaseq_normalized/
Wakefieldia_striispora	0	NO_READS_FOUND	no non-trivial read file in rnaseq_reads/ or rnaseq_normalized/
Wallemia_canadensis	0	NO_READS_FOUND	no non-trivial read file in rnaseq_reads/ or rnaseq_normalized/
Wallemia_hederae	0	NO_READS_FOUND	no non-trivial read file in rnaseq_reads/ or rnaseq_normalized/
Wallemia_ichthyophaga	0	NO_READS_FOUND	no non-trivial read file in rnaseq_reads/ or rnaseq_normalized/
Wallemia_mellicola	0	NO_READS_FOUND	no non-trivial read file in rnaseq_reads/ or rnaseq_normalized/
Waltergamsia_citrina	0	NO_READS_FOUND	no non-trivial read file in rnaseq_reads/ or rnaseq_normalized/
Waltiozyma_chaumierensis	0	NO_READS_FOUND	no non-trivial read file in rnaseq_reads/ or rnaseq_normalized/
Waltiozyma_mucosa	0	NO_READS_FOUND	no non-trivial read file in rnaseq_reads/ or rnaseq_normalized/
Waltiozyma_pijperi	0	NO_READS_FOUND	no non-trivial read file in rnaseq_reads/ or rnaseq_normalized/
Waltiozyma_solani	0	NO_READS_FOUND	no non-trivial read file in rnaseq_reads/ or rnaseq_normalized/
Waltiozyma_sp._NRRL_Y-48258	0	NO_READS_FOUND	no non-trivial read file in rnaseq_reads/ or rnaseq_normalized/
Waltiozyma_sp._UFMG-CM-Y6624	0	NO_READS_FOUND	no non-trivial read file in rnaseq_reads/ or rnaseq_normalized/
Waltiozyma_xylosica	0	NO_READS_FOUND	no non-trivial read file in rnaseq_reads/ or rnaseq_normalized/
Watsoniomyces_obsoletus	0	NO_READS_FOUND	no non-trivial read file in rnaseq_reads/ or rnaseq_normalized/
Wenyingozyma_methanosorbosa	0	NO_READS_FOUND	no non-trivial read file in rnaseq_reads/ or rnaseq_normalized/
Wenyingozyma_methylovora	0	NO_READS_FOUND	no non-trivial read file in rnaseq_reads/ or rnaseq_normalized/
Wenyingozyma_naganishii	0	NO_READS_FOUND	no non-trivial read file in rnaseq_reads/ or rnaseq_normalized/
Wenyingozyma_nanaspora	0	NO_READS_FOUND	no non-trivial read file in rnaseq_reads/ or rnaseq_normalized/
Wenyingozyma_nitratophila	0	NO_READS_FOUND	no non-trivial read file in rnaseq_reads/ or rnaseq_normalized/
Wenyingozyma_ramenticola	0	NO_READS_FOUND	no non-trivial read file in rnaseq_reads/ or rnaseq_normalized/
Wenyingozyma_succiphila	0	NO_READS_FOUND	no non-trivial read file in rnaseq_reads/ or rnaseq_normalized/
Wenyingozyma_suzukii	0	NO_READS_FOUND	no non-trivial read file in rnaseq_reads/ or rnaseq_normalized/
Westerdykella_aurantiaca	0	NO_READS_FOUND	no non-trivial read file in rnaseq_reads/ or rnaseq_normalized/
Westerdykella_dispersa	0	NO_READS_FOUND	no non-trivial read file in rnaseq_reads/ or rnaseq_normalized/
Westerdykella_sp._P71	0	NO_READS_FOUND	no non-trivial read file in rnaseq_reads/ or rnaseq_normalized/
Wetmoreana_brouardii	0	NO_READS_FOUND	no non-trivial read file in rnaseq_reads/ or rnaseq_normalized/
Wetmoreana_sp._5_TL-2023	0	NO_READS_FOUND	no non-trivial read file in rnaseq_reads/ or rnaseq_normalized/
Wickerhamia_fluorescens	0	NO_READS_FOUND	no non-trivial read file in rnaseq_reads/ or rnaseq_normalized/
Wickerhamiella_allomyrinae	0	NO_READS_FOUND	no non-trivial read file in rnaseq_reads/ or rnaseq_normalized/
Wickerhamiella_alocasiicola	0	NO_READS_FOUND	no non-trivial read file in rnaseq_reads/ or rnaseq_normalized/
Wickerhamiella_australiensis	0	NO_READS_FOUND	no non-trivial read file in rnaseq_reads/ or rnaseq_normalized/
Wickerhamiella_azyma	0	NO_READS_FOUND	no non-trivial read file in rnaseq_reads/ or rnaseq_normalized/
Wickerhamiella_azymoides	0	NO_READS_FOUND	no non-trivial read file in rnaseq_reads/ or rnaseq_normalized/
Wickerhamiella_bombiphila	0	NO_READS_FOUND	no non-trivial read file in rnaseq_reads/ or rnaseq_normalized/
Wickerhamiella_brachini	0	NO_READS_FOUND	no non-trivial read file in rnaseq_reads/ or rnaseq_normalized/
Wickerhamiella_cacticola	0	NO_READS_FOUND	no non-trivial read file in rnaseq_reads/ or rnaseq_normalized/
Wickerhamiella_dianesei	0	NO_READS_FOUND	no non-trivial read file in rnaseq_reads/ or rnaseq_normalized/
Wickerhamiella_galacta	0	NO_READS_FOUND	no non-trivial read file in rnaseq_reads/ or rnaseq_normalized/
Wickerhamiella_hasegawae	0	NO_READS_FOUND	no non-trivial read file in rnaseq_reads/ or rnaseq_normalized/
Wickerhamiella_infanticola	0	NO_READS_FOUND	no non-trivial read file in rnaseq_reads/ or rnaseq_normalized/
Wickerhamiella_kazuoi	0	NO_READS_FOUND	no non-trivial read file in rnaseq_reads/ or rnaseq_normalized/
Wickerhamiella_kurtzmanii	0	NO_READS_FOUND	no non-trivial read file in rnaseq_reads/ or rnaseq_normalized/
Wickerhamiella_lipophila	0	NO_READS_FOUND	no non-trivial read file in rnaseq_reads/ or rnaseq_normalized/
Wickerhamiella_musiphila	0	NO_READS_FOUND	no non-trivial read file in rnaseq_reads/ or rnaseq_normalized/
Wickerhamiella_nectarea	0	NO_READS_FOUND	no non-trivial read file in rnaseq_reads/ or rnaseq_normalized/
Wickerhamiella_occidentalis	0	NO_READS_FOUND	no non-trivial read file in rnaseq_reads/ or rnaseq_normalized/
Wickerhamiella_pararugosa	0	NO_READS_FOUND	no non-trivial read file in rnaseq_reads/ or rnaseq_normalized/
Wickerhamiella_parazyma	0	NO_READS_FOUND	no non-trivial read file in rnaseq_reads/ or rnaseq_normalized/
Wickerhamiella_qilinensis	0	NO_READS_FOUND	no non-trivial read file in rnaseq_reads/ or rnaseq_normalized/
Wickerhamiella_sergipiensis	0	NO_READS_FOUND	no non-trivial read file in rnaseq_reads/ or rnaseq_normalized/
Wickerhamiella_shivajii	0	NO_READS_FOUND	no non-trivial read file in rnaseq_reads/ or rnaseq_normalized/
Wickerhamiella_siamensis	0	NO_READS_FOUND	no non-trivial read file in rnaseq_reads/ or rnaseq_normalized/
Wickerhamiella_slavikovae	0	NO_READS_FOUND	no non-trivial read file in rnaseq_reads/ or rnaseq_normalized/
Wickerhamiella_sorbophila	0	NO_READS_FOUND	no non-trivial read file in rnaseq_reads/ or rnaseq_normalized/
Wickerhamiella_sp._F6312	0	NO_READS_FOUND	no non-trivial read file in rnaseq_reads/ or rnaseq_normalized/
Wickerhamiella_sp._JLY21-1	0	NO_READS_FOUND	no non-trivial read file in rnaseq_reads/ or rnaseq_normalized/
Wickerhamiella_sp._P97-06A	0	NO_READS_FOUND	no non-trivial read file in rnaseq_reads/ or rnaseq_normalized/
Wickerhamiella_sp._S6620	0	NO_READS_FOUND	no non-trivial read file in rnaseq_reads/ or rnaseq_normalized/
Wickerhamiella_spandovensis	0	NO_READS_FOUND	no non-trivial read file in rnaseq_reads/ or rnaseq_normalized/
Wickerhamiella_vanderwaltii	0	NO_READS_FOUND	no non-trivial read file in rnaseq_reads/ or rnaseq_normalized/
Wickerhamomyces_alni	0	NO_READS_FOUND	no non-trivial read file in rnaseq_reads/ or rnaseq_normalized/
Wickerhamomyces_bisporus	0	NO_READS_FOUND	no non-trivial read file in rnaseq_reads/ or rnaseq_normalized/
Wickerhamomyces_canadensis	0	NO_READS_FOUND	no non-trivial read file in rnaseq_reads/ or rnaseq_normalized/
Wickerhamomyces_edaphicus	0	NO_READS_FOUND	no non-trivial read file in rnaseq_reads/ or rnaseq_normalized/
Wickerhamomyces_jianshihensis	0	NO_READS_FOUND	no non-trivial read file in rnaseq_reads/ or rnaseq_normalized/
Wickerhamomyces_kurtzmanii	0	NO_READS_FOUND	no non-trivial read file in rnaseq_reads/ or rnaseq_normalized/
Wickerhamomyces_quercuum	0	NO_READS_FOUND	no non-trivial read file in rnaseq_reads/ or rnaseq_normalized/
Wickerhamomyces_silvicola	0	NO_READS_FOUND	no non-trivial read file in rnaseq_reads/ or rnaseq_normalized/
Wickerhamomyces_sp._25-WYM-469-1	0	NO_READS_FOUND	no non-trivial read file in rnaseq_reads/ or rnaseq_normalized/
Wickerhamomyces_sp._31-2-9-9	0	NO_READS_FOUND	no non-trivial read file in rnaseq_reads/ or rnaseq_normalized/
Wickerhamomyces_sp._3Q4-1	0	NO_READS_FOUND	no non-trivial read file in rnaseq_reads/ or rnaseq_normalized/
Wickerhamomyces_sp._50C-3	0	NO_READS_FOUND	no non-trivial read file in rnaseq_reads/ or rnaseq_normalized/
Wickerhamomyces_sp._HBSY304-4	0	NO_READS_FOUND	no non-trivial read file in rnaseq_reads/ or rnaseq_normalized/
Wickerhamomyces_sp._HBSY964-1	0	NO_READS_FOUND	no non-trivial read file in rnaseq_reads/ or rnaseq_normalized/
Wickerhamomyces_sp._HHY24-4	0	NO_READS_FOUND	no non-trivial read file in rnaseq_reads/ or rnaseq_normalized/
Wickerhamomyces_sp._HNBP16-3	0	NO_READS_FOUND	no non-trivial read file in rnaseq_reads/ or rnaseq_normalized/
Wickerhamomyces_sp._NRRL_YB-2243	0	NO_READS_FOUND	no non-trivial read file in rnaseq_reads/ or rnaseq_normalized/
Wickerhamomyces_sp._YK72Y-2	0	NO_READS_FOUND	no non-trivial read file in rnaseq_reads/ or rnaseq_normalized/
Wickerhamomyces_sp._yHMH26	0	NO_READS_FOUND	no non-trivial read file in rnaseq_reads/ or rnaseq_normalized/
Wickerhamomyces_sp._yHMH617	0	NO_READS_FOUND	no non-trivial read file in rnaseq_reads/ or rnaseq_normalized/
Wickerhamomyces_ulmi	0	NO_READS_FOUND	no non-trivial read file in rnaseq_reads/ or rnaseq_normalized/
Wilcoxina_mikolae	0	NO_READS_FOUND	no non-trivial read file in rnaseq_reads/ or rnaseq_normalized/
Wilhelmdebeerea_oxyuri	0	NO_READS_FOUND	no non-trivial read file in rnaseq_reads/ or rnaseq_normalized/
Wilhelminamyces_savonicus	0	NO_READS_FOUND	no non-trivial read file in rnaseq_reads/ or rnaseq_normalized/
Wilhelminamyces_tanticharoeniae	0	NO_READS_FOUND	no non-trivial read file in rnaseq_reads/ or rnaseq_normalized/
Willeya_diffractella	0	NO_READS_FOUND	no non-trivial read file in rnaseq_reads/ or rnaseq_normalized/
Williopsis_galapagoensis	0	NO_READS_FOUND	no non-trivial read file in rnaseq_reads/ or rnaseq_normalized/
Williopsis_lachancei	0	NO_READS_FOUND	no non-trivial read file in rnaseq_reads/ or rnaseq_normalized/
Williopsis_maclurae	0	NO_READS_FOUND	no non-trivial read file in rnaseq_reads/ or rnaseq_normalized/
Williopsis_misumaiensis	0	NO_READS_FOUND	no non-trivial read file in rnaseq_reads/ or rnaseq_normalized/
Williopsis_mrakii	0	NO_READS_FOUND	no non-trivial read file in rnaseq_reads/ or rnaseq_normalized/
Williopsis_samutprakarnensis	0	NO_READS_FOUND	no non-trivial read file in rnaseq_reads/ or rnaseq_normalized/
Williopsis_sargentensis	0	NO_READS_FOUND	no non-trivial read file in rnaseq_reads/ or rnaseq_normalized/
Williopsis_saturnus	0	NO_READS_FOUND	no non-trivial read file in rnaseq_reads/ or rnaseq_normalized/
Williopsis_suaveolens	0	NO_READS_FOUND	no non-trivial read file in rnaseq_reads/ or rnaseq_normalized/
Williopsis_subsufficiens	0	NO_READS_FOUND	no non-trivial read file in rnaseq_reads/ or rnaseq_normalized/
Williopsis_takata	0	NO_READS_FOUND	no non-trivial read file in rnaseq_reads/ or rnaseq_normalized/
Williopsis_vartiovaarae	0	NO_READS_FOUND	no non-trivial read file in rnaseq_reads/ or rnaseq_normalized/
Wolfgangiella_franznegeri	0	NO_READS_FOUND	no non-trivial read file in rnaseq_reads/ or rnaseq_normalized/
Wolfiporia_hoelen	0	NO_READS_FOUND	no non-trivial read file in rnaseq_reads/ or rnaseq_normalized/
Xanthocarpia_feracissima	0	NO_READS_FOUND	no non-trivial read file in rnaseq_reads/ or rnaseq_normalized/
Xanthocarpia_lactea	0	NO_READS_FOUND	no non-trivial read file in rnaseq_reads/ or rnaseq_normalized/
Xanthocarpia_ochracea	0	NO_READS_FOUND	no non-trivial read file in rnaseq_reads/ or rnaseq_normalized/
Xanthoconium_purpureum	0	NO_READS_FOUND	no non-trivial read file in rnaseq_reads/ or rnaseq_normalized/
Xanthoconium_separans	0	NO_READS_FOUND	no non-trivial read file in rnaseq_reads/ or rnaseq_normalized/
Xanthoconium_sp._NY2686029	0	NO_READS_FOUND	no non-trivial read file in rnaseq_reads/ or rnaseq_normalized/
Xanthoconium_stramineum	0	NO_READS_FOUND	no non-trivial read file in rnaseq_reads/ or rnaseq_normalized/
Xanthomendoza_sp._1_TL-2023	0	NO_READS_FOUND	no non-trivial read file in rnaseq_reads/ or rnaseq_normalized/
Xanthomendoza_sp._2_TL-2023	0	NO_READS_FOUND	no non-trivial read file in rnaseq_reads/ or rnaseq_normalized/
Xanthoparmelia_aff._plittii	0	NO_READS_FOUND	no non-trivial read file in rnaseq_reads/ or rnaseq_normalized/
Xanthoparmelia_taractica	0	NO_READS_FOUND	no non-trivial read file in rnaseq_reads/ or rnaseq_normalized/
Xanthoparmelia_tasmanica	0	NO_READS_FOUND	no non-trivial read file in rnaseq_reads/ or rnaseq_normalized/
Xanthoparmelia_verrucella	0	NO_READS_FOUND	no non-trivial read file in rnaseq_reads/ or rnaseq_normalized/
Xanthoria_aureola	0	NO_READS_FOUND	no non-trivial read file in rnaseq_reads/ or rnaseq_normalized/
Xanthoria_calcicola	0	NO_READS_FOUND	no non-trivial read file in rnaseq_reads/ or rnaseq_normalized/
Xanthoria_mediterranea	0	NO_READS_FOUND	no non-trivial read file in rnaseq_reads/ or rnaseq_normalized/
Xanthoria_sp._1_TBL-2021	0	NO_READS_FOUND	no non-trivial read file in rnaseq_reads/ or rnaseq_normalized/
Xanthoria_sp._2_TBL-2021	0	NO_READS_FOUND	no non-trivial read file in rnaseq_reads/ or rnaseq_normalized/
Xanthoria_steineri	0	NO_READS_FOUND	no non-trivial read file in rnaseq_reads/ or rnaseq_normalized/
Xenoacremonium_recifei	0	NO_READS_FOUND	no non-trivial read file in rnaseq_reads/ or rnaseq_normalized/
Xenosphaeropsis_pyriputrescens	0	NO_READS_FOUND	no non-trivial read file in rnaseq_reads/ or rnaseq_normalized/
Xerocomellus_amylosporus	0	NO_READS_FOUND	no non-trivial read file in rnaseq_reads/ or rnaseq_normalized/
Xerocomellus_dryophilus	0	NO_READS_FOUND	no non-trivial read file in rnaseq_reads/ or rnaseq_normalized/
Xerocomellus_intermedius	0	NO_READS_FOUND	no non-trivial read file in rnaseq_reads/ or rnaseq_normalized/
Xerocomus_alliaceus	0	NO_READS_FOUND	no non-trivial read file in rnaseq_reads/ or rnaseq_normalized/
Xerocomus_amazonicus	0	NO_READS_FOUND	no non-trivial read file in rnaseq_reads/ or rnaseq_normalized/
Xerocomus_brunneocitrinus	0	NO_READS_FOUND	no non-trivial read file in rnaseq_reads/ or rnaseq_normalized/
Xerocomus_cyaneibrunnescens	0	NO_READS_FOUND	no non-trivial read file in rnaseq_reads/ or rnaseq_normalized/
Xerocomus_ferrugineus	0	NO_READS_FOUND	no non-trivial read file in rnaseq_reads/ or rnaseq_normalized/
Xerocomus_minutiporus	0	NO_READS_FOUND	no non-trivial read file in rnaseq_reads/ or rnaseq_normalized/
Xerocomus_nothofagi	0	NO_READS_FOUND	no non-trivial read file in rnaseq_reads/ or rnaseq_normalized/
Xerocomus_potaroensis	0	NO_READS_FOUND	no non-trivial read file in rnaseq_reads/ or rnaseq_normalized/
Xerocomus_sp._UT-M0000078	0	NO_READS_FOUND	no non-trivial read file in rnaseq_reads/ or rnaseq_normalized/
Xerocomus_sp._UT-M0000266	0	NO_READS_FOUND	no non-trivial read file in rnaseq_reads/ or rnaseq_normalized/
Xerocomus_sp._UT-M0000400	0	NO_READS_FOUND	no non-trivial read file in rnaseq_reads/ or rnaseq_normalized/
Xerocomus_spinulosus	0	NO_READS_FOUND	no non-trivial read file in rnaseq_reads/ or rnaseq_normalized/
Xerocomus_subilludens	0	NO_READS_FOUND	no non-trivial read file in rnaseq_reads/ or rnaseq_normalized/
Xerocomus_subpalustris	0	NO_READS_FOUND	no non-trivial read file in rnaseq_reads/ or rnaseq_normalized/
Xerocomus_subtomentosus	0	NO_READS_FOUND	no non-trivial read file in rnaseq_reads/ or rnaseq_normalized/
Xerocomus_tenax	0	NO_READS_FOUND	no non-trivial read file in rnaseq_reads/ or rnaseq_normalized/
Xeromyces_bisporus	0	NO_READS_FOUND	no non-trivial read file in rnaseq_reads/ or rnaseq_normalized/
Xingzhongia_hampshirensis	0	NO_READS_FOUND	no non-trivial read file in rnaseq_reads/ or rnaseq_normalized/
Xingzhongia_strasburgensis	0	NO_READS_FOUND	no non-trivial read file in rnaseq_reads/ or rnaseq_normalized/
Xiuguozyma_insectalens	0	NO_READS_FOUND	no non-trivial read file in rnaseq_reads/ or rnaseq_normalized/
Xiuguozyma_silvatica	0	NO_READS_FOUND	no non-trivial read file in rnaseq_reads/ or rnaseq_normalized/
Xylaria_escharoidea	0	NO_READS_FOUND	no non-trivial read file in rnaseq_reads/ or rnaseq_normalized/
Xylaria_feejeensis	0	NO_READS_FOUND	no non-trivial read file in rnaseq_reads/ or rnaseq_normalized/
Xylaria_multiplex	0	NO_READS_FOUND	no non-trivial read file in rnaseq_reads/ or rnaseq_normalized/
Xylaria_polymorpha	0	NO_READS_FOUND	no non-trivial read file in rnaseq_reads/ or rnaseq_normalized/
Xylaria_rogersionigripes	0	NO_READS_FOUND	no non-trivial read file in rnaseq_reads/ or rnaseq_normalized/
Xylaria_sp._218_066	0	NO_READS_FOUND	no non-trivial read file in rnaseq_reads/ or rnaseq_normalized/
Xylaria_sp._BCC_1067	0	NO_READS_FOUND	no non-trivial read file in rnaseq_reads/ or rnaseq_normalized/
Xylaria_sp._JS573	0	NO_READS_FOUND	no non-trivial read file in rnaseq_reads/ or rnaseq_normalized/
Xylaria_sp._KR-3U	0	NO_READS_FOUND	no non-trivial read file in rnaseq_reads/ or rnaseq_normalized/
Xylaria_sp._L1_SY-2022	0	NO_READS_FOUND	no non-trivial read file in rnaseq_reads/ or rnaseq_normalized/
Xylaria_sp._MSU_SB201401	0	NO_READS_FOUND	no non-trivial read file in rnaseq_reads/ or rnaseq_normalized/
Xylaria_sp._P1	0	NO_READS_FOUND	no non-trivial read file in rnaseq_reads/ or rnaseq_normalized/
Xylaria_sp._RV14508	0	NO_READS_FOUND	no non-trivial read file in rnaseq_reads/ or rnaseq_normalized/
Xylaria_sp._XSP14	0	NO_READS_FOUND	no non-trivial read file in rnaseq_reads/ or rnaseq_normalized/
Xylaria_sp._Z21	0	NO_READS_FOUND	no non-trivial read file in rnaseq_reads/ or rnaseq_normalized/
Xylaria_sp._Z34	0	NO_READS_FOUND	no non-trivial read file in rnaseq_reads/ or rnaseq_normalized/
Xylaria_sp._Z50	0	NO_READS_FOUND	no non-trivial read file in rnaseq_reads/ or rnaseq_normalized/
Xylaria_striata	0	NO_READS_FOUND	no non-trivial read file in rnaseq_reads/ or rnaseq_normalized/
Xylariaceae_sp._FL0662B	0	NO_READS_FOUND	no non-trivial read file in rnaseq_reads/ or rnaseq_normalized/
Xylariales_sp._SJ507	0	NO_READS_FOUND	no non-trivial read file in rnaseq_reads/ or rnaseq_normalized/
Xylariales_sp._XT01	0	NO_READS_FOUND	no non-trivial read file in rnaseq_reads/ or rnaseq_normalized/
Xylographa_bjoerkii	0	NO_READS_FOUND	no non-trivial read file in rnaseq_reads/ or rnaseq_normalized/
Xylographa_carneopallida	0	NO_READS_FOUND	no non-trivial read file in rnaseq_reads/ or rnaseq_normalized/
Xylographa_opegraphella	0	NO_READS_FOUND	no non-trivial read file in rnaseq_reads/ or rnaseq_normalized/
Xylographa_pallens	0	NO_READS_FOUND	no non-trivial read file in rnaseq_reads/ or rnaseq_normalized/
Xylographa_parallela	0	NO_READS_FOUND	no non-trivial read file in rnaseq_reads/ or rnaseq_normalized/
Xylographa_soralifera	0	NO_READS_FOUND	no non-trivial read file in rnaseq_reads/ or rnaseq_normalized/
Xylographa_trunciseda	0	NO_READS_FOUND	no non-trivial read file in rnaseq_reads/ or rnaseq_normalized/
Xylographa_vitiligo	0	NO_READS_FOUND	no non-trivial read file in rnaseq_reads/ or rnaseq_normalized/
Yamadazyma_aaseri	0	NO_READS_FOUND	no non-trivial read file in rnaseq_reads/ or rnaseq_normalized/
Yamadazyma_akitaensis	0	NO_READS_FOUND	no non-trivial read file in rnaseq_reads/ or rnaseq_normalized/
Yamadazyma_andamanensis	0	NO_READS_FOUND	no non-trivial read file in rnaseq_reads/ or rnaseq_normalized/
Yamadazyma_atlantica	0	NO_READS_FOUND	no non-trivial read file in rnaseq_reads/ or rnaseq_normalized/
Yamadazyma_atmosphaerica	0	NO_READS_FOUND	no non-trivial read file in rnaseq_reads/ or rnaseq_normalized/
Yamadazyma_blattariae	0	NO_READS_FOUND	no non-trivial read file in rnaseq_reads/ or rnaseq_normalized/
Yamadazyma_buinensis	0	NO_READS_FOUND	no non-trivial read file in rnaseq_reads/ or rnaseq_normalized/
Yamadazyma_cerambycidarum	0	NO_READS_FOUND	no non-trivial read file in rnaseq_reads/ or rnaseq_normalized/
Yamadazyma_conglobata	0	NO_READS_FOUND	no non-trivial read file in rnaseq_reads/ or rnaseq_normalized/
Yamadazyma_dendronema	0	NO_READS_FOUND	no non-trivial read file in rnaseq_reads/ or rnaseq_normalized/
Yamadazyma_diddensiae	0	NO_READS_FOUND	no non-trivial read file in rnaseq_reads/ or rnaseq_normalized/
Yamadazyma_diospyri	0	NO_READS_FOUND	no non-trivial read file in rnaseq_reads/ or rnaseq_normalized/
Yamadazyma_dushanensis	0	NO_READS_FOUND	no non-trivial read file in rnaseq_reads/ or rnaseq_normalized/
Yamadazyma_endomychidarum	0	NO_READS_FOUND	no non-trivial read file in rnaseq_reads/ or rnaseq_normalized/
Yamadazyma_endophytica	0	NO_READS_FOUND	no non-trivial read file in rnaseq_reads/ or rnaseq_normalized/
Yamadazyma_epiphylla	0	NO_READS_FOUND	no non-trivial read file in rnaseq_reads/ or rnaseq_normalized/
Yamadazyma_friedrichii	0	NO_READS_FOUND	no non-trivial read file in rnaseq_reads/ or rnaseq_normalized/
Yamadazyma_germanica	0	NO_READS_FOUND	no non-trivial read file in rnaseq_reads/ or rnaseq_normalized/
Yamadazyma_gorgasii	0	NO_READS_FOUND	no non-trivial read file in rnaseq_reads/ or rnaseq_normalized/
Yamadazyma_insecticola	0	NO_READS_FOUND	no non-trivial read file in rnaseq_reads/ or rnaseq_normalized/
Yamadazyma_insectorum	0	NO_READS_FOUND	no non-trivial read file in rnaseq_reads/ or rnaseq_normalized/
Yamadazyma_jaroonii	0	NO_READS_FOUND	no non-trivial read file in rnaseq_reads/ or rnaseq_normalized/
Yamadazyma_kanchanaburiensis	0	NO_READS_FOUND	no non-trivial read file in rnaseq_reads/ or rnaseq_normalized/
Yamadazyma_khao-thaluensis	0	NO_READS_FOUND	no non-trivial read file in rnaseq_reads/ or rnaseq_normalized/
Yamadazyma_kitorensis	0	NO_READS_FOUND	no non-trivial read file in rnaseq_reads/ or rnaseq_normalized/
Yamadazyma_laniorum	0	NO_READS_FOUND	no non-trivial read file in rnaseq_reads/ or rnaseq_normalized/
Yamadazyma_lessepsii	0	NO_READS_FOUND	no non-trivial read file in rnaseq_reads/ or rnaseq_normalized/
Yamadazyma_membranifaciens	0	NO_READS_FOUND	no non-trivial read file in rnaseq_reads/ or rnaseq_normalized/
Yamadazyma_mexicana	0	NO_READS_FOUND	no non-trivial read file in rnaseq_reads/ or rnaseq_normalized/
Yamadazyma_michaelii	0	NO_READS_FOUND	no non-trivial read file in rnaseq_reads/ or rnaseq_normalized/
Yamadazyma_nakazawae	0	NO_READS_FOUND	no non-trivial read file in rnaseq_reads/ or rnaseq_normalized/
Yamadazyma_oceani	0	NO_READS_FOUND	no non-trivial read file in rnaseq_reads/ or rnaseq_normalized/
Yamadazyma_olivae	0	NO_READS_FOUND	no non-trivial read file in rnaseq_reads/ or rnaseq_normalized/
Yamadazyma_paraphyllophila	0	NO_READS_FOUND	no non-trivial read file in rnaseq_reads/ or rnaseq_normalized/
Yamadazyma_philogaea	0	NO_READS_FOUND	no non-trivial read file in rnaseq_reads/ or rnaseq_normalized/
Yamadazyma_phyllophila	0	NO_READS_FOUND	no non-trivial read file in rnaseq_reads/ or rnaseq_normalized/
Yamadazyma_pseudoaaseri	0	NO_READS_FOUND	no non-trivial read file in rnaseq_reads/ or rnaseq_normalized/
Yamadazyma_scolyti	0	NO_READS_FOUND	no non-trivial read file in rnaseq_reads/ or rnaseq_normalized/
Yamadazyma_siamensis	0	NO_READS_FOUND	no non-trivial read file in rnaseq_reads/ or rnaseq_normalized/
Yamadazyma_songkhlaensis	0	NO_READS_FOUND	no non-trivial read file in rnaseq_reads/ or rnaseq_normalized/
Yamadazyma_sp._yHKB15	0	NO_READS_FOUND	no non-trivial read file in rnaseq_reads/ or rnaseq_normalized/
Yamadazyma_sp._yHKS699	0	NO_READS_FOUND	no non-trivial read file in rnaseq_reads/ or rnaseq_normalized/
Yamadazyma_sp._yHMH393	0	NO_READS_FOUND	no non-trivial read file in rnaseq_reads/ or rnaseq_normalized/
Yamadazyma_sp._yHMH685	0	NO_READS_FOUND	no non-trivial read file in rnaseq_reads/ or rnaseq_normalized/
Yamadazyma_spencermartinsiae	0	NO_READS_FOUND	no non-trivial read file in rnaseq_reads/ or rnaseq_normalized/
Yamadazyma_takamatsuzukensis	0	NO_READS_FOUND	no non-trivial read file in rnaseq_reads/ or rnaseq_normalized/
Yamadazyma_tallmaniae	0	NO_READS_FOUND	no non-trivial read file in rnaseq_reads/ or rnaseq_normalized/
Yamadazyma_tammaniensis	0	NO_READS_FOUND	no non-trivial read file in rnaseq_reads/ or rnaseq_normalized/
Yamadazyma_taylorii	0	NO_READS_FOUND	no non-trivial read file in rnaseq_reads/ or rnaseq_normalized/
Yamadazyma_triangularis	0	NO_READS_FOUND	no non-trivial read file in rnaseq_reads/ or rnaseq_normalized/
Yamadazyma_trypodendri	0	NO_READS_FOUND	no non-trivial read file in rnaseq_reads/ or rnaseq_normalized/
Yamadazyma_tumulicola	0	NO_READS_FOUND	no non-trivial read file in rnaseq_reads/ or rnaseq_normalized/
Yamadazyma_ubonensis	0	NO_READS_FOUND	no non-trivial read file in rnaseq_reads/ or rnaseq_normalized/
Yamadazyma_vaughaniae	0	NO_READS_FOUND	no non-trivial read file in rnaseq_reads/ or rnaseq_normalized/
Yarrowia_alimentaria	0	NO_READS_FOUND	no non-trivial read file in rnaseq_reads/ or rnaseq_normalized/
Yarrowia_brassicae	0	NO_READS_FOUND	no non-trivial read file in rnaseq_reads/ or rnaseq_normalized/
Yarrowia_bubula	0	NO_READS_FOUND	no non-trivial read file in rnaseq_reads/ or rnaseq_normalized/
Yarrowia_deformans	0	NO_READS_FOUND	no non-trivial read file in rnaseq_reads/ or rnaseq_normalized/
Yarrowia_divulgata	0	NO_READS_FOUND	no non-trivial read file in rnaseq_reads/ or rnaseq_normalized/
Yarrowia_galli	0	NO_READS_FOUND	no non-trivial read file in rnaseq_reads/ or rnaseq_normalized/
Yarrowia_hollandica	0	NO_READS_FOUND	no non-trivial read file in rnaseq_reads/ or rnaseq_normalized/
Yarrowia_keelungensis	0	NO_READS_FOUND	no non-trivial read file in rnaseq_reads/ or rnaseq_normalized/
Yarrowia_osloensis	0	NO_READS_FOUND	no non-trivial read file in rnaseq_reads/ or rnaseq_normalized/
Yarrowia_phangngaensis	0	NO_READS_FOUND	no non-trivial read file in rnaseq_reads/ or rnaseq_normalized/
Yarrowia_porcina	0	NO_READS_FOUND	no non-trivial read file in rnaseq_reads/ or rnaseq_normalized/
Yarrowia_sp._B02	0	NO_READS_FOUND	no non-trivial read file in rnaseq_reads/ or rnaseq_normalized/
Yarrowia_sp._C11	0	NO_READS_FOUND	no non-trivial read file in rnaseq_reads/ or rnaseq_normalized/
Yarrowia_sp._E02	0	NO_READS_FOUND	no non-trivial read file in rnaseq_reads/ or rnaseq_normalized/
Yarrowia_sp._JCM_30696	0	NO_READS_FOUND	no non-trivial read file in rnaseq_reads/ or rnaseq_normalized/
Yarrowia_yakushimensis	0	NO_READS_FOUND	no non-trivial read file in rnaseq_reads/ or rnaseq_normalized/
Yueomyces_silvicola	0	NO_READS_FOUND	no non-trivial read file in rnaseq_reads/ or rnaseq_normalized/
Yueomyces_sinensis	0	NO_READS_FOUND	no non-trivial read file in rnaseq_reads/ or rnaseq_normalized/
Yueomyces_sp._D-C8-1	0	NO_READS_FOUND	no non-trivial read file in rnaseq_reads/ or rnaseq_normalized/
Yueomyces_sp._yHKB289	0	NO_READS_FOUND	no non-trivial read file in rnaseq_reads/ or rnaseq_normalized/
Zalaria_obscura	0	NO_READS_FOUND	no non-trivial read file in rnaseq_reads/ or rnaseq_normalized/
Zalaria_sp._Him3	0	NO_READS_FOUND	no non-trivial read file in rnaseq_reads/ or rnaseq_normalized/
Zalerion_maritima	0	NO_READS_FOUND	no non-trivial read file in rnaseq_reads/ or rnaseq_normalized/
Zangia_roseola	0	NO_READS_FOUND	no non-trivial read file in rnaseq_reads/ or rnaseq_normalized/
Zarea_fungicola	0	NO_READS_FOUND	no non-trivial read file in rnaseq_reads/ or rnaseq_normalized/
Zasmidium_angulare	0	NO_READS_FOUND	no non-trivial read file in rnaseq_reads/ or rnaseq_normalized/
Zasmidium_cellare	0	NO_READS_FOUND	no non-trivial read file in rnaseq_reads/ or rnaseq_normalized/
Zasmidium_fructicola	0	NO_READS_FOUND	no non-trivial read file in rnaseq_reads/ or rnaseq_normalized/
Zelopaecilomyces_penicillatus	0	NO_READS_FOUND	no non-trivial read file in rnaseq_reads/ or rnaseq_normalized/
Zhuliangozyma_blackwelliae	0	NO_READS_FOUND	no non-trivial read file in rnaseq_reads/ or rnaseq_normalized/
Zhuliangozyma_boniae	0	NO_READS_FOUND	no non-trivial read file in rnaseq_reads/ or rnaseq_normalized/
Zhuliangozyma_parablackwelliae	0	NO_READS_FOUND	no non-trivial read file in rnaseq_reads/ or rnaseq_normalized/
Zoopage_sp._CT-All	0	NO_READS_FOUND	no non-trivial read file in rnaseq_reads/ or rnaseq_normalized/
Zoophagus_insidians	0	NO_READS_FOUND	no non-trivial read file in rnaseq_reads/ or rnaseq_normalized/
Zopfia_rhizophila	0	NO_READS_FOUND	no non-trivial read file in rnaseq_reads/ or rnaseq_normalized/
Zwackhia_viridis	0	NO_READS_FOUND	no non-trivial read file in rnaseq_reads/ or rnaseq_normalized/
Zygoascus_biomembranicola	0	NO_READS_FOUND	no non-trivial read file in rnaseq_reads/ or rnaseq_normalized/
Zygoascus_bituminiphila	0	NO_READS_FOUND	no non-trivial read file in rnaseq_reads/ or rnaseq_normalized/
Zygoascus_flipseniorum	0	NO_READS_FOUND	no non-trivial read file in rnaseq_reads/ or rnaseq_normalized/
Zygoascus_meyerae	0	NO_READS_FOUND	no non-trivial read file in rnaseq_reads/ or rnaseq_normalized/
Zygoascus_polysorbophilus	0	NO_READS_FOUND	no non-trivial read file in rnaseq_reads/ or rnaseq_normalized/
Zygoascus_sp._AB1278	0	NO_READS_FOUND	no non-trivial read file in rnaseq_reads/ or rnaseq_normalized/
Zygoascus_sp._PK3305	0	NO_READS_FOUND	no non-trivial read file in rnaseq_reads/ or rnaseq_normalized/
Zygophlyctis_sp._KS116	0	NO_READS_FOUND	no non-trivial read file in rnaseq_reads/ or rnaseq_normalized/
Zygosaccharomyces_bisporus	0	NO_READS_FOUND	no non-trivial read file in rnaseq_reads/ or rnaseq_normalized/
Zygosaccharomyces_favi	0	NO_READS_FOUND	no non-trivial read file in rnaseq_reads/ or rnaseq_normalized/
Zygosaccharomyces_gambellarensis	0	NO_READS_FOUND	no non-trivial read file in rnaseq_reads/ or rnaseq_normalized/
Zygosaccharomyces_kombuchaensis	0	NO_READS_FOUND	no non-trivial read file in rnaseq_reads/ or rnaseq_normalized/
Zygosaccharomyces_lentus	0	NO_READS_FOUND	no non-trivial read file in rnaseq_reads/ or rnaseq_normalized/
Zygosaccharomyces_pseudobailii	0	NO_READS_FOUND	no non-trivial read file in rnaseq_reads/ or rnaseq_normalized/
Zygosaccharomyces_pseudorouxii	0	NO_READS_FOUND	no non-trivial read file in rnaseq_reads/ or rnaseq_normalized/
Zygosaccharomyces_sapae	0	NO_READS_FOUND	no non-trivial read file in rnaseq_reads/ or rnaseq_normalized/
Zygosaccharomyces_seidelii	0	NO_READS_FOUND	no non-trivial read file in rnaseq_reads/ or rnaseq_normalized/
Zygosaccharomyces_siamensis	0	NO_READS_FOUND	no non-trivial read file in rnaseq_reads/ or rnaseq_normalized/
Zygosaccharomyces_sp._MG101	0	NO_READS_FOUND	no non-trivial read file in rnaseq_reads/ or rnaseq_normalized/
Zygosaccharomyces_sp._NBRC1877	0	NO_READS_FOUND	no non-trivial read file in rnaseq_reads/ or rnaseq_normalized/
Zygotorulaspora_chibaensis	0	NO_READS_FOUND	no non-trivial read file in rnaseq_reads/ or rnaseq_normalized/
Zygotorulaspora_cornina	0	NO_READS_FOUND	no non-trivial read file in rnaseq_reads/ or rnaseq_normalized/
Zygotorulaspora_dagestanica	0	NO_READS_FOUND	no non-trivial read file in rnaseq_reads/ or rnaseq_normalized/
Zygotorulaspora_danielsina	0	NO_READS_FOUND	no non-trivial read file in rnaseq_reads/ or rnaseq_normalized/
Zygotorulaspora_florentina	0	NO_READS_FOUND	no non-trivial read file in rnaseq_reads/ or rnaseq_normalized/
Zygotorulaspora_mrakii	0	NO_READS_FOUND	no non-trivial read file in rnaseq_reads/ or rnaseq_normalized/
Zygotorulaspora_smilacis	0	NO_READS_FOUND	no non-trivial read file in rnaseq_reads/ or rnaseq_normalized/
Zygotorulaspora_sp._UFMG-CM-Y6047	0	NO_READS_FOUND	no non-trivial read file in rnaseq_reads/ or rnaseq_normalized/
Zymoseptoria_crescenta	0	NO_READS_FOUND	no non-trivial read file in rnaseq_reads/ or rnaseq_normalized/
Zymoseptoria_passerinii	0	NO_READS_FOUND	no non-trivial read file in rnaseq_reads/ or rnaseq_normalized/
Zymoseptoria_pseudotritici	0	NO_READS_FOUND	no non-trivial read file in rnaseq_reads/ or rnaseq_normalized/
aff._Porphyrellus_sp._UT-M0000030	0	NO_READS_FOUND	no non-trivial read file in rnaseq_reads/ or rnaseq_normalized/
aff._Porphyrellus_sp._UT-M0000367	0	NO_READS_FOUND	no non-trivial read file in rnaseq_reads/ or rnaseq_normalized/
cf._Caloplaca_sp._1_TL-2023	0	NO_READS_FOUND	no non-trivial read file in rnaseq_reads/ or rnaseq_normalized/
cf._Caloplaca_sp._2_TL-2023	0	NO_READS_FOUND	no non-trivial read file in rnaseq_reads/ or rnaseq_normalized/
cf._Caloplaca_sp._3_TL-2023	0	NO_READS_FOUND	no non-trivial read file in rnaseq_reads/ or rnaseq_normalized/
cf._Muellerella_sp._BF14	0	NO_READS_FOUND	no non-trivial read file in rnaseq_reads/ or rnaseq_normalized/
cf._Tylopilus_sp._TRTC175157	0	NO_READS_FOUND	no non-trivial read file in rnaseq_reads/ or rnaseq_normalized/
fungal_sp._IPV_F-433	0	NO_READS_FOUND	no non-trivial read file in rnaseq_reads/ or rnaseq_normalized/
leotiomyceta_sp.	0	NO_READS_FOUND	no non-trivial read file in rnaseq_reads/ or rnaseq_normalized/
uncultured_Alectoria	0	NO_READS_FOUND	no non-trivial read file in rnaseq_reads/ or rnaseq_normalized/
uncultured_Arthrodermataceae	0	NO_READS_FOUND	no non-trivial read file in rnaseq_reads/ or rnaseq_normalized/
uncultured_Ascochyta	0	NO_READS_FOUND	no non-trivial read file in rnaseq_reads/ or rnaseq_normalized/
uncultured_Hypocreales	0	NO_READS_FOUND	no non-trivial read file in rnaseq_reads/ or rnaseq_normalized/
uncultured_Lecanoromycetes	0	NO_READS_FOUND	no non-trivial read file in rnaseq_reads/ or rnaseq_normalized/
uncultured_Leotiomyceta	0	NO_READS_FOUND	no non-trivial read file in rnaseq_reads/ or rnaseq_normalized/
uncultured_Malassezia	0	NO_READS_FOUND	no non-trivial read file in rnaseq_reads/ or rnaseq_normalized/
uncultured_Malasseziomycetes	0	NO_READS_FOUND	no non-trivial read file in rnaseq_reads/ or rnaseq_normalized/
uncultured_Microbotryomycetes	0	NO_READS_FOUND	no non-trivial read file in rnaseq_reads/ or rnaseq_normalized/
uncultured_Penicillium	0	NO_READS_FOUND	no non-trivial read file in rnaseq_reads/ or rnaseq_normalized/
uncultured_Pleosporineae	0	NO_READS_FOUND	no non-trivial read file in rnaseq_reads/ or rnaseq_normalized/
uncultured_Psathyrellaceae	0	NO_READS_FOUND	no non-trivial read file in rnaseq_reads/ or rnaseq_normalized/
uncultured_Pseudogymnoascus	0	NO_READS_FOUND	no non-trivial read file in rnaseq_reads/ or rnaseq_normalized/
uncultured_Saccharomyces	0	NO_READS_FOUND	no non-trivial read file in rnaseq_reads/ or rnaseq_normalized/
uncultured_Saccharomycetales	0	NO_READS_FOUND	no non-trivial read file in rnaseq_reads/ or rnaseq_normalized/
uncultured_Sordaria	0	NO_READS_FOUND	no non-trivial read file in rnaseq_reads/ or rnaseq_normalized/
uncultured_Tremellales	0	NO_READS_FOUND	no non-trivial read file in rnaseq_reads/ or rnaseq_normalized/
Aaosphaeria_arxii	75503786	HAS_TRANSCRIPTS	
Abortiporus_biennis	140762390	HAS_TRANSCRIPTS	
Absidia_repens	48872266	HAS_TRANSCRIPTS	
Acaromyces_ingoldii	40313619	HAS_TRANSCRIPTS	
Acarospora_socialis	27555316	HAS_TRANSCRIPTS	
Acaulospora_morrowiae	7302165	HAS_TRANSCRIPTS	
Acephala_macrosclerotiorum	115971766	HAS_TRANSCRIPTS	
Acidomyces_sp._richmondensis	93540397	HAS_TRANSCRIPTS	
Acrocalymma_vagum	68798365	HAS_TRANSCRIPTS	
Acrodontium_crateriforme	7597196	HAS_TRANSCRIPTS	
Actinomortierella_ambigua	86408914	HAS_TRANSCRIPTS	
Actinomortierella_wolfii	78333991	HAS_TRANSCRIPTS	
Agaricus_bisporus	109385872	HAS_TRANSCRIPTS	
Agaricus_blazei	105558613	HAS_TRANSCRIPTS	
Agaricus_sinodeliciosus	112635528	HAS_TRANSCRIPTS	
Agaricus_subrufescens	146317987	HAS_TRANSCRIPTS	
Agroathelia_rolfsii	7406246	HAS_TRANSCRIPTS	
Agrocybe_chaxingu	160558844	HAS_TRANSCRIPTS	
Agrocybe_pediades	107517241	HAS_TRANSCRIPTS	
Agrocybe_praecox	22139626	HAS_TRANSCRIPTS	
Albifimbria_verrucaria	47606570	HAS_TRANSCRIPTS	
Albophoma_yamanashiensis	60771350	HAS_TRANSCRIPTS	
Allomyces_macrogynus	26603066	HAS_TRANSCRIPTS	
Alternaria_alstroemeriae	64988257	HAS_TRANSCRIPTS	
Alternaria_alternarina	67422408	HAS_TRANSCRIPTS	
Alternaria_alternata	39497074	HAS_TRANSCRIPTS	
Alternaria_brassicae	2648781	HAS_TRANSCRIPTS	
Alternaria_burnsii	78979698	HAS_TRANSCRIPTS	
Alternaria_dauci	80654874	HAS_TRANSCRIPTS	
Alternaria_longipes	43560420	HAS_TRANSCRIPTS	
Alternaria_panax	87166948	HAS_TRANSCRIPTS	
Alternaria_rosae	65364335	HAS_TRANSCRIPTS	
Alternaria_solani	5313309	HAS_TRANSCRIPTS	
Alternaria_sp._MG1	48961902	HAS_TRANSCRIPTS	
Alternaria_sp._sect._Undifilum	51556127	HAS_TRANSCRIPTS	
Alternaria_tenuissima	86126183	HAS_TRANSCRIPTS	
Amanita_exitialis	28808231	HAS_TRANSCRIPTS	
Amanita_fuliginea	80914330	HAS_TRANSCRIPTS	
Amanita_molliuscula	88272542	HAS_TRANSCRIPTS	
Amanita_muscaria	180733859	HAS_TRANSCRIPTS	
Amanita_pallidorosea	92613824	HAS_TRANSCRIPTS	
Amanita_phalloides	169167401	HAS_TRANSCRIPTS	
Amanita_rimosa	81379348	HAS_TRANSCRIPTS	
Amanita_rubescens	24359911	HAS_TRANSCRIPTS	
Amauroascus_niger	187548074	HAS_TRANSCRIPTS	
Amauroascus_verrucosus	87292234	HAS_TRANSCRIPTS	
Ambispora_leptoticha	22595116	HAS_TRANSCRIPTS	
Ambrosiella_xylebori	43967235	HAS_TRANSCRIPTS	
Ambrosiozyma_kashinagicola	11792000	HAS_TRANSCRIPTS	
Amoeboaphelidium_protococcarum	11635996	HAS_TRANSCRIPTS	
Amorphotheca_resinae	29857198	HAS_TRANSCRIPTS	
Ampelomyces_quisqualis	82159598	HAS_TRANSCRIPTS	
Ampelomyces_sp._BRIP_72097	42416330	HAS_TRANSCRIPTS	
Ampulloclitocybe_clavipes	122029425	HAS_TRANSCRIPTS	
Amylocarpus_encephaloides	74084566	HAS_TRANSCRIPTS	
Amylocystis_lapponica	110156646	HAS_TRANSCRIPTS	
Amylostereum_areolatum	214457876	HAS_TRANSCRIPTS	
Amylostereum_chailletii	180077818	HAS_TRANSCRIPTS	
Anaeromyces_robustus	20199742	HAS_TRANSCRIPTS	
Anisogramma_anomala	65729410	HAS_TRANSCRIPTS	
Annulohypoxylon_maeteangense	42657942	HAS_TRANSCRIPTS	
Annulohypoxylon_moriforme	123870474	HAS_TRANSCRIPTS	
Annulohypoxylon_nitens	120376950	HAS_TRANSCRIPTS	
Annulohypoxylon_sp._HMH-2024a	57688962	HAS_TRANSCRIPTS	
Annulohypoxylon_stygium	121668639	HAS_TRANSCRIPTS	
Annulohypoxylon_truncatum	121214820	HAS_TRANSCRIPTS	
Antrodiella_citrinella	95006968	HAS_TRANSCRIPTS	
Aphelidium_insulamus	15007203	HAS_TRANSCRIPTS	
Apiosordaria_backusii	74081400	HAS_TRANSCRIPTS	
Apiospora_arundinis	39166417	HAS_TRANSCRIPTS	
Apiospora_malaysiana	46173042	HAS_TRANSCRIPTS	
Apiospora_rasikravindrae	59342798	HAS_TRANSCRIPTS	
Apiotrichum_mycotoxinovorans	30227411	HAS_TRANSCRIPTS	
Apodospora_peruviana	87824478	HAS_TRANSCRIPTS	
Aquanectria_penicillioides	16424870	HAS_TRANSCRIPTS	
Arachnopeziza_aurata	127101550	HAS_TRANSCRIPTS	
Arachnopeziza_aurelia	124280091	HAS_TRANSCRIPTS	
Armillaria_borealis	262996719	HAS_TRANSCRIPTS	
Armillaria_cepistipes	120650344	HAS_TRANSCRIPTS	
Armillaria_fumosa	187770253	HAS_TRANSCRIPTS	
Armillaria_gallica	123395342	HAS_TRANSCRIPTS	
Armillaria_luteobubalina	5102046	HAS_TRANSCRIPTS	
Armillaria_mellea	137251392	HAS_TRANSCRIPTS	
Armillaria_nabsnona	136023377	HAS_TRANSCRIPTS	
Armillaria_novae-zelandiae	172903702	HAS_TRANSCRIPTS	
Armillaria_ostoyae	138920496	HAS_TRANSCRIPTS	
Armillaria_sinapina	32758793	HAS_TRANSCRIPTS	
Armillaria_solidipes	102936673	HAS_TRANSCRIPTS	
Arthonia_radiata	67656982	HAS_TRANSCRIPTS	
Arthrinium_phaeospermum	76027477	HAS_TRANSCRIPTS	
Arthrobotrys_flagrans	79820970	HAS_TRANSCRIPTS	
Artomyces_pyxidatus	200294535	HAS_TRANSCRIPTS	
Ascochyta_lentis	54753021	HAS_TRANSCRIPTS	
Ascochyta_pisi	51681551	HAS_TRANSCRIPTS	
Ascochyta_rabiei	196799704	HAS_TRANSCRIPTS	
Ascodesmis_nigricans	47898119	HAS_TRANSCRIPTS	
Aspergillus_aculeatinus	62783682	HAS_TRANSCRIPTS	
Aspergillus_aculeatus	81043365	HAS_TRANSCRIPTS	
Aspergillus_affinis	100503870	HAS_TRANSCRIPTS	
Aspergillus_alliaceus	105527071	HAS_TRANSCRIPTS	
Aspergillus_ambiguus	50181632	HAS_TRANSCRIPTS	
Aspergillus_amoenus	43369512	HAS_TRANSCRIPTS	
Aspergillus_amstelodami	10471931	HAS_TRANSCRIPTS	
Aspergillus_arachidicola	43028823	HAS_TRANSCRIPTS	
Aspergillus_aurantiobrunneus	60338361	HAS_TRANSCRIPTS	
Aspergillus_avenaceus	41952910	HAS_TRANSCRIPTS	
Aspergillus_bertholletiae	71671364	HAS_TRANSCRIPTS	
Aspergillus_biplanus	76718800	HAS_TRANSCRIPTS	
Aspergillus_brunneoviolaceus	98961923	HAS_TRANSCRIPTS	
Aspergillus_caelatus	36306937	HAS_TRANSCRIPTS	
Aspergillus_calidoustus	57742168	HAS_TRANSCRIPTS	
Aspergillus_californicus	54841353	HAS_TRANSCRIPTS	
Aspergillus_campestris	38077835	HAS_TRANSCRIPTS	
Aspergillus_candidus	31987673	HAS_TRANSCRIPTS	
Aspergillus_carlsbadensis	66772764	HAS_TRANSCRIPTS	
Aspergillus_cavernicola	40725458	HAS_TRANSCRIPTS	
Aspergillus_cejpii	52225953	HAS_TRANSCRIPTS	
Aspergillus_chevalieri	70096465	HAS_TRANSCRIPTS	
Aspergillus_coremiiformis	39407916	HAS_TRANSCRIPTS	
Aspergillus_costaricensis	44051581	HAS_TRANSCRIPTS	
Aspergillus_costiformis	55893533	HAS_TRANSCRIPTS	
Aspergillus_creber	112909526	HAS_TRANSCRIPTS	
Aspergillus_cristatus	48592970	HAS_TRANSCRIPTS	
Aspergillus_crustosus	91375779	HAS_TRANSCRIPTS	
Aspergillus_desertorum	42600443	HAS_TRANSCRIPTS	
Aspergillus_egyptiacus	129561721	HAS_TRANSCRIPTS	
Aspergillus_elegans	115162380	HAS_TRANSCRIPTS	
Aspergillus_ellipticus	66063823	HAS_TRANSCRIPTS	
Aspergillus_eucalypticola	67796026	HAS_TRANSCRIPTS	
Aspergillus_falconensis	53585901	HAS_TRANSCRIPTS	
Aspergillus_felis	5310876	HAS_TRANSCRIPTS	
Aspergillus_fijiensis	43020179	HAS_TRANSCRIPTS	
Aspergillus_filifer	56075628	HAS_TRANSCRIPTS	
Aspergillus_fischeri	150326586	HAS_TRANSCRIPTS	
Aspergillus_flavus	47869816	HAS_TRANSCRIPTS	
Aspergillus_floccosus	41834951	HAS_TRANSCRIPTS	
Aspergillus_floridensis	50225087	HAS_TRANSCRIPTS	
Aspergillus_foveolatus	39346435	HAS_TRANSCRIPTS	
Aspergillus_fruticulosus	55802596	HAS_TRANSCRIPTS	
Aspergillus_fumigatus	102204512	HAS_TRANSCRIPTS	
Aspergillus_funiculosus	65298265	HAS_TRANSCRIPTS	
Aspergillus_germanicus	67839852	HAS_TRANSCRIPTS	
Aspergillus_granulosus	122086800	HAS_TRANSCRIPTS	
Aspergillus_haitiensis	101969785	HAS_TRANSCRIPTS	
Aspergillus_heteromorphus	71668752	HAS_TRANSCRIPTS	
Aspergillus_heterothallicus	70305314	HAS_TRANSCRIPTS	
Aspergillus_hiratsukae	39399067	HAS_TRANSCRIPTS	
Aspergillus_homomorphus	74639966	HAS_TRANSCRIPTS	
Aspergillus_hortae	38984384	HAS_TRANSCRIPTS	
Aspergillus_ibericus	40965986	HAS_TRANSCRIPTS	
Aspergillus_indologenus	85753168	HAS_TRANSCRIPTS	
Aspergillus_insuetus	77461283	HAS_TRANSCRIPTS	
Aspergillus_karnatakaensis	57582022	HAS_TRANSCRIPTS	
Aspergillus_keveii	82305126	HAS_TRANSCRIPTS	
Aspergillus_latus	163981631	HAS_TRANSCRIPTS	
Aspergillus_lentulus	72101922	HAS_TRANSCRIPTS	
Aspergillus_leporis	43929058	HAS_TRANSCRIPTS	
Aspergillus_luchuensis	80349199	HAS_TRANSCRIPTS	
Aspergillus_lucknowensis	93295086	HAS_TRANSCRIPTS	
Aspergillus_minisclerotigenes	55029056	HAS_TRANSCRIPTS	
Aspergillus_montevidensis	67113743	HAS_TRANSCRIPTS	
Aspergillus_multicolor	50889948	HAS_TRANSCRIPTS	
Aspergillus_navahoensis	72254606	HAS_TRANSCRIPTS	
Aspergillus_neoniger	54230198	HAS_TRANSCRIPTS	
Aspergillus_neotritici	38777264	HAS_TRANSCRIPTS	
Aspergillus_nidulans	21113804	HAS_TRANSCRIPTS	
Aspergillus_niger	13535085	HAS_TRANSCRIPTS	
Aspergillus_nomiae	32120910	HAS_TRANSCRIPTS	
Aspergillus_novofumigatus	92997028	HAS_TRANSCRIPTS	
Aspergillus_novoparasiticus	48964896	HAS_TRANSCRIPTS	
Aspergillus_ochraceoroseus	71849558	HAS_TRANSCRIPTS	
Aspergillus_ochraceus	61083203	HAS_TRANSCRIPTS	
Aspergillus_oerlinghausenensis	99797613	HAS_TRANSCRIPTS	
Aspergillus_oleicola	61426181	HAS_TRANSCRIPTS	
Aspergillus_oryzae	56975522	HAS_TRANSCRIPTS	
Aspergillus_ostianus	47199902	HAS_TRANSCRIPTS	
Aspergillus_parasiticus	42778050	HAS_TRANSCRIPTS	
Aspergillus_persii	64246058	HAS_TRANSCRIPTS	
Aspergillus_piperis	94925183	HAS_TRANSCRIPTS	
Aspergillus_pseudocaelatus	86649113	HAS_TRANSCRIPTS	
Aspergillus_pseudodeflectus	69744882	HAS_TRANSCRIPTS	
Aspergillus_pseudonomiae	77455743	HAS_TRANSCRIPTS	
Aspergillus_pseudotamarii	85175937	HAS_TRANSCRIPTS	
Aspergillus_pseudoterreus	46345359	HAS_TRANSCRIPTS	
Aspergillus_pseudoustus	64782516	HAS_TRANSCRIPTS	
Aspergillus_pseudoviridinutans	51553232	HAS_TRANSCRIPTS	
Aspergillus_puulaauensis	75651962	HAS_TRANSCRIPTS	
Aspergillus_quadrilineatus	75342989	HAS_TRANSCRIPTS	
Aspergillus_rambellii	49735452	HAS_TRANSCRIPTS	
Aspergillus_recurvatus	62889110	HAS_TRANSCRIPTS	
Aspergillus_saccharolyticus	74756335	HAS_TRANSCRIPTS	
Aspergillus_sclerotiicarbonarius	73752721	HAS_TRANSCRIPTS	
Aspergillus_sclerotioniger	105136202	HAS_TRANSCRIPTS	
Aspergillus_sclerotiorum	45715968	HAS_TRANSCRIPTS	
Aspergillus_sergii	48320959	HAS_TRANSCRIPTS	
Aspergillus_similis	54785850	HAS_TRANSCRIPTS	
Aspergillus_sp.	97439346	HAS_TRANSCRIPTS	
Aspergillus_sp._Z5	42578336	HAS_TRANSCRIPTS	
Aspergillus_spectabilis	45300179	HAS_TRANSCRIPTS	
Aspergillus_spinosus	60224074	HAS_TRANSCRIPTS	
Aspergillus_spinulosporus	84206718	HAS_TRANSCRIPTS	
Aspergillus_stella-maris	54573736	HAS_TRANSCRIPTS	
Aspergillus_steynii	71227847	HAS_TRANSCRIPTS	
Aspergillus_sydowii	66418966	HAS_TRANSCRIPTS	
Aspergillus_taichungensis	52343287	HAS_TRANSCRIPTS	
Aspergillus_tamarii	76464994	HAS_TRANSCRIPTS	
Aspergillus_tanneri	97353135	HAS_TRANSCRIPTS	
Aspergillus_tennesseensis	12109434	HAS_TRANSCRIPTS	
Aspergillus_terreus	35368907	HAS_TRANSCRIPTS	
Aspergillus_terricola	54900729	HAS_TRANSCRIPTS	
Aspergillus_tetrazonus	57678504	HAS_TRANSCRIPTS	
Aspergillus_thermomutatus	78443572	HAS_TRANSCRIPTS	
Aspergillus_transmontanensis	136277250	HAS_TRANSCRIPTS	
Aspergillus_tubingensis	66579351	HAS_TRANSCRIPTS	
Aspergillus_turcosus	12441553	HAS_TRANSCRIPTS	
Aspergillus_udagawae	93817801	HAS_TRANSCRIPTS	
Aspergillus_undulatus	85119552	HAS_TRANSCRIPTS	
Aspergillus_unguis	63459250	HAS_TRANSCRIPTS	
Aspergillus_uvarum	70226944	HAS_TRANSCRIPTS	
Aspergillus_vadensis	88336306	HAS_TRANSCRIPTS	
Aspergillus_varians	72136625	HAS_TRANSCRIPTS	
Aspergillus_venezuelensis	74421206	HAS_TRANSCRIPTS	
Aspergillus_versicolor	93134332	HAS_TRANSCRIPTS	
Aspergillus_violaceofuscus	39961690	HAS_TRANSCRIPTS	
Aspergillus_viridinutans	53784093	HAS_TRANSCRIPTS	
Aspergillus_welwitschiae	86293176	HAS_TRANSCRIPTS	
Aspergillus_wentii	109417060	HAS_TRANSCRIPTS	
Aspergillus_westerdijkiae	69689173	HAS_TRANSCRIPTS	
Astrocystis_sublimbata	107673632	HAS_TRANSCRIPTS	
Aureobasidium_melanogenum	5098332	HAS_TRANSCRIPTS	
Aureobasidium_pullulans	95896186	HAS_TRANSCRIPTS	
Auricularia_auricula-judae	105468700	HAS_TRANSCRIPTS	
Auricularia_cornea	54577414	HAS_TRANSCRIPTS	
Auricularia_heimuer	66494103	HAS_TRANSCRIPTS	
Auricularia_polytricha	95653350	HAS_TRANSCRIPTS	
Auriscalpium_vulgare	94239900	HAS_TRANSCRIPTS	
Austropuccinia_psidii	3841397	HAS_TRANSCRIPTS	
Basidioascus_undulatus	28790949	HAS_TRANSCRIPTS	
Batkoa_obscura	71265801	HAS_TRANSCRIPTS	
Batrachochytrium_dendrobatidis	77353097	HAS_TRANSCRIPTS	
Batrachochytrium_salamandrivorans	57255774	HAS_TRANSCRIPTS	
Beauveria_bassiana	68276124	HAS_TRANSCRIPTS	
Beauveria_brongniartii	45538395	HAS_TRANSCRIPTS	
Beauveria_caledonica	63999889	HAS_TRANSCRIPTS	
Beauveria_pseudobassiana	71529609	HAS_TRANSCRIPTS	
Benjaminiella_poitrasii	89251659	HAS_TRANSCRIPTS	
Berkeleyomyces_rouxiae	86661700	HAS_TRANSCRIPTS	
Bimuria_novae-zelandiae	59585440	HAS_TRANSCRIPTS	
Bipolaris_oryzae	112381972	HAS_TRANSCRIPTS	
Bipolaris_sorokiniana	3923628	HAS_TRANSCRIPTS	
Biscogniauxia_marginata	88344201	HAS_TRANSCRIPTS	
Biscogniauxia_mediterranea	39349737	HAS_TRANSCRIPTS	
Biscogniauxia_sp._FL1348	75618613	HAS_TRANSCRIPTS	
Bisporella_sp._PMI_857	75288393	HAS_TRANSCRIPTS	
Bjerkandera_adusta	22738717	HAS_TRANSCRIPTS	
Blakeslea_trispora	108623247	HAS_TRANSCRIPTS	
Blastobotrys_indianensis	16437330	HAS_TRANSCRIPTS	
Blastobotrys_petasosporus	18056806	HAS_TRANSCRIPTS	
Blastobotrys_raffinosifermentans	13118355	HAS_TRANSCRIPTS	
Blastobotrys_vanleenenianus	8592183	HAS_TRANSCRIPTS	
Blastocladiella_britannica	45079108	HAS_TRANSCRIPTS	
Blumeria_graminis	96749395	HAS_TRANSCRIPTS	
Boeremia_exigua	46408804	HAS_TRANSCRIPTS	
Boletus_coccyginus	199356082	HAS_TRANSCRIPTS	
Boletus_edulis	13020795	HAS_TRANSCRIPTS	
Bombardia_bombarda	82818935	HAS_TRANSCRIPTS	
Botryosphaeria_dothidea	11897870	HAS_TRANSCRIPTS	
Botryotinia_globosa	41218428	HAS_TRANSCRIPTS	
Botryozyma_mucatilis	34010296	HAS_TRANSCRIPTS	
Botrytis_aclada	60380872	HAS_TRANSCRIPTS	
Botrytis_byssoidea	54522606	HAS_TRANSCRIPTS	
Botrytis_cinerea	61865147	HAS_TRANSCRIPTS	
Botrytis_deweyae	25909150	HAS_TRANSCRIPTS	
Botrytis_elliptica	50116175	HAS_TRANSCRIPTS	
Botrytis_fragariae	2186958	HAS_TRANSCRIPTS	
Botrytis_porri	48500900	HAS_TRANSCRIPTS	
Botrytis_sinoallii	54418886	HAS_TRANSCRIPTS	
Botrytis_squamosa	54862619	HAS_TRANSCRIPTS	
Brettanomyces_bruxellensis	23605253	HAS_TRANSCRIPTS	
Brettanomyces_custersianus	10889617	HAS_TRANSCRIPTS	
Bretziella_fagacearum	87754261	HAS_TRANSCRIPTS	
Buchwaldoboletus_xylophilus	92844341	HAS_TRANSCRIPTS	
Butyriboletus_subappendiculatus	110516218	HAS_TRANSCRIPTS	
Byssoonygena_ceratinophila	174846495	HAS_TRANSCRIPTS	
Cadophora_sp._DSE1049	2100047	HAS_TRANSCRIPTS	
Cadophora_sp._MPI-SDFR-AT-0126	82514976	HAS_TRANSCRIPTS	
Calocera_viscosa	112120154	HAS_TRANSCRIPTS	
Calocybe_indica	139381428	HAS_TRANSCRIPTS	
Calonarius_cisticola	67505776	HAS_TRANSCRIPTS	
Calonarius_splendens	103769018	HAS_TRANSCRIPTS	
Calonectria_eucalypti	35472654	HAS_TRANSCRIPTS	
Calonectria_henricotiae	74676802	HAS_TRANSCRIPTS	
Calonectria_pseudonaviculata	60051725	HAS_TRANSCRIPTS	
Calonectria_pseudoreteaudii	78446323	HAS_TRANSCRIPTS	
Calycina_marina	76258419	HAS_TRANSCRIPTS	
Camillea_tinctor	149332500	HAS_TRANSCRIPTS	
Canariomyces_subthermophilus	73646707	HAS_TRANSCRIPTS	
Candida_anglica	13709437	HAS_TRANSCRIPTS	
Candida_boidinii	18660070	HAS_TRANSCRIPTS	
Candida_dubliniensis	12548626	HAS_TRANSCRIPTS	
Candida_orthopsilosis	17749237	HAS_TRANSCRIPTS	
Candida_parapsilosis	12896002	HAS_TRANSCRIPTS	
Candida_sp.	20468764	HAS_TRANSCRIPTS	
Candida_tropicalis	39952554	HAS_TRANSCRIPTS	
Candidozyma_auris	13202979	HAS_TRANSCRIPTS	
Candidozyma_haemuli	24077970	HAS_TRANSCRIPTS	
Cantharellus_anzutake	215071787	HAS_TRANSCRIPTS	
Cantharellus_purpuraceus	125994067	HAS_TRANSCRIPTS	
Capronia_americana	12051667	HAS_TRANSCRIPTS	
Cenococcum_geophilum	117311308	HAS_TRANSCRIPTS	
Cephaloascus_albidus	25323955	HAS_TRANSCRIPTS	
Cephaloascus_fragrans	72412582	HAS_TRANSCRIPTS	
Ceraceosorus_bombacis	30462442	HAS_TRANSCRIPTS	
Ceraceosorus_guamensis	46575472	HAS_TRANSCRIPTS	
Ceratobasidium_cereale	84556956	HAS_TRANSCRIPTS	
Ceratobasidium_sp._394	99635687	HAS_TRANSCRIPTS	
Ceratobasidium_sp._395	87573946	HAS_TRANSCRIPTS	
Ceratobasidium_sp._423	125666555	HAS_TRANSCRIPTS	
Ceratobasidium_sp._AG-I	61013470	HAS_TRANSCRIPTS	
Ceratobasidium_sp._Cej3	78489640	HAS_TRANSCRIPTS	
Ceratobasidium_theobromae	44395611	HAS_TRANSCRIPTS	
Ceratocystis_albifundus	67544999	HAS_TRANSCRIPTS	
Ceratocystis_fimbriata	25610437	HAS_TRANSCRIPTS	
Ceratocystis_manginecans	63299328	HAS_TRANSCRIPTS	
Ceratocystis_platani	40863951	HAS_TRANSCRIPTS	
Cercophora_newfieldiana	61602001	HAS_TRANSCRIPTS	
Cercophora_scortea	74640908	HAS_TRANSCRIPTS	
Cercospora_beticola	86265139	HAS_TRANSCRIPTS	
Cercospora_janseana	17205685	HAS_TRANSCRIPTS	
Cercospora_sojina	91837842	HAS_TRANSCRIPTS	
Cercospora_zeina	41539626	HAS_TRANSCRIPTS	
Cerioporus_squamosus	99219545	HAS_TRANSCRIPTS	
Cerrena_unicolor	61395708	HAS_TRANSCRIPTS	
Cerrena_zonata	155353452	HAS_TRANSCRIPTS	
Chaetomium_cochliodes	54930346	HAS_TRANSCRIPTS	
Chaetomium_fimeti	57798478	HAS_TRANSCRIPTS	
Chaetomium_globosum	3430942	HAS_TRANSCRIPTS	
Chaetomium_sp._MPI-CAGE-AT-0009	48347227	HAS_TRANSCRIPTS	
Chaetomium_sp._MPI-SDFR-AT-0129	48877552	HAS_TRANSCRIPTS	
Chaetomium_strumarium	65457791	HAS_TRANSCRIPTS	
Chaetomium_tenue	52336575	HAS_TRANSCRIPTS	
Chalciporus_piperatus	73912144	HAS_TRANSCRIPTS	
Chlamydoabsidia_padenii	62177007	HAS_TRANSCRIPTS	
Chlorophyllum_brunneum	92573293	HAS_TRANSCRIPTS	
Choanephora_cucurbitarum	23851707	HAS_TRANSCRIPTS	
Choiromyces_venosus	199542361	HAS_TRANSCRIPTS	
Chrysosporium_queenslandicum	157680393	HAS_TRANSCRIPTS	
Chytridium_lagenaria	38717106	HAS_TRANSCRIPTS	
Chytriomyces_hyalinus	18312197	HAS_TRANSCRIPTS	
Chytriomyces_sp._MP71	142270326	HAS_TRANSCRIPTS	
Ciborinia_camelliae	12465348	HAS_TRANSCRIPTS	
Circinella_umbellata	72373458	HAS_TRANSCRIPTS	
Cladochytrium_replicatum	74939606	HAS_TRANSCRIPTS	
Cladonia_diversa	92125899	HAS_TRANSCRIPTS	
Cladonia_macilenta	50665158	HAS_TRANSCRIPTS	
Cladonia_portentosa	86966751	HAS_TRANSCRIPTS	
Cladonia_rubrotincta	95547240	HAS_TRANSCRIPTS	
Cladonia_squamosa	60792254	HAS_TRANSCRIPTS	
Cladophialophora_brunneola	99565724	HAS_TRANSCRIPTS	
Cladophialophora_immunda	40271579	HAS_TRANSCRIPTS	
Cladosporium_cladosporioides	9354633	HAS_TRANSCRIPTS	
Cladosporium_europaeum	38490373	HAS_TRANSCRIPTS	
Clarireedia_homoeocarpa	68986087	HAS_TRANSCRIPTS	
Clarireedia_jacksonii	74540206	HAS_TRANSCRIPTS	
Clavaria_fumosa	114621264	HAS_TRANSCRIPTS	
Claviceps_paspali	18399933	HAS_TRANSCRIPTS	
Clavispora_lusitaniae	30969725	HAS_TRANSCRIPTS	
Clitopilus_hobsonii	66003690	HAS_TRANSCRIPTS	
Clitopilus_prunulus	73400778	HAS_TRANSCRIPTS	
Clohesyomyces_aquaticus	64224635	HAS_TRANSCRIPTS	
Clonostachys_chloroleuca	78171801	HAS_TRANSCRIPTS	
Clonostachys_rosea	35192766	HAS_TRANSCRIPTS	
Codinaeella_sp._EC4	70339577	HAS_TRANSCRIPTS	
Coelomomyces_lativittatus	10352383	HAS_TRANSCRIPTS	
Coemansia_asiatica	17484761	HAS_TRANSCRIPTS	
Coemansia_spiralis	33592283	HAS_TRANSCRIPTS	
Cokeromyces_recurvatus	73837893	HAS_TRANSCRIPTS	
Colletotrichum_acutatum	83333055	HAS_TRANSCRIPTS	
Colletotrichum_asianum	85471556	HAS_TRANSCRIPTS	
Colletotrichum_brevisporum	19043864	HAS_TRANSCRIPTS	
Colletotrichum_camelliae	47358087	HAS_TRANSCRIPTS	
Colletotrichum_caudatum	75739510	HAS_TRANSCRIPTS	
Colletotrichum_cereale	34511873	HAS_TRANSCRIPTS	
Colletotrichum_destructivum	34129066	HAS_TRANSCRIPTS	
Colletotrichum_eremochloae	89614282	HAS_TRANSCRIPTS	
Colletotrichum_falcatum	127249009	HAS_TRANSCRIPTS	
Colletotrichum_fioriniae	66982943	HAS_TRANSCRIPTS	
Colletotrichum_fructicola	40311844	HAS_TRANSCRIPTS	
Colletotrichum_gloeosporioides	53882915	HAS_TRANSCRIPTS	
Colletotrichum_godetiae	54068558	HAS_TRANSCRIPTS	
Colletotrichum_graminicola	78459674	HAS_TRANSCRIPTS	
Colletotrichum_higginsianum	42564072	HAS_TRANSCRIPTS	
Colletotrichum_incanum	51334550	HAS_TRANSCRIPTS	
Colletotrichum_jiangxiense	80862410	HAS_TRANSCRIPTS	
Colletotrichum_jinshuiense	72066587	HAS_TRANSCRIPTS	
Colletotrichum_lindemuthianum	55403187	HAS_TRANSCRIPTS	
Colletotrichum_liriopes	16527404	HAS_TRANSCRIPTS	
Colletotrichum_lupini	43785796	HAS_TRANSCRIPTS	
Colletotrichum_navitas	114391999	HAS_TRANSCRIPTS	
Colletotrichum_nymphaeae	52111478	HAS_TRANSCRIPTS	
Colletotrichum_scovillei	47820500	HAS_TRANSCRIPTS	
Colletotrichum_siamense	184602163	HAS_TRANSCRIPTS	
Colletotrichum_somersetense	74574827	HAS_TRANSCRIPTS	
Colletotrichum_sublineola	106344681	HAS_TRANSCRIPTS	
Colletotrichum_tanaceti	99818273	HAS_TRANSCRIPTS	
Colletotrichum_tofieldiae	69150088	HAS_TRANSCRIPTS	
Colletotrichum_truncatum	67488082	HAS_TRANSCRIPTS	
Colletotrichum_viniferum	65564971	HAS_TRANSCRIPTS	
Colletotrichum_zoysiae	80651913	HAS_TRANSCRIPTS	
Collybia_mongolica	199044364	HAS_TRANSCRIPTS	
Collybia_nuda	129432426	HAS_TRANSCRIPTS	
Collybia_sordida	158978850	HAS_TRANSCRIPTS	
Collybiopsis_confluens	132194839	HAS_TRANSCRIPTS	
Conidiobolus_obscurus	59235813	HAS_TRANSCRIPTS	
Coniella_lustricola	44472017	HAS_TRANSCRIPTS	
Coniella_vitis	74691976	HAS_TRANSCRIPTS	
Coniferiporia_sulphurascens	53635400	HAS_TRANSCRIPTS	
Coniochaeta_hoffmannii	33237589	HAS_TRANSCRIPTS	
Coniochaeta_ligniaria	54566375	HAS_TRANSCRIPTS	
Coniochaeta_sp._2T2.1	208672055	HAS_TRANSCRIPTS	
Coniothyrium_glycines	85755106	HAS_TRANSCRIPTS	
Conocybe_apala	8366517	HAS_TRANSCRIPTS	
Coprinellus_micaceus	34412241	HAS_TRANSCRIPTS	
Coprinellus_sp._DJL-31	59269709	HAS_TRANSCRIPTS	
Coprinopsis_atramentaria	79158197	HAS_TRANSCRIPTS	
Coprinopsis_cinerea	66623247	HAS_TRANSCRIPTS	
Coprinopsis_marcescibilis	77230191	HAS_TRANSCRIPTS	
Coprinopsis_sp._MPI-PUGE-AT-0042	146000338	HAS_TRANSCRIPTS	
Coprinopsis_strossmayeri	19335053	HAS_TRANSCRIPTS	
Coprinus_comatus	39117881	HAS_TRANSCRIPTS	
Cordyceps_blackwelliae	80157689	HAS_TRANSCRIPTS	
Cordyceps_cateniannulata	86913534	HAS_TRANSCRIPTS	
Cordyceps_cicadae	70718090	HAS_TRANSCRIPTS	
Cordyceps_fumosorosea	63863584	HAS_TRANSCRIPTS	
Cordyceps_militaris	50352299	HAS_TRANSCRIPTS	
Cordyceps_sp._RAO-2017	52716026	HAS_TRANSCRIPTS	
Coriolopsis_trogii	104172563	HAS_TRANSCRIPTS	
Cortinarius_acutus	84353771	HAS_TRANSCRIPTS	
Cortinarius_anomalus	65145964	HAS_TRANSCRIPTS	
Cortinarius_flexipes	87748987	HAS_TRANSCRIPTS	
Cortinarius_torvus	56108673	HAS_TRANSCRIPTS	
Corynespora_cassiicola	66809998	HAS_TRANSCRIPTS	
Crassisporium_funariophilum	82469924	HAS_TRANSCRIPTS	
Crepidotus_cesatii	94543399	HAS_TRANSCRIPTS	
Crepidotus_variabilis	121243159	HAS_TRANSCRIPTS	
Cristinia_sonorae	106990443	HAS_TRANSCRIPTS	
Crucibulum_laeve	105146385	HAS_TRANSCRIPTS	
Cryomyces_antarcticus	169978123	HAS_TRANSCRIPTS	
Cryphonectria_parasitica	84480200	HAS_TRANSCRIPTS	
Cryptococcus_bacillisporus	54082722	HAS_TRANSCRIPTS	
Cryptococcus_decagattii	64180968	HAS_TRANSCRIPTS	
Cryptococcus_depauperatus	72779641	HAS_TRANSCRIPTS	
Cryptococcus_deuterogattii	108804080	HAS_TRANSCRIPTS	
Cryptococcus_gattii	19373022	HAS_TRANSCRIPTS	
Cryptococcus_neoformans	56400507	HAS_TRANSCRIPTS	
Cryptococcus_tetragattii	54478060	HAS_TRANSCRIPTS	
Cryptotrichosporon_brontae	32703599	HAS_TRANSCRIPTS	
Cubamyces_lactineus	87250927	HAS_TRANSCRIPTS	
Cubamyces_menziesii	96224876	HAS_TRANSCRIPTS	
Cubamyces_sp._BRFM_1775	97519664	HAS_TRANSCRIPTS	
Cunninghamella_bertholletiae	31515550	HAS_TRANSCRIPTS	
Cunninghamella_echinulata	75921926	HAS_TRANSCRIPTS	
Curvularia_clavata	55519427	HAS_TRANSCRIPTS	
Curvularia_lunata	2187752	HAS_TRANSCRIPTS	
Cutaneotrichosporon_cavernicola	22510876	HAS_TRANSCRIPTS	
Cutaneotrichosporon_curvatum	47538429	HAS_TRANSCRIPTS	
Cutaneotrichosporon_cutaneum	51573435	HAS_TRANSCRIPTS	
Cutaneotrichosporon_oleaginosum	73949229	HAS_TRANSCRIPTS	
Cutaneotrichosporon_sp._HIS471	16912403	HAS_TRANSCRIPTS	
Cutaneotrichosporon_spelunceum	17416706	HAS_TRANSCRIPTS	
Cyathus_olla	18254899	HAS_TRANSCRIPTS	
Cyathus_striatus	88032799	HAS_TRANSCRIPTS	
Cyclocybe_aegerita	8778504	HAS_TRANSCRIPTS	
Cylindrobasidium_torrendii	75329719	HAS_TRANSCRIPTS	
Cytidiella_melzeri	135348169	HAS_TRANSCRIPTS	
Cytospora_chrysosperma	63895018	HAS_TRANSCRIPTS	
Cytospora_mali	76190199	HAS_TRANSCRIPTS	
Dacryopinax_spathularia	22688851	HAS_TRANSCRIPTS	
Dactylonectria_estremocensis	67555981	HAS_TRANSCRIPTS	
Dactylonectria_macrodidyma	69932362	HAS_TRANSCRIPTS	
Daedaleopsis_nitida	148531604	HAS_TRANSCRIPTS	
Daldinia_bambusicola	75048991	HAS_TRANSCRIPTS	
Daldinia_caldariorum	80345659	HAS_TRANSCRIPTS	
Daldinia_decipiens	70056957	HAS_TRANSCRIPTS	
Daldinia_eschscholtzii	47055282	HAS_TRANSCRIPTS	
Daldinia_grandis	61636516	HAS_TRANSCRIPTS	
Daldinia_loculata	91214979	HAS_TRANSCRIPTS	
Daldinia_sp._FL1419	89690651	HAS_TRANSCRIPTS	
Daldinia_vernicosa	63963256	HAS_TRANSCRIPTS	
Debaryomyces_fabryi	14413331	HAS_TRANSCRIPTS	
Debaryomyces_hansenii	2027594	HAS_TRANSCRIPTS	
Debaryomyces_singareniensis	14486649	HAS_TRANSCRIPTS	
Debaryomyces_subglobosus	12753593	HAS_TRANSCRIPTS	
Debaryomyces_tyrocola	14982992	HAS_TRANSCRIPTS	
Decorospora_gaudefroyi	63246743	HAS_TRANSCRIPTS	
Delphinella_strobiligena	55506770	HAS_TRANSCRIPTS	
Dendryphion_nanum	60822349	HAS_TRANSCRIPTS	
Dentipellis_sp._KUC8613	144479310	HAS_TRANSCRIPTS	
Desarmillaria_ectypa	126296833	HAS_TRANSCRIPTS	
Desarmillaria_tabescens	144655657	HAS_TRANSCRIPTS	
Diaporthe_amygdali	65336282	HAS_TRANSCRIPTS	
Diaporthe_caulivora	42310205	HAS_TRANSCRIPTS	
Diaporthe_citri	51161631	HAS_TRANSCRIPTS	
Diaporthe_eres	11371090	HAS_TRANSCRIPTS	
Diaporthe_sp._PMI_573	90299723	HAS_TRANSCRIPTS	
Diaporthe_vaccinii	77572043	HAS_TRANSCRIPTS	
Dichomitus_squalens	108271007	HAS_TRANSCRIPTS	
Dichotomocladium_elegans	195060175	HAS_TRANSCRIPTS	
Dictyophora_rubrovolvata	87114038	HAS_TRANSCRIPTS	
Didymella_pinodella	51307343	HAS_TRANSCRIPTS	
Didymella_segeticola	50504292	HAS_TRANSCRIPTS	
Didymosphaeria_rubi-ulmifolii	43513370	HAS_TRANSCRIPTS	
Diplocarpon_rosae	6994707	HAS_TRANSCRIPTS	
Discula_destructiva	117506754	HAS_TRANSCRIPTS	
Dissoconium_aciculare	50272757	HAS_TRANSCRIPTS	
Dissophora_ornata	61740997	HAS_TRANSCRIPTS	
Dothideomycetidae_sp._11243	14243020	HAS_TRANSCRIPTS	
Dothidotthia_symphoricarpi	74652344	HAS_TRANSCRIPTS	
Dothiora_sp._MEPG2	47607142	HAS_TRANSCRIPTS	
Dothistroma_septosporum	54430482	HAS_TRANSCRIPTS	
Drechmeria_coniospora	46986852	HAS_TRANSCRIPTS	
Drechslerella_dactyloides	89509151	HAS_TRANSCRIPTS	
Drepanopeziza_brunnea	87539985	HAS_TRANSCRIPTS	
Dryadomyces_quercus-mongolicae	51456665	HAS_TRANSCRIPTS	
Dryadomyces_sulphureus	29502233	HAS_TRANSCRIPTS	
Dujonia_oleophila	28095369	HAS_TRANSCRIPTS	
Durotheca_rogersii	85294655	HAS_TRANSCRIPTS	
Earliella_scabrosa	161007025	HAS_TRANSCRIPTS	
Ecytonucleospora_hepatopenaei	97081764	HAS_TRANSCRIPTS	
Elsinoe_ampelina	33539485	HAS_TRANSCRIPTS	
Emericellopsis_atlantica	70092482	HAS_TRANSCRIPTS	
Endocarpon_pusillum	34290676	HAS_TRANSCRIPTS	
Endogone_sp._FLAS-F59071	58440663	HAS_TRANSCRIPTS	
Entoloma_clypeatum	140486349	HAS_TRANSCRIPTS	
Entomophthora_muscae	12950520	HAS_TRANSCRIPTS	
Entomortierella_parvispora	44225605	HAS_TRANSCRIPTS	
Entophlyctis_helioformis	49949651	HAS_TRANSCRIPTS	
Ephemerocybe_angulata	47286464	HAS_TRANSCRIPTS	
Epichloe_festucae	18955878	HAS_TRANSCRIPTS	
Epichloe_hybrida	176186903	HAS_TRANSCRIPTS	
Epichloe_typhina	32309893	HAS_TRANSCRIPTS	
Epicoccum_nigrum	35496801	HAS_TRANSCRIPTS	
Epicoccum_sorghinum	45355465	HAS_TRANSCRIPTS	
Erysiphe_necator	107631169	HAS_TRANSCRIPTS	
Erysiphe_neolycopersici	120061412	HAS_TRANSCRIPTS	
Erysiphe_pisi	137984777	HAS_TRANSCRIPTS	
Erythrobasidium_hasegawianum	181025380	HAS_TRANSCRIPTS	
Escovopsis_weberi	33145192	HAS_TRANSCRIPTS	
Exophiala_alcalophila	45479749	HAS_TRANSCRIPTS	
Exophiala_dermatitidis	26011250	HAS_TRANSCRIPTS	
Exophiala_mesophila	20687931	HAS_TRANSCRIPTS	
Exophiala_oligosperma	39314212	HAS_TRANSCRIPTS	
Exophiala_sideris	27132478	HAS_TRANSCRIPTS	
Exophiala_spinifera	33743051	HAS_TRANSCRIPTS	
Exophiala_viscosa	140500629	HAS_TRANSCRIPTS	
Exophiala_xenobiotica	9632352	HAS_TRANSCRIPTS	
Exserohilum_rostratum	63910047	HAS_TRANSCRIPTS	
Fennellomyces_sp._T-0311	97676438	HAS_TRANSCRIPTS	
Fermentozyma_sake	19670999	HAS_TRANSCRIPTS	
Filobasidium_floriforme	27031092	HAS_TRANSCRIPTS	
Filobasidium_wieringae	53337421	HAS_TRANSCRIPTS	
Flagelloscypha_sp._PMI_526	105155370	HAS_TRANSCRIPTS	
Flammula_alnicola	127350191	HAS_TRANSCRIPTS	
Flammulina_filiformis	70953512	HAS_TRANSCRIPTS	
Flavoplaca_marina	81463438	HAS_TRANSCRIPTS	
Floccularia_luteovirens	106302846	HAS_TRANSCRIPTS	
Fomes_fomentarius	92988755	HAS_TRANSCRIPTS	
Fomitiporia_mediterranea	60684489	HAS_TRANSCRIPTS	
Fomitopsis_betulina	89180721	HAS_TRANSCRIPTS	
Fomitopsis_pinicola	40430156	HAS_TRANSCRIPTS	
Fomitopsis_pulvina	140196325	HAS_TRANSCRIPTS	
Fomitopsis_schrenkii	140508304	HAS_TRANSCRIPTS	
Fomitopsis_serialis	148559071	HAS_TRANSCRIPTS	
Fragosphaeria_purpurea	39505196	HAS_TRANSCRIPTS	
Fulvia_fulva	78954188	HAS_TRANSCRIPTS	
Funneliformis_mosseae	91414078	HAS_TRANSCRIPTS	
Fusarium_acuminatum	51192578	HAS_TRANSCRIPTS	
Fusarium_akasia	20634444	HAS_TRANSCRIPTS	
Fusarium_ambrosium	30341549	HAS_TRANSCRIPTS	
Fusarium_andiyazi	49241355	HAS_TRANSCRIPTS	
Fusarium_annulatum	51836226	HAS_TRANSCRIPTS	
Fusarium_asiaticum	29638251	HAS_TRANSCRIPTS	
Fusarium_austroamericanum	23477962	HAS_TRANSCRIPTS	
Fusarium_avenaceum	49492635	HAS_TRANSCRIPTS	
Fusarium_awan	2332789	HAS_TRANSCRIPTS	
Fusarium_beomiforme	32301543	HAS_TRANSCRIPTS	
Fusarium_cf._solani	7965026	HAS_TRANSCRIPTS	
Fusarium_circinatum	65909910	HAS_TRANSCRIPTS	
Fusarium_commune	13052354	HAS_TRANSCRIPTS	
Fusarium_cortaderiae	54171943	HAS_TRANSCRIPTS	
Fusarium_culmorum	48603828	HAS_TRANSCRIPTS	
Fusarium_drepaniforme	22214884	HAS_TRANSCRIPTS	
Fusarium_duplospermum	35333921	HAS_TRANSCRIPTS	
Fusarium_equiseti	26112418	HAS_TRANSCRIPTS	
Fusarium_euwallaceae	67363833	HAS_TRANSCRIPTS	
Fusarium_falciforme	33880062	HAS_TRANSCRIPTS	
Fusarium_floridanum	3719843	HAS_TRANSCRIPTS	
Fusarium_foetens	61936558	HAS_TRANSCRIPTS	
Fusarium_fujikuroi	63731058	HAS_TRANSCRIPTS	
Fusarium_graminearum	69703155	HAS_TRANSCRIPTS	
Fusarium_keratoplasticum	20414025	HAS_TRANSCRIPTS	
Fusarium_kuroshium	26634231	HAS_TRANSCRIPTS	
Fusarium_mekan	2756636	HAS_TRANSCRIPTS	
Fusarium_meridionale	25811888	HAS_TRANSCRIPTS	
Fusarium_nematophilum	63411234	HAS_TRANSCRIPTS	
Fusarium_obliquiseptatum	4346756	HAS_TRANSCRIPTS	
Fusarium_odoratissimum	70159741	HAS_TRANSCRIPTS	
Fusarium_oligoseptatum	48567048	HAS_TRANSCRIPTS	
Fusarium_oxysporum	24222326	HAS_TRANSCRIPTS	
Fusarium_papillatum	15883350	HAS_TRANSCRIPTS	
Fusarium_poae	67486805	HAS_TRANSCRIPTS	
Fusarium_proliferatum	82900782	HAS_TRANSCRIPTS	
Fusarium_pseudensiforme	1629621	HAS_TRANSCRIPTS	
Fusarium_pseudograminearum	41640160	HAS_TRANSCRIPTS	
Fusarium_rekanum	22524961	HAS_TRANSCRIPTS	
Fusarium_sacchari	75826844	HAS_TRANSCRIPTS	
Fusarium_solani	81310063	HAS_TRANSCRIPTS	
Fusarium_sp._BWC1	34071672	HAS_TRANSCRIPTS	
Fusarium_sp._LHS14.1	37789307	HAS_TRANSCRIPTS	
Fusarium_sp._MPI-SDFR-AT-0072	62546407	HAS_TRANSCRIPTS	
Fusarium_sp._Ph1	44558180	HAS_TRANSCRIPTS	
Fusarium_tricinctum	54483220	HAS_TRANSCRIPTS	
Fusarium_tuaranense	2464479	HAS_TRANSCRIPTS	
Fusarium_vanettenii	83990845	HAS_TRANSCRIPTS	
Fusarium_variasi	14605130	HAS_TRANSCRIPTS	
Fusarium_venenatum	68589426	HAS_TRANSCRIPTS	
Fusarium_verticillioides	33338294	HAS_TRANSCRIPTS	
Fusarium_warna	1180973	HAS_TRANSCRIPTS	
Fusarium_xylarioides	89238049	HAS_TRANSCRIPTS	
Fusicolla_acetilerea	62311338	HAS_TRANSCRIPTS	
Gaertneriomyces_semiglobifer	70480261	HAS_TRANSCRIPTS	
Gaeumannomyces_avenae	22970146	HAS_TRANSCRIPTS	
Gaeumannomyces_hyphopodioides	89453072	HAS_TRANSCRIPTS	
Gaeumannomyces_tritici	69095047	HAS_TRANSCRIPTS	
Galerina_mutabilis	114985204	HAS_TRANSCRIPTS	
Gamsiella_multidivaricata	78548471	HAS_TRANSCRIPTS	
Ganoderma_adspersum	76412370	HAS_TRANSCRIPTS	
Ganoderma_boninense	102693849	HAS_TRANSCRIPTS	
Ganoderma_leucocontextum	211608714	HAS_TRANSCRIPTS	
Ganoderma_lingzhi	144708531	HAS_TRANSCRIPTS	
Ganoderma_resinaceum	119597223	HAS_TRANSCRIPTS	
Gautieria_morchelliformis	169380536	HAS_TRANSCRIPTS	
Gelatoporia_subvermispora	64258759	HAS_TRANSCRIPTS	
Geopyxis_carbonaria	32198939	HAS_TRANSCRIPTS	
Geosiphon_pyriformis	15860119	HAS_TRANSCRIPTS	
Geotrichum_citri-aurantii	22556531	HAS_TRANSCRIPTS	
Geranomyces_variabilis	70342731	HAS_TRANSCRIPTS	
Gigaspora_margarita	82327112	HAS_TRANSCRIPTS	
Gigaspora_rosea	88086332	HAS_TRANSCRIPTS	
Gilbertella_persicaria	72317710	HAS_TRANSCRIPTS	
Glaciozyma_antarctica	17393121	HAS_TRANSCRIPTS	
Glarea_lozoyensis	52323466	HAS_TRANSCRIPTS	
Gliophorus_irrigatus	118291643	HAS_TRANSCRIPTS	
Globomyces_pollinis-pini	72340135	HAS_TRANSCRIPTS	
Gloeopeniophorella_convolvens	134915874	HAS_TRANSCRIPTS	
Gloeostereum_incarnatum	114863646	HAS_TRANSCRIPTS	
Golovinomyces_cichoracearum	81216863	HAS_TRANSCRIPTS	
Gongronella_butleri	192508023	HAS_TRANSCRIPTS	
Gorgonomyces_haynaldii	35735218	HAS_TRANSCRIPTS	
Grifola_frondosa	144176167	HAS_TRANSCRIPTS	
Grosmannia_penicillata	24696678	HAS_TRANSCRIPTS	
Guyanagaster_necrorhizus	72056020	HAS_TRANSCRIPTS	
Gymnopilus_junonius	159314384	HAS_TRANSCRIPTS	
Gymnopus_androsaceus	86318120	HAS_TRANSCRIPTS	
Gymnopus_earleae	102720545	HAS_TRANSCRIPTS	
Gyromitra_esculenta	20254323	HAS_TRANSCRIPTS	
Gyroporus_aff._castaneus	144832332	HAS_TRANSCRIPTS	
Halenospora_varia	71537725	HAS_TRANSCRIPTS	
Halteromyces_radiatus	43128176	HAS_TRANSCRIPTS	
Hanseniaspora_nectarophila	15121579	HAS_TRANSCRIPTS	
Hanseniaspora_uvarum	8668273	HAS_TRANSCRIPTS	
Hanseniaspora_valbyensis	18926054	HAS_TRANSCRIPTS	
Hanseniaspora_vineae	9720859	HAS_TRANSCRIPTS	
Hansenula_anomala	30269879	HAS_TRANSCRIPTS	
Hapsidospora_chrysogena	66972376	HAS_TRANSCRIPTS	
Harringtonia_lauricola	46169338	HAS_TRANSCRIPTS	
Hebeloma_cylindrosporum	70923250	HAS_TRANSCRIPTS	
Hebeloma_velutipes	68731941	HAS_TRANSCRIPTS	
Helicostylum_pulchrum	76238083	HAS_TRANSCRIPTS	
Heliocybe_sulcata	204753885	HAS_TRANSCRIPTS	
Hemileia_vastatrix	25792096	HAS_TRANSCRIPTS	
Henningerozyma_blattae	19321341	HAS_TRANSCRIPTS	
Hericium_coralloides	96085958	HAS_TRANSCRIPTS	
Hericium_erinaceus	45484579	HAS_TRANSCRIPTS	
Hermanssonia_centrifuga	122109787	HAS_TRANSCRIPTS	
Hesseltinella_vesiculosa	38736545	HAS_TRANSCRIPTS	
Heterobasidion_annosum	127160507	HAS_TRANSCRIPTS	
Heterobasidion_occidentale	193257644	HAS_TRANSCRIPTS	
Heterobasidion_parviporum	116730143	HAS_TRANSCRIPTS	
Histoplasma_capsulatum	52103481	HAS_TRANSCRIPTS	
Histoplasma_ohiense	156799551	HAS_TRANSCRIPTS	
Holtermanniella_festucosa	16565735	HAS_TRANSCRIPTS	
Hormonema_carpetanum	44552572	HAS_TRANSCRIPTS	
Hortaea_werneckii	3982011	HAS_TRANSCRIPTS	
Hyaloraphidium_curvatum	71817757	HAS_TRANSCRIPTS	
Hyaloscypha_finlandica	93110060	HAS_TRANSCRIPTS	
Hyaloscypha_hepaticicola	73891633	HAS_TRANSCRIPTS	
Hyaloscypha_sp._PMI_1271	56768300	HAS_TRANSCRIPTS	
Hydnellum_aurantiacum	126740003	HAS_TRANSCRIPTS	
Hydnum_repandum	119212216	HAS_TRANSCRIPTS	
Hygrocybe_coccinea	150698574	HAS_TRANSCRIPTS	
Hygrocybe_conica	124949969	HAS_TRANSCRIPTS	
Hygrocybe_helobia	126050548	HAS_TRANSCRIPTS	
Hygrocybe_punicea	150442114	HAS_TRANSCRIPTS	
Hygrophoropsis_aurantiaca	87401261	HAS_TRANSCRIPTS	
Hymenopellis_radicata	128115349	HAS_TRANSCRIPTS	
Hymenopellis_raphanipes	53603433	HAS_TRANSCRIPTS	
Hymenoscyphus_albidus	51629980	HAS_TRANSCRIPTS	
Hymenoscyphus_fraxineus	54262977	HAS_TRANSCRIPTS	
Hymenoscyphus_koreanus	50735463	HAS_TRANSCRIPTS	
Hymenoscyphus_linearis	55682978	HAS_TRANSCRIPTS	
Hypholoma_fasciculare	191284544	HAS_TRANSCRIPTS	
Hyphopichia_burtonii	16044109	HAS_TRANSCRIPTS	
Hyphopichia_pseudoburtonii	10541253	HAS_TRANSCRIPTS	
Hypocreales_sp.	127730808	HAS_TRANSCRIPTS	
Hypomontagnella_monticulosa	45845939	HAS_TRANSCRIPTS	
Hypomontagnella_submonticulosa	76957024	HAS_TRANSCRIPTS	
Hypomyces_perniciosus	48346668	HAS_TRANSCRIPTS	
Hypomyces_semicircularis	40162062	HAS_TRANSCRIPTS	
Hypoxylon_argillaceum	89537777	HAS_TRANSCRIPTS	
Hypoxylon_cercidicola	71963267	HAS_TRANSCRIPTS	
Hypoxylon_crocopeplum	75406553	HAS_TRANSCRIPTS	
Hypoxylon_fragiforme	67763334	HAS_TRANSCRIPTS	
Hypoxylon_fuscum	81961823	HAS_TRANSCRIPTS	
Hypoxylon_pulicicidum	66420867	HAS_TRANSCRIPTS	
Hypoxylon_rubiginosum	78818815	HAS_TRANSCRIPTS	
Hypoxylon_sp._FL0543	107518012	HAS_TRANSCRIPTS	
Hypoxylon_sp._FL0890	74501586	HAS_TRANSCRIPTS	
Hypoxylon_sp._FL1150	85506415	HAS_TRANSCRIPTS	
Hypoxylon_sp._FL1284	82545813	HAS_TRANSCRIPTS	
Hypoxylon_sp._FL1857	54891532	HAS_TRANSCRIPTS	
Hypoxylon_sp._NC0597	97721836	HAS_TRANSCRIPTS	
Hypoxylon_sp._NC1633	91577045	HAS_TRANSCRIPTS	
Hypoxylon_trugodes	81729463	HAS_TRANSCRIPTS	
Hypsizygus_marmoreus	117326020	HAS_TRANSCRIPTS	
Ilyonectria_destructans	87607831	HAS_TRANSCRIPTS	
Ilyonectria_robusta	48424054	HAS_TRANSCRIPTS	
Ilyonectria_sp._MPI-CAGE-AT-0026	63176870	HAS_TRANSCRIPTS	
Imleria_badia	123109302	HAS_TRANSCRIPTS	
Immersiella_caudata	81302517	HAS_TRANSCRIPTS	
Infundibulicybe_gibba	87589669	HAS_TRANSCRIPTS	
Inocutis_levis	124745728	HAS_TRANSCRIPTS	
Inocybe_asterospora	88978720	HAS_TRANSCRIPTS	
Inocybe_fraudans	132052306	HAS_TRANSCRIPTS	
Inocybe_grammopodia	103769246	HAS_TRANSCRIPTS	
Inocybe_obscuroides	119506594	HAS_TRANSCRIPTS	
Inocybe_petiginosa	101181436	HAS_TRANSCRIPTS	
Inocybe_tigrina	26028483	HAS_TRANSCRIPTS	
Inonotus_hispidus	69336687	HAS_TRANSCRIPTS	
Inonotus_obliquus	57615675	HAS_TRANSCRIPTS	
Inosperma_lanatodiscum	136500157	HAS_TRANSCRIPTS	
Irpex_flavus	106269525	HAS_TRANSCRIPTS	
Irpex_laceratus	43199217	HAS_TRANSCRIPTS	
Irpex_lacteus	161717155	HAS_TRANSCRIPTS	
Irpex_rosettiformis	112957201	HAS_TRANSCRIPTS	
Jackrogersella_minutella	59117432	HAS_TRANSCRIPTS	
Jaminaea_angkorensis	21334715	HAS_TRANSCRIPTS	
Jaminaea_pallidilutea	23814496	HAS_TRANSCRIPTS	
Jaminaea_rosea	26725924	HAS_TRANSCRIPTS	
Jimgerdemannia_flammicorona	104207850	HAS_TRANSCRIPTS	
Kalaharituber_pfeilii	94276378	HAS_TRANSCRIPTS	
Kalmanozyma_brasiliensis	25785658	HAS_TRANSCRIPTS	
Karstenula_rhodostoma	62219075	HAS_TRANSCRIPTS	
Keithomyces_neogunnii	109353375	HAS_TRANSCRIPTS	
Kickxella_alabastrina	17152375	HAS_TRANSCRIPTS	
Kluyveromyces_lactis	17327532	HAS_TRANSCRIPTS	
Kluyveromyces_marxianus	16562482	HAS_TRANSCRIPTS	
Knufia_petricola	125502603	HAS_TRANSCRIPTS	
Kockovaella_imperatae	55029310	HAS_TRANSCRIPTS	
Komagataella_pastoris	2041042	HAS_TRANSCRIPTS	
Komagataella_phaffii	12002605	HAS_TRANSCRIPTS	
Kuehneromyces_mutabilis	99392219	HAS_TRANSCRIPTS	
Kuraishia_capsulata	16667811	HAS_TRANSCRIPTS	
Laburnicola_rhizohalophila	36543969	HAS_TRANSCRIPTS	
Lachancea_fermentati	24186188	HAS_TRANSCRIPTS	
Lachancea_kluyveri	12044849	HAS_TRANSCRIPTS	
Lachancea_thermotolerans	10100883	HAS_TRANSCRIPTS	
Lachancea_waltii	14203055	HAS_TRANSCRIPTS	
Lachnellula_subtilissima	28300180	HAS_TRANSCRIPTS	
Lactarius_akahatsu	174162662	HAS_TRANSCRIPTS	
Lactarius_blennius	139824721	HAS_TRANSCRIPTS	
Lactarius_deliciosus	33782342	HAS_TRANSCRIPTS	
Lactarius_evosmus	136290838	HAS_TRANSCRIPTS	
Lactarius_hatsudake	224146653	HAS_TRANSCRIPTS	
Lactarius_hengduanensis	162575709	HAS_TRANSCRIPTS	
Lactarius_indigo	173423350	HAS_TRANSCRIPTS	
Lactarius_psammicola	149790626	HAS_TRANSCRIPTS	
Lactarius_pseudohatsudake	142813258	HAS_TRANSCRIPTS	
Lactarius_pubescens	106983732	HAS_TRANSCRIPTS	
Lactarius_quietus	131797494	HAS_TRANSCRIPTS	
Lactarius_sanguifluus	180410633	HAS_TRANSCRIPTS	
Lactarius_tabidus	144890495	HAS_TRANSCRIPTS	
Lactifluus_subvellereus	170588425	HAS_TRANSCRIPTS	
Lactifluus_vellereus	84384342	HAS_TRANSCRIPTS	
Lactifluus_volemus	12256872	HAS_TRANSCRIPTS	
Laetiporus_sulphureus	89083825	HAS_TRANSCRIPTS	
Lasallia_pustulata	68483971	HAS_TRANSCRIPTS	
Lasiodiplodia_gonubiensis	72915879	HAS_TRANSCRIPTS	
Lasiodiplodia_hormozganensis	56409939	HAS_TRANSCRIPTS	
Lasiodiplodia_theobromae	41558012	HAS_TRANSCRIPTS	
Lasiosphaeria_hispida	79569851	HAS_TRANSCRIPTS	
Lasiosphaeria_miniovina	100630475	HAS_TRANSCRIPTS	
Lasiosphaeria_ovina	82152731	HAS_TRANSCRIPTS	
Lasiosphaeris_hirsuta	85839399	HAS_TRANSCRIPTS	
Lentinula_aciculospora	243783922	HAS_TRANSCRIPTS	
Lentinula_aff._detonsa	131602383	HAS_TRANSCRIPTS	
Lentinula_boryana	172381638	HAS_TRANSCRIPTS	
Lentinula_guzmanii	132751248	HAS_TRANSCRIPTS	
Lentinula_lateritia	115031905	HAS_TRANSCRIPTS	
Lentinula_novae-zelandiae	121492129	HAS_TRANSCRIPTS	
Lentinula_raphanica	168873500	HAS_TRANSCRIPTS	
Lentinus_brumalis	70739527	HAS_TRANSCRIPTS	
Lentinus_squarrosulus	19220316	HAS_TRANSCRIPTS	
Lentinus_tigrinus	68087936	HAS_TRANSCRIPTS	
Lenzites_betulinus	116069066	HAS_TRANSCRIPTS	
Leotia_lubrica	144263058	HAS_TRANSCRIPTS	
Lepiota_venenata	96984226	HAS_TRANSCRIPTS	
Lepraria_finkii	51373344	HAS_TRANSCRIPTS	
Leptodontidium_sp._2_PMI_412	41606207	HAS_TRANSCRIPTS	
Leptodontidium_sp._MPI-SDFR-AT-0119	54235576	HAS_TRANSCRIPTS	
Leptographium_flavum	63310085	HAS_TRANSCRIPTS	
Leptographium_procerum	7549393	HAS_TRANSCRIPTS	
Leucoagaricus_sp._SymC.cos	68098272	HAS_TRANSCRIPTS	
Leucocoprinus_gongylophorus	92513973	HAS_TRANSCRIPTS	
Leucocoprinus_leucothites	128380672	HAS_TRANSCRIPTS	
Leucogyrophana_mollusca	42159602	HAS_TRANSCRIPTS	
Leucosporidium_creatinivorum	45583921	HAS_TRANSCRIPTS	
Lichina_confinis	77647795	HAS_TRANSCRIPTS	
Lichina_pygmaea	64053018	HAS_TRANSCRIPTS	
Limtongella_incommunis	10157047	HAS_TRANSCRIPTS	
Lindgomyces_ingoldianus	31190742	HAS_TRANSCRIPTS	
Lineolata_rhizophorae	55779620	HAS_TRANSCRIPTS	
Linnemannia_amoeboidea	53656614	HAS_TRANSCRIPTS	
Linnemannia_elongata	10878377	HAS_TRANSCRIPTS	
Linnemannia_fluviae	23637810	HAS_TRANSCRIPTS	
Linnemannia_gamsii	66044814	HAS_TRANSCRIPTS	
Linnemannia_hyalina	33067589	HAS_TRANSCRIPTS	
Lipomyces_starkeyi	35607155	HAS_TRANSCRIPTS	
Lipomyces_tetrasporus	66527867	HAS_TRANSCRIPTS	
Lobaria_pulmonaria	134404122	HAS_TRANSCRIPTS	
Lobosporangium_transversale	55237709	HAS_TRANSCRIPTS	
Lobulomyces_angularis	47864007	HAS_TRANSCRIPTS	
Lodderomyces_beijingensis	14740326	HAS_TRANSCRIPTS	
Lodderomyces_elongisporus	29490560	HAS_TRANSCRIPTS	
Lodderomyces_orthopsilosis	18986483	HAS_TRANSCRIPTS	
Lodderomyces_parapsilosis	14891137	HAS_TRANSCRIPTS	
Lojkania_enalia	76206671	HAS_TRANSCRIPTS	
Lomentospora_prolificans	77292192	HAS_TRANSCRIPTS	
Lophiostoma_macrostomum	73663247	HAS_TRANSCRIPTS	
Lophiotrema_nucula	71800208	HAS_TRANSCRIPTS	
Lunasporangiospora_selenospora	97550467	HAS_TRANSCRIPTS	
Lycoperdon_perlatum	66061295	HAS_TRANSCRIPTS	
Lyophyllum_atratum	193404770	HAS_TRANSCRIPTS	
Lyophyllum_decastes	57146609	HAS_TRANSCRIPTS	
Lyophyllum_shimeji	143336244	HAS_TRANSCRIPTS	
Macrocybe_gigantea	128320518	HAS_TRANSCRIPTS	
Macrocybe_indica	61759145	HAS_TRANSCRIPTS	
Macrophomina_phaseolina	109642344	HAS_TRANSCRIPTS	
Madurella_mycetomatis	116250460	HAS_TRANSCRIPTS	
Magnaporthiopsis_incrustans	55377555	HAS_TRANSCRIPTS	
Magnaporthiopsis_rhizophila	54943776	HAS_TRANSCRIPTS	
Magnusiomyces_capitatus	20258801	HAS_TRANSCRIPTS	
Magnusiomyces_fungicola	17152247	HAS_TRANSCRIPTS	
Magnusiomyces_suaveolens	13477743	HAS_TRANSCRIPTS	
Malassezia_furfur	31092781	HAS_TRANSCRIPTS	
Malassezia_globosa	191289	HAS_TRANSCRIPTS	
Malassezia_pachydermatis	21414828	HAS_TRANSCRIPTS	
Malassezia_restricta	22724320	HAS_TRANSCRIPTS	
Malassezia_sympodialis	33694533	HAS_TRANSCRIPTS	
Marasmius_cohaerens	56180316	HAS_TRANSCRIPTS	
Marasmius_cohortalis	100780129	HAS_TRANSCRIPTS	
Marasmius_oreades	71575150	HAS_TRANSCRIPTS	
Margaritispora_aquatica	50344220	HAS_TRANSCRIPTS	
Mariannaea_sp._PMI_226	58270743	HAS_TRANSCRIPTS	
Marquandomyces_marquandii	19264802	HAS_TRANSCRIPTS	
Martensiomyces_pterosporus	42948397	HAS_TRANSCRIPTS	
Martiniozyma_asiatica	12777295	HAS_TRANSCRIPTS	
Massarina_eburnea	72216919	HAS_TRANSCRIPTS	
Massariosphaeria_phaeospora	66218990	HAS_TRANSCRIPTS	
Maudiozyma_bulderi	24794433	HAS_TRANSCRIPTS	
Maudiozyma_humilis	22534563	HAS_TRANSCRIPTS	
Meira_miltonrushii	22569656	HAS_TRANSCRIPTS	
Metarhizium_acridum	129717182	HAS_TRANSCRIPTS	
Metarhizium_pingshaense	90766214	HAS_TRANSCRIPTS	
Metarhizium_rileyi	43852253	HAS_TRANSCRIPTS	
Metarhizium_robertsii	105032515	HAS_TRANSCRIPTS	
Metschnikowia_bicuspidata	25819253	HAS_TRANSCRIPTS	
Metschnikowia_gruessii	16334872	HAS_TRANSCRIPTS	
Metschnikowia_pulcherrima	26957131	HAS_TRANSCRIPTS	
Metschnikowia_reukaufii	39677600	HAS_TRANSCRIPTS	
Metschnikowia_viticola	13600689	HAS_TRANSCRIPTS	
Metschnikowia_zobellii	89491215	HAS_TRANSCRIPTS	
Meyerozyma_caribbica	14983417	HAS_TRANSCRIPTS	
Meyerozyma_carpophila	7220086	HAS_TRANSCRIPTS	
Meyerozyma_guilliermondii	24283948	HAS_TRANSCRIPTS	
Microbotryomycetes_sp._JL201	49922465	HAS_TRANSCRIPTS	
Microbotryum_intermedium	111882980	HAS_TRANSCRIPTS	
Microbotryum_superbum	117633433	HAS_TRANSCRIPTS	
Microbotryum_violaceum	31810866	HAS_TRANSCRIPTS	
Microdochium_bolleyi	31070506	HAS_TRANSCRIPTS	
Microdochium_nivale	45142231	HAS_TRANSCRIPTS	
Microdochium_paspali	34454395	HAS_TRANSCRIPTS	
Microdochium_trichocladiopsis	48047842	HAS_TRANSCRIPTS	
Microsporum_canis	737462161	HAS_TRANSCRIPTS	
Microstroma_glucosiphilum	27369420	HAS_TRANSCRIPTS	
Moesziomyces_aphidis	27480288	HAS_TRANSCRIPTS	
Mollisia_scopiformis	70659069	HAS_TRANSCRIPTS	
Monascus_pilosus	88934741	HAS_TRANSCRIPTS	
Monascus_purpureus	77869001	HAS_TRANSCRIPTS	
Monascus_ruber	37567405	HAS_TRANSCRIPTS	
Monilinia_fructicola	14942781	HAS_TRANSCRIPTS	
Monilinia_fructigena	45505904	HAS_TRANSCRIPTS	
Monilinia_laxa	16300737	HAS_TRANSCRIPTS	
Moniliophthora_roreri	48468082	HAS_TRANSCRIPTS	
Monosporozyma_servazzii	11802737	HAS_TRANSCRIPTS	
Monosporozyma_unispora	12972976	HAS_TRANSCRIPTS	
Morchella_angusticeps	69862773	HAS_TRANSCRIPTS	
Morchella_arbutiphila	71602060	HAS_TRANSCRIPTS	
Morchella_brunnea	81235730	HAS_TRANSCRIPTS	
Morchella_conica	32520573	HAS_TRANSCRIPTS	
Morchella_diminutiva	82082127	HAS_TRANSCRIPTS	
Morchella_disparilis	69602616	HAS_TRANSCRIPTS	
Morchella_eximia	56688010	HAS_TRANSCRIPTS	
Morchella_fluvialis	109497248	HAS_TRANSCRIPTS	
Morchella_hispaniolensis	79728317	HAS_TRANSCRIPTS	
Morchella_importuna	63342684	HAS_TRANSCRIPTS	
Morchella_kakiicolor	111099067	HAS_TRANSCRIPTS	
Morchella_norvegiensis	66929058	HAS_TRANSCRIPTS	
Morchella_prava	84641635	HAS_TRANSCRIPTS	
Morchella_pulchella	62614572	HAS_TRANSCRIPTS	
Morchella_punctipes	78194290	HAS_TRANSCRIPTS	
Morchella_rufobrunnea	80811891	HAS_TRANSCRIPTS	
Morchella_semilibera	61359439	HAS_TRANSCRIPTS	
Morchella_sextelata	241193258	HAS_TRANSCRIPTS	
Morchella_snyderi	71402789	HAS_TRANSCRIPTS	
Morchella_sp._2014-9hei	41678418	HAS_TRANSCRIPTS	
Morchella_sp._2016-103	43533054	HAS_TRANSCRIPTS	
Morchella_sp._2016-50	49463928	HAS_TRANSCRIPTS	
Morchella_sp._2016-57	54087396	HAS_TRANSCRIPTS	
Morchella_sp._2016-72	52753720	HAS_TRANSCRIPTS	
Morchella_sp._2018-W16	52863377	HAS_TRANSCRIPTS	
Morchella_sp._2018-W22B	49420029	HAS_TRANSCRIPTS	
Morchella_sp._2018-W26	43772671	HAS_TRANSCRIPTS	
Morchella_sp._2018-W30	43707312	HAS_TRANSCRIPTS	
Morchella_sp._2018-W38C	51898133	HAS_TRANSCRIPTS	
Morchella_sp._2018-W45	38208145	HAS_TRANSCRIPTS	
Morchella_steppicola	101864780	HAS_TRANSCRIPTS	
Mortierella_alpina	2708901	HAS_TRANSCRIPTS	
Mortierella_sp._GBAus27b	58901087	HAS_TRANSCRIPTS	
Mrakia_frigida	74133618	HAS_TRANSCRIPTS	
Mrakia_psychrophila	20819320	HAS_TRANSCRIPTS	
Mucidula_mucida	157787283	HAS_TRANSCRIPTS	
Mucor_circinelloides	33059496	HAS_TRANSCRIPTS	
Mucor_flavus	39610656	HAS_TRANSCRIPTS	
Mucor_lanceolatus	25311391	HAS_TRANSCRIPTS	
Mucor_lusitanicus	19276433	HAS_TRANSCRIPTS	
Mucor_mucedo	63105121	HAS_TRANSCRIPTS	
Mucor_piriformis	57621729	HAS_TRANSCRIPTS	
Mucor_velutinosus	28678713	HAS_TRANSCRIPTS	
Multifurca_ochricompacta	152980996	HAS_TRANSCRIPTS	
Mycena_albidolilacea	90507410	HAS_TRANSCRIPTS	
Mycena_alexandri	89575007	HAS_TRANSCRIPTS	
Mycena_amicta	113411714	HAS_TRANSCRIPTS	
Mycena_belliarum	100365287	HAS_TRANSCRIPTS	
Mycena_capillaripes	129903325	HAS_TRANSCRIPTS	
Mycena_chlorophos	16068147	HAS_TRANSCRIPTS	
Mycena_citricolor	218039216	HAS_TRANSCRIPTS	
Mycena_crocata	130890922	HAS_TRANSCRIPTS	
Mycena_epipterygia	65063742	HAS_TRANSCRIPTS	
Mycena_filopes	111984060	HAS_TRANSCRIPTS	
Mycena_floridula	94332918	HAS_TRANSCRIPTS	
Mycena_galericulata	116604603	HAS_TRANSCRIPTS	
Mycena_galopus	205891047	HAS_TRANSCRIPTS	
Mycena_haematopus	119418124	HAS_TRANSCRIPTS	
Mycena_indigotica	46288128	HAS_TRANSCRIPTS	
Mycena_kentingensis	63744835	HAS_TRANSCRIPTS	
Mycena_latifolia	131531712	HAS_TRANSCRIPTS	
Mycena_leptocephala	155599931	HAS_TRANSCRIPTS	
Mycena_maculata	92459263	HAS_TRANSCRIPTS	
Mycena_metata	125656926	HAS_TRANSCRIPTS	
Mycena_olivaceomarginata	228696379	HAS_TRANSCRIPTS	
Mycena_polygramma	131700179	HAS_TRANSCRIPTS	
Mycena_rebaudengoi	117278265	HAS_TRANSCRIPTS	
Mycena_rosella	80826626	HAS_TRANSCRIPTS	
Mycena_sanguinolenta	71502420	HAS_TRANSCRIPTS	
Mycena_sp._CBHHK59_15	150177632	HAS_TRANSCRIPTS	
Mycena_sp._WM	96563782	HAS_TRANSCRIPTS	
Mycena_venus	98037628	HAS_TRANSCRIPTS	
Mycena_vitilis	148668461	HAS_TRANSCRIPTS	
Mycena_vulgaris	96614014	HAS_TRANSCRIPTS	
Mycogone_sp._X01501	34570927	HAS_TRANSCRIPTS	
Mycosarcoma_maydis	21727883	HAS_TRANSCRIPTS	
Mycotypha_africana	141572421	HAS_TRANSCRIPTS	
Mytilinidion_resinicola	50885260	HAS_TRANSCRIPTS	
Myxozyma_melibiosi	29856913	HAS_TRANSCRIPTS	
Naematelia_aurantialba	70118225	HAS_TRANSCRIPTS	
Naematelia_encephala	81015686	HAS_TRANSCRIPTS	
Naganishia_friedmannii	41875988	HAS_TRANSCRIPTS	
Naganishia_liquefaciens	24013241	HAS_TRANSCRIPTS	
Nakaseomyces_nivariensis	5112468	HAS_TRANSCRIPTS	
Nakataea_oryzae	38091894	HAS_TRANSCRIPTS	
Naohidea_sebacea	62348435	HAS_TRANSCRIPTS	
Naumovozyma_castellii	11537771	HAS_TRANSCRIPTS	
Naviculisporaceae_sp._PSN_640	66984475	HAS_TRANSCRIPTS	
Nemania_abortiva	72720234	HAS_TRANSCRIPTS	
Nemania_diffusa	92687744	HAS_TRANSCRIPTS	
Nemania_serpens	82041908	HAS_TRANSCRIPTS	
Nemania_sp._FL0031	122710545	HAS_TRANSCRIPTS	
Nemania_sp._FL0916	93488853	HAS_TRANSCRIPTS	
Nemania_sp._NC0429	96415012	HAS_TRANSCRIPTS	
Neocallimastix_californiae	59350902	HAS_TRANSCRIPTS	
Neocallimastix_lanati	45058528	HAS_TRANSCRIPTS	
Neocallimastix_sp._constans	36777915	HAS_TRANSCRIPTS	
Neoconidiobolus_thromboides	74128673	HAS_TRANSCRIPTS	
Neocosmospora_sp._B6999-1	41996140	HAS_TRANSCRIPTS	
Neocosmospora_sp._B6999-2	16677804	HAS_TRANSCRIPTS	
Neocosmospora_sp._B6999-3	28413005	HAS_TRANSCRIPTS	
Neocosmospora_sp._B6999-4	45566587	HAS_TRANSCRIPTS	
Neocosmospora_sp._B6999-5	28533519	HAS_TRANSCRIPTS	
Neofusicoccum_parvum	90357541	HAS_TRANSCRIPTS	
Neohortaea_acidophila	41130495	HAS_TRANSCRIPTS	
Neolentinus_lepideus	170366799	HAS_TRANSCRIPTS	
Neopestalotiopsis_rosae	64717964	HAS_TRANSCRIPTS	
Neoscytalidium_dimidiatum	66892091	HAS_TRANSCRIPTS	
Neostagonosporella_sichuanensis	56463343	HAS_TRANSCRIPTS	
Neurospora_crassa	37197001	HAS_TRANSCRIPTS	
Neurospora_discreta	38748004	HAS_TRANSCRIPTS	
Neurospora_hispaniola	59636904	HAS_TRANSCRIPTS	
Neurospora_intermedia	48144855	HAS_TRANSCRIPTS	
Neurospora_sp._E-DF1	46612559	HAS_TRANSCRIPTS	
Neurospora_tetraspora	81232660	HAS_TRANSCRIPTS	
Nigrograna_hydei	48847886	HAS_TRANSCRIPTS	
Nigrospora_bambusae	35194145	HAS_TRANSCRIPTS	
Nigrospora_camelliae-sinensis	40226703	HAS_TRANSCRIPTS	
Nigrospora_chinensis	46820361	HAS_TRANSCRIPTS	
Nigrospora_guilinensis	43428774	HAS_TRANSCRIPTS	
Nigrospora_hainanensis	46414880	HAS_TRANSCRIPTS	
Nigrospora_lacticolonia	47990356	HAS_TRANSCRIPTS	
Nigrospora_musae	54016600	HAS_TRANSCRIPTS	
Nigrospora_oryzae	89176780	HAS_TRANSCRIPTS	
Nigrospora_osmanthi	51726379	HAS_TRANSCRIPTS	
Nigrospora_pyriformis	49636591	HAS_TRANSCRIPTS	
Nigrospora_rubi	67827415	HAS_TRANSCRIPTS	
Nigrospora_sphaerica	43316156	HAS_TRANSCRIPTS	
Nigrospora_vesicularis	46571866	HAS_TRANSCRIPTS	
Nosema_bombycis	7918233	HAS_TRANSCRIPTS	
Nothopassalora_personata	95398920	HAS_TRANSCRIPTS	
Obba_rivulosa	116291154	HAS_TRANSCRIPTS	
Obelidium_mucronatum	97322857	HAS_TRANSCRIPTS	
Oehlia_diaphana	146910171	HAS_TRANSCRIPTS	
Ogataea_haglerorum	12071108	HAS_TRANSCRIPTS	
Ogataea_methanolica	16155605	HAS_TRANSCRIPTS	
Ogataea_parapolymorpha	10994249	HAS_TRANSCRIPTS	
Oidiodendron_maius	88627666	HAS_TRANSCRIPTS	
Oidium_heveae	53395753	HAS_TRANSCRIPTS	
Omphalotus_guepiniiformis	73002804	HAS_TRANSCRIPTS	
Onygena_corvina	34032058	HAS_TRANSCRIPTS	
Opeltia_flavorubescens	58279691	HAS_TRANSCRIPTS	
Ophiobolus_disseminans	49223089	HAS_TRANSCRIPTS	
Ophioceras_dolichostomum	74448814	HAS_TRANSCRIPTS	
Ophiocordyceps_australis	72218729	HAS_TRANSCRIPTS	
Ophiocordyceps_sinensis	139290038	HAS_TRANSCRIPTS	
Ophiocordyceps_unilateralis	56242606	HAS_TRANSCRIPTS	
Ophiocordyceps_xuefengensis	86297306	HAS_TRANSCRIPTS	
Ophiostoma_himal-ulmi	2946603	HAS_TRANSCRIPTS	
Ophiostoma_minus	56009304	HAS_TRANSCRIPTS	
Ophiostoma_piceae	125096064	HAS_TRANSCRIPTS	
Ophiostoma_quercus	165753105	HAS_TRANSCRIPTS	
Ophiostoma_ulmi	1931544	HAS_TRANSCRIPTS	
Orbilia_oligospora	56309332	HAS_TRANSCRIPTS	
Ovatospora_sinensis	142539744	HAS_TRANSCRIPTS	
Paecilomyces_variotii	1711184	HAS_TRANSCRIPTS	
Panaeolus_papilionaceus	130391522	HAS_TRANSCRIPTS	
Panellus_stipticus	138196586	HAS_TRANSCRIPTS	
Papiliotrema_laurentii	47766386	HAS_TRANSCRIPTS	
Papiliotrema_terrestris	27809910	HAS_TRANSCRIPTS	
Paracoccidioides_brasiliensis	103753470	HAS_TRANSCRIPTS	
Paracoccidioides_lutzii	15420906	HAS_TRANSCRIPTS	
Paradendryphiella_salina	35818661	HAS_TRANSCRIPTS	
Paraglomus_brasilianum	3619631	HAS_TRANSCRIPTS	
Paragyromitra_infula	94296705	HAS_TRANSCRIPTS	
Parajaminaea_phylloscopi	30095469	HAS_TRANSCRIPTS	
Paraphaeosphaeria_minitans	55682619	HAS_TRANSCRIPTS	
Paraphaeosphaeria_sporulosa	69212536	HAS_TRANSCRIPTS	
Paraphoma_chrysanthemicola	97814732	HAS_TRANSCRIPTS	
Paraphysoderma_sedebokerense	141720740	HAS_TRANSCRIPTS	
Parascedosporium_putredinis	25620379	HAS_TRANSCRIPTS	
Parasitella_parasitica	52439451	HAS_TRANSCRIPTS	
Parastagonospora_nodorum	73825977	HAS_TRANSCRIPTS	
Parmelia_saxatilis	71079466	HAS_TRANSCRIPTS	
Pascua_guehoae	8647741	HAS_TRANSCRIPTS	
Passalora_sequoiae	56228090	HAS_TRANSCRIPTS	
Paxillus_ammoniavirescens	141539528	HAS_TRANSCRIPTS	
Pecoramyces_ruminantium	58159376	HAS_TRANSCRIPTS	
Peltaster_fructicola	24193197	HAS_TRANSCRIPTS	
Penicillium_antarcticum	28454915	HAS_TRANSCRIPTS	
Penicillium_atrosanguineum	29508266	HAS_TRANSCRIPTS	
Penicillium_biforme	59949378	HAS_TRANSCRIPTS	
Penicillium_brasilianum	80632878	HAS_TRANSCRIPTS	
Penicillium_brevicompactum	61026609	HAS_TRANSCRIPTS	
Penicillium_canescens	27952281	HAS_TRANSCRIPTS	
Penicillium_capsulatum	61100638	HAS_TRANSCRIPTS	
Penicillium_chrysogenum	43334964	HAS_TRANSCRIPTS	
Penicillium_citrinum	40957359	HAS_TRANSCRIPTS	
Penicillium_coprophilum	52041822	HAS_TRANSCRIPTS	
Penicillium_crustosum	44351570	HAS_TRANSCRIPTS	
Penicillium_decumbens	37723526	HAS_TRANSCRIPTS	
Penicillium_digitatum	84390169	HAS_TRANSCRIPTS	
Penicillium_discolor	22009161	HAS_TRANSCRIPTS	
Penicillium_expansum	16968527	HAS_TRANSCRIPTS	
Penicillium_flavigenum	37635190	HAS_TRANSCRIPTS	
Penicillium_glabrum	54495484	HAS_TRANSCRIPTS	
Penicillium_herquei	47052344	HAS_TRANSCRIPTS	
Penicillium_janthinellum	15751273	HAS_TRANSCRIPTS	
Penicillium_nalgiovense	36492833	HAS_TRANSCRIPTS	
Penicillium_olsonii	60830423	HAS_TRANSCRIPTS	
Penicillium_oxalicum	28106492	HAS_TRANSCRIPTS	
Penicillium_polonicum	107731407	HAS_TRANSCRIPTS	
Penicillium_rubens	50744249	HAS_TRANSCRIPTS	
Penicillium_solitum	33693587	HAS_TRANSCRIPTS	
Penicillium_sp._C7_2024	93566373	HAS_TRANSCRIPTS	
Penicillium_sp._F2_2024	27095930	HAS_TRANSCRIPTS	
Penicillium_sp._F50	142572459	HAS_TRANSCRIPTS	
Penicillium_sp._F51	104244359	HAS_TRANSCRIPTS	
Penicillium_steckii	41527259	HAS_TRANSCRIPTS	
Penicillium_subrubescens	66460744	HAS_TRANSCRIPTS	
Penicillium_verrucosum	56747976	HAS_TRANSCRIPTS	
Periconia_digitata	82598116	HAS_TRANSCRIPTS	
Periconia_macrospinosa	89624552	HAS_TRANSCRIPTS	
Pestalotiopsis_fici	30948192	HAS_TRANSCRIPTS	
Pestalotiopsis_kenyana	42143088	HAS_TRANSCRIPTS	
Pestalotiopsis_neglecta	61097005	HAS_TRANSCRIPTS	
Pestalotiopsis_sp._9143b	49267039	HAS_TRANSCRIPTS	
Pestalotiopsis_sp._NC0098	83413192	HAS_TRANSCRIPTS	
Petasospora_americana	10072472	HAS_TRANSCRIPTS	
Peziza_echinospora	79505365	HAS_TRANSCRIPTS	
Phaeoclavulina_alboapiculata	131985138	HAS_TRANSCRIPTS	
Phaeosphaeria_sp._MPI-PUGE-AT-0046c	8283727	HAS_TRANSCRIPTS	
Phaeosphaeriaceae_sp._PMI808	98002518	HAS_TRANSCRIPTS	
Phaeosphaeriaceae_sp._SRC1lsM3a	47766190	HAS_TRANSCRIPTS	
Phaffia_rhodozyma	54033682	HAS_TRANSCRIPTS	
Phakopsora_pachyrhizi	94824212	HAS_TRANSCRIPTS	
Phallus_indusiatus	57252695	HAS_TRANSCRIPTS	
Phanerochaete_sordida	157107879	HAS_TRANSCRIPTS	
Phanerodontia_chrysosporium	178346960	HAS_TRANSCRIPTS	
Phellopilus_nigrolimitatus	185134895	HAS_TRANSCRIPTS	
Phlebopus_portentosus	136897427	HAS_TRANSCRIPTS	
Phlebopus_roseus	110237079	HAS_TRANSCRIPTS	
Phlebopus_sp._FC_14	171616660	HAS_TRANSCRIPTS	
Phlegmacium_glaucopus	100743847	HAS_TRANSCRIPTS	
Phlegmacium_triumphans	87481305	HAS_TRANSCRIPTS	
Phlyctema_vagabunda	32479729	HAS_TRANSCRIPTS	
Phlyctochytrium_arcticum	96445919	HAS_TRANSCRIPTS	
Pholiota_brunnescens	27494891	HAS_TRANSCRIPTS	
Pholiota_conissans	94207664	HAS_TRANSCRIPTS	
Pholiota_molesta	102018309	HAS_TRANSCRIPTS	
Phomopsis_mahothocarpi	60830412	HAS_TRANSCRIPTS	
Phycomyces_blakesleeanus	170445117	HAS_TRANSCRIPTS	
Phycomyces_nitens	132720193	HAS_TRANSCRIPTS	
Phyllachora_maydis	54692798	HAS_TRANSCRIPTS	
Phyllosticta_capitalensis	62810526	HAS_TRANSCRIPTS	
Phyllosticta_citriasiana	66709679	HAS_TRANSCRIPTS	
Phyllosticta_citribraziliensis	69839609	HAS_TRANSCRIPTS	
Phyllosticta_citricarpa	91947611	HAS_TRANSCRIPTS	
Phyllosticta_citrichinensis	109602791	HAS_TRANSCRIPTS	
Phyllosticta_paracitricarpa	68212428	HAS_TRANSCRIPTS	
Phymatotrichopsis_omnivora	57442036	HAS_TRANSCRIPTS	
Pichia_fermentans	25004227	HAS_TRANSCRIPTS	
Pichia_kluyveri	9504988	HAS_TRANSCRIPTS	
Pichia_kudriavzevii	16274305	HAS_TRANSCRIPTS	
Pichia_membranifaciens	5477364	HAS_TRANSCRIPTS	
Pichia_sorboxylosa	3815954	HAS_TRANSCRIPTS	
Pichia_terricola	13940367	HAS_TRANSCRIPTS	
Pichiaceae_sp._JCM_15000	9540752	HAS_TRANSCRIPTS	
Piedraia_hortae	36250416	HAS_TRANSCRIPTS	
Pilaira_anomala	46440979	HAS_TRANSCRIPTS	
Pilatotrama_ljubarskyi	135435056	HAS_TRANSCRIPTS	
Piptocephalis_cylindrospora	1874408	HAS_TRANSCRIPTS	
Piromyces_finnis	38057377	HAS_TRANSCRIPTS	
Pisolithus_albus	80358310	HAS_TRANSCRIPTS	
Pisolithus_croceorrhizus	308376715	HAS_TRANSCRIPTS	
Pisolithus_marmoratus	283313584	HAS_TRANSCRIPTS	
Pisolithus_microcarpus	130364512	HAS_TRANSCRIPTS	
Pisolithus_orientalis	161320640	HAS_TRANSCRIPTS	
Pisolithus_sp._B1	162900862	HAS_TRANSCRIPTS	
Pisolithus_thermaeus	271642230	HAS_TRANSCRIPTS	
Pisolithus_tinctorius	222578100	HAS_TRANSCRIPTS	
Pithoascus_sp._SM-2023a	26412440	HAS_TRANSCRIPTS	
Platismatia_glauca	92326326	HAS_TRANSCRIPTS	
Plectosphaerella_cucumerina	42563856	HAS_TRANSCRIPTS	
Plenodomus_biglobosus	22931337	HAS_TRANSCRIPTS	
Plenodomus_lindquistii	42801032	HAS_TRANSCRIPTS	
Plenodomus_lingam	76163032	HAS_TRANSCRIPTS	
Pleurocybella_porrigens	46754812	HAS_TRANSCRIPTS	
Pleurostoma_richardsiae	55903126	HAS_TRANSCRIPTS	
Pleurotus_citrinopileatus	150370074	HAS_TRANSCRIPTS	
Pleurotus_cornucopiae	68799340	HAS_TRANSCRIPTS	
Pleurotus_djamor	60605245	HAS_TRANSCRIPTS	
Pleurotus_eryngii	167636874	HAS_TRANSCRIPTS	
Pleurotus_giganteus	161144978	HAS_TRANSCRIPTS	
Pleurotus_ostreatus	117711868	HAS_TRANSCRIPTS	
Pleurotus_pulmonarius	90647459	HAS_TRANSCRIPTS	
Pleurotus_salmoneostramineus	62638193	HAS_TRANSCRIPTS	
Pleurotus_sapidus	109981623	HAS_TRANSCRIPTS	
Pleurotus_tuber-regium	168850504	HAS_TRANSCRIPTS	
Pleurotus_tuoliensis	159209096	HAS_TRANSCRIPTS	
Pluteus_cervinus	126281317	HAS_TRANSCRIPTS	
Pneumocystis_jirovecii	4138018	HAS_TRANSCRIPTS	
Pneumocystis_sp._macacae	3229847	HAS_TRANSCRIPTS	
Pneumocystis_wakefieldiae	50357705	HAS_TRANSCRIPTS	
Pochonia_chlamydosporia	66706159	HAS_TRANSCRIPTS	
Podila_humilis	50201628	HAS_TRANSCRIPTS	
Podila_minutissima	40141977	HAS_TRANSCRIPTS	
Podosphaera_aphanis	11396746	HAS_TRANSCRIPTS	
Podosphaera_xanthii	137303501	HAS_TRANSCRIPTS	
Podospora_anserina	84747276	HAS_TRANSCRIPTS	
Podospora_appendiculata	59727884	HAS_TRANSCRIPTS	
Podospora_comata	64303845	HAS_TRANSCRIPTS	
Podospora_didyma	66183593	HAS_TRANSCRIPTS	
Polychytrium_aggregatum	54641569	HAS_TRANSCRIPTS	
Polyplosphaeria_fusca	53011752	HAS_TRANSCRIPTS	
Polyporus_tsugae	180139647	HAS_TRANSCRIPTS	
Polyporus_umbellatus	88462885	HAS_TRANSCRIPTS	
Porodaedalea_pini	63300806	HAS_TRANSCRIPTS	
Poronia_punctata	79737179	HAS_TRANSCRIPTS	
Porpolomopsis_calyptriformis	93283631	HAS_TRANSCRIPTS	
Powellomyces_hirtus	82376938	HAS_TRANSCRIPTS	
Priceomyces_carsonii	13879725	HAS_TRANSCRIPTS	
Protomyces_lactucae-debilis	33876889	HAS_TRANSCRIPTS	
Pseudocercospora_eumusae	51066758	HAS_TRANSCRIPTS	
Pseudocercospora_musae	78496524	HAS_TRANSCRIPTS	
Pseudocercospora_ulei	70273168	HAS_TRANSCRIPTS	
Pseudodiploospora_longispora	85988566	HAS_TRANSCRIPTS	
Pseudofabraea_citricarpa	72316780	HAS_TRANSCRIPTS	
Pseudogymnoascus_destructans	64881760	HAS_TRANSCRIPTS	
Pseudohalonectria_lignicola	65163619	HAS_TRANSCRIPTS	
Pseudoloma_neurophilia	210626058	HAS_TRANSCRIPTS	
Pseudomassariella_vexata	62625432	HAS_TRANSCRIPTS	
Pseudorhypophila_mangenotii	60579514	HAS_TRANSCRIPTS	
Pseudorhypophila_marina	59653159	HAS_TRANSCRIPTS	
Pseudovirgaria_hyperparasitica	96825536	HAS_TRANSCRIPTS	
Pseudozyma_hubeiensis	12588896	HAS_TRANSCRIPTS	
Psilocybe_cf._subviscida	109269617	HAS_TRANSCRIPTS	
Psilocybe_mexicana	80309223	HAS_TRANSCRIPTS	
Pterulicium_gracile	34404809	HAS_TRANSCRIPTS	
Puccinia_coronata	78149334	HAS_TRANSCRIPTS	
Puccinia_graminis	45639602	HAS_TRANSCRIPTS	
Puccinia_hordei	88670839	HAS_TRANSCRIPTS	
Puccinia_polysora	2531443	HAS_TRANSCRIPTS	
Puccinia_sorghi	42065552	HAS_TRANSCRIPTS	
Puccinia_striiformis	41909079	HAS_TRANSCRIPTS	
Puccinia_triticina	57504278	HAS_TRANSCRIPTS	
Punctularia_strigosozonata	108636981	HAS_TRANSCRIPTS	
Purpureocillium_lavendulum	68665497	HAS_TRANSCRIPTS	
Purpureocillium_lilacinum	78135105	HAS_TRANSCRIPTS	
Purpureocillium_takamizusanense	56019695	HAS_TRANSCRIPTS	
Pyrenochaeta_sp._DS3sAY3a	97507189	HAS_TRANSCRIPTS	
Pyrenophora_teres	3244184	HAS_TRANSCRIPTS	
Pyrenophora_tritici-repentis	55291294	HAS_TRANSCRIPTS	
Pyricularia_grisea	7006382	HAS_TRANSCRIPTS	
Pyronema_domesticum	46248146	HAS_TRANSCRIPTS	
Pyronema_omphalodes	6606828	HAS_TRANSCRIPTS	
Pyrrhoderma_lamaoense	50761133	HAS_TRANSCRIPTS	
Pyrrhoderma_noxium	83602115	HAS_TRANSCRIPTS	
Radiomyces_spectabilis	83665793	HAS_TRANSCRIPTS	
Raffaelea_albimanens	39004029	HAS_TRANSCRIPTS	
Raffaelea_ambrosiae	45572740	HAS_TRANSCRIPTS	
Raffaelea_arxii	79333291	HAS_TRANSCRIPTS	
Raffaelea_sp._RL272	36964644	HAS_TRANSCRIPTS	
Ramalina_intermedia	69735416	HAS_TRANSCRIPTS	
Ramalina_menziesii	82930282	HAS_TRANSCRIPTS	
Ramalina_peruviana	31010647	HAS_TRANSCRIPTS	
Ramalina_siliquosa	10164764	HAS_TRANSCRIPTS	
Ramariopsis_corniculata	126708217	HAS_TRANSCRIPTS	
Ramicandelaber_brevisporus	36866525	HAS_TRANSCRIPTS	
Ramichloridium_luteum	75960356	HAS_TRANSCRIPTS	
Ramularia_collo-cygni	48345004	HAS_TRANSCRIPTS	
Ramularia_vizellae	27048543	HAS_TRANSCRIPTS	
Rasamsonia_columbiensis	50626336	HAS_TRANSCRIPTS	
Reticulascus_tulasneorum	69541399	HAS_TRANSCRIPTS	
Rhexocercosporidium_sp._MPI-PUGE-AT-0058	81116369	HAS_TRANSCRIPTS	
Rhinocladiella_similis	50855491	HAS_TRANSCRIPTS	
Rhizina_undulata	110018117	HAS_TRANSCRIPTS	
Rhizoclosmatium_globosum	143645981	HAS_TRANSCRIPTS	
Rhizoctonia_solani	74755765	HAS_TRANSCRIPTS	
Rhizodermea_veluwensis	71323371	HAS_TRANSCRIPTS	
Rhizophagus_clarus	25439115	HAS_TRANSCRIPTS	
Rhizophagus_irregularis	111080045	HAS_TRANSCRIPTS	
Rhizopogon_luteolus	62402211	HAS_TRANSCRIPTS	
Rhizopogon_vulgaris	28356917	HAS_TRANSCRIPTS	
Rhizopus_arrhizus	60716829	HAS_TRANSCRIPTS	
Rhizopus_delemar	57484542	HAS_TRANSCRIPTS	
Rhizopus_microsporus	72438220	HAS_TRANSCRIPTS	
Rhizopus_stolonifer	33358603	HAS_TRANSCRIPTS	
Rhizosphaera_kalkhoffii	51758717	HAS_TRANSCRIPTS	
Rhodocollybia_butyracea	163543287	HAS_TRANSCRIPTS	
Rhodocollybia_maculata	135549498	HAS_TRANSCRIPTS	
Rhodofomes_roseus	146726852	HAS_TRANSCRIPTS	
Rhodosporidiobolus_colostri	43848195	HAS_TRANSCRIPTS	
Rhodosporidiobolus_fluvialis	12828627	HAS_TRANSCRIPTS	
Rhodosporidiobolus_odoratus	50445393	HAS_TRANSCRIPTS	
Rhodotorula_babjevae	8715973	HAS_TRANSCRIPTS	
Rhodotorula_glutinis	57914967	HAS_TRANSCRIPTS	
Rhodotorula_kratochvilovae	48472671	HAS_TRANSCRIPTS	
Rhodotorula_mucilaginosa	53347018	HAS_TRANSCRIPTS	
Rhodotorula_paludigena	62092474	HAS_TRANSCRIPTS	
Rhynchosporium_graminicola	70945017	HAS_TRANSCRIPTS	
Rhypophila_decipiens	100660282	HAS_TRANSCRIPTS	
Rhypophila_sp._PSN_637	72158119	HAS_TRANSCRIPTS	
Rickenella_mellea	174112139	HAS_TRANSCRIPTS	
Ripartites_tricholoma	91908974	HAS_TRANSCRIPTS	
Roridomyces_roridus	94732931	HAS_TRANSCRIPTS	
Rosellinia_necatrix	69715993	HAS_TRANSCRIPTS	
Rostrohypoxylon_terebratum	83717165	HAS_TRANSCRIPTS	
Rusavskia_elegans	65373462	HAS_TRANSCRIPTS	
Russula_aff._farinipes	142827291	HAS_TRANSCRIPTS	
Russula_aff._rugulosa_BPL654	129447108	HAS_TRANSCRIPTS	
Russula_brevipes	145949687	HAS_TRANSCRIPTS	
Russula_compacta	134639896	HAS_TRANSCRIPTS	
Russula_delica	155654824	HAS_TRANSCRIPTS	
Russula_dissimulans	159322522	HAS_TRANSCRIPTS	
Russula_earlei	149620710	HAS_TRANSCRIPTS	
Russula_emetica	210542648	HAS_TRANSCRIPTS	
Russula_faginea	130644362	HAS_TRANSCRIPTS	
Russula_gracillima	160506185	HAS_TRANSCRIPTS	
Russula_nigricans	131892488	HAS_TRANSCRIPTS	
Russula_nobilis	69143263	HAS_TRANSCRIPTS	
Russula_ochroleuca	141620935	HAS_TRANSCRIPTS	
Russula_olivacea	78260855	HAS_TRANSCRIPTS	
Russula_versicolor	87835180	HAS_TRANSCRIPTS	
Russula_vesca	67123262	HAS_TRANSCRIPTS	
Russula_vinacea	140876084	HAS_TRANSCRIPTS	
Saccharomyces_arboricola	11999788	HAS_TRANSCRIPTS	
Saccharomyces_cerevisiae	13804831	HAS_TRANSCRIPTS	
Saccharomyces_cerevisiae_Schizosaccharomyces_pombe_fusant	14512775	HAS_TRANSCRIPTS	
Saccharomyces_eubayanus	23784175	HAS_TRANSCRIPTS	
Saccharomyces_jurei	20366475	HAS_TRANSCRIPTS	
Saccharomyces_kudriavzevii	13453683	HAS_TRANSCRIPTS	
Saccharomyces_mikatae	15311566	HAS_TRANSCRIPTS	
Saccharomyces_paradoxus	7767313	HAS_TRANSCRIPTS	
Saccharomyces_pastorianus	22984630	HAS_TRANSCRIPTS	
Saccharomyces_uvarum	15696415	HAS_TRANSCRIPTS	
Saccharomycopsis_crataegensis	17358966	HAS_TRANSCRIPTS	
Saccharomycopsis_fermentans	28234404	HAS_TRANSCRIPTS	
Saccharomycopsis_fibuligera	26477610	HAS_TRANSCRIPTS	
Saccharomycopsis_schoenii	11074635	HAS_TRANSCRIPTS	
Saitozyma_podzolica	38423373	HAS_TRANSCRIPTS	
Salmacisia_buchloeana	19902025	HAS_TRANSCRIPTS	
Samsoniella_hepiali	44577441	HAS_TRANSCRIPTS	
Sanghuangporus_lonicericola	103167317	HAS_TRANSCRIPTS	
Sanghuangporus_sanghuang	127013906	HAS_TRANSCRIPTS	
Sanghuangporus_vaninii	118943782	HAS_TRANSCRIPTS	
Sarcomyxa_edulis	124213377	HAS_TRANSCRIPTS	
Sarocladium_brachiariae	59500914	HAS_TRANSCRIPTS	
Sarocladium_strictum	89174503	HAS_TRANSCRIPTS	
Saturnispora_dispora	10536275	HAS_TRANSCRIPTS	
Saturnispora_hagleri	10926050	HAS_TRANSCRIPTS	
Saturnispora_mendoncae	9796867	HAS_TRANSCRIPTS	
Saturnispora_silvae	9815396	HAS_TRANSCRIPTS	
Savitreella_phatthalungensis	24859645	HAS_TRANSCRIPTS	
Scedosporium_apiospermum	145612081	HAS_TRANSCRIPTS	
Scedosporium_aurantiacum	91251706	HAS_TRANSCRIPTS	
Scheffersomyces_amazonensis	15902371	HAS_TRANSCRIPTS	
Scheffersomyces_coipomensis	12443991	HAS_TRANSCRIPTS	
Scheffersomyces_segobiensis	7380636	HAS_TRANSCRIPTS	
Scheffersomyces_stipitis	16062800	HAS_TRANSCRIPTS	
Scheffersomyces_xylosifermentans	21422110	HAS_TRANSCRIPTS	
Schizophyllum_amplum	116494849	HAS_TRANSCRIPTS	
Schizophyllum_commune	11812037	HAS_TRANSCRIPTS	
Schizopora_paradoxa	160396230	HAS_TRANSCRIPTS	
Schizosaccharomyces_cryophilus	30352037	HAS_TRANSCRIPTS	
Schizosaccharomyces_japonicus	3664044	HAS_TRANSCRIPTS	
Schizosaccharomyces_osmophilus	16076558	HAS_TRANSCRIPTS	
Schizosaccharomyces_pombe	21999143	HAS_TRANSCRIPTS	
Schizothecium_vesticola	53207024	HAS_TRANSCRIPTS	
Scleroderma_citrinum	156661940	HAS_TRANSCRIPTS	
Sclerotinia_asari	50883605	HAS_TRANSCRIPTS	
Sclerotinia_nivalis	53697312	HAS_TRANSCRIPTS	
Sclerotinia_sclerotiorum	71823977	HAS_TRANSCRIPTS	
Sclerotinia_trifoliorum	59590216	HAS_TRANSCRIPTS	
Scutellospora_calospora	16321780	HAS_TRANSCRIPTS	
Serendipita_sp._400	64978457	HAS_TRANSCRIPTS	
Serendipita_sp._405	63174660	HAS_TRANSCRIPTS	
Serendipita_sp._407	82044862	HAS_TRANSCRIPTS	
Serendipita_sp._411	68060887	HAS_TRANSCRIPTS	
Serpula_himantioides	69712337	HAS_TRANSCRIPTS	
Shiraia_bambusicola	37596151	HAS_TRANSCRIPTS	
Simplicillium_aogashimaense	61874462	HAS_TRANSCRIPTS	
Simplicillium_lamellicola	35767811	HAS_TRANSCRIPTS	
Sinodiscula_camellicola	54846454	HAS_TRANSCRIPTS	
Sinodiscula_theae-sinensis	59195680	HAS_TRANSCRIPTS	
Smittium_minutisporum	34740121	HAS_TRANSCRIPTS	
Solicoccozyma_terricola	55572990	HAS_TRANSCRIPTS	
Somion_occarium	91895348	HAS_TRANSCRIPTS	
Sordaria_brevicollis	61580581	HAS_TRANSCRIPTS	
Sordaria_sp._MPI-SDFR-AT-0083	46907389	HAS_TRANSCRIPTS	
Sparassis_latifolia	208829067	HAS_TRANSCRIPTS	
Sparassis_minoensis	99549898	HAS_TRANSCRIPTS	
Spathaspora_passalidarum	7637135	HAS_TRANSCRIPTS	
Sphaerosporella_brunnea	100537173	HAS_TRANSCRIPTS	
Sphaerulina_musiva	54133137	HAS_TRANSCRIPTS	
Spinellus_fusiger	150854452	HAS_TRANSCRIPTS	
Sporisorium_graminicola	11973796	HAS_TRANSCRIPTS	
Sporisorium_scitamineum	19053677	HAS_TRANSCRIPTS	
Sporobolomyces_pararoseus	47576810	HAS_TRANSCRIPTS	
Sporobolomyces_roseus	24012000	HAS_TRANSCRIPTS	
Sporodiniella_umbellata	59141302	HAS_TRANSCRIPTS	
Sporopachydermia_lactativora	66107272	HAS_TRANSCRIPTS	
Sporormia_fimetaria	52499295	HAS_TRANSCRIPTS	
Sporothrix_globosa	75974230	HAS_TRANSCRIPTS	
Sporothrix_schenckii	13786183	HAS_TRANSCRIPTS	
Spraguea_lophii	1841300	HAS_TRANSCRIPTS	
Stachybotrys_elegans	72535968	HAS_TRANSCRIPTS	
Stagonosporopsis_cucurbitacearum	69174803	HAS_TRANSCRIPTS	
Stagonosporopsis_rhizophila	73147553	HAS_TRANSCRIPTS	
Starmerella_apicola	9051523	HAS_TRANSCRIPTS	
Starmerella_bacillaris	9108777	HAS_TRANSCRIPTS	
Starmerella_bombicola	10301483	HAS_TRANSCRIPTS	
Starmerella_etchellsii	9902890	HAS_TRANSCRIPTS	
Starmerella_floricola	12359750	HAS_TRANSCRIPTS	
Stemphylium_eturmiunum	41300452	HAS_TRANSCRIPTS	
Stemphylium_lycopersici	81144056	HAS_TRANSCRIPTS	
Stemphylium_vesicarium	38472056	HAS_TRANSCRIPTS	
Stenocarpella_maydis	26848052	HAS_TRANSCRIPTS	
Stereocaulon_virgatum	80815222	HAS_TRANSCRIPTS	
Stipitochalara_longipes	52502832	HAS_TRANSCRIPTS	
Stromatinia_cepivora	47308364	HAS_TRANSCRIPTS	
Stropharia_rugosoannulata	118016623	HAS_TRANSCRIPTS	
Sugiyamaella_americana	43103640	HAS_TRANSCRIPTS	
Suillus_americanus	159534234	HAS_TRANSCRIPTS	
Suillus_ampliporus	113751950	HAS_TRANSCRIPTS	
Suillus_bovinus	89636749	HAS_TRANSCRIPTS	
Suillus_brevipes	111206396	HAS_TRANSCRIPTS	
Suillus_clintonianus	128021995	HAS_TRANSCRIPTS	
Suillus_cothurnatus	197691067	HAS_TRANSCRIPTS	
Suillus_decipiens	118038836	HAS_TRANSCRIPTS	
Suillus_discolor	87400443	HAS_TRANSCRIPTS	
Suillus_fuscotomentosus	141107078	HAS_TRANSCRIPTS	
Suillus_hirtellus	152459697	HAS_TRANSCRIPTS	
Suillus_lakei	134686448	HAS_TRANSCRIPTS	
Suillus_occidentalis	103343399	HAS_TRANSCRIPTS	
Suillus_paluster	105453026	HAS_TRANSCRIPTS	
Suillus_placidus	210919510	HAS_TRANSCRIPTS	
Suillus_plorans	143539835	HAS_TRANSCRIPTS	
Suillus_spraguei	146675526	HAS_TRANSCRIPTS	
Suillus_subalutaceus	99777331	HAS_TRANSCRIPTS	
Suillus_subaureus	152799804	HAS_TRANSCRIPTS	
Suillus_subluteus	211171602	HAS_TRANSCRIPTS	
Suillus_tomentosus	172893897	HAS_TRANSCRIPTS	
Suillus_variegatus	171484238	HAS_TRANSCRIPTS	
Suillus_weaverae	134223409	HAS_TRANSCRIPTS	
Sungouiella_intermedia	13067243	HAS_TRANSCRIPTS	
Sympodiomycopsis_kandeliae	23148213	HAS_TRANSCRIPTS	
Syncephalastrum_racemosum	69591650	HAS_TRANSCRIPTS	
Syncephalis_plumigaleata	76571348	HAS_TRANSCRIPTS	
Synchytrium_endobioticum	147382621	HAS_TRANSCRIPTS	
Taiwanofungus_camphoratus	173680902	HAS_TRANSCRIPTS	
Taiwanofungus_sp._YW-2023a	178910966	HAS_TRANSCRIPTS	
Talaromyces_borbonicus	51771168	HAS_TRANSCRIPTS	
Talaromyces_fuscoviridis	9297121	HAS_TRANSCRIPTS	
Talaromyces_islandicus	40616915	HAS_TRANSCRIPTS	
Talaromyces_marneffei	80925674	HAS_TRANSCRIPTS	
Talaromyces_nanjingensis	69171138	HAS_TRANSCRIPTS	
Talaromyces_pinophilus	59661165	HAS_TRANSCRIPTS	
Talaromyces_proteolyticus	52977372	HAS_TRANSCRIPTS	
Talaromyces_purpureogenus	44932290	HAS_TRANSCRIPTS	
Talaromyces_sp._F31	89372928	HAS_TRANSCRIPTS	
Talaromyces_verruculosus	74321737	HAS_TRANSCRIPTS	
Talaromyces_wortmannii	36745955	HAS_TRANSCRIPTS	
Taphrina_deformans	33017301	HAS_TRANSCRIPTS	
Tausonia_pullulans	58351092	HAS_TRANSCRIPTS	
Teratosphaeria_nubilosa	80044991	HAS_TRANSCRIPTS	
Terfezia_boudieri	112420568	HAS_TRANSCRIPTS	
Terfezia_claveryi	136530359	HAS_TRANSCRIPTS	
Termitomyces_sp._cryptogamus	136104264	HAS_TRANSCRIPTS	
Testicularia_cyperi	34660599	HAS_TRANSCRIPTS	
Tetrapyrgos_nigripes	86751829	HAS_TRANSCRIPTS	
Thamnidium_elegans	48851941	HAS_TRANSCRIPTS	
Thecaphora_frezii	55130673	HAS_TRANSCRIPTS	
Thecaphora_thlaspeos	54786576	HAS_TRANSCRIPTS	
Thelephora_ganbajun	224341998	HAS_TRANSCRIPTS	
Thelephora_terrestris	144973179	HAS_TRANSCRIPTS	
Thelonectria_olida	58854430	HAS_TRANSCRIPTS	
Thermoascus_aurantiacus	86611146	HAS_TRANSCRIPTS	
Thermomyces_dupontii	91249440	HAS_TRANSCRIPTS	
Thermomyces_lanuginosus	72914817	HAS_TRANSCRIPTS	
Thermothelomyces_thermophilus	92537007	HAS_TRANSCRIPTS	
Thielaviopsis_ethacetica	81121190	HAS_TRANSCRIPTS	
Thozetella_sp._PMI_491	127063093	HAS_TRANSCRIPTS	
Tilletia_caries	57337315	HAS_TRANSCRIPTS	
Tilletia_controversa	44654521	HAS_TRANSCRIPTS	
Tilletia_horrida	31647395	HAS_TRANSCRIPTS	
Tilletia_indica	40621001	HAS_TRANSCRIPTS	
Tilletia_laevis	22321580	HAS_TRANSCRIPTS	
Tilletia_maclaganii	29064845	HAS_TRANSCRIPTS	
Tilletia_walkeri	16998915	HAS_TRANSCRIPTS	
Tilletiaria_anomala	52780288	HAS_TRANSCRIPTS	
Tilletiopsis_washingtonensis	54712001	HAS_TRANSCRIPTS	
Tirmania_nivea	76723500	HAS_TRANSCRIPTS	
Tolypocladium_inflatum	42181374	HAS_TRANSCRIPTS	
Torulaspora_delbrueckii	28390068	HAS_TRANSCRIPTS	
Torulaspora_microellipsoides	10435658	HAS_TRANSCRIPTS	
Trachipleistophora_hominis	4003734	HAS_TRANSCRIPTS	
Trametes_cingulata	186347423	HAS_TRANSCRIPTS	
Trametes_cinnabarina	907613	HAS_TRANSCRIPTS	
Trametes_coccinea	66109414	HAS_TRANSCRIPTS	
Trametes_elegans	84120938	HAS_TRANSCRIPTS	
Trametes_gibbosa	113518731	HAS_TRANSCRIPTS	
Trametes_hirsuta	71606323	HAS_TRANSCRIPTS	
Trametes_maxima	174723989	HAS_TRANSCRIPTS	
Trametes_meyenii	142393564	HAS_TRANSCRIPTS	
Trametes_polyzona	151851950	HAS_TRANSCRIPTS	
Trametes_pubescens	92269199	HAS_TRANSCRIPTS	
Trametes_punicea	99694700	HAS_TRANSCRIPTS	
Trametes_sanguinea	3359162	HAS_TRANSCRIPTS	
Trametes_versicolor	50327375	HAS_TRANSCRIPTS	
Trametopsis_cervina	108259609	HAS_TRANSCRIPTS	
Tremella_fuciformis	69077677	HAS_TRANSCRIPTS	
Tricharina_praecox	53308241	HAS_TRANSCRIPTS	
Trichocladium_uniseriatum	73966732	HAS_TRANSCRIPTS	
Trichodelitschia_bisporula	61129467	HAS_TRANSCRIPTS	
Trichoderma_afroharzianum	75367401	HAS_TRANSCRIPTS	
Trichoderma_asperelloides	73506157	HAS_TRANSCRIPTS	
Trichoderma_atroviride	30945044	HAS_TRANSCRIPTS	
Trichoderma_brevicompactum	66553606	HAS_TRANSCRIPTS	
Trichoderma_caribbaeum	61061595	HAS_TRANSCRIPTS	
Trichoderma_citrinoviride	64077501	HAS_TRANSCRIPTS	
Trichoderma_endophyticum	74054145	HAS_TRANSCRIPTS	
Trichoderma_erinaceum	34368764	HAS_TRANSCRIPTS	
Trichoderma_evansii	68630508	HAS_TRANSCRIPTS	
Trichoderma_gamsii	35162470	HAS_TRANSCRIPTS	
Trichoderma_guizhouense	54127299	HAS_TRANSCRIPTS	
Trichoderma_harzianum	28537378	HAS_TRANSCRIPTS	
Trichoderma_koningiopsis	53447820	HAS_TRANSCRIPTS	
Trichoderma_longibrachiatum	57891776	HAS_TRANSCRIPTS	
Trichoderma_pleuroti	47380714	HAS_TRANSCRIPTS	
Trichoderma_reesei	78148426	HAS_TRANSCRIPTS	
Trichoderma_simmonsii	77339047	HAS_TRANSCRIPTS	
Trichoderma_sp._SZMC_28011	68851485	HAS_TRANSCRIPTS	
Trichoderma_sp._SZMC_28013	66632160	HAS_TRANSCRIPTS	
Trichoderma_sp._SZMC_28014	56587745	HAS_TRANSCRIPTS	
Trichoderma_sp._TUCIM_5745	61733787	HAS_TRANSCRIPTS	
Trichoderma_velutinum	102319785	HAS_TRANSCRIPTS	
Trichoderma_virens	44253051	HAS_TRANSCRIPTS	
Trichoderma_viride	62338012	HAS_TRANSCRIPTS	
Tricholoma_cingulatum	132592683	HAS_TRANSCRIPTS	
Tricholoma_hemisulphureum	900364	HAS_TRANSCRIPTS	
Tricholoma_matsutake	116864321	HAS_TRANSCRIPTS	
Tricholoma_populinum	100524504	HAS_TRANSCRIPTS	
Tricholoma_terreum	115916566	HAS_TRANSCRIPTS	
Tricholomella_constricta	109499331	HAS_TRANSCRIPTS	
Trichophaea_hybrida	88123636	HAS_TRANSCRIPTS	
Trichophyton_interdigitale	79069993	HAS_TRANSCRIPTS	
Trichophyton_mentagrophytes	53644746	HAS_TRANSCRIPTS	
Trichophyton_rubrum	80893958	HAS_TRANSCRIPTS	
Trichophyton_schoenleinii	66016441	HAS_TRANSCRIPTS	
Trichophyton_tonsurans	94983924	HAS_TRANSCRIPTS	
Trichosporon_asahii	34359298	HAS_TRANSCRIPTS	
Trichosporon_coremiiforme	104572395	HAS_TRANSCRIPTS	
Trichosporon_faecale	53488346	HAS_TRANSCRIPTS	
Trichosporon_inkin	32815405	HAS_TRANSCRIPTS	
Trichosporon_ovoides	89497445	HAS_TRANSCRIPTS	
Trichothecium_roseum	23587006	HAS_TRANSCRIPTS	
Tricladium_varicosporioides	71914104	HAS_TRANSCRIPTS	
Truncatella_angustata	96591938	HAS_TRANSCRIPTS	
Tuber_borchii	126941161	HAS_TRANSCRIPTS	
Tuber_brumale	116236699	HAS_TRANSCRIPTS	
Tuber_indicum	96050612	HAS_TRANSCRIPTS	
Tuber_magnatum	153002995	HAS_TRANSCRIPTS	
Tuber_panzhihuanense	10155075	HAS_TRANSCRIPTS	
Tulasnella_sp._419	93767646	HAS_TRANSCRIPTS	
Tulasnella_sp._425	130550248	HAS_TRANSCRIPTS	
Tulasnella_sp._427	62947102	HAS_TRANSCRIPTS	
Tulasnella_sp._JGI-2019a	106170176	HAS_TRANSCRIPTS	
Umbelopsis_isabellina	20311043	HAS_TRANSCRIPTS	
Umbelopsis_ramanniana	2375028	HAS_TRANSCRIPTS	
Umbelopsis_sp._AD052	35871641	HAS_TRANSCRIPTS	
Umbelopsis_sp._PMI_123	87223305	HAS_TRANSCRIPTS	
Umbilicaria_muhlenbergii	80327650	HAS_TRANSCRIPTS	
Usnea_florida	100821750	HAS_TRANSCRIPTS	
Usnea_hakonensis	115036090	HAS_TRANSCRIPTS	
Ustanciosporium_gigantosporum	22356202	HAS_TRANSCRIPTS	
Ustilaginoidea_virens	83451214	HAS_TRANSCRIPTS	
Ustilago_bromivora	130553384	HAS_TRANSCRIPTS	
Ustilago_esculenta	7856684	HAS_TRANSCRIPTS	
Ustilago_hordei	29771180	HAS_TRANSCRIPTS	
Ustilago_sp._HFJ311	34776836	HAS_TRANSCRIPTS	
Ustulina_deusta	116881676	HAS_TRANSCRIPTS	
Vairimorpha_ceranae	8742974	HAS_TRANSCRIPTS	
Vairimorpha_necatrix	9713783	HAS_TRANSCRIPTS	
Vanrija_humicola	51723227	HAS_TRANSCRIPTS	
Venturia_inaequalis	52200154	HAS_TRANSCRIPTS	
Venturia_nashicola	147416721	HAS_TRANSCRIPTS	
Verpa_bohemica	84559447	HAS_TRANSCRIPTS	
Verpa_conica	48301530	HAS_TRANSCRIPTS	
Verruconis_gallopava	39551838	HAS_TRANSCRIPTS	
Verticillium_dahliae	82283987	HAS_TRANSCRIPTS	
Verticillium_longisporum	84047252	HAS_TRANSCRIPTS	
Verticillium_nonalfalfae	41471559	HAS_TRANSCRIPTS	
Verticillium_tricorpus	17560736	HAS_TRANSCRIPTS	
Violaceomyces_palustris	56851604	HAS_TRANSCRIPTS	
Volvariella_surrecta	110065513	HAS_TRANSCRIPTS	
Westerdykella_ornata	58804703	HAS_TRANSCRIPTS	
Whalleya_microplaca	90496410	HAS_TRANSCRIPTS	
Wickerhamiella_domercqiae	9571497	HAS_TRANSCRIPTS	
Wickerhamiella_versatilis	4748215	HAS_TRANSCRIPTS	
Williopsis_jadinii	40603588	HAS_TRANSCRIPTS	
Wolfiporia_cocos	100530348	HAS_TRANSCRIPTS	
Xanthoria_parietina	2299217	HAS_TRANSCRIPTS	
Xenopyricularia_zizaniicola	28197220	HAS_TRANSCRIPTS	
Xerocomellus_chrysenteron	126145861	HAS_TRANSCRIPTS	
Xylaria_acuta	89286841	HAS_TRANSCRIPTS	
Xylaria_arbuscula	71715111	HAS_TRANSCRIPTS	
Xylaria_bambusicola	99711987	HAS_TRANSCRIPTS	
Xylaria_castorea	82556745	HAS_TRANSCRIPTS	
Xylaria_cf._heliscus	86731852	HAS_TRANSCRIPTS	
Xylaria_cubensis	86533324	HAS_TRANSCRIPTS	
Xylaria_curta	49305286	HAS_TRANSCRIPTS	
Xylaria_digitata	169280124	HAS_TRANSCRIPTS	
Xylaria_flabelliformis	35993600	HAS_TRANSCRIPTS	
Xylaria_grammica	105475265	HAS_TRANSCRIPTS	
Xylaria_hypoxylon	76059862	HAS_TRANSCRIPTS	
Xylaria_intraflava	83931438	HAS_TRANSCRIPTS	
Xylaria_longipes	92053075	HAS_TRANSCRIPTS	
Xylaria_nigripes	75355670	HAS_TRANSCRIPTS	
Xylaria_palmicola	92395593	HAS_TRANSCRIPTS	
Xylaria_scruposa	88810861	HAS_TRANSCRIPTS	
Xylaria_sp._CBS_124048	88797104	HAS_TRANSCRIPTS	
Xylaria_sp._FL0043	81554146	HAS_TRANSCRIPTS	
Xylaria_sp._FL0064	104182704	HAS_TRANSCRIPTS	
Xylaria_sp._FL0933	108410410	HAS_TRANSCRIPTS	
Xylaria_sp._FL1042	81993652	HAS_TRANSCRIPTS	
Xylaria_sp._FL1777	119292872	HAS_TRANSCRIPTS	
Xylaria_telfairii	114462976	HAS_TRANSCRIPTS	
Xylaria_venustula	121487776	HAS_TRANSCRIPTS	
Xylariaceae_sp._AK1471	84307410	HAS_TRANSCRIPTS	
Xylariaceae_sp._FL0016	115788813	HAS_TRANSCRIPTS	
Xylariaceae_sp._FL0255	88354367	HAS_TRANSCRIPTS	
Xylariaceae_sp._FL0594	111857736	HAS_TRANSCRIPTS	
Xylariaceae_sp._FL0804	78449367	HAS_TRANSCRIPTS	
Xylariaceae_sp._FL1019	130175649	HAS_TRANSCRIPTS	
Xylariaceae_sp._FL1272	98595735	HAS_TRANSCRIPTS	
Xylariaceae_sp._FL1651	144696105	HAS_TRANSCRIPTS	
Xylariaceae_sp._Mn132	48971585	HAS_TRANSCRIPTS	
Xylariaceae_sp._Mn153	58575937	HAS_TRANSCRIPTS	
Xylariaceae_sp._X167	59427859	HAS_TRANSCRIPTS	
Xylariaceae_sp._X170	50854569	HAS_TRANSCRIPTS	
Xylariaceae_sp._X187	53875448	HAS_TRANSCRIPTS	
Xylariaceae_sp._X3-2	56365398	HAS_TRANSCRIPTS	
Xylariaceae_sp._X802	82911503	HAS_TRANSCRIPTS	
Xylariales_sp._2024	80059138	HAS_TRANSCRIPTS	
Xylariales_sp._AK1849	110670335	HAS_TRANSCRIPTS	
Xylariales_sp._No.14919	16087435	HAS_TRANSCRIPTS	
Xylariales_sp._PMI_506	71447113	HAS_TRANSCRIPTS	
Xylariomycetidae_sp._FL0641	90164990	HAS_TRANSCRIPTS	
Xylariomycetidae_sp._FL2044	99241721	HAS_TRANSCRIPTS	
Xylogone_sp._PMI_703	127490932	HAS_TRANSCRIPTS	
Xylona_heveae	68860487	HAS_TRANSCRIPTS	
Yamadazyma_tenuis	12591791	HAS_TRANSCRIPTS	
Yarrowia_lipolytica	19950195	HAS_TRANSCRIPTS	
Yarrowia_sp._JCM_30694	14974879	HAS_TRANSCRIPTS	
Yarrowia_sp._JCM_30695	14385737	HAS_TRANSCRIPTS	
Zancudomyces_culisetae	34109678	HAS_TRANSCRIPTS	
Zasmidium_citrigriseum	15672309	HAS_TRANSCRIPTS	
Zopfochytrium_polystomum	74762396	HAS_TRANSCRIPTS	
Zychaea_mexicana	119256739	HAS_TRANSCRIPTS	
Zygoascus_hellenicus	53393077	HAS_TRANSCRIPTS	
Zygosaccharomyces_bailii	11958146	HAS_TRANSCRIPTS	
Zygosaccharomyces_mellis	23075791	HAS_TRANSCRIPTS	
Zygosaccharomyces_parabailii	22375783	HAS_TRANSCRIPTS	
Zygosaccharomyces_rouxii	15758727	HAS_TRANSCRIPTS	
Zymoseptoria_ardabiliae	202047843	HAS_TRANSCRIPTS	
Zymoseptoria_brevis	42939706	HAS_TRANSCRIPTS	
Zymoseptoria_tritici	77011572	HAS_TRANSCRIPTS	
